ESTU,CCAA,SCORE_POLITICO_BRUTO,SCORE_MATERIAL_BRUTO,INDICE_ANCLAJE,INDICE_DESAFECCION_FINAL,N_MUESTRA,FECHA,CCAA_NOMBRE
3124.0,1.0,22.603244837758112,48.45132743362833,17.889908256880734,20.73008849557522,452,2016-01,Andalucía
3124.0,2.0,25.69444444444444,39.81481481481481,12.857142857142858,20.87962962962963,72,2016-01,Aragón
3124.0,3.0,23.4375,52.86458333333333,17.46031746031746,21.041666666666664,64,2016-01,Asturias
3124.0,4.0,24.842767295597483,46.54088050314464,19.23076923076923,22.452830188679247,53,2016-01,Baleares
3124.0,5.0,20.061728395061728,48.91975308641975,14.285714285714286,17.59259259259259,108,2016-01,Canarias
3124.0,6.0,22.549019607843135,47.549019607843135,12.903225806451612,19.607843137254903,34,2016-01,Cantabria
3124.0,7.0,21.091445427728612,47.78761061946903,11.818181818181818,17.315634218289084,113,2016-01,Castilla-La Mancha
3124.0,8.0,21.689497716894977,47.48858447488585,15.942028985507246,19.68036529680365,146,2016-01,Castilla y León
3124.0,9.0,28.764142732811145,44.38642297650131,11.87335092348285,22.13228894691036,383,2016-01,Cataluña
3124.0,10.0,24.575163398692805,49.6078431372549,13.492063492063492,20.130718954248366,255,2016-01,C. Valenciana
3124.0,11.0,16.927083333333332,61.71875000000001,9.375,13.90625,64,2016-01,Extremadura
3124.0,12.0,21.457085828343313,53.99201596806388,17.391304347826086,20.219560878243513,167,2016-01,Galicia
3124.0,13.0,25.0,45.73170731707317,16.346153846153847,21.504065040650406,328,2016-01,Madrid
3124.0,14.0,18.055555555555557,57.40740740740742,20.0,18.796296296296294,72,2016-01,Murcia
3124.0,15.0,21.90476190476191,57.61904761904761,20.58823529411765,21.333333333333332,35,2016-01,Navarra
3124.0,16.0,22.133333333333336,46.0,17.24137931034483,20.266666666666666,125,2016-01,País Vasco
3124.0,17.0,24.509803921568626,44.11764705882353,13.333333333333334,20.19607843137255,17,2016-01,La Rioja
3128.0,1.0,22.69031781226903,48.891352549889135,,22.69031781226903,451,2016-02,Andalucía
3128.0,2.0,27.77777777777778,45.138888888888886,,27.77777777777778,72,2016-02,Aragón
3128.0,3.0,28.64583333333333,50.26041666666667,,28.64583333333333,64,2016-02,Asturias
3128.0,4.0,32.05128205128205,44.23076923076923,,32.05128205128205,52,2016-02,Baleares
3128.0,5.0,15.58641975308642,54.01234567901234,,15.58641975308642,108,2016-02,Canarias
3128.0,6.0,29.901960784313722,47.54901960784314,,29.901960784313722,34,2016-02,Cantabria
3128.0,7.0,27.138643067846605,48.96755162241888,,27.138643067846605,113,2016-02,Castilla-La Mancha
3128.0,8.0,24.712643678160916,46.32183908045977,,24.712643678160916,145,2016-02,Castilla y León
3128.0,9.0,27.632724107919927,42.51523063533507,,27.632724107919927,383,2016-02,Cataluña
3128.0,10.0,28.818061088977423,49.00398406374502,,28.818061088977423,251,2016-02,C. Valenciana
3128.0,11.0,22.916666666666664,59.895833333333336,,22.916666666666664,64,2016-02,Extremadura
3128.0,12.0,25.50200803212851,50.803212851405625,,25.50200803212851,166,2016-02,Galicia
3128.0,13.0,28.50467289719626,43.561786085150565,,28.50467289719626,321,2016-02,Madrid
3128.0,14.0,26.388888888888886,48.37962962962963,,26.388888888888886,72,2016-02,Murcia
3128.0,15.0,31.25,51.5625,,31.25,32,2016-02,Navarra
3128.0,16.0,23.866666666666664,49.333333333333336,,23.866666666666664,125,2016-02,País Vasco
3128.0,17.0,22.54901960784313,61.76470588235294,,22.54901960784313,17,2016-02,La Rioja
3131.0,1.0,25.202354672553348,47.3877851361295,,25.202354672553348,453,2016-03,Andalucía
3131.0,2.0,27.546296296296294,42.129629629629626,,27.546296296296294,72,2016-03,Aragón
3131.0,3.0,26.5625,48.17708333333333,,26.5625,64,2016-03,Asturias
3131.0,4.0,37.10691823899371,39.93710691823899,,37.10691823899371,53,2016-03,Baleares
3131.0,5.0,21.682847896440126,51.29449838187703,,21.682847896440126,103,2016-03,Canarias
3131.0,6.0,22.54901960784313,50.49019607843137,,22.54901960784313,34,2016-03,Cantabria
3131.0,7.0,29.35103244837758,43.06784660766962,,29.35103244837758,113,2016-03,Castilla-La Mancha
3131.0,8.0,25.11415525114155,48.74429223744292,,25.11415525114155,146,2016-03,Castilla y León
3131.0,9.0,27.137870855148346,41.92844677137871,,27.137870855148346,382,2016-03,Cataluña
3131.0,10.0,24.183006535947715,49.93464052287582,,24.183006535947715,255,2016-03,C. Valenciana
3131.0,11.0,18.75,57.552083333333336,,18.75,64,2016-03,Extremadura
3131.0,12.0,21.98364008179959,53.47648261758692,,21.98364008179959,163,2016-03,Galicia
3131.0,13.0,27.70632368703108,45.230439442658096,,27.70632368703108,311,2016-03,Madrid
3131.0,14.0,22.769953051643192,50.46948356807512,,22.769953051643192,71,2016-03,Murcia
3131.0,15.0,28.09523809523809,50.476190476190474,,28.09523809523809,35,2016-03,Navarra
3131.0,16.0,19.066666666666663,50.8,,19.066666666666663,125,2016-03,País Vasco
3131.0,17.0,25.49019607843137,43.13725490196079,,25.49019607843137,17,2016-03,La Rioja
3134.0,1.0,23.429416112342935,48.74353288987436,13.073394495412844,19.260901699926087,451,2016-04,Andalucía
3134.0,2.0,34.02777777777778,42.82407407407407,10.76923076923077,25.324074074074073,72,2016-04,Aragón
3134.0,3.0,27.86458333333333,48.95833333333333,29.6875,28.59375,64,2016-04,Asturias
3134.0,4.0,35.84905660377358,37.10691823899371,25.0,31.32075471698113,53,2016-04,Baleares
3134.0,5.0,23.742138364779873,46.38364779874213,20.192307692307693,22.484276729559745,106,2016-04,Canarias
3134.0,6.0,22.05882352941176,48.52941176470588,12.5,17.941176470588236,34,2016-04,Cantabria
3134.0,7.0,26.991150442477878,45.722713864306776,11.711711711711711,21.091445427728612,113,2016-04,Castilla-La Mancha
3134.0,8.0,25.68493150684931,43.15068493150685,10.447761194029852,20.296803652968034,146,2016-04,Castilla y León
3134.0,9.0,27.197563098346382,44.47345517841601,20.81081081081081,24.708442123585723,383,2016-04,Cataluña
3134.0,10.0,26.284584980237153,49.275362318840585,18.072289156626507,23.043478260869566,253,2016-04,C. Valenciana
3134.0,11.0,18.75,51.5625,16.39344262295082,17.916666666666664,64,2016-04,Extremadura
3134.0,12.0,26.147704590818364,49.50099800399201,21.341463414634145,24.27145708582834,167,2016-04,Galicia
3134.0,13.0,26.676829268292682,42.98780487804878,17.665615141955836,23.241869918699187,328,2016-04,Madrid
3134.0,14.0,15.74074074074074,57.40740740740742,19.718309859154928,17.22222222222222,72,2016-04,Murcia
3134.0,15.0,32.857142857142854,53.33333333333334,14.285714285714286,25.428571428571427,35,2016-04,Navarra
3134.0,16.0,21.73333333333333,50.93333333333333,27.5,23.973333333333333,125,2016-04,País Vasco
3134.0,17.0,23.958333333333332,56.25,6.25,16.875,16,2016-04,La Rioja
3138.0,1.0,24.188790560471972,46.09144542772861,,24.188790560471972,452,2016-05,Andalucía
3138.0,2.0,33.56481481481482,43.51851851851851,,33.56481481481482,72,2016-05,Aragón
3138.0,3.0,28.385416666666664,49.21875,,28.385416666666664,64,2016-05,Asturias
3138.0,4.0,33.33333333333333,41.50943396226416,,33.33333333333333,53,2016-05,Baleares
3138.0,5.0,22.477064220183482,50.458715596330286,,22.477064220183482,109,2016-05,Canarias
3138.0,6.0,24.509803921568626,46.56862745098039,,24.509803921568626,34,2016-05,Cantabria
3138.0,7.0,27.38095238095238,40.029761904761905,,27.38095238095238,112,2016-05,Castilla-La Mancha
3138.0,8.0,21.803652968036527,47.71689497716895,,21.803652968036527,146,2016-05,Castilla y León
3138.0,9.0,26.334208223972,41.20734908136483,,26.334208223972,381,2016-05,Cataluña
3138.0,10.0,27.050264550264547,46.03174603174603,,27.050264550264547,252,2016-05,C. Valenciana
3138.0,11.0,20.833333333333332,57.55208333333333,,20.833333333333332,64,2016-05,Extremadura
3138.0,12.0,28.629856850715743,46.625766871165645,,28.629856850715743,163,2016-05,Galicia
3138.0,13.0,28.578732106339466,43.20040899795501,,28.578732106339466,326,2016-05,Madrid
3138.0,14.0,21.064814814814813,55.324074074074076,,21.064814814814813,72,2016-05,Murcia
3138.0,15.0,33.823529411764696,43.62745098039216,,33.823529411764696,34,2016-05,Navarra
3138.0,16.0,23.599999999999998,49.73333333333332,,23.599999999999998,125,2016-05,País Vasco
3138.0,17.0,29.41176470588235,43.13725490196078,,29.41176470588235,17,2016-05,La Rioja
3142.0,1.0,23.851851851851848,47.03703703703704,,23.851851851851848,450,2016-06,Andalucía
3142.0,2.0,23.611111111111107,37.03703703703704,,23.611111111111107,72,2016-06,Aragón
3142.0,3.0,21.875,49.73958333333333,,21.875,64,2016-06,Asturias
3142.0,4.0,18.82716049382716,48.148148148148145,,18.82716049382716,54,2016-06,Baleares
3142.0,5.0,21.253822629969417,53.211009174311926,,21.253822629969417,109,2016-06,Canarias
3142.0,6.0,23.039215686274506,52.94117647058823,,23.039215686274506,34,2016-06,Cantabria
3142.0,7.0,24.024024024024023,48.19819819819819,,24.024024024024023,111,2016-06,Castilla-La Mancha
3142.0,8.0,26.36986301369863,43.0365296803653,,26.36986301369863,146,2016-06,Castilla y León
3142.0,9.0,27.039930555555554,43.098958333333336,,27.039930555555554,384,2016-06,Cataluña
3142.0,10.0,26.6798418972332,47.89196310935442,,26.6798418972332,253,2016-06,C. Valenciana
3142.0,11.0,17.708333333333332,58.33333333333333,,17.708333333333332,64,2016-06,Extremadura
3142.0,12.0,26.930894308943085,51.21951219512195,,26.930894308943085,164,2016-06,Galicia
3142.0,13.0,28.476482617586907,42.893660531697336,,28.476482617586907,326,2016-06,Madrid
3142.0,14.0,17.37089201877934,50.70422535211268,,17.37089201877934,71,2016-06,Murcia
3142.0,15.0,34.28571428571428,53.80952380952381,,34.28571428571428,35,2016-06,Navarra
3142.0,16.0,26.964769647696475,48.6449864498645,,26.964769647696475,123,2016-06,País Vasco
3142.0,17.0,29.166666666666664,47.916666666666664,,29.166666666666664,16,2016-06,La Rioja
3149.0,1.0,25.974981604120675,44.62840323767476,,25.974981604120675,453,2016-09,Andalucía
3149.0,2.0,26.620370370370367,39.35185185185185,,26.620370370370367,72,2016-09,Aragón
3149.0,3.0,28.125,46.61458333333333,,28.125,64,2016-09,Asturias
3149.0,4.0,23.456790123456788,41.97530864197532,,23.456790123456788,54,2016-09,Baleares
3149.0,5.0,23.83177570093458,43.613707165109034,,23.83177570093458,107,2016-09,Canarias
3149.0,6.0,23.039215686274506,46.07843137254901,,23.039215686274506,34,2016-09,Cantabria
3149.0,7.0,23.547400611620795,45.259938837920494,,23.547400611620795,109,2016-09,Castilla-La Mancha
3149.0,8.0,25.057471264367813,41.26436781609195,,25.057471264367813,145,2016-09,Castilla y León
3149.0,9.0,27.83595113438045,41.92844677137871,,27.83595113438045,382,2016-09,Cataluña
3149.0,10.0,26.851851851851844,44.97354497354497,,26.851851851851844,252,2016-09,C. Valenciana
3149.0,11.0,18.229166666666664,55.46875,,18.229166666666664,64,2016-09,Extremadura
3149.0,12.0,25.971370143149283,43.14928425357873,,25.971370143149283,163,2016-09,Galicia
3149.0,13.0,28.636363636363637,40.60606060606061,,28.636363636363637,330,2016-09,Madrid
3149.0,14.0,22.222222222222218,47.4537037037037,,22.222222222222218,72,2016-09,Murcia
3149.0,15.0,31.9047619047619,47.142857142857146,,31.9047619047619,35,2016-09,Navarra
3149.0,16.0,31.420765027322403,38.934426229508205,,31.420765027322403,122,2016-09,País Vasco
3149.0,17.0,25.49019607843137,50.98039215686275,,25.49019607843137,17,2016-09,La Rioja
3156.0,1.0,26.106194690265486,43.69469026548673,21.379310344827587,24.424778761061948,452,2016-10,Andalucía
3156.0,2.0,27.314814814814813,35.648148148148145,15.277777777777779,22.5,72,2016-10,Aragón
3156.0,3.0,27.343749999999996,51.30208333333333,20.967741935483872,24.84375,64,2016-10,Asturias
3156.0,4.0,25.308641975308642,39.81481481481482,38.775510204081634,29.62962962962963,54,2016-10,Baleares
3156.0,5.0,25.606060606060606,49.99999999999999,14.0,21.666666666666668,110,2016-10,Canarias
3156.0,6.0,27.45098039215686,44.607843137254896,35.483870967741936,30.196078431372545,34,2016-10,Cantabria
3156.0,7.0,22.878787878787882,50.757575757575765,17.307692307692307,20.87878787878788,110,2016-10,Castilla-La Mancha
3156.0,8.0,28.96551724137931,43.10344827586207,18.65671641791045,25.28735632183908,145,2016-10,Castilla y León
3156.0,9.0,32.33766233766234,37.532467532467535,22.691292875989447,28.458874458874458,385,2016-10,Cataluña
3156.0,10.0,25.196850393700785,48.22834645669291,18.951612903225808,22.70341207349081,254,2016-10,C. Valenciana
3156.0,11.0,22.395833333333332,54.94791666666667,3.1746031746031744,15.0,64,2016-10,Extremadura
3156.0,12.0,20.32520325203252,50.711382113821145,13.20754716981132,17.479674796747968,164,2016-10,Galicia
3156.0,13.0,30.808080808080813,37.27272727272727,15.987460815047022,25.070707070707066,330,2016-10,Madrid
3156.0,14.0,22.300469483568072,48.356807511737095,21.73913043478261,22.112676056338028,71,2016-10,Murcia
3156.0,15.0,25.71428571428571,47.142857142857146,14.705882352941176,21.142857142857142,35,2016-10,Navarra
3156.0,16.0,26.502732240437158,45.3551912568306,20.72072072072072,24.48087431693989,122,2016-10,País Vasco
3156.0,17.0,15.68627450980392,49.01960784313726,31.25,21.176470588235293,17,2016-10,La Rioja
3159.0,1.0,20.676968359087564,49.15378955114055,,20.676968359087564,453,2016-11,Andalucía
3159.0,2.0,24.305555555555557,44.21296296296296,,24.305555555555557,72,2016-11,Aragón
3159.0,3.0,21.354166666666664,55.72916666666667,,21.354166666666664,64,2016-11,Asturias
3159.0,4.0,29.629629629629626,45.06172839506173,,29.629629629629626,54,2016-11,Baleares
3159.0,5.0,20.48929663608562,53.36391437308869,,20.48929663608562,109,2016-11,Canarias
3159.0,6.0,23.039215686274506,52.450980392156865,,23.039215686274506,34,2016-11,Cantabria
3159.0,7.0,24.24242424242424,49.3939393939394,,24.24242424242424,110,2016-11,Castilla-La Mancha
3159.0,8.0,23.515981735159816,47.945205479452056,,23.515981735159816,146,2016-11,Castilla y León
3159.0,9.0,28.241949521322887,41.557876414273274,,28.241949521322887,383,2016-11,Cataluña
3159.0,10.0,25.13123359580052,46.653543307086615,,25.13123359580052,254,2016-11,C. Valenciana
3159.0,11.0,27.083333333333332,54.94791666666667,,27.083333333333332,64,2016-11,Extremadura
3159.0,12.0,21.849593495934958,51.42276422764228,,21.849593495934958,164,2016-11,Galicia
3159.0,13.0,25.66056910569105,44.207317073170735,,25.66056910569105,328,2016-11,Madrid
3159.0,14.0,24.17840375586854,51.17370892018779,,24.17840375586854,71,2016-11,Murcia
3159.0,15.0,23.039215686274506,56.372549019607845,,23.039215686274506,34,2016-11,Navarra
3159.0,16.0,15.437158469945354,53.278688524590166,,15.437158469945354,122,2016-11,País Vasco
3159.0,17.0,18.627450980392155,50.98039215686275,,18.627450980392155,17,2016-11,La Rioja
3162.0,1.0,20.566593083149375,49.96320824135394,,20.566593083149375,453,2016-12,Andalucía
3162.0,2.0,30.555555555555557,43.75,,30.555555555555557,72,2016-12,Aragón
3162.0,3.0,17.708333333333332,54.94791666666667,,17.708333333333332,64,2016-12,Asturias
3162.0,4.0,24.999999999999996,47.53086419753086,,24.999999999999996,54,2016-12,Baleares
3162.0,5.0,18.82716049382716,53.086419753086425,,18.82716049382716,108,2016-12,Canarias
3162.0,6.0,24.01960784313726,50.49019607843137,,24.01960784313726,34,2016-12,Cantabria
3162.0,7.0,20.120120120120117,53.30330330330331,,20.120120120120117,111,2016-12,Castilla-La Mancha
3162.0,8.0,20.11494252873563,51.95402298850575,,20.11494252873563,145,2016-12,Castilla y León
3162.0,9.0,23.809523809523814,44.50216450216451,,23.809523809523814,385,2016-12,Cataluña
3162.0,10.0,24.540682414698157,48.09711286089239,,24.540682414698157,254,2016-12,C. Valenciana
3162.0,11.0,22.916666666666664,55.729166666666664,,22.916666666666664,64,2016-12,Extremadura
3162.0,12.0,16.428571428571427,54.285714285714285,,16.428571428571427,140,2016-12,Galicia
3162.0,13.0,25.52870090634441,46.02215508559919,,25.52870090634441,331,2016-12,Madrid
3162.0,14.0,21.19047619047619,49.285714285714285,,21.19047619047619,70,2016-12,Murcia
3162.0,15.0,17.142857142857142,63.33333333333334,,17.142857142857142,35,2016-12,Navarra
3162.0,16.0,23.224043715846992,44.8087431693989,,23.224043715846992,122,2016-12,País Vasco
3162.0,17.0,19.791666666666664,48.95833333333333,,19.791666666666664,16,2016-12,La Rioja
3164.0,1.0,20.41942604856512,49.96320824135394,20.649651972157773,20.257542310522442,453,2017-01,Andalucía
3164.0,2.0,27.777777777777775,47.916666666666664,20.0,24.259259259259256,72,2017-01,Aragón
3164.0,3.0,19.010416666666664,54.427083333333336,19.35483870967742,19.114583333333332,64,2017-01,Asturias
3164.0,4.0,24.691358024691358,41.97530864197532,26.923076923076923,25.679012345679013,54,2017-01,Baleares
3164.0,5.0,19.393939393939394,51.51515151515152,28.97196261682243,22.90909090909091,110,2017-01,Canarias
3164.0,6.0,21.56862745098039,50.490196078431374,20.58823529411765,21.176470588235293,34,2017-01,Cantabria
3164.0,7.0,20.72072072072072,45.64564564564565,22.01834862385321,21.08108108108108,111,2017-01,Castilla-La Mancha
3164.0,8.0,20.54794520547945,48.0593607305936,28.87323943661972,23.881278538812783,146,2017-01,Castilla y León
3164.0,9.0,26.047120418848166,40.6631762652705,24.33862433862434,25.349040139616054,382,2017-01,Cataluña
3164.0,10.0,22.990777338603422,51.383399209486164,16.93548387096774,20.59288537549407,253,2017-01,C. Valenciana
3164.0,11.0,13.541666666666666,61.458333333333336,14.285714285714286,13.75,64,2017-01,Extremadura
3164.0,12.0,15.34552845528455,54.674796747967484,20.38216560509554,17.296747967479675,164,2017-01,Galicia
3164.0,13.0,26.19047619047619,42.40121580547112,14.779874213836479,21.8338399189463,329,2017-01,Madrid
3164.0,14.0,16.898148148148145,57.870370370370374,23.943661971830984,19.583333333333332,72,2017-01,Murcia
3164.0,15.0,18.57142857142857,61.42857142857143,15.151515151515152,17.047619047619047,35,2017-01,Navarra
3164.0,16.0,23.441734417344172,52.30352303523035,20.72072072072072,22.682926829268293,123,2017-01,País Vasco
3164.0,17.0,10.416666666666666,56.25,18.75,13.75,16,2017-01,La Rioja
3168.0,1.0,20.464601769911503,49.04129793510324,,20.464601769911503,452,2017-02,Andalucía
3168.0,2.0,27.77777777777778,44.90740740740741,,27.77777777777778,72,2017-02,Aragón
3168.0,3.0,25.781249999999996,50.520833333333336,,25.781249999999996,64,2017-02,Asturias
3168.0,4.0,26.234567901234566,45.06172839506172,,26.234567901234566,54,2017-02,Baleares
3168.0,5.0,17.27272727272727,53.939393939393945,,17.27272727272727,110,2017-02,Canarias
3168.0,6.0,23.529411764705884,49.509803921568626,,23.529411764705884,34,2017-02,Cantabria
3168.0,7.0,23.573573573573572,46.3963963963964,,23.573573573573572,111,2017-02,Castilla-La Mancha
3168.0,8.0,20.890410958904106,48.28767123287671,,20.890410958904106,146,2017-02,Castilla y León
3168.0,9.0,28.138528138528134,43.20346320346321,,28.138528138528134,385,2017-02,Cataluña
3168.0,10.0,24.733333333333327,49.2,,24.733333333333327,250,2017-02,C. Valenciana
3168.0,11.0,15.885416666666666,57.552083333333336,,15.885416666666666,64,2017-02,Extremadura
3168.0,12.0,21.443089430894307,55.08130081300812,,21.443089430894307,164,2017-02,Galicia
3168.0,13.0,29.103726082578042,41.54078549848943,,29.103726082578042,331,2017-02,Madrid
3168.0,14.0,20.657276995305164,54.694835680751176,,20.657276995305164,71,2017-02,Murcia
3168.0,15.0,20.476190476190474,54.2857142857143,,20.476190476190474,35,2017-02,Navarra
3168.0,16.0,21.68021680216802,45.1219512195122,,21.68021680216802,123,2017-02,País Vasco
3168.0,17.0,24.50980392156863,42.15686274509804,,24.50980392156863,17,2017-02,La Rioja
3170.0,1.0,24.6119733924612,46.45232815964523,,24.6119733924612,451,2017-03,Andalucía
3170.0,2.0,23.84259259259259,44.90740740740741,,23.84259259259259,72,2017-03,Aragón
3170.0,3.0,24.21875,49.739583333333336,,24.21875,64,2017-03,Asturias
3170.0,4.0,22.53086419753086,43.20987654320987,,22.53086419753086,54,2017-03,Baleares
3170.0,5.0,18.80733944954128,52.59938837920489,,18.80733944954128,109,2017-03,Canarias
3170.0,6.0,30.392156862745097,40.68627450980392,,30.392156862745097,34,2017-03,Cantabria
3170.0,7.0,25.3030303030303,45.3030303030303,,25.3030303030303,110,2017-03,Castilla-La Mancha
3170.0,8.0,27.625570776255707,41.210045662100455,,27.625570776255707,146,2017-03,Castilla y León
3170.0,9.0,27.705627705627705,41.082251082251084,,27.705627705627705,385,2017-03,Cataluña
3170.0,10.0,25.721784776902883,46.522309711286084,,25.721784776902883,254,2017-03,C. Valenciana
3170.0,11.0,22.39583333333333,57.29166666666667,,22.39583333333333,64,2017-03,Extremadura
3170.0,12.0,24.79674796747967,49.28861788617886,,24.79674796747967,164,2017-03,Galicia
3170.0,13.0,28.45528455284553,39.22764227642277,,28.45528455284553,328,2017-03,Madrid
3170.0,14.0,15.509259259259258,54.62962962962964,,15.509259259259258,72,2017-03,Murcia
3170.0,15.0,29.047619047619044,53.333333333333336,,29.047619047619044,35,2017-03,Navarra
3170.0,16.0,26.558265582655824,44.0379403794038,,26.558265582655824,123,2017-03,País Vasco
3170.0,17.0,38.09523809523809,40.476190476190474,,38.09523809523809,14,2017-03,La Rioja
3173.0,1.0,22.259013980868282,46.725533480500374,19.047619047619047,20.89036055923473,453,2017-04,Andalucía
3173.0,2.0,28.93518518518518,39.81481481481481,18.181818181818183,25.416666666666668,72,2017-04,Aragón
3173.0,3.0,23.4375,50.0,22.580645161290324,23.125,64,2017-04,Asturias
3173.0,4.0,35.49382716049382,33.02469135802468,28.30188679245283,32.65432098765432,54,2017-04,Baleares
3173.0,5.0,18.827160493827158,49.84567901234568,24.761904761904763,20.98765432098765,108,2017-04,Canarias
3173.0,6.0,18.627450980392155,55.392156862745104,25.806451612903224,22.15686274509804,34,2017-04,Cantabria
3173.0,7.0,21.621621621621625,43.24324324324325,22.727272727272727,21.98198198198198,111,2017-04,Castilla-La Mancha
3173.0,8.0,22.06896551724138,44.367816091954026,15.172413793103448,19.310344827586206,145,2017-04,Castilla y León
3173.0,9.0,28.067885117493468,39.425587467362924,23.262032085561497,26.118363794604,383,2017-04,Cataluña
3173.0,10.0,24.640522875816988,46.27450980392157,17.131474103585656,21.581699346405227,255,2017-04,C. Valenciana
3173.0,11.0,14.322916666666664,61.45833333333333,6.25,11.09375,64,2017-04,Extremadura
3173.0,12.0,24.186991869918696,50.10162601626017,22.435897435897434,23.536585365853657,164,2017-04,Galicia
3173.0,13.0,26.988922457200406,42.245720040281974,18.76923076923077,23.645518630412887,331,2017-04,Madrid
3173.0,14.0,28.472222222222214,48.611111111111114,30.88235294117647,29.120370370370367,72,2017-04,Murcia
3173.0,15.0,26.19047619047619,56.19047619047618,37.142857142857146,30.571428571428573,35,2017-04,Navarra
3173.0,16.0,23.170731707317074,45.52845528455284,28.94736842105263,25.826558265582655,123,2017-04,País Vasco
3173.0,17.0,28.124999999999996,42.70833333333333,26.666666666666668,28.125,16,2017-04,La Rioja
3175.0,1.0,26.266061980347693,46.10733182161754,,26.266061980347693,441,2017-05,Andalucía
3175.0,2.0,32.62910798122066,37.55868544600939,,32.62910798122066,71,2017-05,Aragón
3175.0,3.0,20.370370370370367,53.43915343915344,,20.370370370370367,63,2017-05,Asturias
3175.0,4.0,29.87421383647798,42.45283018867925,,29.87421383647798,53,2017-05,Baleares
3175.0,5.0,25.229357798165136,44.80122324159022,,25.229357798165136,109,2017-05,Canarias
3175.0,6.0,26.470588235294116,47.549019607843135,,26.470588235294116,34,2017-05,Cantabria
3175.0,7.0,28.078078078078075,43.843843843843835,,28.078078078078075,111,2017-05,Castilla-La Mancha
3175.0,8.0,28.04597701149425,41.83908045977011,,28.04597701149425,145,2017-05,Castilla y León
3175.0,9.0,33.03030303030303,39.65367965367966,,33.03030303030303,385,2017-05,Cataluña
3175.0,10.0,30.784313725490197,43.66013071895424,,30.784313725490197,255,2017-05,C. Valenciana
3175.0,11.0,28.57142857142857,54.23280423280423,,28.57142857142857,63,2017-05,Extremadura
3175.0,12.0,27.947154471544714,47.86585365853658,,27.947154471544714,164,2017-05,Galicia
3175.0,13.0,31.736526946107784,38.02395209580838,,31.736526946107784,334,2017-05,Madrid
3175.0,14.0,25.342465753424655,46.80365296803652,,25.342465753424655,73,2017-05,Murcia
3175.0,15.0,36.666666666666664,48.09523809523809,,36.666666666666664,35,2017-05,Navarra
3175.0,16.0,28.333333333333332,45.27777777777778,,28.333333333333332,120,2017-05,País Vasco
3175.0,17.0,33.33333333333333,50.0,,33.33333333333333,15,2017-05,La Rioja
3179.0,1.0,25.57027225901398,46.54157468727005,,25.57027225901398,453,2017-06,Andalucía
3179.0,2.0,32.394366197183096,31.924882629107987,,32.394366197183096,71,2017-06,Aragón
3179.0,3.0,26.98412698412698,47.089947089947096,,26.98412698412698,63,2017-06,Asturias
3179.0,4.0,30.8641975308642,42.592592592592595,,30.8641975308642,54,2017-06,Baleares
3179.0,5.0,21.36363636363636,50.3030303030303,,21.36363636363636,110,2017-06,Canarias
3179.0,6.0,30.88235294117647,44.6078431372549,,30.88235294117647,34,2017-06,Cantabria
3179.0,7.0,21.62162162162162,46.84684684684684,,21.62162162162162,111,2017-06,Castilla-La Mancha
3179.0,8.0,25.97701149425287,45.747126436781606,,25.97701149425287,145,2017-06,Castilla y León
3179.0,9.0,31.369982547993022,37.56544502617801,,31.369982547993022,382,2017-06,Cataluña
3179.0,10.0,29.738562091503265,42.549019607843135,,29.738562091503265,255,2017-06,C. Valenciana
3179.0,11.0,22.222222222222218,58.73015873015873,,22.222222222222218,63,2017-06,Extremadura
3179.0,12.0,26.626016260162597,49.390243902439025,,26.626016260162597,164,2017-06,Galicia
3179.0,13.0,31.62134944612286,39.37562940584088,,31.62134944612286,331,2017-06,Madrid
3179.0,14.0,23.744292237442917,45.205479452054796,,23.744292237442917,73,2017-06,Murcia
3179.0,15.0,34.761904761904766,45.238095238095234,,34.761904761904766,35,2017-06,Navarra
3179.0,16.0,28.455284552845526,39.972899728997284,,28.455284552845526,123,2017-06,País Vasco
3179.0,17.0,43.13725490196079,33.33333333333333,,43.13725490196079,17,2017-06,La Rioja
3183.0,1.0,24.02501839587932,46.21044885945549,20.62780269058296,22.671081677704194,453,2017-07,Andalucía
3183.0,2.0,34.037558685446015,33.80281690140845,10.294117647058824,24.929577464788732,71,2017-07,Aragón
3183.0,3.0,24.338624338624335,51.322751322751316,24.193548387096776,24.126984126984127,63,2017-07,Asturias
3183.0,4.0,30.864197530864196,33.95061728395061,22.641509433962263,27.77777777777778,54,2017-07,Baleares
3183.0,5.0,20.52469135802469,47.99382716049382,15.384615384615385,18.425925925925927,108,2017-07,Canarias
3183.0,6.0,30.88235294117647,47.05882352941177,24.242424242424242,27.941176470588236,34,2017-07,Cantabria
3183.0,7.0,25.606060606060606,41.96969696969696,14.953271028037383,21.666666666666664,110,2017-07,Castilla-La Mancha
3183.0,8.0,28.275862068965516,45.40229885057472,19.014084507042252,24.873563218390807,145,2017-07,Castilla y León
3183.0,9.0,30.735930735930737,39.82683982683982,21.93211488250653,27.16883116883117,385,2017-07,Cataluña
3183.0,10.0,27.493438320209968,44.94750656167979,14.285714285714286,22.349081364829395,254,2017-07,C. Valenciana
3183.0,11.0,25.925925925925927,56.878306878306894,7.936507936507937,18.73015873015873,63,2017-07,Extremadura
3183.0,12.0,21.544715447154466,49.59349593495935,15.822784810126583,19.146341463414632,164,2017-07,Galicia
3183.0,13.0,29.618473895582326,37.951807228915655,14.375,23.694779116465863,332,2017-07,Madrid
3183.0,14.0,21.52777777777778,46.06481481481482,18.055555555555557,20.13888888888889,72,2017-07,Murcia
3183.0,15.0,29.047619047619044,55.23809523809524,31.428571428571427,30.0,35,2017-07,Navarra
3183.0,16.0,27.3224043715847,41.2568306010929,29.357798165137616,28.251366120218577,122,2017-07,País Vasco
3183.0,17.0,29.411764705882348,39.21568627450981,17.647058823529413,24.705882352941178,17,2017-07,La Rioja
3187.0,1.0,22.038263428991904,43.00956585724797,,22.038263428991904,453,2017-09,Andalucía
3187.0,2.0,19.953051643192484,42.72300469483567,,19.953051643192484,71,2017-09,Aragón
3187.0,3.0,21.16402116402116,50.0,,21.16402116402116,63,2017-09,Asturias
3187.0,4.0,28.086419753086417,44.13580246913581,,28.086419753086417,54,2017-09,Baleares
3187.0,5.0,18.209876543209873,47.0679012345679,,18.209876543209873,108,2017-09,Canarias
3187.0,6.0,23.529411764705884,48.03921568627452,,23.529411764705884,34,2017-09,Cantabria
3187.0,7.0,24.62462462462463,39.93993993993994,,24.62462462462463,111,2017-09,Castilla-La Mancha
3187.0,8.0,20.919540229885055,45.86206896551724,,20.919540229885055,145,2017-09,Castilla y León
3187.0,9.0,25.54112554112554,39.17748917748917,,25.54112554112554,385,2017-09,Cataluña
3187.0,10.0,23.529411764705884,44.509803921568626,,23.529411764705884,255,2017-09,C. Valenciana
3187.0,11.0,17.724867724867725,57.93650793650794,,17.724867724867725,63,2017-09,Extremadura
3187.0,12.0,22.76422764227642,46.84959349593496,,22.76422764227642,164,2017-09,Galicia
3187.0,13.0,27.52752752752752,36.786786786786784,,27.52752752752752,333,2017-09,Madrid
3187.0,14.0,17.361111111111107,51.620370370370374,,17.361111111111107,72,2017-09,Murcia
3187.0,15.0,26.666666666666664,45.714285714285715,,26.666666666666664,35,2017-09,Navarra
3187.0,16.0,19.647696476964768,44.30894308943089,,19.647696476964768,123,2017-09,País Vasco
3187.0,17.0,34.31372549019608,37.25490196078431,,34.31372549019608,17,2017-09,La Rioja
3191.0,1.0,20.870206489675514,40.70796460176991,20.0,20.353982300884955,452,2017-10,Andalucía
3191.0,2.0,16.431924882629104,34.97652582159625,17.91044776119403,16.8075117370892,71,2017-10,Aragón
3191.0,3.0,21.428571428571423,48.677248677248684,24.193548387096776,22.91005291005291,63,2017-10,Asturias
3191.0,4.0,28.395061728395063,34.87654320987654,25.0,27.40740740740741,54,2017-10,Baleares
3191.0,5.0,15.29051987767584,53.3639143730887,14.953271028037383,15.229357798165138,109,2017-10,Canarias
3191.0,6.0,16.666666666666664,38.725490196078425,26.470588235294116,20.58823529411765,34,2017-10,Cantabria
3191.0,7.0,22.52252252252252,38.43843843843843,23.58490566037736,22.642642642642638,111,2017-10,Castilla-La Mancha
3191.0,8.0,19.42528735632184,38.04597701149425,20.437956204379564,19.563218390804597,145,2017-10,Castilla y León
3191.0,9.0,26.085069444444446,30.68576388888889,24.52316076294278,25.477430555555554,384,2017-10,Cataluña
3191.0,10.0,23.228346456692915,42.58530183727034,18.69918699186992,21.443569553805776,254,2017-10,C. Valenciana
3191.0,11.0,19.047619047619044,53.70370370370371,20.634920634920636,19.682539682539684,63,2017-10,Extremadura
3191.0,12.0,23.678861788617883,43.699186991869915,20.496894409937887,22.378048780487806,164,2017-10,Galicia
3191.0,13.0,23.445463812436287,36.54434250764526,15.335463258785943,20.36697247706422,327,2017-10,Madrid
3191.0,14.0,19.675925925925924,50.0,25.37313432835821,21.99074074074074,72,2017-10,Murcia
3191.0,15.0,24.28571428571428,48.57142857142856,45.714285714285715,32.857142857142854,35,2017-10,Navarra
3191.0,16.0,21.774193548387096,46.37096774193548,25.225225225225227,22.68817204301075,124,2017-10,País Vasco
3191.0,17.0,20.58823529411765,27.450980392156865,11.764705882352942,17.058823529411764,17,2017-10,La Rioja
3195.0,1.0,20.603384841795435,43.81898454746137,,20.603384841795435,453,2017-11,Andalucía
3195.0,2.0,15.72769953051643,33.80281690140845,,15.72769953051643,71,2017-11,Aragón
3195.0,3.0,18.783068783068778,43.65079365079365,,18.783068783068778,63,2017-11,Asturias
3195.0,4.0,37.34567901234568,32.407407407407405,,37.34567901234568,54,2017-11,Baleares
3195.0,5.0,19.470404984423674,45.32710280373832,,19.470404984423674,107,2017-11,Canarias
3195.0,6.0,21.568627450980394,42.64705882352941,,21.568627450980394,34,2017-11,Cantabria
3195.0,7.0,23.088685015290523,41.13149847094801,,23.088685015290523,109,2017-11,Castilla-La Mancha
3195.0,8.0,21.609195402298848,40.3448275862069,,21.609195402298848,145,2017-11,Castilla y León
3195.0,9.0,31.18421052631579,32.14912280701754,,31.18421052631579,380,2017-11,Cataluña
3195.0,10.0,23.41269841269841,41.666666666666664,,23.41269841269841,252,2017-11,C. Valenciana
3195.0,11.0,10.052910052910052,58.73015873015873,,10.052910052910052,63,2017-11,Extremadura
3195.0,12.0,20.73170731707317,46.646341463414636,,20.73170731707317,164,2017-11,Galicia
3195.0,13.0,26.233635448136955,35.0956696878147,,26.233635448136955,331,2017-11,Madrid
3195.0,14.0,25.11415525114155,47.03196347031964,,25.11415525114155,73,2017-11,Murcia
3195.0,15.0,24.761904761904763,43.333333333333336,,24.761904761904763,35,2017-11,Navarra
3195.0,16.0,22.628726287262875,41.46341463414634,,22.628726287262875,123,2017-11,País Vasco
3195.0,17.0,26.470588235294116,38.23529411764706,,26.470588235294116,17,2017-11,La Rioja
3199.0,1.0,20.34149962880475,43.652561247216035,,20.34149962880475,449,2017-12,Andalucía
3199.0,2.0,27.083333333333336,32.03125,,27.083333333333336,64,2017-12,Aragón
3199.0,3.0,17.195767195767196,48.41269841269841,,17.195767195767196,63,2017-12,Asturias
3199.0,4.0,30.55555555555555,34.25925925925925,,30.55555555555555,54,2017-12,Baleares
3199.0,5.0,15.420560747663549,52.80373831775701,,15.420560747663549,107,2017-12,Canarias
3199.0,6.0,24.509803921568626,45.58823529411764,,24.509803921568626,34,2017-12,Cantabria
3199.0,7.0,21.515151515151512,41.060606060606055,,21.515151515151512,110,2017-12,Castilla-La Mancha
3199.0,8.0,26.551724137931036,44.59770114942528,,26.551724137931036,145,2017-12,Castilla y León
3199.0,9.0,31.857638888888886,33.68055555555555,,31.857638888888886,384,2017-12,Cataluña
3199.0,10.0,22.974767596281538,44.48871181938911,,22.974767596281538,251,2017-12,C. Valenciana
3199.0,11.0,20.105820105820104,50.0,,20.105820105820104,63,2017-12,Extremadura
3199.0,12.0,20.32520325203252,50.71138211382114,,20.32520325203252,164,2017-12,Galicia
3199.0,13.0,25.803212851405622,40.71285140562249,,25.803212851405622,332,2017-12,Madrid
3199.0,14.0,23.515981735159816,50.2283105022831,,23.515981735159816,73,2017-12,Murcia
3199.0,15.0,40.476190476190474,40.0,,40.476190476190474,35,2017-12,Navarra
3199.0,16.0,23.71273712737127,44.173441734417345,,23.71273712737127,123,2017-12,País Vasco
3199.0,17.0,20.588235294117645,37.25490196078431,,20.588235294117645,17,2017-12,La Rioja
3203.0,1.0,21.93572496263079,44.09566517189836,21.05263157894737,21.54708520179372,446,,Andalucía
3203.0,2.0,30.516431924882628,37.55868544600939,14.492753623188406,23.943661971830984,71,,Aragón
3203.0,3.0,20.8994708994709,40.476190476190474,29.508196721311474,23.96825396825397,63,,Asturias
3203.0,4.0,31.17283950617284,37.96296296296296,25.49019607843137,28.333333333333332,54,,Baleares
3203.0,5.0,21.028037383177566,50.934579439252325,20.2020202020202,20.654205607476637,107,,Canarias
3203.0,6.0,22.549019607843135,42.15686274509804,28.125,24.705882352941178,34,,Cantabria
3203.0,7.0,23.85321100917431,40.51987767584098,11.009174311926605,18.71559633027523,109,,Castilla-La Mancha
3203.0,8.0,20.629370629370623,44.522144522144515,26.08695652173913,22.727272727272727,143,,Castilla y León
3203.0,9.0,28.871391076115486,34.55818022747157,17.962466487935657,24.58442694663167,381,,Cataluña
3203.0,10.0,20.289855072463766,49.275362318840585,11.55378486055777,16.75889328063241,253,,C. Valenciana
3203.0,11.0,15.873015873015873,55.555555555555564,12.903225806451612,14.603174603174603,63,,Extremadura
3203.0,12.0,18.191056910569102,53.048780487804876,23.312883435582823,20.26422764227642,164,,Galicia
3203.0,13.0,25.803212851405625,37.04819277108434,11.728395061728396,20.42168674698795,332,,Madrid
3203.0,14.0,21.91780821917808,54.10958904109589,24.65753424657534,23.013698630136986,73,,Murcia
3203.0,15.0,30.47619047619047,49.047619047619044,14.285714285714286,24.0,35,,Navarra
3203.0,16.0,26.478494623655912,39.516129032258064,32.47863247863248,28.306451612903224,124,,País Vasco
3203.0,17.0,27.450980392156858,42.15686274509804,29.41176470588235,28.235294117647058,17,,La Rioja
3205.0,1.0,21.63355408388521,46.173657100809415,,21.63355408388521,453,2018-02,Andalucía
3205.0,2.0,23.474178403755868,45.77464788732395,,23.474178403755868,71,2018-02,Aragón
3205.0,3.0,16.666666666666668,43.650793650793666,,16.666666666666668,63,2018-02,Asturias
3205.0,4.0,31.17283950617284,38.88888888888888,,31.17283950617284,54,2018-02,Baleares
3205.0,5.0,18.710691823899367,55.81761006289308,,18.710691823899367,106,2018-02,Canarias
3205.0,6.0,25.49019607843137,37.25490196078431,,25.49019607843137,34,2018-02,Cantabria
3205.0,7.0,26.969696969696972,40.30303030303029,,26.969696969696972,110,2018-02,Castilla-La Mancha
3205.0,8.0,23.67816091954023,43.5632183908046,,23.67816091954023,145,2018-02,Castilla y León
3205.0,9.0,34.68233246301131,33.85552654482158,,34.68233246301131,383,2018-02,Cataluña
3205.0,10.0,25.264550264550262,45.304232804232804,,25.264550264550262,252,2018-02,C. Valenciana
3205.0,11.0,19.047619047619047,57.14285714285716,,19.047619047619047,63,2018-02,Extremadura
3205.0,12.0,20.63008130081301,54.26829268292683,,20.63008130081301,164,2018-02,Galicia
3205.0,13.0,26.746506986027942,40.81836327345309,,26.746506986027942,334,2018-02,Madrid
3205.0,14.0,22.38095238095238,48.09523809523809,,22.38095238095238,70,2018-02,Murcia
3205.0,15.0,26.19047619047619,50.95238095238094,,26.19047619047619,35,2018-02,Navarra
3205.0,16.0,26.47849462365591,43.817204301075265,,26.47849462365591,124,2018-02,País Vasco
3205.0,17.0,23.529411764705884,50.0,,23.529411764705884,17,2018-02,La Rioja
3207.0,1.0,19.88888888888889,49.18518518518519,,19.88888888888889,450,2018-03,Andalucía
3207.0,2.0,30.985915492957748,47.652582159624416,,30.985915492957748,71,2018-03,Aragón
3207.0,3.0,19.576719576719572,53.17460317460317,,19.576719576719572,63,2018-03,Asturias
3207.0,4.0,29.48717948717949,44.23076923076923,,29.48717948717949,52,2018-03,Baleares
3207.0,5.0,21.604938271604937,53.086419753086425,,21.604938271604937,108,2018-03,Canarias
3207.0,6.0,23.529411764705884,42.15686274509804,,23.529411764705884,34,2018-03,Cantabria
3207.0,7.0,25.000000000000004,41.35802469135803,,25.000000000000004,108,2018-03,Castilla-La Mancha
3207.0,8.0,25.524475524475523,44.638694638694645,,25.524475524475523,143,2018-03,Castilla y León
3207.0,9.0,33.42151675485009,35.89065255731922,,33.42151675485009,378,2018-03,Cataluña
3207.0,10.0,22.866666666666664,48.8,,22.866666666666664,250,2018-03,C. Valenciana
3207.0,11.0,18.783068783068778,57.93650793650793,,18.783068783068778,63,2018-03,Extremadura
3207.0,12.0,16.155419222903884,52.86298568507157,,16.155419222903884,163,2018-03,Galicia
3207.0,13.0,25.074626865671636,43.98009950248756,,25.074626865671636,335,2018-03,Madrid
3207.0,14.0,26.666666666666664,52.38095238095238,,26.666666666666664,70,2018-03,Murcia
3207.0,15.0,23.333333333333332,49.047619047619044,,23.333333333333332,35,2018-03,Navarra
3207.0,16.0,29.16666666666666,43.81720430107526,,29.16666666666666,124,2018-03,País Vasco
3207.0,17.0,24.444444444444446,48.888888888888886,,24.444444444444446,15,2018-03,La Rioja
3210.0,1.0,25.037037037037035,46.44444444444444,27.314814814814813,25.79259259259259,450,2018-04,Andalucía
3210.0,2.0,30.98591549295775,42.01877934272299,14.705882352941176,24.413145539906104,71,2018-04,Aragón
3210.0,3.0,17.46031746031746,56.084656084656096,28.571428571428573,21.904761904761905,63,2018-04,Asturias
3210.0,4.0,32.075471698113205,34.59119496855345,30.18867924528302,31.32075471698113,53,2018-04,Baleares
3210.0,5.0,21.428571428571427,45.714285714285715,21.21212121212121,21.047619047619047,105,2018-04,Canarias
3210.0,6.0,28.431372549019606,37.74509803921569,21.21212121212121,25.294117647058822,34,2018-04,Cantabria
3210.0,7.0,27.575757575757578,37.72727272727273,33.333333333333336,29.93939393939394,110,2018-04,Castilla-La Mancha
3210.0,8.0,26.573426573426573,48.13519813519813,23.529411764705884,25.36130536130536,143,2018-04,Castilla y León
3210.0,9.0,33.37696335078534,32.37347294938918,20.8,28.228621291448512,382,2018-04,Cataluña
3210.0,10.0,25.984251968503933,45.8005249343832,17.741935483870968,22.677165354330707,254,2018-04,C. Valenciana
3210.0,11.0,16.666666666666668,62.169312169312164,9.523809523809524,13.80952380952381,63,2018-04,Extremadura
3210.0,12.0,22.597137014314928,52.24948875255623,18.238993710691823,20.79754601226994,163,2018-04,Galicia
3210.0,13.0,28.820512820512825,39.179487179487175,14.873417721518987,23.26153846153846,325,2018-04,Madrid
3210.0,14.0,30.82191780821918,42.694063926940636,19.17808219178082,26.164383561643834,73,2018-04,Murcia
3210.0,15.0,28.09523809523809,47.61904761904761,17.142857142857142,23.714285714285715,35,2018-04,Navarra
3210.0,16.0,28.512396694214875,39.256198347107436,29.357798165137616,28.181818181818183,121,2018-04,País Vasco
3210.0,17.0,20.238095238095237,48.80952380952381,0.0,13.571428571428571,14,2018-04,La Rioja
3213.0,1.0,23.509933774834437,47.49816041206769,,23.509933774834437,453,2018-05,Andalucía
3213.0,2.0,26.76056338028169,48.12206572769954,,26.76056338028169,71,2018-05,Aragón
3213.0,3.0,22.22222222222222,49.73544973544974,,22.22222222222222,63,2018-05,Asturias
3213.0,4.0,28.39506172839506,38.2716049382716,,28.39506172839506,54,2018-05,Baleares
3213.0,5.0,16.987179487179485,54.96794871794872,,16.987179487179485,104,2018-05,Canarias
3213.0,6.0,31.37254901960784,43.13725490196078,,31.37254901960784,34,2018-05,Cantabria
3213.0,7.0,30.42813455657492,38.837920489296636,,30.42813455657492,109,2018-05,Castilla-La Mancha
3213.0,8.0,25.641025641025635,44.055944055944046,,25.641025641025635,143,2018-05,Castilla y León
3213.0,9.0,31.85763888888889,36.328125,,31.85763888888889,384,2018-05,Cataluña
3213.0,10.0,25.823451910408426,43.21475625823452,,25.823451910408426,253,2018-05,C. Valenciana
3213.0,11.0,21.428571428571423,58.46560846560847,,21.428571428571423,63,2018-05,Extremadura
3213.0,12.0,23.10838445807771,51.63599182004089,,23.10838445807771,163,2018-05,Galicia
3213.0,13.0,29.89021956087824,39.72055888223553,,29.89021956087824,334,2018-05,Madrid
3213.0,14.0,24.429223744292237,45.89041095890411,,24.429223744292237,73,2018-05,Murcia
3213.0,15.0,26.666666666666664,44.761904761904766,,26.666666666666664,35,2018-05,Navarra
3213.0,16.0,27.956989247311828,36.29032258064515,,27.956989247311828,124,2018-05,País Vasco
3213.0,17.0,13.725490196078429,50.0,,13.725490196078429,17,2018-05,La Rioja
3217.0,1.0,24.486049926578563,44.713656387665196,,24.486049926578563,454,2018-06,Andalucía
3217.0,2.0,32.62910798122066,39.201877934272304,,32.62910798122066,71,2018-06,Aragón
3217.0,3.0,25.661375661375654,48.148148148148145,,25.661375661375654,63,2018-06,Asturias
3217.0,4.0,31.172839506172835,43.518518518518526,,31.172839506172835,54,2018-06,Baleares
3217.0,5.0,19.54545454545454,50.3030303030303,,19.54545454545454,110,2018-06,Canarias
3217.0,6.0,19.6078431372549,51.47058823529411,,19.6078431372549,34,2018-06,Cantabria
3217.0,7.0,26.96969696969697,42.57575757575757,,26.96969696969697,110,2018-06,Castilla-La Mancha
3217.0,8.0,20.51282051282051,46.15384615384615,,20.51282051282051,143,2018-06,Castilla y León
3217.0,9.0,30.164930555555554,35.026041666666664,,30.164930555555554,384,2018-06,Cataluña
3217.0,10.0,24.24242424242424,50.39525691699605,,24.24242424242424,253,2018-06,C. Valenciana
3217.0,11.0,17.1957671957672,60.846560846560855,,17.1957671957672,63,2018-06,Extremadura
3217.0,12.0,20.040899795501023,51.84049079754601,,20.040899795501023,163,2018-06,Galicia
3217.0,13.0,26.96969696969697,41.96969696969697,,26.96969696969697,330,2018-06,Madrid
3217.0,14.0,22.8310502283105,50.2283105022831,,22.8310502283105,73,2018-06,Murcia
3217.0,15.0,31.37254901960784,46.07843137254902,,31.37254901960784,34,2018-06,Navarra
3217.0,16.0,24.059139784946236,38.97849462365591,,24.059139784946236,124,2018-06,País Vasco
3217.0,17.0,23.958333333333332,46.875,,23.958333333333332,16,2018-06,La Rioja
3219.0,1.0,20.493009565857246,48.82266372332597,22.14765100671141,21.140544518027962,453,2018-07,Andalucía
3219.0,2.0,30.046948356807516,37.79342723004695,18.75,26.0093896713615,71,2018-07,Aragón
3219.0,3.0,20.370370370370367,48.14814814814815,27.419354838709676,23.333333333333332,63,2018-07,Asturias
3219.0,4.0,29.62962962962963,41.04938271604939,28.846153846153847,28.88888888888889,54,2018-07,Baleares
3219.0,5.0,19.219219219219216,46.24624624624625,20.0,19.75975975975976,111,2018-07,Canarias
3219.0,6.0,23.039215686274506,48.03921568627451,18.181818181818183,20.88235294117647,34,2018-07,Cantabria
3219.0,7.0,20.030581039755354,41.590214067278296,21.568627450980394,20.275229357798164,109,2018-07,Castilla-La Mancha
3219.0,8.0,22.261072261072258,45.68764568764569,14.285714285714286,19.04428904428904,143,2018-07,Castilla y León
3219.0,9.0,28.141361256544503,34.81675392670157,26.719576719576718,27.61780104712042,382,2018-07,Cataluña
3219.0,10.0,25.564409030544486,43.42629482071713,17.959183673469386,22.69588313413015,251,2018-07,C. Valenciana
3219.0,11.0,16.931216931216934,59.52380952380953,15.873015873015873,16.50793650793651,63,2018-07,Extremadura
3219.0,12.0,20.756646216768914,51.84049079754601,21.73913043478261,21.165644171779142,163,2018-07,Galicia
3219.0,13.0,26.255020080321284,39.85943775100401,15.432098765432098,22.058232931726906,332,2018-07,Madrid
3219.0,14.0,27.314814814814813,49.30555555555556,18.571428571428573,23.796296296296294,72,2018-07,Murcia
3219.0,15.0,24.76190476190476,38.57142857142858,36.36363636363637,28.95238095238095,35,2018-07,Navarra
3219.0,16.0,21.908602150537632,39.516129032258064,26.724137931034484,23.79032258064516,124,2018-07,País Vasco
3219.0,17.0,16.666666666666664,48.03921568627452,31.25,21.764705882352942,17,2018-07,La Rioja
3223.0,1.0,16.915422885572138,47.76119402985075,32.48106060606061,23.034825870646767,536,2018-09,Andalucía
3223.0,2.0,16.862745098039216,41.96078431372549,20.73170731707317,18.352941176470587,85,2018-09,Aragón
3223.0,3.0,9.555555555555554,49.77777777777778,14.0,11.333333333333334,75,2018-09,Asturias
3223.0,4.0,23.697916666666664,32.291666666666664,43.54838709677419,31.09375,64,2018-09,Baleares
3223.0,5.0,12.781954887218044,51.629072681704265,29.615384615384617,19.24812030075188,133,2018-09,Canarias
3223.0,6.0,12.916666666666666,51.666666666666664,24.358974358974358,17.583333333333332,40,2018-09,Cantabria
3223.0,7.0,18.81313131313131,41.28787878787879,20.610687022900763,19.46969696969697,132,2018-09,Castilla-La Mancha
3223.0,8.0,18.823529411764703,38.8235294117647,23.636363636363637,20.666666666666664,170,2018-09,Castilla y León
3223.0,9.0,20.313639679066373,35.33916849015317,26.379690949227374,22.64770240700219,457,2018-09,Cataluña
3223.0,10.0,15.413943355119823,48.74727668845316,19.966996699669966,17.331154684095864,306,2018-09,C. Valenciana
3223.0,11.0,17.105263157894736,53.50877192982456,16.44736842105263,16.842105263157894,76,2018-09,Extremadura
3223.0,12.0,15.561224489795917,49.48979591836735,26.57894736842105,19.914965986394556,196,2018-09,Galicia
3223.0,13.0,19.958333333333336,37.125,19.416243654822335,19.875,400,2018-09,Madrid
3223.0,14.0,19.215686274509803,46.470588235294116,20.37037037037037,19.45098039215686,85,2018-09,Murcia
3223.0,15.0,21.951219512195124,38.61788617886179,42.30769230769231,29.26829268292683,41,2018-09,Navarra
3223.0,16.0,14.876957494407158,47.091722595078295,32.857142857142854,21.6331096196868,149,2018-09,País Vasco
3223.0,17.0,14.705882352941176,43.13725490196078,40.625,24.11764705882353,17,2018-09,La Rioja
3226.0,1.0,22.866789441375076,41.958256599140576,26.330798479087452,24.09453652547575,543,2018-10,Andalucía
3226.0,2.0,25.686274509803923,38.23529411764705,14.285714285714286,21.058823529411764,85,2018-10,Aragón
3226.0,3.0,22.888888888888882,44.888888888888886,29.333333333333332,25.466666666666665,75,2018-10,Asturias
3226.0,4.0,29.74358974358974,28.974358974358974,26.5625,28.307692307692307,65,2018-10,Baleares
3226.0,5.0,20.634920634920636,49.33862433862434,25.806451612903224,22.53968253968254,126,2018-10,Canarias
3226.0,6.0,15.833333333333332,41.666666666666664,10.0,13.5,40,2018-10,Cantabria
3226.0,7.0,20.707070707070706,42.42424242424242,23.846153846153847,21.818181818181817,132,2018-10,Castilla-La Mancha
3226.0,8.0,22.647058823529406,41.56862745098039,25.88235294117647,23.941176470588236,170,2018-10,Castilla y León
3226.0,9.0,26.934201012292117,34.67100506146059,20.26143790849673,24.273318872017352,461,2018-10,Cataluña
3226.0,10.0,24.172185430463575,47.29580573951434,18.04635761589404,21.721854304635762,302,2018-10,C. Valenciana
3226.0,11.0,20.394736842105257,51.31578947368422,10.526315789473685,16.44736842105263,76,2018-10,Extremadura
3226.0,12.0,16.83673469387755,54.166666666666664,27.105263157894736,20.714285714285715,196,2018-10,Galicia
3226.0,13.0,26.54166666666667,37.33333333333333,16.165413533834588,22.375,400,2018-10,Madrid
3226.0,14.0,26.55038759689922,47.86821705426356,26.74418604651163,26.627906976744185,86,2018-10,Murcia
3226.0,15.0,26.984126984126977,36.507936507936506,33.333333333333336,29.523809523809526,42,2018-10,Navarra
3226.0,16.0,24.537037037037035,40.85648148148148,26.428571428571427,25.50925925925926,144,2018-10,País Vasco
3226.0,17.0,24.999999999999996,40.0,28.94736842105263,26.0,20,2018-10,La Rioja
3231.0,1.0,22.49846531614487,45.30386740331492,27.808988764044944,24.585635359116022,543,2018-11,Andalucía
3231.0,2.0,21.17647058823529,43.137254901960794,14.814814814814815,18.509803921568626,85,2018-11,Aragón
3231.0,3.0,17.777777777777775,46.88888888888889,25.0,20.533333333333335,75,2018-11,Asturias
3231.0,4.0,31.060606060606062,38.888888888888886,33.333333333333336,31.666666666666668,66,2018-11,Baleares
3231.0,5.0,18.308080808080803,51.89393939393939,23.46153846153846,20.227272727272727,132,2018-11,Canarias
3231.0,6.0,23.333333333333332,40.416666666666664,15.384615384615385,20.0,40,2018-11,Cantabria
3231.0,7.0,27.735368956743,37.6590330788804,19.615384615384617,24.427480916030536,131,2018-11,Castilla-La Mancha
3231.0,8.0,22.41715399610136,39.57115009746588,20.679012345679013,21.55945419103314,171,2018-11,Castilla y León
3231.0,9.0,27.802197802197803,32.71062271062271,27.666666666666668,27.67032967032967,455,2018-11,Cataluña
3231.0,10.0,23.14814814814815,44.93464052287582,20.13422818791946,21.884531590413943,306,2018-11,C. Valenciana
3231.0,11.0,20.175438596491226,47.14912280701754,20.394736842105264,20.263157894736842,76,2018-11,Extremadura
3231.0,12.0,23.044217687074827,50.255102040816325,21.57894736842105,22.568027210884352,196,2018-11,Galicia
3231.0,13.0,27.210884353741495,35.45918367346939,18.848167539267017,23.877551020408163,392,2018-11,Madrid
3231.0,14.0,20.73643410852713,51.16279069767442,18.023255813953487,19.651162790697676,86,2018-11,Murcia
3231.0,15.0,27.235772357723572,44.3089430894309,48.75,35.6910569105691,41,2018-11,Navarra
3231.0,16.0,21.17117117117117,40.09009009009008,27.862595419847327,23.64864864864865,148,2018-11,País Vasco
3231.0,17.0,34.920634920634924,42.06349206349206,47.5,39.36507936507936,21,2018-11,La Rioja
3234.0,1.0,18.41620626151013,45.027624309392266,26.872659176029963,21.792510742786988,543,2018-12,Andalucía
3234.0,2.0,25.882352941176464,38.23529411764705,18.452380952380953,22.980392156862745,85,2018-12,Aragón
3234.0,3.0,18.444444444444443,47.11111111111112,39.436619718309856,26.533333333333335,75,2018-12,Asturias
3234.0,4.0,26.767676767676765,44.44444444444445,26.923076923076923,26.86868686868687,66,2018-12,Baleares
3234.0,5.0,15.530303030303031,57.70202020202021,14.84375,15.126262626262625,132,2018-12,Canarias
3234.0,6.0,24.999999999999996,39.58333333333333,18.75,22.5,40,2018-12,Cantabria
3234.0,7.0,28.947368421052634,35.08771929824561,24.427480916030536,27.142857142857142,133,2018-12,Castilla-La Mancha
3234.0,8.0,22.48062015503876,40.697674418604656,15.789473684210526,19.767441860465116,172,2018-12,Castilla y León
3234.0,9.0,25.69141193595342,33.73362445414847,22.087912087912088,24.294032023289663,458,2018-12,Cataluña
3234.0,10.0,20.120614035087716,46.107456140350884,22.71186440677966,21.173245614035086,304,2018-12,C. Valenciana
3234.0,11.0,18.42105263157895,56.140350877192986,17.333333333333332,18.07017543859649,76,2018-12,Extremadura
3234.0,12.0,18.79251700680272,50.25510204081632,22.513089005235603,20.187074829931973,196,2018-12,Galicia
3234.0,13.0,26.549413735343382,32.28643216080402,15.012722646310433,21.959798994974875,398,2018-12,Madrid
3234.0,14.0,18.21705426356589,50.19379844961241,26.19047619047619,21.31782945736434,86,2018-12,Murcia
3234.0,15.0,27.777777777777775,44.04761904761905,26.829268292682926,27.142857142857142,42,2018-12,Navarra
3234.0,16.0,19.144144144144143,42.79279279279279,21.428571428571427,20.27027027027027,148,2018-12,País Vasco
3234.0,17.0,24.999999999999996,35.83333333333333,39.473684210526315,31.0,20,2018-12,La Rioja
3238.0,1.0,22.43707796193984,40.761203192142425,23.440453686200378,22.80540208717004,543,2019-01,Andalucía
3238.0,2.0,26.66666666666667,33.921568627450974,20.833333333333332,24.235294117647058,85,2019-01,Aragón
3238.0,3.0,19.999999999999996,48.8888888888889,32.432432432432435,24.8,75,2019-01,Asturias
3238.0,4.0,28.03030303030303,42.424242424242415,26.153846153846153,27.12121212121212,66,2019-01,Baleares
3238.0,5.0,18.671679197994987,48.24561403508772,25.1937984496124,21.07769423558897,133,2019-01,Canarias
3238.0,6.0,27.083333333333332,43.333333333333336,21.62162162162162,24.25,40,2019-01,Cantabria
3238.0,7.0,25.06265664160401,39.473684210526315,24.21875,25.06265664160401,133,2019-01,Castilla-La Mancha
3238.0,8.0,20.05813953488372,40.31007751937984,19.94047619047619,20.0968992248062,172,2019-01,Castilla y León
3238.0,9.0,25.998547567175017,30.537400145243282,22.787610619469028,24.822076978939723,459,2019-01,Cataluña
3238.0,10.0,19.95614035087719,43.80482456140351,19.0,19.539473684210527,304,2019-01,C. Valenciana
3238.0,11.0,16.666666666666664,48.68421052631579,26.0,20.263157894736842,76,2019-01,Extremadura
3238.0,12.0,22.534013605442173,50.08503401360545,20.81081081081081,21.44557823129252,196,2019-01,Galicia
3238.0,13.0,25.81453634085213,35.756056808688385,18.229166666666668,22.75689223057644,399,2019-01,Madrid
3238.0,14.0,20.114942528735632,45.97701149425287,24.404761904761905,21.724137931034484,87,2019-01,Murcia
3238.0,15.0,22.22222222222222,50.39682539682539,28.75,24.285714285714285,42,2019-01,Navarra
3238.0,16.0,17.22972972972973,45.04504504504505,22.99270072992701,19.39189189189189,148,2019-01,País Vasco
3238.0,17.0,24.6031746031746,43.65079365079365,36.8421052631579,30.0,21,2019-01,La Rioja
3240.0,1.0,20.7716049382716,44.907407407407405,25.609756097560975,22.67283950617284,540,2019-02,Andalucía
3240.0,2.0,30.3921568627451,33.33333333333333,17.46987951807229,25.372549019607842,85,2019-02,Aragón
3240.0,3.0,18.01801801801802,50.90090090090091,26.71232876712329,21.35135135135135,74,2019-02,Asturias
3240.0,4.0,22.849462365591396,43.27956989247311,40.16393442622951,29.838709677419356,62,2019-02,Baleares
3240.0,5.0,15.049751243781095,51.99004975124378,13.636363636363637,14.402985074626866,134,2019-02,Canarias
3240.0,6.0,17.916666666666664,44.583333333333336,15.384615384615385,16.75,40,2019-02,Cantabria
3240.0,7.0,21.052631578947366,43.233082706766915,21.153846153846153,20.902255639097746,133,2019-02,Castilla-La Mancha
3240.0,8.0,18.42105263157895,40.5458089668616,26.785714285714285,21.57894736842105,171,2019-02,Castilla y León
3240.0,9.0,23.325974981604123,35.32008830022075,22.494432071269486,23.002207505518765,453,2019-02,Cataluña
3240.0,10.0,19.8781838316722,48.117386489479514,19.865319865319865,19.944629014396455,301,2019-02,C. Valenciana
3240.0,11.0,14.035087719298243,63.81578947368421,14.666666666666666,14.3859649122807,76,2019-02,Extremadura
3240.0,12.0,20.663265306122447,50.08503401360545,30.670103092783506,24.642857142857142,196,2019-02,Galicia
3240.0,13.0,25.71548821548821,36.658249158249156,16.709183673469386,22.045454545454547,396,2019-02,Madrid
3240.0,14.0,19.731800766283524,52.49042145593869,24.096385542168676,21.03448275862069,87,2019-02,Murcia
3240.0,15.0,24.12280701754386,51.754385964912274,39.189189189189186,30.263157894736842,38,2019-02,Navarra
3240.0,16.0,19.707207207207205,39.752252252252255,22.857142857142858,20.78828828828829,148,2019-02,País Vasco
3240.0,17.0,24.166666666666664,34.166666666666664,19.444444444444443,22.166666666666664,20,2019-02,La Rioja
3247.0,1.0,21.476715686274506,52.389705882352935,19.496268656716417,20.59436274509804,544,2019-05,Andalucía
3247.0,2.0,23.33333333333333,48.43137254901961,11.30952380952381,18.470588235294116,85,2019-05,Aragón
3247.0,3.0,13.288288288288289,59.23423423423424,13.571428571428571,13.108108108108109,74,2019-05,Asturias
3247.0,4.0,27.52525252525252,46.71717171717171,20.76923076923077,24.696969696969695,66,2019-05,Baleares
3247.0,5.0,13.930348258706466,61.81592039800994,13.385826771653543,13.681592039800995,134,2019-05,Canarias
3247.0,6.0,15.833333333333334,54.58333333333333,15.384615384615385,15.5,40,2019-05,Cantabria
3247.0,7.0,20.580808080808076,50.25252525252526,11.83206106870229,17.045454545454547,132,2019-05,Castilla-La Mancha
3247.0,8.0,19.68810916179337,50.19493177387915,12.574850299401197,16.881091617933723,171,2019-05,Castilla y León
3247.0,9.0,23.076923076923077,43.18681318681319,15.688487584650114,20.21978021978022,455,2019-05,Cataluña
3247.0,10.0,20.437158469945352,50.98360655737705,12.37458193979933,17.37704918032787,305,2019-05,C. Valenciana
3247.0,11.0,19.07894736842105,60.08771929824562,13.157894736842104,16.710526315789473,76,2019-05,Extremadura
3247.0,12.0,23.109965635738824,55.24054982817869,17.77777777777778,21.116838487972505,194,2019-05,Galicia
3247.0,13.0,21.877584780810587,44.78908188585608,13.51010101010101,18.46980976013234,403,2019-05,Madrid
3247.0,14.0,20.881226053639843,54.9808429118774,22.093023255813954,21.417624521072796,87,2019-05,Murcia
3247.0,15.0,23.170731707317074,50.81300813008129,17.073170731707318,20.73170731707317,41,2019-05,Navarra
3247.0,16.0,23.015873015873012,49.77324263038548,21.785714285714285,22.471655328798185,147,2019-05,País Vasco
3247.0,17.0,23.015873015873016,50.0,15.0,20.476190476190474,21,2019-05,La Rioja
3252.0,1.0,22.375690607734807,53.28422344996931,26.915708812260537,24.082259054634743,543,2019-06,Andalucía
3252.0,2.0,21.764705882352942,43.33333333333333,28.205128205128204,23.72549019607843,85,2019-06,Aragón
3252.0,3.0,22.747747747747745,50.225225225225216,29.166666666666668,25.0,74,2019-06,Asturias
3252.0,4.0,24.242424242424242,41.666666666666664,31.25,26.96969696969697,66,2019-06,Baleares
3252.0,5.0,13.333333333333334,60.53333333333333,18.181818181818183,15.04,125,2019-06,Canarias
3252.0,6.0,19.166666666666664,50.83333333333333,17.105263157894736,18.0,40,2019-06,Cantabria
3252.0,7.0,24.43609022556391,46.11528822055138,18.702290076335878,22.030075187969924,133,2019-06,Castilla-La Mancha
3252.0,8.0,22.058823529411764,48.529411764705884,23.225806451612904,22.64705882352941,170,2019-06,Castilla y León
3252.0,9.0,24.691358024691354,39.2883079157589,22.898230088495577,24.03776325344953,459,2019-06,Cataluña
3252.0,10.0,22.204125950054287,51.68295331161781,20.198675496688743,21.357220412595005,307,2019-06,C. Valenciana
3252.0,11.0,19.078947368421048,60.5263157894737,4.605263157894737,13.289473684210526,76,2019-06,Extremadura
3252.0,12.0,20.962199312714773,51.63230240549829,27.63157894736842,23.573883161512025,194,2019-06,Galicia
3252.0,13.0,22.360764754779716,44.38902743142145,13.350125944584383,18.76974231088944,401,2019-06,Madrid
3252.0,14.0,19.54022988505747,51.724137931034484,26.19047619047619,21.915708812260533,87,2019-06,Murcia
3252.0,15.0,20.94017094017094,46.15384615384615,39.189189189189186,27.777777777777782,39,2019-06,Navarra
3252.0,16.0,15.296803652968034,57.534246575342465,20.863309352517987,17.671232876712327,146,2019-06,País Vasco
3252.0,17.0,21.05263157894737,41.228070175438596,33.333333333333336,25.263157894736842,19,2019-06,La Rioja
3261.0,1.0,29.085573061476673,47.2505406240346,23.015137472968792,26.657398826073525,1079,2019-09,Andalucía
3261.0,2.0,29.019607843137255,48.92156862745099,22.619047619047613,26.470588235294116,170,2019-09,Aragón
3261.0,3.0,25.727069351230426,52.68456375838926,19.574944071588362,23.2662192393736,149,2019-09,Asturias
3261.0,4.0,33.07086614173228,38.582677165354326,25.328083989501312,29.973753280839897,127,2019-09,Baleares
3261.0,5.0,24.04479578392622,53.75494071146245,15.61264822134387,20.67193675889328,253,2019-09,Canarias
3261.0,6.0,31.875,46.875,20.416666666666664,27.291666666666668,80,2019-09,Cantabria
3261.0,7.0,27.232704402515722,44.40251572327045,23.076923076923077,25.471698113207548,265,2019-09,Castilla-La Mancha
3261.0,8.0,33.38264299802761,42.455621301775146,29.426310583580612,31.82445759368836,338,2019-09,Castilla y León
3261.0,9.0,29.637841832963783,35.77235772357723,22.524020694752398,26.79231337767923,902,2019-09,Cataluña
3261.0,10.0,24.31917211328976,46.92265795206971,21.249318057828695,23.11002178649237,612,2019-09,C. Valenciana
3261.0,11.0,23.951434878587193,51.21412803532008,17.66004415011037,21.434878587196465,151,2019-09,Extremadura
3261.0,12.0,28.320479862896313,51.88517566409597,23.393316195372744,26.349614395886885,389,2019-09,Galicia
3261.0,13.0,29.282700421940927,39.345991561181435,16.87790452049007,24.33755274261603,790,2019-09,Madrid
3261.0,14.0,24.662813102119458,54.8169556840077,31.310211946050092,27.321772639691712,173,2019-09,Murcia
3261.0,15.0,30.666666666666668,44.0,28.153153153153156,29.688888888888886,75,2019-09,Navarra
3261.0,16.0,24.18630751964085,47.474747474747474,26.295045045045043,24.99438832772166,297,2019-09,País Vasco
3261.0,17.0,30.180180180180184,32.43243243243243,27.027027027027028,28.91891891891892,37,2019-09,La Rioja
3267.0,1.0,23.75832053251408,51.28008192524321,15.226337448559669,20.37890424987199,651,2019-11,Andalucía
3267.0,2.0,22.66666666666667,47.000000000000014,14.250000000000002,19.3,200,2019-11,Aragón
3267.0,3.0,25.249999999999996,51.91666666666667,19.666666666666664,23.016666666666666,200,2019-11,Asturias
3267.0,4.0,25.515463917525764,47.59450171821306,25.945017182130577,25.68728522336769,194,2019-11,Baleares
3267.0,5.0,18.10810810810811,56.03603603603604,14.234234234234235,16.558558558558556,185,2019-11,Canarias
3267.0,6.0,21.250000000000004,47.91666666666668,15.250000000000005,18.85000000000001,200,2019-11,Cantabria
3267.0,7.0,23.996509598603847,48.42931937172776,15.167548500881834,20.54101221640489,191,2019-11,Castilla-La Mancha
3267.0,8.0,23.33333333333333,47.65151515151515,18.56060606060606,21.42424242424242,220,2019-11,Castilla y León
3267.0,9.0,28.612059158134237,37.74175199089875,15.439497716894975,23.34470989761092,586,2019-11,Cataluña
3267.0,10.0,25.719120135363784,45.5160744500846,15.518707482993198,21.658206429780034,394,2019-11,C. Valenciana
3267.0,11.0,16.919191919191917,59.17508417508415,8.08080808080808,13.383838383838382,198,2019-11,Extremadura
3267.0,12.0,24.266666666666666,50.800000000000004,16.666666666666668,21.226666666666667,250,2019-11,Galicia
3267.0,13.0,22.642118863049102,42.89405684754523,17.216828478964402,20.458656330749356,516,2019-11,Madrid
3267.0,14.0,20.833333333333332,53.47222222222223,17.79513888888889,19.618055555555557,192,2019-11,Murcia
3267.0,15.0,25.09803921568627,50.588235294117645,13.214990138067058,20.313725490196077,170,2019-11,Navarra
3267.0,16.0,18.03418803418803,51.96581196581195,16.75213675213675,17.52136752136752,195,2019-11,País Vasco
3267.0,17.0,23.670212765957448,45.12411347517731,21.187943262411345,22.677304964539008,188,2019-11,La Rioja
3271.0,1.0,26.43455834945197,51.353965183752415,23.710509348807218,25.344938749194068,517,2020-01,Andalucía
3271.0,2.0,27.450980392156858,40.98039215686274,19.999999999999996,24.470588235294116,85,2020-01,Aragón
3271.0,3.0,23.198198198198195,57.207207207207205,35.13513513513514,27.972972972972972,74,2020-01,Asturias
3271.0,4.0,27.77777777777777,53.28282828282828,31.69191919191919,29.343434343434343,66,2020-01,Baleares
3271.0,5.0,21.021021021021017,57.2072072072072,21.246246246246244,21.111111111111107,111,2020-01,Canarias
3271.0,6.0,27.5,42.5,14.166666666666666,22.166666666666664,40,2020-01,Cantabria
3271.0,7.0,26.136363636363637,50.378787878787875,23.04292929292929,24.898989898989896,132,2020-01,Castilla-La Mancha
3271.0,8.0,28.921568627450977,45.49019607843137,23.529411764705884,26.764705882352942,170,2020-01,Castilla y León
3271.0,9.0,30.14652014652015,39.81684981684982,17.985347985347982,25.28205128205128,455,2020-01,Cataluña
3271.0,10.0,25.6030701754386,46.76535087719298,16.858552631578945,22.105263157894736,304,2020-01,C. Valenciana
3271.0,11.0,20.614035087719298,56.359649122807014,20.833333333333332,20.70175438596491,76,2020-01,Extremadura
3271.0,12.0,23.195876288659793,50.0,22.121993127147764,22.76632302405498,194,2020-01,Galicia
3271.0,13.0,28.230452674897116,40.82304526748972,16.152263374485596,23.399176954732507,405,2020-01,Madrid
3271.0,14.0,21.17647058823529,53.33333333333334,23.431372549019606,22.078431372549016,85,2020-01,Murcia
3271.0,15.0,23.75,44.58333333333333,20.416666666666664,22.416666666666664,40,2020-01,Navarra
3271.0,16.0,20.833333333333332,46.41203703703704,18.634259259259256,19.953703703703706,144,2020-01,País Vasco
3271.0,17.0,26.19047619047619,38.095238095238095,32.93650793650794,28.888888888888886,21,2020-01,La Rioja
3273.0,1.0,24.62686567164179,54.07338308457712,23.02549751243781,23.9863184079602,536,2020-02,Andalucía
3273.0,2.0,29.80392156862745,44.50980392156863,13.137254901960782,23.137254901960784,85,2020-02,Aragón
3273.0,3.0,29.054054054054053,45.945945945945944,22.2972972972973,26.35135135135135,74,2020-02,Asturias
3273.0,4.0,21.464646464646464,59.595959595959606,30.934343434343432,25.25252525252525,66,2020-02,Baleares
3273.0,5.0,22.97979797979798,55.80808080808081,18.24494949494949,21.085858585858585,132,2020-02,Canarias
3273.0,6.0,28.333333333333332,47.083333333333336,14.375,22.75,40,2020-02,Cantabria
3273.0,7.0,26.136363636363637,48.35858585858586,20.45454545454545,23.863636363636363,132,2020-02,Castilla-La Mancha
3273.0,8.0,23.976608187134502,49.41520467836257,21.24756335282651,22.884990253411303,171,2020-02,Castilla y León
3273.0,9.0,24.739583333333332,42.857142857142854,17.503720238095237,21.845238095238095,448,2020-02,Cataluña
3273.0,10.0,24.466891133557798,45.90347923681257,16.161616161616163,21.144781144781145,297,2020-02,C. Valenciana
3273.0,11.0,20.833333333333332,51.09649122807018,16.995614035087716,19.298245614035086,76,2020-02,Extremadura
3273.0,12.0,21.90721649484536,52.83505154639175,21.391752577319583,21.701030927835046,194,2020-02,Galicia
3273.0,13.0,27.694859038142617,45.52238805970149,16.397180762852404,23.17578772802653,402,2020-02,Madrid
3273.0,14.0,19.379844961240305,62.015503875968996,19.961240310077518,19.612403100775193,86,2020-02,Murcia
3273.0,15.0,19.444444444444443,43.65079365079365,37.103174603174594,26.507936507936506,42,2020-02,Navarra
3273.0,16.0,19.29223744292237,49.77168949771689,21.46118721461187,20.15981735159817,146,2020-02,País Vasco
3273.0,17.0,26.666666666666664,40.0,14.583333333333332,21.833333333333332,20,2020-02,La Rioja
3277.0,1.0,22.54901960784314,53.462009803921575,22.717524509803923,22.616421568627448,544,2020-03,Andalucía
3277.0,2.0,25.882352941176478,54.31372549019609,18.43137254901961,22.901960784313726,85,2020-03,Aragón
3277.0,3.0,24.54954954954955,48.64864864864866,17.905405405405403,21.891891891891888,74,2020-03,Asturias
3277.0,4.0,23.77049180327869,48.63387978142076,37.295081967213115,29.180327868852462,61,2020-03,Baleares
3277.0,5.0,24.525745257452577,52.57452574525744,19.57994579945799,22.547425474254744,123,2020-03,Canarias
3277.0,6.0,31.666666666666664,42.083333333333336,14.166666666666668,24.666666666666664,40,2020-03,Cantabria
3277.0,7.0,25.563909774436098,48.24561403508773,19.047619047619055,22.95739348370928,133,2020-03,Castilla-La Mancha
3277.0,8.0,21.696252465483234,51.08481262327416,21.055226824457595,21.439842209072978,169,2020-03,Castilla y León
3277.0,9.0,22.743013772061236,42.72406550682817,17.682442259000698,20.718785166837023,1409,2020-03,Cataluña
3277.0,10.0,20.930232558139537,52.04872646733112,14.479512735326692,18.349944629014395,301,2020-03,C. Valenciana
3277.0,11.0,15.753424657534243,56.84931506849316,16.210045662100455,15.936073059360728,73,2020-03,Extremadura
3277.0,12.0,19.32989690721649,57.56013745704466,22.637457044673532,20.65292096219931,194,2020-03,Galicia
3277.0,13.0,24.93765586034913,47.630922693266825,17.871986699916878,22.111388196176225,401,2020-03,Madrid
3277.0,14.0,22.489959839357414,51.60642570281124,28.112449799196778,24.73895582329316,83,2020-03,Murcia
3277.0,15.0,21.428571428571434,49.20634920634921,18.84920634920635,20.396825396825395,42,2020-03,Navarra
3277.0,16.0,14.977477477477475,49.88738738738738,15.82207207207207,15.315315315315312,148,2020-03,País Vasco
3277.0,17.0,15.07936507936508,42.06349206349207,15.476190476190478,15.23809523809524,21,2020-03,La Rioja
3279.0,1.0,18.44036697247706,33.76146788990825,12.140672782874617,15.920489296636084,545,2020-04,Andalucía
3279.0,2.0,25.438596491228072,25.6578947368421,17.982456140350877,22.456140350877195,76,2020-04,Aragón
3279.0,3.0,15.765765765765767,36.48648648648648,8.333333333333332,12.79279279279279,74,2020-04,Asturias
3279.0,4.0,15.885416666666664,33.59375,12.760416666666666,14.635416666666664,64,2020-04,Baleares
3279.0,5.0,17.27053140096618,34.05797101449275,12.198067632850242,15.241545893719804,138,2020-04,Canarias
3279.0,6.0,21.666666666666664,34.58333333333333,7.5,16.0,40,2020-04,Cantabria
3279.0,7.0,16.165413533834588,33.08270676691728,7.142857142857143,12.556390977443609,133,2020-04,Castilla-La Mancha
3279.0,8.0,19.397363465160073,33.9924670433145,13.27683615819209,16.949152542372882,177,2020-04,Castilla y León
3279.0,9.0,22.101449275362317,29.891304347826082,10.72463768115942,17.55072463768116,460,2020-04,Cataluña
3279.0,10.0,18.267108167770417,30.29801324503311,9.87858719646799,14.911699779249448,302,2020-04,C. Valenciana
3279.0,11.0,17.333333333333332,33.111111111111114,15.777777777777773,16.71111111111111,75,2020-04,Extremadura
3279.0,12.0,18.290598290598293,34.87179487179487,10.512820512820513,15.179487179487179,195,2020-04,Galicia
3279.0,13.0,19.69330104923325,30.831315577078286,11.05730427764326,16.238902340597253,413,2020-04,Madrid
3279.0,14.0,20.0,37.64705882352941,7.450980392156862,14.980392156862747,85,2020-04,Murcia
3279.0,15.0,13.565891472868215,37.5968992248062,6.976744186046511,10.930232558139533,43,2020-04,Navarra
3279.0,16.0,17.897091722595075,33.557046979865774,10.06711409395973,14.765100671140939,149,2020-04,País Vasco
3279.0,17.0,20.634920634920633,29.365079365079364,15.079365079365077,18.41269841269841,21,2020-04,La Rioja
3281.0,1.0,20.27092404450895,36.64731494920174,12.48185776487663,17.15529753265602,689,2020-05,Andalucía
3281.0,2.0,24.285714285714292,36.19047619047618,13.49206349206349,19.968253968253972,105,2020-05,Aragón
3281.0,3.0,21.598639455782312,36.73469387755102,14.795918367346939,18.877551020408163,98,2020-05,Asturias
3281.0,4.0,17.063492063492063,35.714285714285715,10.912698412698413,14.603174603174605,84,2020-05,Baleares
3281.0,5.0,18.441814595660745,38.8560157790927,12.623274161735699,16.114398422090726,169,2020-05,Canarias
3281.0,6.0,24.468085106382976,31.205673758865245,8.865248226950353,18.22695035460993,47,2020-05,Cantabria
3281.0,7.0,22.662601626016258,31.80894308943089,11.991869918699186,18.39430894308943,164,2020-05,Castilla-La Mancha
3281.0,8.0,18.16143497757847,35.12705530642751,13.527653213751869,16.307922272047833,223,2020-05,Castilla y León
3281.0,9.0,20.833333333333332,32.16324200913242,10.131278538812785,16.552511415525114,584,2020-05,Cataluña
3281.0,10.0,21.611253196930946,32.566069906223355,11.67945439045183,17.638533674339303,391,2020-05,C. Valenciana
3281.0,11.0,16.666666666666668,38.775510204081634,10.544217687074829,14.217687074829934,98,2020-05,Extremadura
3281.0,12.0,23.278236914600544,36.29476584022038,12.741046831955922,19.063360881542703,242,2020-05,Galicia
3281.0,13.0,21.33204633204633,33.68725868725869,9.266409266409264,16.505791505791507,518,2020-05,Madrid
3281.0,14.0,20.030581039755347,35.62691131498471,10.091743119266052,16.05504587155963,109,2020-05,Murcia
3281.0,15.0,18.154761904761905,36.904761904761905,15.178571428571429,16.964285714285715,56,2020-05,Navarra
3281.0,16.0,17.025089605734763,39.157706093189965,13.530465949820787,15.627240143369175,186,2020-05,País Vasco
3281.0,17.0,20.51282051282051,36.53846153846153,18.589743589743588,19.74358974358974,26,2020-05,La Rioja
3283.0,1.0,20.255474452554747,30.04866180048662,14.476885644768856,17.944038929440392,548,2020-06,Andalucía
3283.0,2.0,21.17647058823529,31.372549019607842,12.352941176470587,17.647058823529417,85,2020-06,Aragón
3283.0,3.0,17.099567099567096,37.012987012987004,11.038961038961034,14.675324675324672,77,2020-06,Asturias
3283.0,4.0,20.28985507246377,30.19323671497585,21.256038647342994,20.676328502415465,69,2020-06,Baleares
3283.0,5.0,20.740740740740733,31.481481481481474,14.567901234567897,18.2716049382716,135,2020-06,Canarias
3283.0,6.0,17.5,34.16666666666667,22.083333333333336,19.333333333333332,40,2020-06,Cantabria
3283.0,7.0,22.99270072992701,32.72506082725061,18.734793187347933,21.28953771289538,137,2020-06,Castilla-La Mancha
3283.0,8.0,23.98843930635839,29.094412331406556,17.148362235067438,21.252408477842007,173,2020-06,Castilla y León
3283.0,9.0,22.281449893390192,30.135039090262975,13.53944562899787,18.784648187633262,469,2020-06,Cataluña
3283.0,10.0,19.29260450160772,31.56484458735263,12.218649517684888,16.463022508038588,311,2020-06,C. Valenciana
3283.0,11.0,18.859649122807014,28.508771929824558,15.131578947368418,17.368421052631575,76,2020-06,Extremadura
3283.0,12.0,21.072319201995015,31.69160432252702,15.606816292601827,18.886118038237736,802,2020-06,Galicia
3283.0,13.0,22.800645682001615,31.920903954802267,13.64003228410008,19.136400322841002,413,2020-06,Madrid
3283.0,14.0,17.248062015503873,26.162790697674414,17.441860465116275,17.325581395348834,86,2020-06,Murcia
3283.0,15.0,16.66666666666667,32.24637681159421,11.231884057971017,14.49275362318841,46,2020-06,Navarra
3283.0,16.0,18.155935173017962,33.727551467367505,17.520805957074025,17.901883486640386,761,2020-06,País Vasco
3283.0,17.0,20.833333333333325,28.333333333333318,25.83333333333333,22.83333333333333,20,2020-06,La Rioja
3288.0,1.0,12.643678160919539,32.72837265577738,15.245009074410163,13.68421052631579,551,2020-07,Andalucía
3288.0,2.0,12.359550561797754,26.779026217228463,17.41573033707865,14.38202247191011,89,2020-07,Aragón
3288.0,3.0,7.87037037037037,38.19444444444444,17.59259259259259,11.759259259259258,72,2020-07,Asturias
3288.0,4.0,17.142857142857142,28.09523809523809,17.619047619047617,17.333333333333332,70,2020-07,Baleares
3288.0,5.0,11.642156862745098,30.26960784313725,15.808823529411764,13.308823529411764,136,2020-07,Canarias
3288.0,6.0,13.565891472868215,32.17054263565891,15.503875968992249,14.341085271317832,43,2020-07,Cantabria
3288.0,7.0,7.268170426065162,30.95238095238095,13.157894736842104,9.62406015037594,133,2020-07,Castilla-La Mancha
3288.0,8.0,12.865497076023392,33.62573099415204,16.86159844054581,14.463937621832358,171,2020-07,Castilla y León
3288.0,9.0,17.849462365591396,29.498207885304662,16.523297491039425,17.31899641577061,465,2020-07,Cataluña
3288.0,10.0,14.737406216505894,28.349410503751344,16.18435155412647,15.316184351554123,311,2020-07,C. Valenciana
3288.0,11.0,12.719298245614034,32.23684210526316,14.473684210526315,13.421052631578945,76,2020-07,Extremadura
3288.0,12.0,10.204081632653061,34.26870748299319,16.581632653061224,12.755102040816327,196,2020-07,Galicia
3288.0,13.0,13.680387409200968,29.620661824051655,13.962873284907182,13.793381759483452,413,2020-07,Madrid
3288.0,14.0,10.515873015873016,28.968253968253965,14.484126984126982,12.103174603174603,84,2020-07,Murcia
3288.0,15.0,13.821138211382113,26.829268292682926,17.479674796747968,15.284552845528454,41,2020-07,Navarra
3288.0,16.0,12.333333333333332,35.22222222222222,12.444444444444443,12.377777777777776,150,2020-07,País Vasco
3288.0,17.0,14.285714285714286,23.80952380952381,23.80952380952381,18.095238095238095,21,2020-07,La Rioja
3292.0,1.0,26.433522369250156,29.5526149968494,18.714555765595463,23.34593572778828,529,2020-09,Andalucía
3292.0,2.0,32.01754385964912,28.947368421052627,19.517543859649123,27.01754385964912,76,2020-09,Aragón
3292.0,3.0,31.756756756756758,25.9009009009009,22.747747747747745,28.15315315315315,74,2020-09,Asturias
3292.0,4.0,26.149425287356323,27.01149425287356,21.839080459770113,24.425287356321835,58,2020-09,Baleares
3292.0,5.0,25.130208333333332,29.6875,21.09375,23.515625,128,2020-09,Canarias
3292.0,6.0,31.666666666666664,26.666666666666664,21.25,27.5,40,2020-09,Cantabria
3292.0,7.0,26.098191214470283,30.361757105943152,16.020671834625322,22.0671834625323,129,2020-09,Castilla-La Mancha
3292.0,8.0,29.684418145956602,29.980276134122285,18.63905325443787,25.266272189349113,169,2020-09,Castilla y León
3292.0,9.0,27.9269202087994,25.838926174496645,18.344519015659955,24.093959731543624,447,2020-09,Cataluña
3292.0,10.0,25.653594771241828,26.68845315904139,18.137254901960784,22.647058823529413,306,2020-09,C. Valenciana
3292.0,11.0,22.142857142857142,33.80952380952382,28.09523809523809,24.523809523809522,70,2020-09,Extremadura
3292.0,12.0,25.79787234042553,34.13120567375886,19.94680851063829,23.45744680851064,188,2020-09,Galicia
3292.0,13.0,27.587612061939687,27.057864710676444,15.892420537897308,22.90953545232274,409,2020-09,Madrid
3292.0,14.0,26.356589147286815,27.713178294573645,20.348837209302324,23.953488372093023,86,2020-09,Murcia
3292.0,15.0,24.561403508771928,34.649122807017534,17.543859649122805,21.754385964912277,38,2020-09,Navarra
3292.0,16.0,27.821522309711288,29.79002624671916,19.028871391076116,24.304461942257216,127,2020-09,País Vasco
3292.0,17.0,35.833333333333336,34.16666666666667,18.333333333333332,28.833333333333332,20,2020-09,La Rioja
3296.0,1.0,23.91713747645951,32.674199623352166,20.213433772755803,22.43565599497803,531,2020-10,Andalucía
3296.0,2.0,35.56910569105691,22.154471544715445,22.35772357723577,30.284552845528456,82,2020-10,Aragón
3296.0,3.0,19.444444444444443,33.79629629629629,20.138888888888886,19.72222222222222,72,2020-10,Asturias
3296.0,4.0,20.0,27.17948717948718,20.256410256410255,20.1025641025641,65,2020-10,Baleares
3296.0,5.0,21.56084656084656,29.100529100529098,22.22222222222222,21.825396825396826,126,2020-10,Canarias
3296.0,6.0,23.423423423423422,37.38738738738738,14.864864864864865,20.0,37,2020-10,Cantabria
3296.0,7.0,22.739018087855296,31.13695090439276,20.671834625322997,21.912144702842376,129,2020-10,Castilla-La Mancha
3296.0,8.0,23.767258382642996,28.500986193293887,22.090729783037474,23.09664694280079,169,2020-10,Castilla y León
3296.0,9.0,23.026315789473685,29.64181286549708,19.700292397660817,21.695906432748536,456,2020-10,Cataluña
3296.0,10.0,25.6921373200443,25.138427464008856,19.71207087486157,23.300110741971206,301,2020-10,C. Valenciana
3296.0,11.0,24.39613526570048,28.743961352657003,26.086956521739125,25.07246376811594,69,2020-10,Extremadura
3296.0,12.0,16.754850088183417,34.5679012345679,18.606701940035272,17.49559082892416,189,2020-10,Galicia
3296.0,13.0,24.422442244224424,29.62046204620462,15.429042904290426,20.825082508250826,404,2020-10,Madrid
3296.0,14.0,23.611111111111114,25.595238095238102,24.00793650793651,23.769841269841272,84,2020-10,Murcia
3296.0,15.0,23.75,31.25,20.416666666666664,22.416666666666664,40,2020-10,Navarra
3296.0,16.0,21.794871794871796,32.51748251748252,21.56177156177156,21.7016317016317,143,2020-10,País Vasco
3296.0,17.0,17.5,24.999999999999996,29.999999999999993,22.5,20,2020-10,La Rioja
3300.0,1.0,19.534735500318675,29.859783301465907,22.94455066921606,20.89866156787763,523,2020-11,Andalucía
3300.0,2.0,21.81069958847736,25.308641975308632,20.164609053497937,21.152263374485592,81,2020-11,Aragón
3300.0,3.0,24.52380952380952,31.428571428571416,16.904761904761898,21.476190476190467,70,2020-11,Asturias
3300.0,4.0,22.135416666666668,30.46875,16.927083333333332,20.052083333333332,64,2020-11,Baleares
3300.0,5.0,20.15503875968992,35.78811369509043,20.542635658914726,20.310077519379842,129,2020-11,Canarias
3300.0,6.0,27.916666666666668,25.833333333333332,13.749999999999998,22.25,40,2020-11,Cantabria
3300.0,7.0,20.572916666666664,29.42708333333333,25.390624999999996,22.5,128,2020-11,Castilla-La Mancha
3300.0,8.0,24.64212678936606,26.687116564417185,19.938650306748468,22.76073619631902,163,2020-11,Castilla y León
3300.0,9.0,19.805180175962317,29.945711084026048,17.405555471385735,18.84533029413168,1416,2020-11,Cataluña
3300.0,10.0,22.356321839080465,26.609195402298855,18.5632183908046,20.839080459770116,290,2020-11,C. Valenciana
3300.0,11.0,18.571428571428577,31.1904761904762,29.04761904761905,22.76190476190477,70,2020-11,Extremadura
3300.0,12.0,18.761384335154833,33.42440801457195,16.66666666666667,17.923497267759565,183,2020-11,Galicia
3300.0,13.0,25.20627062706271,29.744224422442244,17.533003300330034,22.136963696369637,404,2020-11,Madrid
3300.0,14.0,25.882352941176467,24.901960784313722,19.999999999999996,23.529411764705877,85,2020-11,Murcia
3300.0,15.0,21.367521367521366,30.769230769230777,26.495726495726494,23.418803418803414,39,2020-11,Navarra
3300.0,16.0,18.452380952380953,28.452380952380953,19.64285714285714,18.928571428571423,140,2020-11,País Vasco
3300.0,17.0,20.175438596491233,28.0701754385965,13.157894736842108,17.368421052631582,19,2020-11,La Rioja
3303.0,1.0,25.757575757575758,33.978078658929725,19.793681495809157,23.372018052869123,517,2020-12,Andalucía
3303.0,2.0,21.39917695473251,31.89300411522634,21.39917695473251,21.39917695473251,81,2020-12,Aragón
3303.0,3.0,24.761904761904766,29.28571428571429,19.523809523809522,22.666666666666664,70,2020-12,Asturias
3303.0,4.0,22.13541666666667,28.906250000000007,21.614583333333336,21.927083333333336,64,2020-12,Baleares
3303.0,5.0,18.974358974358974,28.846153846153847,19.999999999999996,19.384615384615387,130,2020-12,Canarias
3303.0,6.0,17.52136752136752,34.61538461538461,22.649572649572644,19.572649572649567,39,2020-12,Cantabria
3303.0,7.0,25.65104166666666,29.557291666666657,19.010416666666664,22.99479166666666,128,2020-12,Castilla-La Mancha
3303.0,8.0,23.293172690763058,30.622489959839367,19.67871485943775,21.847389558232933,166,2020-12,Castilla y León
3303.0,9.0,21.437045508706756,31.970135846637568,17.563311266112237,19.88755181166895,1384,2020-12,Cataluña
3303.0,10.0,24.022988505747126,31.781609195402304,18.5632183908046,21.839080459770116,290,2020-12,C. Valenciana
3303.0,11.0,23.611111111111107,32.175925925925924,22.453703703703702,23.148148148148145,72,2020-12,Extremadura
3303.0,12.0,18.60670194003527,33.245149911816576,18.342151675485006,18.500881834215164,189,2020-12,Galicia
3303.0,13.0,25.020781379883623,31.92019950124688,17.33167082294264,21.94513715710723,401,2020-12,Madrid
3303.0,14.0,29.47154471544716,26.219512195121958,17.073170731707318,24.512195121951223,82,2020-12,Murcia
3303.0,15.0,17.982456140350877,29.824561403508774,16.666666666666668,17.45614035087719,38,2020-12,Navarra
3303.0,16.0,20.77294685990339,32.48792270531401,18.719806763285025,19.95169082125604,138,2020-12,País Vasco
3303.0,17.0,18.518518518518515,34.25925925925926,18.51851851851852,18.51851851851852,18,2020-12,La Rioja
3307.0,1.0,19.906033630069235,30.19287833827893,20.697329376854597,20.222551928783382,674,2021-01,Andalucía
3307.0,2.0,19.217687074829932,29.76190476190477,16.666666666666668,18.19727891156463,98,2021-01,Aragón
3307.0,3.0,20.035460992907794,35.2836879432624,15.425531914893615,18.19148936170212,94,2021-01,Asturias
3307.0,4.0,14.115646258503396,29.761904761904752,17.176870748299308,15.340136054421766,98,2021-01,Baleares
3307.0,5.0,19.427402862985684,31.697341513292432,20.34764826175869,19.79550102249489,163,2021-01,Canarias
3307.0,6.0,20.83333333333334,26.762820512820518,25.961538461538467,22.88461538461539,104,2021-01,Cantabria
3307.0,7.0,18.787878787878785,26.767676767676768,20.2020202020202,19.353535353535353,165,2021-01,Castilla-La Mancha
3307.0,8.0,17.910447761194032,29.104477611940304,19.485903814262024,18.540630182421232,201,2021-01,Castilla y León
3307.0,9.0,19.148936170212767,30.17139479905438,18.498817966903072,18.88888888888889,564,2021-01,Cataluña
3307.0,10.0,20.454545454545457,29.812834224598934,15.19607843137255,18.351158645276296,374,2021-01,C. Valenciana
3307.0,11.0,14.285714285714285,29.761904761904756,23.979591836734695,18.163265306122444,98,2021-01,Extremadura
3307.0,12.0,18.47826086956521,30.869565217391305,18.550724637681153,18.507246376811594,230,2021-01,Galicia
3307.0,13.0,21.850393700787404,30.938320209973757,18.2742782152231,20.419947506561684,508,2021-01,Madrid
3307.0,14.0,21.100917431192666,26.911314984709485,19.41896024464832,20.428134556574932,109,2021-01,Murcia
3307.0,15.0,24.15730337078651,24.531835205992504,15.35580524344569,20.636704119850183,89,2021-01,Navarra
3307.0,16.0,17.50465549348231,29.23649906890131,18.715083798882684,17.98882681564246,179,2021-01,País Vasco
3307.0,17.0,20.999999999999993,28.333333333333325,18.16666666666666,19.86666666666666,100,2021-01,La Rioja
3309.0,1.0,20.74626865671642,30.970149253731346,22.064676616915428,21.273631840796025,670,2021-02,Andalucía
3309.0,2.0,23.26732673267327,31.518151815181522,21.369636963696372,22.508250825082513,101,2021-02,Aragón
3309.0,3.0,20.068027210884356,32.312925170068034,30.35714285714286,24.18367346938776,98,2021-02,Asturias
3309.0,4.0,20.833333333333343,27.53623188405798,21.739130434782613,21.19565217391305,92,2021-02,Baleares
3309.0,5.0,21.341463414634138,31.808943089430883,22.66260162601625,21.869918699186982,164,2021-02,Canarias
3309.0,6.0,19.966996699669963,31.683168316831683,22.52475247524752,20.990099009900987,101,2021-02,Cantabria
3309.0,7.0,23.523206751054854,29.32489451476793,29.799578059071724,26.033755274261605,158,2021-02,Castilla-La Mancha
3309.0,8.0,18.608414239482197,32.28155339805824,22.694174757281548,20.242718446601938,206,2021-02,Castilla y León
3309.0,9.0,19.051878354203936,28.71198568872987,19.752534287418005,19.332140727489563,559,2021-02,Cataluña
3309.0,10.0,21.000893655049154,28.68632707774799,19.03485254691689,20.214477211796247,373,2021-02,C. Valenciana
3309.0,11.0,21.18055555555556,30.90277777777778,21.440972222222225,21.28472222222223,96,2021-02,Extremadura
3309.0,12.0,25.73221757322175,29.567642956764285,20.7112970711297,23.723849372384926,239,2021-02,Galicia
3309.0,13.0,23.841698841698843,29.18275418275419,20.318532818532823,22.43243243243244,518,2021-02,Madrid
3309.0,14.0,22.327044025157235,26.41509433962264,19.88993710691824,21.352201257861637,106,2021-02,Murcia
3309.0,15.0,26.73611111111111,29.166666666666668,21.875000000000004,24.791666666666664,96,2021-02,Navarra
3309.0,16.0,15.921787709497211,29.702048417132218,21.88081936685289,18.305400372439486,179,2021-02,País Vasco
3309.0,17.0,20.446735395189002,29.037800687285216,22.852233676975946,21.40893470790378,97,2021-02,La Rioja
3313.0,1.0,20.439780109945026,30.459770114942526,22.37631184407796,21.2143928035982,667,2021-03,Andalucía
3313.0,2.0,11.488673139158582,37.37864077669905,23.624595469255674,16.34304207119742,103,2021-03,Aragón
3313.0,3.0,11.879432624113473,33.33333333333332,26.15248226950354,17.588652482269502,94,2021-03,Asturias
3313.0,4.0,21.938775510204078,27.040816326530607,22.53401360544217,22.176870748299315,98,2021-03,Baleares
3313.0,5.0,19.89583333333333,30.83333333333333,18.75,19.437499999999996,160,2021-03,Canarias
3313.0,6.0,18.44660194174758,30.744336569579307,28.23624595469257,22.362459546925574,103,2021-03,Cantabria
3313.0,7.0,19.19831223628692,34.70464135021097,23.628691983122366,20.9704641350211,158,2021-03,Castilla-La Mancha
3313.0,8.0,16.83848797250859,34.36426116838488,22.121993127147764,18.95189003436426,194,2021-03,Castilla y León
3313.0,9.0,19.68053044002411,29.44544906570223,21.081977094635324,20.241109101868595,553,2021-03,Cataluña
3313.0,10.0,18.57402361489555,29.564032697547685,22.36603088101726,20.090826521344233,367,2021-03,C. Valenciana
3313.0,11.0,14.67391304347826,35.14492753623188,19.655797101449277,16.666666666666664,92,2021-03,Extremadura
3313.0,12.0,18.005952380952387,28.94345238095239,23.735119047619055,20.29761904761905,224,2021-03,Galicia
3313.0,13.0,21.757457846952008,31.87418936446173,19.698443579766533,20.933852140077814,514,2021-03,Madrid
3313.0,14.0,22.429906542056074,27.41433021806853,21.417445482866043,22.02492211838006,107,2021-03,Murcia
3313.0,15.0,17.35395189003436,28.006872852233673,29.123711340206185,22.061855670103096,97,2021-03,Navarra
3313.0,16.0,16.854990583804142,34.18079096045197,26.224105461393595,20.602636534839927,177,2021-03,País Vasco
3313.0,17.0,18.63799283154121,29.569892473118266,27.68817204301074,22.258064516129025,93,2021-03,La Rioja
3318.0,1.0,17.50245821042281,35.71779744346116,21.81661750245821,19.22812192723697,678,2021-04,Andalucía
3318.0,2.0,16.83673469387755,36.734693877551024,18.282312925170064,17.414965986394556,98,2021-04,Aragón
3318.0,3.0,15.833333333333334,34.333333333333336,23.749999999999996,19.0,100,2021-04,Asturias
3318.0,4.0,12.280701754385964,40.70175438596492,16.491228070175435,13.964912280701753,95,2021-04,Baleares
3318.0,5.0,12.242798353909464,37.24279835390947,22.582304526748974,16.378600823045268,162,2021-04,Canarias
3318.0,6.0,19.243986254295535,39.175257731958766,19.673539518900345,19.41580756013746,97,2021-04,Cantabria
3318.0,7.0,20.000000000000004,31.145833333333332,22.916666666666664,21.166666666666668,160,2021-04,Castilla-La Mancha
3318.0,8.0,16.412859560067687,35.53299492385786,29.441624365482237,21.624365482233507,197,2021-04,Castilla y León
3318.0,9.0,16.518912529550825,36.99763593380615,21.42434988179669,18.481087470449175,564,2021-04,Cataluña
3318.0,10.0,17.4931129476584,34.80257116620752,20.156106519742877,18.55831037649219,363,2021-04,C. Valenciana
3318.0,11.0,19.999999999999982,35.26315789473682,25.438596491228054,22.175438596491208,95,2021-04,Extremadura
3318.0,12.0,15.48672566371682,38.56932153392332,21.42330383480827,17.8613569321534,226,2021-04,Galicia
3318.0,13.0,17.155903457273315,33.75733855185908,18.101761252446174,17.534246575342458,511,2021-04,Madrid
3318.0,14.0,20.993589743589737,32.53205128205128,17.948717948717945,19.775641025641022,104,2021-04,Murcia
3318.0,15.0,15.29209621993127,36.94158075601376,24.570446735395187,19.00343642611684,97,2021-04,Navarra
3318.0,16.0,15.15151515151515,34.18560606060606,19.176136363636363,16.761363636363633,176,2021-04,País Vasco
3318.0,17.0,13.2034632034632,36.796536796536785,19.913419913419904,15.887445887445882,77,2021-04,La Rioja
3322.0,1.0,17.706785537394754,36.55274888558694,22.164437840515113,19.489846458642898,673,2021-05,Andalucía
3322.0,2.0,19.27083333333333,32.465277777777764,25.694444444444436,21.84027777777777,96,2021-05,Aragón
3322.0,3.0,16.49831649831649,40.740740740740726,20.622895622895616,18.14814814814814,99,2021-05,Asturias
3322.0,4.0,16.84782608695653,38.94927536231885,19.746376811594214,18.0072463768116,92,2021-05,Baleares
3322.0,5.0,10.654008438818563,37.23628691983121,24.525316455696192,16.202531645569614,158,2021-05,Canarias
3322.0,6.0,17.01754385964912,30.70175438596491,21.491228070175435,18.807017543859644,95,2021-05,Cantabria
3322.0,7.0,15.59139784946237,44.08602150537636,21.774193548387096,18.064516129032263,155,2021-05,Castilla-La Mancha
3322.0,8.0,17.739273927392734,36.88118811881188,20.62706270627062,18.89438943894389,202,2021-05,Castilla y León
3322.0,9.0,16.041666666666664,37.023809523809526,21.904761904761905,18.386904761904763,560,2021-05,Cataluña
3322.0,10.0,18.077601410934747,36.37566137566138,19.554673721340386,18.668430335097,378,2021-05,C. Valenciana
3322.0,11.0,15.567765567765566,40.476190476190474,24.358974358974354,19.08424908424908,91,2021-05,Extremadura
3322.0,12.0,16.441441441441444,38.58858858858859,21.246246246246244,18.363363363363366,222,2021-05,Galicia
3322.0,13.0,18.395303326810172,36.5296803652968,17.416829745596868,18.00391389432485,511,2021-05,Madrid
3322.0,14.0,21.14197530864197,30.55555555555555,19.830246913580236,20.617283950617278,108,2021-05,Murcia
3322.0,15.0,16.3157894736842,37.192982456140335,19.99999999999999,17.789473684210517,95,2021-05,Navarra
3322.0,16.0,16.01123595505618,39.60674157303371,20.92696629213483,17.97752808988764,178,2021-05,País Vasco
3322.0,17.0,16.85823754789272,40.80459770114942,19.73180076628352,18.007662835249036,87,2021-05,La Rioja
3326.0,1.0,17.828882294757662,36.42433234421363,20.536597428288815,18.91196834817012,674,2021-06,Andalucía
3326.0,2.0,16.336633663366335,37.95379537953795,20.462046204620464,17.986798679867988,101,2021-06,Aragón
3326.0,3.0,15.370370370370365,40.18518518518517,21.851851851851848,17.962962962962955,90,2021-06,Asturias
3326.0,4.0,20.289855072463762,33.15217391304348,22.916666666666664,21.340579710144926,92,2021-06,Baleares
3326.0,5.0,15.069860279441114,32.43512974051895,22.255489021956084,17.9441117764471,167,2021-06,Canarias
3326.0,6.0,19.565217391304344,38.224637681159415,18.1159420289855,18.985507246376805,92,2021-06,Cantabria
3326.0,7.0,20.833333333333336,33.85416666666667,20.520833333333336,20.708333333333336,160,2021-06,Castilla-La Mancha
3326.0,8.0,17.611683848797256,34.364261168384886,22.508591065292105,19.57044673539519,194,2021-06,Castilla y León
3326.0,9.0,17.107583774250436,36.890064667842445,19.914756025867135,18.23045267489712,567,2021-06,Cataluña
3326.0,10.0,19.91758241758242,35.62271062271063,18.97893772893773,19.54212454212454,364,2021-06,C. Valenciana
3326.0,11.0,14.912280701754392,36.31578947368423,24.298245614035096,18.66666666666668,95,2021-06,Extremadura
3326.0,12.0,17.521367521367516,36.89458689458688,17.058404558404554,17.33618233618233,234,2021-06,Galicia
3326.0,13.0,21.574440052700922,36.7588932806324,16.469038208168637,19.532279314888005,506,2021-06,Madrid
3326.0,14.0,17.283950617283946,32.253086419753075,20.524691358024683,18.58024691358024,108,2021-06,Murcia
3326.0,15.0,17.96296296296296,34.44444444444444,21.203703703703702,19.259259259259256,90,2021-06,Navarra
3326.0,16.0,18.26741996233521,38.41807909604519,20.71563088512241,19.24670433145009,177,2021-06,País Vasco
3326.0,17.0,16.867469879518072,37.148594377510044,20.481927710843376,18.313253012048193,83,2021-06,La Rioja
3330.0,1.0,18.781855249745156,34.42915392456677,22.196738022426096,20.14780835881754,654,2021-07,Andalucía
3330.0,2.0,20.312499999999993,30.03472222222221,20.572916666666657,20.416666666666664,96,2021-07,Aragón
3330.0,3.0,14.00709219858156,39.8936170212766,20.921985815602834,16.773049645390067,94,2021-07,Asturias
3330.0,4.0,19.713261648745522,32.07885304659499,21.057347670250895,20.25089605734767,93,2021-07,Baleares
3330.0,5.0,18.072289156626507,32.429718875502004,22.690763052208833,19.919678714859433,166,2021-07,Canarias
3330.0,6.0,18.367346938775512,33.67346938775511,21.85374149659864,19.761904761904766,98,2021-07,Cantabria
3330.0,7.0,19.63906581740977,35.45647558386412,18.73673036093418,19.278131634819538,157,2021-07,Castilla-La Mancha
3330.0,8.0,18.94736842105263,33.68421052631579,23.596491228070178,20.807017543859647,190,2021-07,Castilla y León
3330.0,9.0,17.603983596953718,33.42120679554774,20.357352079671934,18.705330990041006,569,2021-07,Cataluña
3330.0,10.0,17.822222222222223,31.733333333333334,22.22222222222222,19.582222222222224,375,2021-07,C. Valenciana
3330.0,11.0,16.304347826086953,38.586956521739125,29.166666666666657,21.449275362318833,92,2021-07,Extremadura
3330.0,12.0,15.265486725663717,33.99705014749263,20.09587020648967,17.197640117994098,226,2021-07,Galicia
3330.0,13.0,19.842829076620824,36.411263916175514,16.863130320890637,18.650949574328745,509,2021-07,Madrid
3330.0,14.0,16.98412698412698,36.03174603174602,26.74603174603174,20.888888888888882,105,2021-07,Murcia
3330.0,15.0,16.14583333333334,37.50000000000001,24.913194444444454,19.65277777777778,96,2021-07,Navarra
3330.0,16.0,17.783985102420854,37.523277467411546,20.15828677839851,18.733705772811916,179,2021-07,País Vasco
3330.0,17.0,21.0970464135021,37.13080168776371,24.36708860759493,22.40506329113924,79,2021-07,La Rioja
3334.0,1.0,19.46138211382114,39.40548780487805,21.836890243902438,20.41158536585366,656,2021-09,Andalucía
3334.0,2.0,19.217687074829936,38.26530612244899,20.238095238095244,19.625850340136058,98,2021-09,Aragón
3334.0,3.0,21.684587813620062,32.974910394265216,22.939068100358416,22.186379928315404,93,2021-09,Asturias
3334.0,4.0,15.567765567765566,34.61538461538461,25.36630036630036,19.487179487179485,91,2021-09,Baleares
3334.0,5.0,17.72151898734177,37.65822784810127,19.672995780590718,18.502109704641352,158,2021-09,Canarias
3334.0,6.0,22.105263157894726,37.71929824561401,18.94736842105262,20.84210526315788,95,2021-09,Cantabria
3334.0,7.0,18.9873417721519,37.447257383966246,20.938818565400847,19.767932489451482,158,2021-09,Castilla-La Mancha
3334.0,8.0,17.74461028192372,36.235489220563856,21.144278606965177,19.104477611940304,201,2021-09,Castilla y León
3334.0,9.0,18.64716636197441,34.856794637416215,19.180377818403414,18.86045094454601,547,2021-09,Cataluña
3334.0,10.0,19.451931716082665,38.0952380952381,20.822102425876015,20.0,371,2021-09,C. Valenciana
3334.0,11.0,12.310606060606064,39.96212121212122,20.928030303030305,15.757575757575761,88,2021-09,Extremadura
3334.0,12.0,17.163120567375888,38.58156028368794,20.780141843971634,18.609929078014186,235,2021-09,Galicia
3334.0,13.0,19.389110225763613,38.379814077025245,16.16865869853918,18.10092961487384,502,2021-09,Madrid
3334.0,14.0,19.391025641025642,29.967948717948715,21.794871794871792,20.352564102564106,104,2021-09,Murcia
3334.0,15.0,17.907801418439718,40.425531914893625,18.79432624113475,18.262411347517734,94,2021-09,Navarra
3334.0,16.0,14.764492753623191,36.77536231884059,19.65579710144928,16.72101449275363,184,2021-09,País Vasco
3334.0,17.0,18.75,36.36363636363637,23.39015151515152,20.606060606060606,88,2021-09,La Rioja
3337.0,1.0,19.99052019594233,42.87362636769229,17.309032101270365,18.917924958073545,623,2021-10,Andalucía
3337.0,2.0,17.831855207514,37.19339543224972,13.773753274725168,16.208614434398466,98,2021-10,Aragón
3337.0,3.0,15.34079574008706,44.89540510417411,18.682285926653613,16.67739181471368,89,2021-10,Asturias
3337.0,4.0,15.878187062013446,38.13300401472683,20.208082284426844,17.610145150978806,82,2021-10,Baleares
3337.0,5.0,18.31400971974071,40.34902932747464,15.815401364576724,17.314566377675117,157,2021-10,Canarias
3337.0,6.0,17.916978818225882,34.889953087345916,19.405887803566323,18.51254241236206,93,2021-10,Cantabria
3337.0,7.0,19.24559497618203,42.015800255761,18.260563694320425,18.851582463437385,144,2021-10,Castilla-La Mancha
3337.0,8.0,18.74714011024584,41.375550462405954,15.98152587331793,17.640894415474673,188,2021-10,Castilla y León
3337.0,9.0,19.33319889322049,36.524343366217025,17.570812598961865,18.62824437551704,483,2021-10,Cataluña
3337.0,10.0,19.508762992665154,38.60560557360131,15.376742556844652,17.855954818336954,335,2021-10,C. Valenciana
3337.0,11.0,17.23098233467612,39.224704790945474,19.496150594576346,18.13704963863621,85,2021-10,Extremadura
3337.0,12.0,14.038477039699771,44.60117247924313,19.190022471086614,16.099095212254507,211,2021-10,Galicia
3337.0,13.0,18.124891924461924,40.921132586640994,16.947169181196294,17.65380282715567,475,2021-10,Madrid
3337.0,14.0,19.17121106610003,42.184105108099324,15.035359895288432,17.51687059777539,104,2021-10,Murcia
3337.0,15.0,14.77174469529138,40.93784057886486,24.343573258614068,18.600476120620456,91,2021-10,Navarra
3337.0,16.0,16.88613434987875,38.58490894025564,18.35226290178646,17.47258577064183,308,2021-10,País Vasco
3337.0,17.0,17.66154486701366,38.01485489632089,17.41133229284942,17.561459837347964,82,2021-10,La Rioja
3340.0,1.0,19.21443736730361,43.20594479830149,18.458067940552016,18.911889596602972,628,2021-11,Andalucía
3340.0,2.0,20.10309278350515,37.28522336769758,15.46391752577319,18.247422680412367,97,2021-11,Aragón
3340.0,3.0,12.626262626262626,44.94949494949494,24.158249158249156,17.23905723905724,99,2021-11,Asturias
3340.0,4.0,17.562724014336915,41.03942652329747,15.32258064516129,16.666666666666664,93,2021-11,Baleares
3340.0,5.0,15.646258503401357,41.383219954648524,17.233560090702944,16.281179138321995,147,2021-11,Canarias
3340.0,6.0,21.505376344086017,33.87096774193549,20.07168458781362,20.93189964157706,93,2021-11,Cantabria
3340.0,7.0,24.016563146997928,34.57556935817805,18.167701863354036,21.677018633540374,161,2021-11,Castilla-La Mancha
3340.0,8.0,19.293924466338257,40.14778325123153,20.525451559934318,19.78653530377668,203,2021-11,Castilla y León
3340.0,9.0,17.286135693215336,38.70206489675516,17.669616519174042,17.439528023598818,565,2021-11,Cataluña
3340.0,10.0,18.614130434782606,39.13043478260869,20.01811594202898,19.175724637681153,368,2021-11,C. Valenciana
3340.0,11.0,19.157088122605373,37.164750957854416,19.63601532567051,19.348659003831425,87,2021-11,Extremadura
3340.0,12.0,16.878531073446325,39.548022598870055,16.9138418079096,16.892655367231633,236,2021-11,Galicia
3340.0,13.0,19.433593749999993,41.406249999999986,15.836588541666659,17.994791666666654,512,2021-11,Madrid
3340.0,14.0,20.093457943925237,37.85046728971963,12.227414330218068,16.947040498442366,107,2021-11,Murcia
3340.0,15.0,20.60931899641577,40.32258064516129,12.544802867383515,17.38351254480287,93,2021-11,Navarra
3340.0,16.0,14.444444444444445,42.77777777777778,16.89814814814815,15.42592592592593,180,2021-11,País Vasco
3340.0,17.0,14.96212121212121,39.58333333333332,24.14772727272726,18.636363636363633,88,2021-11,La Rioja
3344.0,1.0,16.614987080103365,37.46770025839794,16.757105943152457,16.671834625323,645,2021-12,Andalucía
3344.0,2.0,11.805555555555555,36.63194444444444,13.28125,12.395833333333334,96,2021-12,Aragón
3344.0,3.0,14.855072463768117,38.58695652173913,20.108695652173918,16.956521739130437,92,2021-12,Asturias
3344.0,4.0,19.298245614035086,27.894736842105264,16.578947368421055,18.210526315789476,95,2021-12,Baleares
3344.0,5.0,16.564417177914105,30.572597137014306,17.535787321063392,16.95296523517382,163,2021-12,Canarias
3344.0,6.0,15.370370370370367,37.777777777777764,16.57407407407407,15.85185185185185,90,2021-12,Cantabria
3344.0,7.0,18.437500000000004,35.520833333333336,18.697916666666668,18.541666666666668,160,2021-12,Castilla-La Mancha
3344.0,8.0,14.30976430976431,34.93265993265993,14.688552188552189,14.461279461279462,198,2021-12,Castilla y León
3344.0,9.0,17.571785268414484,31.30461922596755,16.510611735330837,17.147315855181024,534,2021-12,Cataluña
3344.0,10.0,18.621973929236493,32.72811918063314,15.595903165735564,17.411545623836123,358,2021-12,C. Valenciana
3344.0,11.0,16.66666666666667,37.275985663082444,13.440860215053762,15.376344086021506,93,2021-12,Extremadura
3344.0,12.0,17.173913043478258,36.88405797101447,15.398550724637676,16.463768115942024,230,2021-12,Galicia
3344.0,13.0,17.86874593892137,39.116309291747875,12.215724496426247,15.60753736192332,513,2021-12,Madrid
3344.0,14.0,16.81957186544342,32.87461773700305,20.565749235474,18.318042813455655,109,2021-12,Murcia
3344.0,15.0,18.681318681318682,31.5018315018315,21.336996336996336,19.74358974358974,91,2021-12,Navarra
3344.0,16.0,14.380952380952383,37.23809523809525,17.47619047619048,15.61904761904762,175,2021-12,País Vasco
3344.0,17.0,17.90123456790123,35.185185185185176,23.868312757201647,20.288065843621396,81,2021-12,La Rioja
3347.0,1.0,19.047389673239415,37.293730303954206,18.916451077196555,18.995014234822275,661,2022-01,Andalucía
3347.0,2.0,15.472712447243667,32.426077604408405,19.809903741255855,17.20758896484854,100,2022-01,Aragón
3347.0,3.0,13.401973484206842,42.368696518803795,25.113270715142587,18.08649237658114,98,2022-01,Asturias
3347.0,4.0,17.795981489863767,29.6659684415523,20.46989566447362,18.86554715970771,89,2022-01,Baleares
3347.0,5.0,16.693104670451604,32.6393473960889,19.3589512964039,17.759443320832524,166,2022-01,Canarias
3347.0,6.0,16.498819075612225,27.57972264610649,18.47506872744519,17.28931893634541,93,2022-01,Cantabria
3347.0,7.0,20.474539589909728,33.57950034014275,22.739949310159734,21.380703478009732,163,2022-01,Castilla-La Mancha
3347.0,8.0,17.5868689990647,32.760141744793714,19.730496549935655,18.444320019413084,198,2022-01,Castilla y León
3347.0,9.0,20.411044354111432,32.28500866117208,19.878961173610886,20.198211081911214,535,2022-01,Cataluña
3347.0,10.0,19.49826831799064,31.4327014907276,18.50520965374184,19.101044852291118,363,2022-01,C. Valenciana
3347.0,11.0,18.10392553509335,30.659233506178406,17.85842901413965,18.00572692671187,89,2022-01,Extremadura
3347.0,12.0,18.17540870933879,35.061405597115034,18.9644943158119,18.491042951928037,223,2022-01,Galicia
3347.0,13.0,19.79420011830036,32.684947957334174,17.41185549139241,18.841262267537175,525,2022-01,Madrid
3347.0,14.0,17.96973183650129,34.88055239626767,17.249210865632108,17.68152344815362,115,2022-01,Murcia
3347.0,15.0,17.669254017360153,32.886216769783346,18.830523418230896,18.13376177770845,91,2022-01,Navarra
3347.0,16.0,18.555839053365833,31.515690589079323,17.88453135746538,18.28731597500565,176,2022-01,País Vasco
3347.0,17.0,19.76672965484941,32.84147411808435,20.056621251603083,19.88268629355088,77,2022-01,La Rioja
3351.0,1.0,19.843671205244583,38.17448310640445,18.07866868381241,19.13767019667171,661,2022-02,Andalucía
3351.0,2.0,16.987179487179493,37.66025641025642,17.467948717948723,17.179487179487186,104,2022-02,Aragón
3351.0,3.0,17.361111111111114,42.18750000000001,21.00694444444445,18.81944444444445,96,2022-02,Asturias
3351.0,4.0,18.039215686274506,38.82352941176471,15.196078431372548,16.901960784313722,85,2022-02,Baleares
3351.0,5.0,19.578313253012055,36.345381526104426,20.582329317269078,19.97991967871486,166,2022-02,Canarias
3351.0,6.0,15.277777777777775,36.1111111111111,22.482638888888882,18.159722222222218,96,2022-02,Cantabria
3351.0,7.0,20.75664621676892,37.93456032719837,17.382413087934562,19.406952965235174,163,2022-02,Castilla-La Mancha
3351.0,8.0,15.45893719806764,39.45249597423513,17.6328502415459,16.328502415458942,207,2022-02,Castilla y León
3351.0,9.0,18.587470449172578,35.726950354609926,18.09988179669031,18.39243498817967,564,2022-02,Cataluña
3351.0,10.0,18.61471861471862,33.80952380952382,19.177489177489182,18.83982683982685,385,2022-02,C. Valenciana
3351.0,11.0,19.96527777777778,39.93055555555555,25.43402777777778,22.152777777777775,96,2022-02,Extremadura
3351.0,12.0,19.5945945945946,35.21021021021022,16.066066066066067,18.18318318318319,222,2022-02,Galicia
3351.0,13.0,20.656370656370655,36.003861003861005,14.784427284427284,18.307593307593308,518,2022-02,Madrid
3351.0,14.0,23.547400611620798,38.22629969418961,22.32415902140673,23.05810397553517,109,2022-02,Murcia
3351.0,15.0,17.508417508417505,37.71043771043771,20.2020202020202,18.585858585858585,99,2022-02,Navarra
3351.0,16.0,15.322580645161294,41.48745519713264,18.996415770609325,16.79211469534051,186,2022-02,País Vasco
3351.0,17.0,23.124999999999996,33.95833333333333,21.666666666666664,22.541666666666664,80,2022-02,La Rioja
3355.0,1.0,20.318930041152264,47.016460905349795,15.882201646090536,18.544238683127574,648,2022-03,Andalucía
3355.0,2.0,18.300653594771244,40.359477124183016,17.075163398692816,17.810457516339874,102,2022-03,Aragón
3355.0,3.0,13.468013468013469,51.51515151515153,12.037037037037038,12.895622895622898,99,2022-03,Asturias
3355.0,4.0,14.965986394557827,41.4965986394558,14.28571428571429,14.693877551020408,98,2022-03,Baleares
3355.0,5.0,15.376984126984123,47.32142857142856,17.01388888888889,16.031746031746028,168,2022-03,Canarias
3355.0,6.0,19.298245614035093,46.66666666666669,20.701754385964918,19.85964912280703,95,2022-03,Cantabria
3355.0,7.0,18.621399176954725,46.296296296296276,16.975308641975303,17.96296296296296,162,2022-03,Castilla-La Mancha
3355.0,8.0,18.07628524046434,44.444444444444436,17.08126036484245,17.678275290215584,201,2022-03,Castilla y León
3355.0,9.0,17.69936890418818,42.885829030407336,19.29145152036718,18.33620195065978,581,2022-03,Cataluña
3355.0,10.0,17.53698868581375,39.99129677980854,15.165361183637946,16.588337684943433,383,2022-03,C. Valenciana
3355.0,11.0,19.96527777777778,43.75,14.84375,17.916666666666668,96,2022-03,Extremadura
3355.0,12.0,16.80327868852459,47.13114754098359,15.710382513661196,16.36612021857923,244,2022-03,Galicia
3355.0,13.0,19.03870162297129,44.50686641697878,13.545568039950064,16.841448189762797,534,2022-03,Madrid
3355.0,14.0,23.132183908045977,41.09195402298851,20.977011494252878,22.270114942528743,116,2022-03,Murcia
3355.0,15.0,19.86531986531987,39.73063973063974,16.66666666666667,18.58585858585859,99,2022-03,Navarra
3355.0,16.0,18.27956989247312,43.100358422939074,20.340501792114694,19.103942652329746,186,2022-03,País Vasco
3355.0,17.0,20.498084291187734,47.12643678160919,14.080459770114938,17.931034482758616,87,2022-03,La Rioja
3359.0,1.0,23.559490609292084,41.891792024002996,16.48137562958939,20.728244617411004,602,2022-04,Andalucía
3359.0,2.0,23.46482403728439,39.97444387280288,18.895613865150036,21.63713996843065,93,2022-04,Aragón
3359.0,3.0,21.378495582347163,38.365625851043966,18.47557551493649,20.21732755538289,102,2022-04,Asturias
3359.0,4.0,21.866598082409627,40.131652762816124,19.115540173550897,20.766174918866138,94,2022-04,Baleares
3359.0,5.0,20.10698588483489,41.3263324164749,18.37150319245051,19.412792807881143,153,2022-04,Canarias
3359.0,6.0,21.310623342459824,41.26404351828072,14.157052201692961,18.44919488615308,90,2022-04,Cantabria
3359.0,7.0,21.805550273729942,36.015152856388205,17.66507391661945,20.149359730885745,144,2022-04,Castilla-La Mancha
3359.0,8.0,21.4110676789544,40.397974374867985,20.31630137789586,20.97316115853098,202,2022-04,Castilla y León
3359.0,9.0,22.55023403830171,38.192059150493854,21.77627998403095,22.240652416593406,497,2022-04,Cataluña
3359.0,10.0,20.29336927283164,39.394891555321486,14.186891369311667,17.850778111423647,353,2022-04,C. Valenciana
3359.0,11.0,20.09397166719581,39.750441005024555,19.580968873899195,19.888770549877165,82,2022-04,Extremadura
3359.0,12.0,16.98080063928269,44.33803983271915,18.55231136577665,17.609404929880274,247,2022-04,Galicia
3359.0,13.0,22.46686414104439,42.31107202187609,15.21187556933524,19.564868712360727,515,2022-04,Madrid
3359.0,14.0,20.817512861060532,34.03513324052372,20.512221768444753,20.69539642401422,113,2022-04,Murcia
3359.0,15.0,14.876216490208886,46.890750906619175,21.910079070527186,17.689761522336205,93,2022-04,Navarra
3359.0,16.0,17.97383749089084,39.45364220251484,19.933618323070032,18.757749823762516,166,2022-04,País Vasco
3359.0,17.0,22.963468867363996,43.16934778417828,17.870950995664693,20.926461718684273,83,2022-04,La Rioja
3363.0,1.0,23.963580505152983,40.634673222353804,17.599909836449186,21.418112237671465,1293,2022-05,Andalucía
3363.0,2.0,25.693629221376394,35.61245381800394,20.574293677925098,23.64589500399587,96,2022-05,Aragón
3363.0,3.0,22.452225977441177,39.286635392643085,19.24791887078022,21.17050313477679,101,2022-05,Asturias
3363.0,4.0,22.270845308675487,36.30643217920051,25.025573103388247,23.372736426560593,94,2022-05,Baleares
3363.0,5.0,19.769161300475037,39.87038894316368,17.131671934266848,18.714165553991762,116,2022-05,Canarias
3363.0,6.0,25.827641197916037,37.09111015570348,16.137074915093624,21.95141468478707,93,2022-05,Cantabria
3363.0,7.0,24.593032062738477,39.07695723541704,18.941603460324153,22.332460621772753,123,2022-05,Castilla-La Mancha
3363.0,8.0,21.792324933558273,39.17299323264923,21.637261830057753,21.730299692158063,163,2022-05,Castilla y León
3363.0,9.0,21.88144340323656,38.92371233579028,23.841125829134864,22.665316373595882,423,2022-05,Cataluña
3363.0,10.0,24.10869496066362,36.09050265278723,21.157351679648194,22.92815764825745,284,2022-05,C. Valenciana
3363.0,11.0,28.491312707311288,34.20274432961398,21.442911988991423,25.671952419983345,93,2022-05,Extremadura
3363.0,12.0,20.305890455902954,38.089690813627904,17.137742877022255,19.038631424350672,186,2022-05,Galicia
3363.0,13.0,24.235443840920524,39.69029470008572,16.19139344766074,21.01782368361661,392,2022-05,Madrid
3363.0,14.0,24.298174167919417,36.800134623457545,22.235864069754182,23.47325012865332,98,2022-05,Murcia
3363.0,15.0,22.61619518301797,39.15924294006682,21.91050836201172,22.33392045461547,87,2022-05,Navarra
3363.0,16.0,19.446061768105544,40.48109014192712,23.71855213891039,21.155057916427484,125,2022-05,País Vasco
3363.0,17.0,30.32056026955672,35.278195037574065,17.490797869699072,25.188655309613658,79,2022-05,La Rioja
3366.0,1.0,23.39132002248477,44.4575519448489,16.538642323299573,20.650248942810688,585,2022-06,Andalucía
3366.0,2.0,26.01123975307585,36.09374844015616,18.1951120237373,22.884788661340423,93,2022-06,Aragón
3366.0,3.0,23.06318585969495,40.867306757586036,12.42166653461607,18.8065781296634,96,2022-06,Asturias
3366.0,4.0,19.676897504426847,36.055682355454415,16.826575772138288,18.536768811511426,84,2022-06,Baleares
3366.0,5.0,23.2843373167378,43.09519994805046,21.65948668681936,22.634397064770425,148,2022-06,Canarias
3366.0,6.0,24.532997945907873,41.59207928413459,18.799054374964168,22.239420517530384,91,2022-06,Cantabria
3366.0,7.0,24.88689817371708,38.826018610074186,19.77622663637164,22.842629558778906,150,2022-06,Castilla-La Mancha
3366.0,8.0,21.60284322416848,41.72811144587608,21.33863575013579,21.497160234555402,199,2022-06,Castilla y León
3366.0,9.0,19.820541667982308,37.62240561840327,21.33860384559079,20.4277665390257,476,2022-06,Cataluña
3366.0,10.0,24.29617727264958,39.55754043777609,19.70463523450202,22.459560457390555,361,2022-06,C. Valenciana
3366.0,11.0,20.298767540989722,42.75190576100709,20.385035698633843,20.33327480404737,90,2022-06,Extremadura
3366.0,12.0,21.437168290068108,45.97879200735495,15.561740580167795,19.086997206107984,246,2022-06,Galicia
3366.0,13.0,23.38766874332644,42.561719017805665,13.79781851564111,19.551728652252308,564,2022-06,Madrid
3366.0,14.0,24.640692102221827,36.51868186543631,17.62488143505059,21.834367835353333,99,2022-06,Murcia
3366.0,15.0,17.956656065613412,43.09189343736168,21.005563153063537,19.17621890059346,96,2022-06,Navarra
3366.0,16.0,20.6211041421348,42.43301073868707,20.941995062530076,20.749460510292913,175,2022-06,País Vasco
3366.0,17.0,20.31399762825641,36.7025735691847,22.184832692852314,21.06233165409477,61,2022-06,La Rioja
3371.0,1.0,21.88330233205515,42.87073988858623,16.886992861880486,19.88477854398528,683,2022-07,Andalucía
3371.0,2.0,19.896163935043948,34.18641393313606,20.203540055691338,20.019114383302906,101,2022-07,Aragón
3371.0,3.0,17.478020509421363,44.09459790167974,19.540195278781155,18.30289041716528,96,2022-07,Asturias
3371.0,4.0,21.756009573624723,41.88257867659264,19.28183219077425,20.766338620484532,99,2022-07,Baleares
3371.0,5.0,17.22147305753671,35.667375069736266,21.355266941996863,18.874990611320772,169,2022-07,Canarias
3371.0,6.0,16.175418255628387,42.07030627911277,15.497764198517922,15.904356632784198,94,2022-07,Cantabria
3371.0,7.0,22.15272336073864,40.75070920640972,15.886513161344531,19.646239280981,176,2022-07,Castilla-La Mancha
3371.0,8.0,20.14212552819086,46.63654057931403,19.08984304230811,19.721212533837758,207,2022-07,Castilla y León
3371.0,9.0,16.810765302139114,42.35038353772783,21.86653558261943,18.833073414331242,576,2022-07,Cataluña
3371.0,10.0,19.064764759456104,42.71051426443527,16.773047195172758,18.148077733742763,398,2022-07,C. Valenciana
3371.0,11.0,20.48275916531969,44.607384819617195,11.843903335360151,17.027216833335874,94,2022-07,Extremadura
3371.0,12.0,18.715435684506453,41.591723978200534,14.155475919755625,16.891451778606122,249,2022-07,Galicia
3371.0,13.0,19.513010824359625,45.68284299337253,14.070477837203264,17.335997629497083,549,2022-07,Madrid
3371.0,14.0,19.3112782361035,41.1078229067867,18.583032582260078,19.01997997456613,115,2022-07,Murcia
3371.0,15.0,16.325049785932936,42.11463754757086,19.612264313144514,17.63993559681757,96,2022-07,Navarra
3371.0,16.0,18.21306557861403,42.97021756366129,22.871543134869928,20.07645660111639,188,2022-07,País Vasco
3371.0,17.0,18.589266129580338,42.533807944563,15.346886439349586,17.292314253488033,80,2022-07,La Rioja
3375.0,1.0,21.75180686333894,37.0646377842107,16.761759927054204,19.755788088825046,689,2022-09,Andalucía
3375.0,2.0,19.391056525646082,37.998998336025615,20.53693010048555,19.84940595558187,104,2022-09,Aragón
3375.0,3.0,17.798118449348106,39.080475284974334,18.134598667130327,17.932710536461,96,2022-09,Asturias
3375.0,4.0,19.199338754843062,31.536252697619478,21.235888798724993,20.013958772395835,89,2022-09,Baleares
3375.0,5.0,22.061483055850747,36.554347227142124,18.04735328846381,20.45583114889597,148,2022-09,Canarias
3375.0,6.0,20.325194152616046,35.77938589509687,14.69531833529246,18.073243825686614,94,2022-09,Cantabria
3375.0,7.0,24.560203726431627,39.02197724290327,19.51623425677643,22.54261593856955,159,2022-09,Castilla-La Mancha
3375.0,8.0,20.168423777210155,34.169870595166955,18.456721823172284,19.48374299559501,196,2022-09,Castilla y León
3375.0,9.0,19.47974155545566,34.6559332264757,21.21885250905572,20.175385936895683,569,2022-09,Cataluña
3375.0,10.0,20.01645105777408,34.63029296940659,18.18643529119854,19.284444751143866,374,2022-09,C. Valenciana
3375.0,11.0,17.547060117719372,38.98221296317626,23.01216963953637,19.733103926446173,84,2022-09,Extremadura
3375.0,12.0,19.13113694233719,37.111700052563194,16.26571092148279,17.984966533995426,235,2022-09,Galicia
3375.0,13.0,20.313184256772928,37.8910635168464,15.496727878254932,18.38660170536573,531,2022-09,Madrid
3375.0,14.0,26.316123536313345,34.00784132793797,19.138623380557934,23.445123474011183,96,2022-09,Murcia
3375.0,15.0,16.07305063551813,33.36042417852417,21.88002503868012,18.39584039678293,95,2022-09,Navarra
3375.0,16.0,19.44565963742781,36.49095190547777,21.750551691324777,20.367616458986596,188,2022-09,País Vasco
3375.0,17.0,15.933786027750973,37.119894868491606,13.435158660724122,14.93433508094023,76,2022-09,La Rioja
3380.0,1.0,21.135521132293448,38.719373801345334,16.142036480426235,19.138127271546562,638,2022-10,Andalucía
3380.0,2.0,19.44688190193123,35.94551552587348,15.863445586211371,18.013507375643286,99,2022-10,Aragón
3380.0,3.0,19.744865250091195,41.86472900009355,19.636145858952315,19.701377493635647,89,2022-10,Asturias
3380.0,4.0,21.235110877403862,29.507830830192155,19.49831467640126,20.540392397002822,94,2022-10,Baleares
3380.0,5.0,19.881498656962577,35.869461315453655,17.84459887838076,19.06673874552985,154,2022-10,Canarias
3380.0,6.0,23.392981246839277,38.886872800862875,12.137794693313246,18.890906625428865,90,2022-10,Cantabria
3380.0,7.0,19.746073249356957,35.74150132251123,19.296129016617954,19.566095556261356,154,2022-10,Castilla-La Mancha
3380.0,8.0,19.80669495183081,37.877892022659985,14.807205550007883,17.806899191101643,199,2022-10,Castilla y León
3380.0,9.0,19.977239499700293,35.666032728205515,20.758386852689835,20.28969844089611,521,2022-10,Cataluña
3380.0,10.0,19.73239938846074,34.43517546612245,16.5085260461969,18.4428500515552,369,2022-10,C. Valenciana
3380.0,11.0,20.690557272700495,42.29350934863412,19.119656533543235,20.06219697703759,85,2022-10,Extremadura
3380.0,12.0,15.98675817288226,40.22048441508453,14.041213723192968,15.208540393006544,225,2022-10,Galicia
3380.0,13.0,21.46483012167157,37.27540725655678,13.649091760659081,18.338534777266574,524,2022-10,Madrid
3380.0,14.0,21.19791605603249,36.92993020773956,13.422997326500017,18.0879485642195,106,2022-10,Murcia
3380.0,15.0,22.031211490296876,36.94881607870486,18.165863805281063,20.485072416290556,100,2022-10,Navarra
3380.0,16.0,18.61958292938386,37.3380261802538,21.830058817928432,19.903773284801687,182,2022-10,País Vasco
3380.0,17.0,18.78663123402725,35.315757066713395,15.307826659645546,17.39510940427457,69,2022-10,La Rioja
3384.0,1.0,20.802962732953716,37.046042185568005,17.120697472513395,19.330056628777587,675,2022-11,Andalucía
3384.0,2.0,21.978035198818414,34.917995457707214,22.44788127364647,22.165973628749633,101,2022-11,Aragón
3384.0,3.0,20.451061770651755,36.09994874319081,19.690072771350785,20.146666170931372,86,2022-11,Asturias
3384.0,4.0,21.29074632074158,31.0943703392723,19.604592883280052,20.616284945756963,106,2022-11,Baleares
3384.0,5.0,20.924745871627163,35.131010646396284,16.08368219138325,18.9883203995296,153,2022-11,Canarias
3384.0,6.0,21.614875379252183,30.59640203263319,21.32893182179634,21.500497956269843,85,2022-11,Cantabria
3384.0,7.0,20.90914583987892,38.75235981863378,21.566128790003848,21.171939019928892,164,2022-11,Castilla-La Mancha
3384.0,8.0,21.88472982382088,35.9234674344844,19.31272767501159,20.85592896429717,192,2022-11,Castilla y León
3384.0,9.0,19.79326739156248,32.6858823477594,19.712234000473163,19.76085403512675,574,2022-11,Cataluña
3384.0,10.0,21.06378438214076,37.07868289760519,17.716988396589517,19.725065987920267,382,2022-11,C. Valenciana
3384.0,11.0,20.120738298073068,40.38108482046711,14.839877578327853,18.00839401017498,112,2022-11,Extremadura
3384.0,12.0,16.732176731932896,42.71715002872871,13.382468949429434,15.392293618931511,222,2022-11,Galicia
3384.0,13.0,20.373979218774547,38.081765526873106,15.053901778692234,18.24594824274162,512,2022-11,Madrid
3384.0,14.0,23.03152078964084,35.94678601547592,15.531138670893434,20.031367942141877,91,2022-11,Murcia
3384.0,15.0,16.432771859821244,38.04143063477273,20.403847368611434,18.021202063337316,95,2022-11,Navarra
3384.0,16.0,16.739740461343544,39.292582338017404,17.326469769461625,16.97443218459078,179,2022-11,País Vasco
3384.0,17.0,19.010260633935623,43.3346175288037,14.09042681862101,17.042327107809783,72,2022-11,La Rioja
3388.0,1.0,27.141351903594845,34.30096761632643,16.416381028549182,22.85136355357658,688,2022-12,Andalucía
3388.0,2.0,30.546266445033407,26.56719573175524,19.082619967153125,25.960807853881295,114,2022-12,Aragón
3388.0,3.0,21.48964595121039,34.64584651626435,17.011529298936665,19.698399290300898,98,2022-12,Asturias
3388.0,4.0,26.1987234410928,24.90645840030382,21.236223355479122,24.21372340684733,87,2022-12,Baleares
3388.0,5.0,26.22375122774486,32.73213109082054,15.412774892862279,21.899360693791824,176,2022-12,Canarias
3388.0,6.0,21.393123229552373,36.311716692382184,19.01196632966827,20.440660469598736,100,2022-12,Cantabria
3388.0,7.0,26.88177224658736,36.79160667597216,20.261006521992318,24.233465956749342,157,2022-12,Castilla-La Mancha
3388.0,8.0,25.491036966682863,33.954458901481715,18.272912170231898,22.603787048102475,196,2022-12,Castilla y León
3388.0,9.0,22.018075788604833,30.69837823751153,19.58879502146774,21.046363481749996,537,2022-12,Cataluña
3388.0,10.0,25.866307287605046,32.74756180182187,16.880275439338945,22.271894548298604,381,2022-12,C. Valenciana
3388.0,11.0,25.781638990017807,32.49215056764984,16.434412425065663,22.042748364036946,88,2022-12,Extremadura
3388.0,12.0,23.996871213846454,36.49162804909315,18.273898304673097,21.70768205017711,254,2022-12,Galicia
3388.0,13.0,25.991469318543736,35.3696722005405,14.748774390797383,21.494391347445195,560,2022-12,Madrid
3388.0,14.0,26.081673886656954,27.89034152441999,22.162910694776272,24.51416860990468,123,2022-12,Murcia
3388.0,15.0,20.948216870242412,37.057377445009074,18.700425205018526,20.049100204152857,111,2022-12,Navarra
3388.0,16.0,22.79064814920354,35.871109091323284,17.75211063880103,20.775233145042545,207,2022-12,País Vasco
3388.0,17.0,28.69277749865744,33.56312249757289,21.813523102203156,25.941075740075725,200,2022-12,La Rioja
3390.0,1.0,26.10984908731685,36.53864738549371,17.118150196906274,22.51316953115262,677,2023-01,Andalucía
3390.0,2.0,25.955665542993966,35.51598619323299,20.685834321838925,23.84773305453195,105,2023-01,Aragón
3390.0,3.0,26.756845362092164,37.74179959543665,13.143603019939032,21.31154842523091,88,2023-01,Asturias
3390.0,4.0,23.340233562033166,34.433004786163266,17.92519864110182,21.174219593660627,94,2023-01,Baleares
3390.0,5.0,23.4924354531798,36.43508242996257,19.870048406682617,22.043480634580924,180,2023-01,Canarias
3390.0,6.0,27.640659959389886,36.46813211854866,16.914914980619063,23.350361967881554,87,2023-01,Cantabria
3390.0,7.0,27.3691801996043,35.591329375109574,20.117671965411215,24.468576905927065,161,2023-01,Castilla-La Mancha
3390.0,8.0,28.572799311317667,35.782776025207276,15.348434145748659,23.283053245090063,200,2023-01,Castilla y León
3390.0,9.0,22.983078959255277,32.85945044281401,21.071018309004735,22.218254699155057,569,2023-01,Cataluña
3390.0,10.0,26.985943102421935,33.94386420607623,17.186338701459253,23.066101342036863,409,2023-01,C. Valenciana
3390.0,11.0,22.140648846061744,40.28609359052051,20.112611707014057,21.329433990442666,96,2023-01,Extremadura
3390.0,12.0,25.177541722591037,38.542095806118894,16.816889780047866,21.83328094557377,227,2023-01,Galicia
3390.0,13.0,27.405704763889943,35.37262035552569,13.537522506912675,21.85843186109904,563,2023-01,Madrid
3390.0,14.0,27.31275019718223,37.669969495870426,15.851428027661717,22.72822132937402,104,2023-01,Murcia
3390.0,15.0,22.82694072469737,29.02703566311708,17.56979345591179,20.724081817183144,94,2023-01,Navarra
3390.0,16.0,19.643998834630995,37.71709262509404,18.36681369248374,19.133124777772096,181,2023-01,País Vasco
3390.0,17.0,26.995350335123483,33.816118546128344,15.147592962869378,22.256247386221844,82,2023-01,La Rioja
3395.0,1.0,23.78939600173013,38.277891167077634,17.200390557256647,21.153793823940738,677,2023-02,Andalucía
3395.0,2.0,23.611918643758187,33.84713788759931,16.48568729281752,20.76142610338192,103,2023-02,Aragón
3395.0,3.0,21.7476283404613,41.26080516213171,16.383262123555124,19.601881853698828,96,2023-02,Asturias
3395.0,4.0,22.272954196712174,30.874504590967423,19.22282545553671,21.052902700241994,99,2023-02,Baleares
3395.0,5.0,22.85876673185118,37.34378095783027,19.657964656578912,21.57844590174227,160,2023-02,Canarias
3395.0,6.0,20.18216774280271,41.231268588820456,17.869547215102962,19.25711953172281,97,2023-02,Cantabria
3395.0,7.0,24.16950073632476,39.574349405247816,15.824717567624441,20.83158746884463,168,2023-02,Castilla-La Mancha
3395.0,8.0,25.229591729601697,31.582429671934584,17.19593694257288,22.01612981479017,195,2023-02,Castilla y León
3395.0,9.0,22.78735316176338,33.394766065914474,21.665065938598694,22.338438272497513,562,2023-02,Cataluña
3395.0,10.0,24.867288009178658,33.660627906087555,17.198477399956708,21.79976376548987,375,2023-02,C. Valenciana
3395.0,11.0,18.957307876701744,39.07273448216174,23.30375099630467,20.695885124542915,85,2023-02,Extremadura
3395.0,12.0,22.247847972047282,34.01915615497693,15.218027152498232,19.435919644227663,250,2023-02,Galicia
3395.0,13.0,25.577292774304173,36.43704309054014,15.526694863447688,21.557053609961578,565,2023-02,Madrid
3395.0,14.0,27.348149244996314,35.32781791066877,18.820782185932217,23.937202421370674,120,2023-02,Murcia
3395.0,15.0,20.289208024854954,34.889581165300775,18.141619101167464,19.430172455379964,102,2023-02,Navarra
3395.0,16.0,15.900717286336866,38.37775525531694,21.94091669772592,18.316797050892486,174,2023-02,País Vasco
3395.0,17.0,24.891873377372704,32.31024652857299,15.521616399165396,21.143770586089783,91,2023-02,La Rioja
3398.0,1.0,24.935102840267305,39.9166040494988,18.042352554500553,22.178002725960603,653,2023-03,Andalucía
3398.0,2.0,24.102340554143865,40.075414879792966,22.19708797751718,23.340239523493192,97,2023-03,Aragón
3398.0,3.0,23.841247185425587,36.529988576662426,17.544502219742267,21.322549199152263,103,2023-03,Asturias
3398.0,4.0,22.809113933070666,38.11528796754582,14.614851015776782,19.53140876615311,98,2023-03,Baleares
3398.0,5.0,25.98931616343757,35.727356148527875,17.01846793793736,22.400976873237482,142,2023-03,Canarias
3398.0,6.0,24.736002296690096,38.99391141742461,12.704404162446655,19.923363042992722,90,2023-03,Cantabria
3398.0,7.0,29.377360540289047,33.11906199492505,18.526048363558417,25.036835669596798,152,2023-03,Castilla-La Mancha
3398.0,8.0,26.164289528323508,33.64892076193607,17.534666959663507,22.712440500859504,191,2023-03,Castilla y León
3398.0,9.0,21.280884632265106,37.02551199828411,19.591163577468393,20.60499621034642,571,2023-03,Cataluña
3398.0,10.0,24.39330764725416,37.160861202987476,17.746579343375686,21.734616325702778,378,2023-03,C. Valenciana
3398.0,11.0,26.949106393812908,34.13344142128405,21.525874337509016,24.779813571291353,99,2023-03,Extremadura
3398.0,12.0,24.749713162158027,41.0964635254112,17.552218568483323,21.870715324688142,228,2023-03,Galicia
3398.0,13.0,26.85596304474248,38.73136418905095,13.897245181757572,21.67247589954851,515,2023-03,Madrid
3398.0,14.0,21.652781249798267,38.28161103645896,19.232778674728742,20.684780219770456,105,2023-03,Murcia
3398.0,15.0,27.763796676386978,37.856533469599846,23.670170495593123,26.126346204069435,90,2023-03,Navarra
3398.0,16.0,19.858651500144894,37.35009038334206,20.503361451702393,20.11653548076789,181,2023-03,País Vasco
3398.0,17.0,28.54760386270006,34.562373100234694,17.5288397953062,24.140098235742517,80,2023-03,La Rioja
3403.0,1.0,24.409202960564723,43.32751269164035,16.136679039794302,21.100193392256557,725,2023-04,Andalucía
3403.0,2.0,20.867312280601,41.55451659594804,22.41832442052613,21.487717136571053,113,2023-04,Aragón
3403.0,3.0,27.297669182309896,42.017980953833195,21.22876353658517,24.87010692402,105,2023-04,Asturias
3403.0,4.0,23.50543867425921,38.89358629004688,14.66319039163176,19.968539361208233,104,2023-04,Baleares
3403.0,5.0,19.91232068995957,43.63328384230156,16.84914918410078,18.687052087616056,186,2023-04,Canarias
3403.0,6.0,27.55979849374402,36.222631661680914,19.386958468342463,24.290662483583397,111,2023-04,Cantabria
3403.0,7.0,26.14429341393223,40.84606768943637,15.916840725554648,22.053312338581193,177,2023-04,Castilla-La Mancha
3403.0,8.0,23.952936299927348,42.20057175117359,16.2104264735013,20.855932369356935,205,2023-04,Castilla y León
3403.0,9.0,22.96622160326212,39.13964611893731,18.777715624514855,21.290819211763214,588,2023-04,Cataluña
3403.0,10.0,21.05767527036218,43.01267057625882,18.129030816050925,19.886217488637676,398,2023-04,C. Valenciana
3403.0,11.0,23.61945096167866,43.53652248914315,17.460742819087475,21.155967704642183,105,2023-04,Extremadura
3403.0,12.0,23.690594405985802,41.75492038501458,14.620456199391512,20.062539123348085,256,2023-04,Galicia
3403.0,13.0,22.03942623810884,43.06273698360333,14.858082606936723,19.166888785639994,544,2023-04,Madrid
3403.0,14.0,27.323097802553466,35.628724349441946,15.520908750115845,22.60222218157842,123,2023-04,Murcia
3403.0,15.0,21.227518794146565,44.175482255133176,12.324750780200752,17.66641158856824,101,2023-04,Navarra
3403.0,16.0,17.93588183791239,49.78003205238434,17.186733279535968,17.636222414561825,172,2023-04,País Vasco
3403.0,17.0,23.7507110194033,43.04864728183669,19.112063015451582,21.89525181782261,109,2023-04,La Rioja
3405.0,1.0,22.144057847679264,41.718471502528416,15.663060063780444,19.551658734119734,678,2023-05,Andalucía
3405.0,2.0,20.02892959531463,36.72426421939494,17.841657338891984,19.154020692745572,113,2023-05,Aragón
3405.0,3.0,24.223943697814,37.92147626618994,15.733967613627595,20.827953264139435,102,2023-05,Asturias
3405.0,4.0,23.891098159934497,43.55833565144086,22.153406360302064,23.196021440081527,106,2023-05,Baleares
3405.0,5.0,24.452435696109347,39.962029352464505,18.341836955728265,22.008196199956917,180,2023-05,Canarias
3405.0,6.0,25.3205313662447,35.06758834521823,17.18706811481072,22.06714606567111,101,2023-05,Cantabria
3405.0,7.0,20.120164528745462,41.55884400716468,14.042873348695746,17.689248056725575,159,2023-05,Castilla-La Mancha
3405.0,8.0,25.599252400393144,38.609043033289794,15.995790150165899,21.757867500302247,197,2023-05,Castilla y León
3405.0,9.0,21.958959092946923,36.7230592130348,17.73517201158545,20.269444260402334,587,2023-05,Cataluña
3405.0,10.0,23.784184894122607,37.164066162218276,17.017964445309524,21.077696714597373,393,2023-05,C. Valenciana
3405.0,11.0,22.728414621286916,34.639695279358655,19.962850264600384,21.622188878612302,95,2023-05,Extremadura
3405.0,12.0,16.895509772486452,46.84640742892981,13.36993214776456,15.485278722597695,236,2023-05,Galicia
3405.0,13.0,24.519714133717702,40.30382714757271,12.821357456923694,19.8403714630001,568,2023-05,Madrid
3405.0,14.0,25.33176955601406,38.47323840179568,16.58837077041858,21.834410041775865,121,2023-05,Murcia
3405.0,15.0,22.831427432260284,43.025258328802025,19.11748179739166,21.345849178312836,97,2023-05,Navarra
3405.0,16.0,18.789374703286345,44.301151226898426,20.5084217457696,19.47699352027965,178,2023-05,País Vasco
3405.0,17.0,17.936026178915622,42.63569220037506,15.081806600297828,16.794338347468507,86,2023-05,La Rioja
3413.0,1.0,22.808390037357523,40.15350435961661,12.257082172377308,18.587866891365437,739,2023-07,Andalucía
3413.0,2.0,19.03729861598678,34.85271880367374,13.656997130370069,16.885178021740096,114,2023-07,Aragón
3413.0,3.0,23.54751184136673,38.11863212978179,13.165209615996307,19.39459095121856,101,2023-07,Asturias
3413.0,4.0,23.16930808932172,32.19212235778619,10.649218051690589,18.161272074269267,107,2023-07,Baleares
3413.0,5.0,21.293899955653625,37.384019629998626,13.431732692686943,18.149033050466954,164,2023-07,Canarias
3413.0,6.0,24.330756630359783,34.44495605883033,13.474552211726731,19.98827486290656,103,2023-07,Cantabria
3413.0,7.0,25.78388654042912,37.84378831466926,13.195755836927972,20.74863425902866,166,2023-07,Castilla-La Mancha
3413.0,8.0,25.582351588363125,32.80926138282212,14.364320818415028,21.095139280383883,226,2023-07,Castilla y León
3413.0,9.0,20.519651635328007,32.93101721072802,15.533224575526674,18.525080811407477,585,2023-07,Cataluña
3413.0,10.0,24.280318283641666,34.27562318953184,11.930262927226279,19.34029614107551,410,2023-07,C. Valenciana
3413.0,11.0,24.428080524649236,33.68043366886334,11.249637609729923,19.156703358681508,105,2023-07,Extremadura
3413.0,12.0,20.760518456035037,39.61866651701619,12.50935476507989,17.460052979652975,246,2023-07,Galicia
3413.0,13.0,23.524026744514934,35.77387412976777,9.732616707667516,18.007462729775966,558,2023-07,Madrid
3413.0,14.0,23.9858108846248,32.9212513158693,18.05288711227709,21.612641375685715,134,2023-07,Murcia
3413.0,15.0,16.752401834566882,38.49560718558731,12.069398103451018,14.879200342120535,98,2023-07,Navarra
3413.0,16.0,21.592135219129123,33.09364554099173,12.493192540184554,17.952558147551297,191,2023-07,País Vasco
3413.0,17.0,21.967834979055493,38.66721369869985,8.059761803979802,16.404605709025223,89,2023-07,La Rioja
3423.0,1.0,29.241020757009508,32.54747396356901,13.92197923545888,23.113404148389257,724,2023-10,Andalucía
3423.0,2.0,28.089919377756804,27.370284190106137,8.349902717089584,20.193912713489915,107,2023-10,Aragón
3423.0,3.0,29.28986539942518,30.71077128786471,8.881661869337947,21.126583987390287,107,2023-10,Asturias
3423.0,4.0,28.32411571211008,34.43902720676937,10.276609702078048,21.105113308097266,96,2023-10,Baleares
3423.0,5.0,24.46378288731088,33.4056991633866,13.18171171594036,19.95095441876267,154,2023-10,Canarias
3423.0,6.0,26.103582967823947,32.94967318920288,13.698898260345349,21.14170908483251,95,2023-10,Cantabria
3423.0,7.0,24.60021296098051,30.09023683527919,15.78934578827302,21.07586609189751,162,2023-10,Castilla-La Mancha
3423.0,8.0,27.619038731672326,27.701963348996273,10.852951603395699,20.912603880361672,223,2023-10,Castilla y León
3423.0,9.0,23.56898498475914,28.3147174450737,14.133212083087093,19.79467582409032,593,2023-10,Cataluña
3423.0,10.0,27.344654323070618,31.07089115389221,13.746858371066836,21.905535942269108,375,2023-10,C. Valenciana
3423.0,11.0,25.00368101820426,35.82500565663281,11.931641404688197,19.774865172797835,88,2023-10,Extremadura
3423.0,12.0,25.65721114992011,33.180808516131876,13.08676718360003,20.629033563392074,262,2023-10,Galicia
3423.0,13.0,25.395598177229875,34.53160691744341,10.839041030342047,19.572975318474747,552,2023-10,Madrid
3423.0,14.0,31.926829734091793,27.29403095953623,15.432121944306244,25.32894661817758,115,2023-10,Murcia
3423.0,15.0,27.676891072216684,33.535569648107966,13.229761974378535,21.898039433081426,98,2023-10,Navarra
3423.0,16.0,21.624916956518113,31.072508268341792,13.253627926167157,18.27640134437773,179,2023-10,País Vasco
3423.0,17.0,29.457322651353216,28.87184668228607,16.32132830835437,24.202924914153677,73,2023-10,La Rioja
3427.0,1.0,27.290027024069442,30.53337174856094,16.115926750065718,22.820386914467957,729,2023-11,Andalucía
3427.0,2.0,28.510317546697856,25.386708685355064,11.174936292664817,21.576165045084636,103,2023-11,Aragón
3427.0,3.0,23.38841017202523,28.200266319439148,18.06238737959984,21.258001055055075,113,2023-11,Asturias
3427.0,4.0,23.457902068535592,28.218942920782908,11.0897266852147,18.510631915207238,104,2023-11,Baleares
3427.0,5.0,22.818856558130044,33.418250428339114,12.982154104844497,18.884175576815824,164,2023-11,Canarias
3427.0,6.0,25.160280146211456,26.71434115741493,16.765258741203358,21.80227158420821,91,2023-11,Cantabria
3427.0,7.0,30.404956667931167,24.337891611035328,19.487760472220042,26.038078189646715,164,2023-11,Castilla-La Mancha
3427.0,8.0,25.724124134805052,27.790094211220012,15.157686245422667,21.4975489790521,217,2023-11,Castilla y León
3427.0,9.0,19.647651241475334,32.01528232784214,16.965129811601052,18.574642669525623,596,2023-11,Cataluña
3427.0,10.0,25.786187529378935,31.397753941563757,13.861452128151885,21.016293368888114,412,2023-11,C. Valenciana
3427.0,11.0,30.044559537577538,36.06197600343021,18.41619927093235,25.39321543091946,89,2023-11,Extremadura
3427.0,12.0,21.91757252287139,28.44618654632924,14.28158824213619,18.86317881057731,228,2023-11,Galicia
3427.0,13.0,27.061568096403825,29.813382476039678,10.37423561040755,20.386635102005314,551,2023-11,Madrid
3427.0,14.0,23.816837837343744,21.37613270204175,12.49808100803172,19.28933510561893,123,2023-11,Murcia
3427.0,15.0,15.57325062255364,33.080811552835655,15.545365753557443,15.562096674955162,97,2023-11,Navarra
3427.0,16.0,18.67724841909282,38.46911484292056,15.839405037332414,17.542111066388657,191,2023-11,País Vasco
3427.0,17.0,24.69875833008775,28.67445069895211,21.002465970533155,23.220241386265915,87,2023-11,La Rioja
3431.0,1.0,29.255868318395073,30.53010112321986,16.503701961946632,24.1550017758157,863,2023-12,Andalucía
3431.0,2.0,29.4027715330869,28.689412673156745,16.856843030187473,24.38440013192713,138,2023-12,Aragón
3431.0,3.0,26.21063502325351,33.61688731491637,16.691154863064124,22.402842959177757,132,2023-12,Asturias
3431.0,4.0,25.62497256867228,34.80958753083184,12.516590030369574,20.381619553351197,102,2023-12,Baleares
3431.0,5.0,26.867884741311162,34.72042476166311,16.38753843998635,22.675746220781235,172,2023-12,Canarias
3431.0,6.0,29.161532527552648,28.33200941959328,14.298918531189837,23.216486929007527,115,2023-12,Cantabria
3431.0,7.0,29.179508304965466,29.933614739606902,16.439032505452083,24.083317985160114,205,2023-12,Castilla-La Mancha
3431.0,8.0,25.865908113567308,29.96716558581767,17.903422506877167,22.680913870891253,225,2023-12,Castilla y León
3431.0,9.0,21.55781366845997,28.108105756304454,17.49182058193005,19.931416433848003,606,2023-12,Cataluña
3431.0,10.0,24.953371259644584,28.944821594663303,15.962979943834316,21.357214733320475,423,2023-12,C. Valenciana
3431.0,11.0,30.087532741630515,31.924624155076653,17.86087479333703,25.196869562313122,104,2023-12,Extremadura
3431.0,12.0,26.649103773343633,31.32810444017462,13.922516137508097,21.558468719009422,315,2023-12,Galicia
3431.0,13.0,28.01003415801925,30.970668526355514,14.344872070055565,22.543969322833775,652,2023-12,Madrid
3431.0,14.0,24.392725976538344,29.58184276302897,16.22182742856467,21.124366557348875,114,2023-12,Murcia
3431.0,15.0,25.361685860446787,27.39076317484041,16.76161196877606,21.9216563037785,102,2023-12,Navarra
3431.0,16.0,25.548378468872436,32.19201204667959,15.98014573480539,21.721085375245618,222,2023-12,País Vasco
3431.0,17.0,29.971163458531816,26.316878008644682,15.439654468633078,24.15855986257232,89,2023-12,La Rioja
3435.0,1.0,27.63486991840516,31.955003853751325,18.05024308047864,23.801019183234555,730,2024-01,Andalucía
3435.0,2.0,27.983459159493243,36.92105365571823,18.413697956996216,24.155554678494433,116,2024-01,Aragón
3435.0,3.0,28.253093903208903,28.999447332452753,20.314576906637804,25.077687104580463,96,2024-01,Asturias
3435.0,4.0,23.265234499038435,27.32851090246336,10.74114020455455,18.255596781244883,91,2024-01,Baleares
3435.0,5.0,23.566743946999193,30.867140352588393,17.345745805228553,21.07834469029094,163,2024-01,Canarias
3435.0,6.0,26.785276625987212,36.298102923785265,16.49415950049692,22.6688297757911,98,2024-01,Cantabria
3435.0,7.0,30.621536288471976,29.202808978503647,14.134534418279099,24.026735540394828,149,2024-01,Castilla-La Mancha
3435.0,8.0,23.795225826644224,33.24898833174932,22.356657086258025,23.219798330489745,195,2024-01,Castilla y León
3435.0,9.0,21.629493301024613,30.064580277148572,18.871485359143993,20.526290124272364,558,2024-01,Cataluña
3435.0,10.0,26.08395244013315,30.042939265431734,17.215730126006463,22.536663514482477,406,2024-01,C. Valenciana
3435.0,11.0,23.151743484416492,29.355492800595233,13.13878344357893,19.146559468081463,87,2024-01,Extremadura
3435.0,12.0,23.23509170686643,37.76961476073416,19.70132349864583,21.82158442357819,264,2024-01,Galicia
3435.0,13.0,26.256502770883845,34.04112927296437,14.71242920731254,21.638873345455327,543,2024-01,Madrid
3435.0,14.0,25.59524015581001,28.909239074202073,15.354401249041766,21.498904593102708,128,2024-01,Murcia
3435.0,15.0,27.72398216090822,30.630238053560074,16.341335681269964,23.170923569052913,103,2024-01,Navarra
3435.0,16.0,25.14485427217729,32.72092077202696,12.384981330921969,20.040905095675164,172,2024-01,País Vasco
3435.0,17.0,27.23213658875295,20.512356933597207,13.408950130030147,21.702862005263835,84,2024-01,La Rioja
3441.0,1.0,24.21357143043519,32.04430530602039,18.5428701110456,21.945290902679357,662,2024-02,Andalucía
3441.0,2.0,19.20337077999866,30.95165870453681,20.110304214272663,19.566144153708258,106,2024-02,Aragón
3441.0,3.0,24.011647889282724,35.4457277870988,20.229916341879456,22.498955270321414,108,2024-02,Asturias
3441.0,4.0,23.36956589487047,32.05266751553955,8.705414540344096,17.503905353059924,97,2024-02,Baleares
3441.0,5.0,25.713625583537393,25.258032633571343,15.747520860902153,21.727183694483294,158,2024-02,Canarias
3441.0,6.0,27.128538089566856,29.24433556544033,14.678890312708061,22.148678978823337,96,2024-02,Cantabria
3441.0,7.0,25.035531730714485,23.2500118708958,17.53365824396457,22.034782336014516,161,2024-02,Castilla-La Mancha
3441.0,8.0,22.24155632321711,25.793161341251597,16.99234206412489,20.141870619580228,207,2024-02,Castilla y León
3441.0,9.0,22.64069486368083,26.57582950879687,22.75200017030121,22.68521698632898,529,2024-02,Cataluña
3441.0,10.0,26.453264322378462,24.194468206786077,15.162963537485947,21.937144008421456,382,2024-02,C. Valenciana
3441.0,11.0,27.674563356794607,21.238011954236963,21.230991592806387,25.09713465119932,91,2024-02,Extremadura
3441.0,12.0,22.59482659722763,29.860280461830172,11.558467833580092,18.180283091768615,248,2024-02,Galicia
3441.0,13.0,26.956605007557556,29.12970815758073,17.061371957496696,22.998511787533214,586,2024-02,Madrid
3441.0,14.0,23.41471916050941,29.93237388950227,22.080900077129034,22.88119152715726,115,2024-02,Murcia
3441.0,15.0,23.348957929951073,30.91165235516735,25.007616393744776,24.012421315468558,93,2024-02,Navarra
3441.0,16.0,18.28133535530584,31.87959652790316,17.531500722630035,17.981401502235514,178,2024-02,País Vasco
3441.0,17.0,24.56275703825112,29.916111326400316,18.69385686961968,22.215196970798548,84,2024-02,La Rioja
3445.0,1.0,28.18139646843336,28.841028681342102,19.632824256841086,24.761967583796448,661,2024-03,Andalucía
3445.0,2.0,30.68369146298873,26.271466618385695,21.07958260881292,26.842047921318404,102,2024-03,Aragón
3445.0,3.0,30.054110327588102,33.56541600812384,12.644942966968738,23.090443383340354,99,2024-03,Asturias
3445.0,4.0,29.603240629893683,22.07798237980581,15.376674540123908,23.912614193985775,95,2024-03,Baleares
3445.0,5.0,29.68156010304677,23.808184601497018,20.482675955927277,26.002006444198972,181,2024-03,Canarias
3445.0,6.0,25.60299707669187,26.31903686294592,21.76553392287222,24.06801181516401,102,2024-03,Cantabria
3445.0,7.0,30.106485190385822,25.585605163529287,20.940440701592983,26.440067394868688,165,2024-03,Castilla-La Mancha
3445.0,8.0,24.039568448751194,27.22750046846794,16.328446196215655,20.955119547736977,197,2024-03,Castilla y León
3445.0,9.0,23.98488773286313,27.233541666634398,19.0558471773479,22.013271510657038,543,2024-03,Cataluña
3445.0,10.0,27.973097011763368,27.744854095047828,15.653633253540033,23.04531150847404,374,2024-03,C. Valenciana
3445.0,11.0,26.641018704682253,21.244956378883977,20.852400362039006,24.325571367624963,100,2024-03,Extremadura
3445.0,12.0,25.10572136813847,32.40399803245311,16.759464789882944,21.767218736836263,229,2024-03,Galicia
3445.0,13.0,27.980640015503514,29.66358933257086,14.55268511997776,22.60945805729321,564,2024-03,Madrid
3445.0,14.0,24.587240481897243,22.447195370434684,14.565895030752115,20.57870230143919,117,2024-03,Murcia
3445.0,15.0,21.190171604495763,27.51813111700355,28.073854886374814,23.94364491724738,98,2024-03,Navarra
3445.0,16.0,22.718339559821878,33.530270232845304,14.710278026207902,19.51511494637629,180,2024-03,País Vasco
3445.0,17.0,26.866899357506497,23.959161674530385,28.044661592159425,27.338004251367668,89,2024-03,La Rioja
3450.0,1.0,28.316762940365724,29.829729637746954,15.356206235066017,23.132540258245847,696,2024-04,Andalucía
3450.0,2.0,27.752969677789586,28.609807222568854,9.821126132396737,20.58023225963245,101,2024-04,Aragón
3450.0,3.0,19.33927263347185,40.71056495479707,20.306788166824116,19.726278846812757,102,2024-04,Asturias
3450.0,4.0,24.577998028661487,38.42400548428072,14.484649591103317,20.540658653638218,97,2024-04,Baleares
3450.0,5.0,27.527747431046112,35.310960898342856,14.075906713436165,22.147011144002136,162,2024-04,Canarias
3450.0,6.0,21.976385285178754,32.35515629236448,15.4272309854522,19.356723565288135,96,2024-04,Cantabria
3450.0,7.0,28.60288010944342,33.453646284959966,17.51322962856285,24.16701991709119,161,2024-04,Castilla-La Mancha
3450.0,8.0,31.16735851122732,26.173269131565394,19.46710839464943,26.48725846459616,214,2024-04,Castilla y León
3450.0,9.0,24.676733430743305,26.96575365624684,17.666614869752397,21.87268600634694,580,2024-04,Cataluña
3450.0,10.0,26.799748885408796,29.255781158841458,16.392820318197906,22.63697745852444,397,2024-04,C. Valenciana
3450.0,11.0,29.480463789238627,27.719831645742243,12.200936138953523,22.568652729124583,99,2024-04,Extremadura
3450.0,12.0,27.244593867155874,29.15595477002116,13.339961490946232,21.682740916672017,247,2024-04,Galicia
3450.0,13.0,30.221284848549292,32.83988907384394,15.246834536265327,24.231504723635705,552,2024-04,Madrid
3450.0,14.0,23.289661382291623,31.656008513715328,18.388267707188085,21.329103912250208,107,2024-04,Murcia
3450.0,15.0,31.171303952668765,24.922611954504095,21.803819255327458,27.42431007373224,100,2024-04,Navarra
3450.0,16.0,23.35666929675612,29.82302543587388,17.894679324931854,21.171873308026413,181,2024-04,País Vasco
3450.0,17.0,26.549394514918607,40.65365016750989,20.281553468164887,24.042258096217118,103,2024-04,La Rioja
3457.0,1.0,26.63230330427384,32.30745396484399,18.030761413437922,23.191686547939476,702,2024-05,Andalucía
3457.0,2.0,28.35195087534517,25.125466834314132,25.403448588369894,27.172549960555063,102,2024-05,Aragón
3457.0,3.0,32.57536591829419,30.896772010059106,14.66804867160171,25.412439019617196,91,2024-05,Asturias
3457.0,4.0,22.328432828958473,31.688543797302327,16.958677991245832,20.180530893873417,97,2024-05,Baleares
3457.0,5.0,21.845507764166026,33.010502236567156,21.06702847441089,21.53411604826397,159,2024-05,Canarias
3457.0,6.0,24.699282670998294,26.49947119200217,19.130454317605587,22.471751329641208,106,2024-05,Cantabria
3457.0,7.0,26.87656396771104,29.662101998481806,17.172281043169672,22.99485079789449,159,2024-05,Castilla-La Mancha
3457.0,8.0,26.417624088707246,32.954474293194075,22.698555945983173,24.92999683161762,195,2024-05,Castilla y León
3457.0,9.0,19.23831780065623,29.623310752109703,17.345828832085513,18.481322213227948,584,2024-05,Cataluña
3457.0,10.0,26.239659092887027,26.12644671346916,14.62730119470987,21.59471593361617,432,2024-05,C. Valenciana
3457.0,11.0,27.316440934477072,30.593388199722806,19.452604955187184,24.170906542761113,106,2024-05,Extremadura
3457.0,12.0,30.354174506884533,29.249598693478973,17.200137917188396,25.09255987100608,230,2024-05,Galicia
3457.0,13.0,27.38168467222034,34.54444485541007,16.542080684420768,23.045843077100507,530,2024-05,Madrid
3457.0,14.0,29.12867396894211,30.181513836581615,18.65001374074578,24.937209877663573,121,2024-05,Murcia
3457.0,15.0,23.688705054460836,27.976977474283682,28.018816819260557,25.420749760380723,96,2024-05,Navarra
3457.0,16.0,21.703067741646098,32.10975871957468,22.126482448361877,21.872433624332405,180,2024-05,País Vasco
3457.0,17.0,28.7284688255852,31.038481765315645,18.68844381755487,24.712458822373062,90,2024-05,La Rioja
3463.0,1.0,25.794833419843926,29.790167964182142,17.71799587457224,22.56409840173525,701,2024-06,Andalucía
3463.0,2.0,23.611091796425807,31.1850288753,9.068143847617579,17.79391261690252,103,2024-06,Aragón
3463.0,3.0,22.423417271450347,35.9159038078058,11.566525351265769,18.080660503376517,99,2024-06,Asturias
3463.0,4.0,17.941672640078828,33.31075277694208,16.58383353218247,17.39853699692029,102,2024-06,Baleares
3463.0,5.0,22.96009471130583,32.363580019314035,16.087367195331876,20.211003704916248,178,2024-06,Canarias
3463.0,6.0,26.086866163360106,33.12199331230789,13.985466974830889,21.24630648794842,105,2024-06,Cantabria
3463.0,7.0,21.447727121256055,34.03144290646317,17.84681918009848,20.00736394479302,166,2024-06,Castilla-La Mancha
3463.0,8.0,24.41815126917693,27.259611878143527,20.09832894985561,22.6902223414484,212,2024-06,Castilla y León
3463.0,9.0,18.25698247676307,27.67207618365881,18.39116413749522,18.31065514105593,573,2024-06,Cataluña
3463.0,10.0,19.466538117202152,30.280321402244184,17.008545869294636,18.483341218039147,383,2024-06,C. Valenciana
3463.0,11.0,17.716174150164427,33.909873285349605,30.120403162758382,22.677865755202006,98,2024-06,Extremadura
3463.0,12.0,24.73823743570676,30.341669363482588,17.732778965524364,21.936054047633803,248,2024-06,Galicia
3463.0,13.0,21.686755469360104,32.52067132164783,14.486234287752069,18.806546996716893,544,2024-06,Madrid
3463.0,14.0,24.31249943141946,24.437464051823678,13.080285794175436,19.81961397652185,114,2024-06,Murcia
3463.0,15.0,19.945253391531395,28.54526361578227,23.510394480335183,21.37130982705291,97,2024-06,Navarra
3463.0,16.0,19.997686775373786,28.214406710321562,15.744369932682527,18.296360038297284,165,2024-06,País Vasco
3463.0,17.0,23.10635878920969,22.69404230831259,16.799570341537294,20.583643410140727,86,2024-06,La Rioja
3474.0,1.0,22.98109293628782,27.521457731630388,19.727335413535574,21.679589927186917,740,2024-09,Andalucía
3474.0,2.0,20.419560357506256,27.43196255989964,23.517970548583207,21.658924433937035,107,2024-09,Aragón
3474.0,3.0,22.809750215342845,25.922493173485822,22.12651583987226,22.53645646515461,103,2024-09,Asturias
3474.0,4.0,25.289400207501227,22.88098300242215,17.670061147883356,22.24166458365408,95,2024-09,Baleares
3474.0,5.0,20.895076636771762,29.498015593017147,16.615453331380063,19.183227314615085,162,2024-09,Canarias
3474.0,6.0,23.02655549603507,27.011394514182868,17.761128870625807,20.92038484587136,107,2024-09,Cantabria
3474.0,7.0,28.15012915947652,25.341972442513296,21.27418816554758,25.399752761904946,165,2024-09,Castilla-La Mancha
3474.0,8.0,23.200516475542802,22.509659403217295,20.92696911130702,22.291097529848486,212,2024-09,Castilla y León
3474.0,9.0,19.39327214990388,27.961552736623055,16.850877116914848,18.376314136708267,585,2024-09,Cataluña
3474.0,10.0,20.387515032094893,30.53047676535564,15.284570167130392,18.34633708610909,378,2024-09,C. Valenciana
3474.0,11.0,19.433294148461265,34.15205943478377,15.293747426523865,17.777475459686304,97,2024-09,Extremadura
3474.0,12.0,21.860773408015444,24.598651736952853,15.004373854685863,19.118213586683613,227,2024-09,Galicia
3474.0,13.0,23.300974550904975,28.606209205464804,16.498015392483875,20.579790887536536,506,2024-09,Madrid
3474.0,14.0,29.163670688481776,20.846997464219758,19.72569891402616,25.388481978699527,132,2024-09,Murcia
3474.0,15.0,19.053185028236456,26.655707469398756,15.141412259910911,17.48847592090624,106,2024-09,Navarra
3474.0,16.0,18.187833696600123,29.349670102873922,19.11236999227637,18.55764821487062,174,2024-09,País Vasco
3474.0,17.0,21.36848916882151,21.611012511263656,19.560688995809237,20.6453690996166,97,2024-09,La Rioja
3478.0,1.0,23.04702035324059,36.17041271859273,17.61997690636389,20.87620297448991,683,2024-10,Andalucía
3478.0,2.0,19.690702542923926,31.571917384339525,22.838083504292804,20.949654927471475,103,2024-10,Aragón
3478.0,3.0,19.624629948801594,30.250583681117195,17.831199192649848,18.90725764634089,95,2024-10,Asturias
3478.0,4.0,19.605800033930553,37.10440187357111,12.690784756037624,16.83979392277338,99,2024-10,Baleares
3478.0,5.0,20.34695872966201,31.366287111704715,22.556800499810468,21.230895437721397,168,2024-10,Canarias
3478.0,6.0,19.137493461874524,34.08143368312778,17.930259100758658,18.654599717428177,99,2024-10,Cantabria
3478.0,7.0,28.536305609595523,29.551138487700996,19.889755460232394,25.07768554985027,164,2024-10,Castilla-La Mancha
3478.0,8.0,25.198746557453813,32.13392613215296,17.43881866075565,22.094775398774548,200,2024-10,Castilla y León
3478.0,9.0,20.0593446677911,32.746983951071975,20.20998520426986,20.119600882382603,583,2024-10,Cataluña
3478.0,10.0,23.490789160478347,32.29002128924516,19.9308440385948,22.06681111172493,404,2024-10,C. Valenciana
3478.0,11.0,24.62354090418169,25.889547994633457,24.540085886347217,24.590158897047907,94,2024-10,Extremadura
3478.0,12.0,24.341529917041623,36.417359878077704,16.219319902614025,21.092645911270584,231,2024-10,Galicia
3478.0,13.0,22.32654874717434,35.17676258795724,15.120992269153215,19.44432615596589,573,2024-10,Madrid
3478.0,14.0,27.535355154968006,31.53608883463219,17.874931555879666,23.67118571533267,111,2024-10,Murcia
3478.0,15.0,25.084229755209247,30.269958141618535,21.219855129184552,23.538479904799363,93,2024-10,Navarra
3478.0,16.0,19.407336756298484,32.31131728959897,14.090918542072083,17.280769470607922,180,2024-10,País Vasco
3478.0,17.0,12.995192423074565,24.505375585627636,25.920380590804584,18.16526769016657,90,2024-10,La Rioja
3485.0,1.0,29.163969527518304,32.870941973568364,23.834906373411,27.032344265875384,688,2024-11,Andalucía
3485.0,2.0,28.163752800007437,31.946133718550797,31.010771277433026,29.302560190977673,97,2024-11,Aragón
3485.0,3.0,25.1615386401656,28.798289579037576,18.153810808176832,22.35844750737009,99,2024-11,Asturias
3485.0,4.0,27.02788536599215,41.08359205854373,26.038635196331928,26.632185298128057,94,2024-11,Baleares
3485.0,5.0,24.396061155404084,24.754572111323096,24.67427671141713,24.507347377809303,169,2024-11,Canarias
3485.0,6.0,25.71723504580977,35.06596934069683,27.34453942870108,26.368156798966297,98,2024-11,Cantabria
3485.0,7.0,25.852336638908596,28.3909089175894,20.863727953873656,23.85689316489462,171,2024-11,Castilla-La Mancha
3485.0,8.0,28.90371830653883,31.099613898989517,25.750289333186956,27.642346717198077,205,2024-11,Castilla y León
3485.0,9.0,26.725905173366755,30.2511759898467,20.918276364572563,24.402853649849078,598,2024-11,Cataluña
3485.0,10.0,27.14621580340384,31.856341219643458,26.111386444735512,26.73228405993651,415,2024-11,C. Valenciana
3485.0,11.0,21.207536658342313,26.019234471425094,18.684416951135834,20.19828877545972,96,2024-11,Extremadura
3485.0,12.0,21.11751254691163,38.052109574875864,19.49310206010037,20.467748352187126,251,2024-11,Galicia
3485.0,13.0,27.994182542776215,32.32762725671545,19.631315425889863,24.649035696021674,558,2024-11,Madrid
3485.0,14.0,33.66938494977807,27.769422189548038,22.968494845023713,29.389028907876327,115,2024-11,Murcia
3485.0,15.0,20.243444987384297,27.905831404147783,21.607199235285176,20.78894668654465,91,2024-11,Navarra
3485.0,16.0,19.546129651752917,37.17133330854523,19.287520534689016,19.44268600492736,175,2024-11,País Vasco
3485.0,17.0,36.48792358520247,23.576905566291053,20.135790114008753,29.947070196724983,72,2024-11,La Rioja
3489.0,1.0,28.743354798655332,28.206449752653093,21.642408046021654,25.902976097601865,641,2024-12,Andalucía
3489.0,2.0,18.78779438967844,31.378006961678658,22.724616695812756,20.362523312132165,105,2024-12,Aragón
3489.0,3.0,25.75655166846853,32.83245887164537,12.27741288042762,20.364896153252168,97,2024-12,Asturias
3489.0,4.0,21.470564989098527,24.075984273004927,17.155811895904463,19.7446637518209,104,2024-12,Baleares
3489.0,5.0,25.57427668067818,32.5768870259951,29.14257344102322,27.001595384816202,156,2024-12,Canarias
3489.0,6.0,25.2944157234687,33.32096400326756,22.05055712671282,23.996872284766347,108,2024-12,Cantabria
3489.0,7.0,27.101963794886466,29.496360476950223,16.578658463244427,22.892641662229654,160,2024-12,Castilla-La Mancha
3489.0,8.0,28.803372913347896,25.47047591699326,19.766961664419483,25.188808413776535,203,2024-12,Castilla y León
3489.0,9.0,24.484219190045266,29.933198229681867,18.108153760561308,21.933793018251684,558,2024-12,Cataluña
3489.0,10.0,31.82139423685157,22.96202561609685,24.175779829496843,28.76314847390968,1062,2024-12,C. Valenciana
3489.0,11.0,31.10525950152871,21.876934611323765,20.652370644738607,26.924103958812662,100,2024-12,Extremadura
3489.0,12.0,26.626789737061376,31.252263131414374,17.80012923541207,23.09612553640165,238,2024-12,Galicia
3489.0,13.0,27.478612786880042,33.115349597859186,17.312142658957775,23.41202473571114,547,2024-12,Madrid
3489.0,14.0,28.337083025572,24.71226577668368,22.674814702745802,26.07217569644152,117,2024-12,Murcia
3489.0,15.0,23.84365259256005,26.95574797833496,21.6103236184459,22.950321002914393,113,2024-12,Navarra
3489.0,16.0,22.140915086606764,35.5653688639856,25.335927205409646,23.418919934127914,182,2024-12,País Vasco
3489.0,17.0,32.455608544700986,26.361788236051883,29.26146475476343,31.177951028725964,96,2024-12,La Rioja
3492.0,1.0,26.618816667800157,34.1328593780624,21.050760103593614,24.39159404211754,684,2025-01,Andalucía
3492.0,2.0,26.672230951363385,29.724562278575714,18.441084376447744,23.379772321397123,103,2025-01,Aragón
3492.0,3.0,26.777402949285623,35.801619639974206,13.945854336280888,21.64478350408373,96,2025-01,Asturias
3492.0,4.0,23.835638670076623,37.86727079336105,14.468772688891063,20.0888922776024,108,2025-01,Baleares
3492.0,5.0,24.46263060491171,28.746397158608925,18.73426751407473,22.17128536857692,159,2025-01,Canarias
3492.0,6.0,27.205114969270895,38.77046960488298,21.335775114636952,24.85737902741731,102,2025-01,Cantabria
3492.0,7.0,30.902683226213263,25.542143797619797,23.761933431186378,28.04638330820251,160,2025-01,Castilla-La Mancha
3492.0,8.0,26.352404165277846,35.36478309312351,22.102755824103884,24.65254482880826,215,2025-01,Castilla y León
3492.0,9.0,21.87895933494603,31.270322822432686,22.99220602027693,22.324258009078388,590,2025-01,Cataluña
3492.0,10.0,30.752860225231778,25.145725968797883,23.617241800354957,27.89861285528105,402,2025-01,C. Valenciana
3492.0,11.0,33.75176696887587,30.719690842415314,17.185112172526875,27.125105050336273,96,2025-01,Extremadura
3492.0,12.0,24.379430882999042,36.46955842652275,15.869248348894839,20.97535786935736,240,2025-01,Galicia
3492.0,13.0,27.030892619890036,38.10399531609453,17.989040644077043,23.414151829564844,544,2025-01,Madrid
3492.0,14.0,28.512698517393307,26.965824087331114,20.210253183424417,25.191720383805748,117,2025-01,Murcia
3492.0,15.0,28.218803771096663,34.648716687951975,17.894908456947693,24.089245645437067,95,2025-01,Navarra
3492.0,16.0,19.325946440559843,34.44052653745697,22.537684971848332,20.610641853075236,189,2025-01,País Vasco
3492.0,17.0,17.558486648116617,39.20781317053588,22.286859088832596,19.449835624403004,91,2025-01,La Rioja
3496.0,1.0,24.579188660583107,39.382727983667394,18.310202260476654,22.071594100540526,689,2025-02,Andalucía
3496.0,2.0,25.60391325180249,34.16371051397645,22.659263484882253,24.426053345034397,107,2025-02,Aragón
3496.0,3.0,31.605110897973525,31.04638854689773,19.09385606728485,26.600608965698054,96,2025-02,Asturias
3496.0,4.0,27.911705585465658,37.03145679278092,18.048678683807196,23.966494824802275,109,2025-02,Baleares
3496.0,5.0,21.610680487135305,35.77387803767363,16.55934714089215,19.590147148638046,170,2025-02,Canarias
3496.0,6.0,23.92539591732385,34.21419904819981,18.430464311684176,21.727423275067977,106,2025-02,Cantabria
3496.0,7.0,28.207437591745045,34.43497628374202,16.999578966217822,23.72429414153416,178,2025-02,Castilla-La Mancha
3496.0,8.0,27.509882625706222,32.662710338012005,19.635629745979344,24.360181473815473,203,2025-02,Castilla y León
3496.0,9.0,23.152509457062724,34.58140533498587,20.98654980314973,22.286125595497527,551,2025-02,Cataluña
3496.0,10.0,25.20862281252465,32.12949630432723,19.58247484679814,22.958163626234047,402,2025-02,C. Valenciana
3496.0,11.0,34.12217131195643,35.67589778681551,16.153223383529163,26.934592140585522,97,2025-02,Extremadura
3496.0,12.0,20.750237782627124,37.17346158070796,15.615094980571735,18.696180661804966,240,2025-02,Galicia
3496.0,13.0,26.762273748839462,37.53407741582594,18.64451803836593,23.51517146465005,554,2025-02,Madrid
3496.0,14.0,22.296228838343012,37.00871082708692,16.55928828029949,20.001452615125604,121,2025-02,Murcia
3496.0,15.0,17.515767642864887,38.926959709042094,34.043685284440286,24.126934699495045,105,2025-02,Navarra
3496.0,16.0,17.64303573637069,38.779011619667585,16.84529186917349,17.32393818949181,188,2025-02,País Vasco
3496.0,17.0,27.288351987941933,36.759381344868956,17.84851530474636,23.512417314663697,92,2025-02,La Rioja
3502.0,1.0,27.389126945717937,36.69185246526947,19.23868926804903,24.128951874650372,679,2025-03,Andalucía
3502.0,2.0,21.4393437648966,30.068942253873388,21.799925537736378,21.58357647403251,95,2025-03,Aragón
3502.0,3.0,16.702744183028198,38.94290378498414,21.31599120878273,18.548042993330014,91,2025-03,Asturias
3502.0,4.0,20.61324710704546,37.54227623933489,18.343910198846633,19.70551234376593,115,2025-03,Baleares
3502.0,5.0,22.361539043206818,39.59501712613572,19.131012674406485,21.069328495686683,154,2025-03,Canarias
3502.0,6.0,25.43398925256929,31.89927060801325,27.12936889531095,26.11214110966595,103,2025-03,Cantabria
3502.0,7.0,32.88452774704138,22.83253867337287,14.387355617974682,25.485658895414698,174,2025-03,Castilla-La Mancha
3502.0,8.0,32.416941941479394,27.16356370098577,22.128917714856424,28.301732250830202,196,2025-03,Castilla y León
3502.0,9.0,22.06167578598899,32.41913909671358,18.808271094889054,20.760313909549016,555,2025-03,Cataluña
3502.0,10.0,26.623500480063214,33.685139545461304,16.24813705732412,22.473355110967574,412,2025-03,C. Valenciana
3502.0,11.0,24.13751197371336,34.39909091826875,20.21133656037157,22.567041808376644,113,2025-03,Extremadura
3502.0,12.0,20.88661421680425,38.11423616859768,17.63962658133805,19.587819162617773,247,2025-03,Galicia
3502.0,13.0,23.718766551719803,34.18603509923514,17.09948611175734,21.071054375734818,562,2025-03,Madrid
3502.0,14.0,28.65709790206112,23.35064261743417,16.071735438108618,23.622952916480124,118,2025-03,Murcia
3502.0,15.0,17.164189935928448,37.0998107103708,17.729442079298686,17.39029079327654,105,2025-03,Navarra
3502.0,16.0,20.578347911807054,34.91071999226948,26.480993145378495,22.939406005235632,169,2025-03,País Vasco
3502.0,17.0,31.82136208892576,27.605268976845565,24.057796867631062,28.715936000407876,88,2025-03,La Rioja
3505.0,1.0,27.14212876782006,33.280831616335966,18.02090632952441,23.493639792501803,671,2025-04,Andalucía
3505.0,2.0,26.184711537324887,23.04122063055394,19.47939301130045,23.502584126915114,98,2025-04,Aragón
3505.0,3.0,27.624353379613964,34.946879985660324,17.500605773395936,23.57485433712675,95,2025-04,Asturias
3505.0,4.0,21.54881014327489,34.47417848796437,13.390411252680959,18.28545058703731,102,2025-04,Baleares
3505.0,5.0,24.57949134441587,33.14969565127912,14.779698054920063,20.65957402861755,171,2025-04,Canarias
3505.0,6.0,20.197912536209962,37.40105582323743,16.97682872891405,18.909479013291598,109,2025-04,Cantabria
3505.0,7.0,22.101097703133178,28.9253356075403,14.782163043489641,19.173523839275763,162,2025-04,Castilla-La Mancha
3505.0,8.0,23.32628668896584,30.467007279488378,17.199859318180742,20.875715740651806,202,2025-04,Castilla y León
3505.0,9.0,17.515510925809306,33.488612590826406,22.484851247931136,19.50324705465804,573,2025-04,Cataluña
3505.0,10.0,22.84833418051329,30.398589114213703,15.886113162218354,20.063445773195316,407,2025-04,C. Valenciana
3505.0,11.0,31.337807726154487,23.77179718774638,19.23050409693806,26.49488627446791,108,2025-04,Extremadura
3505.0,12.0,23.461340727145647,32.873814489437144,17.33527185477939,21.010913178199147,237,2025-04,Galicia
3505.0,13.0,25.377822596719728,31.324391941661546,16.442147259951213,21.803552462012323,543,2025-04,Madrid
3505.0,14.0,31.571222512145827,32.90568561947033,12.599911651563069,23.982698167912723,117,2025-04,Murcia
3505.0,15.0,16.823615608824024,33.6624665441947,16.492992721589204,16.691366453930094,108,2025-04,Navarra
3505.0,16.0,15.27120622847251,41.76540068276103,19.17085994440504,16.83106771484552,178,2025-04,País Vasco
3505.0,17.0,30.86177632790735,28.8431439420103,16.91862682177146,25.284516525452997,89,2025-04,La Rioja
3510.0,1.0,27.961795570741728,32.7127472730807,18.36842932756665,24.124449073471702,670,2025-05,Andalucía
3510.0,2.0,32.853194658427185,25.763219232416468,15.420521955134593,25.880125577110146,108,2025-05,Aragón
3510.0,3.0,23.03018215692049,32.14992061570637,18.618248038004783,21.265408509354206,93,2025-05,Asturias
3510.0,4.0,25.628430531937564,33.55424670757096,27.290053871576163,26.293079867793004,104,2025-05,Baleares
3510.0,5.0,23.608887572720924,36.437970641368494,15.311843626129065,20.290069994084178,161,2025-05,Canarias
3510.0,6.0,28.89381311377021,32.07021096660938,16.09954790603602,23.77610703067654,101,2025-05,Cantabria
3510.0,7.0,23.64548618988388,30.034064877036247,14.25021447923919,19.887377505626002,177,2025-05,Castilla-La Mancha
3510.0,8.0,25.928027857919606,28.425927282393964,16.91146367919504,22.321402186429783,207,2025-05,Castilla y León
3510.0,9.0,23.277920558278,31.84818651505378,20.34238407324261,22.10370596426385,569,2025-05,Cataluña
3510.0,10.0,31.88566998803041,26.954865035794935,20.41131652856939,27.295928604246008,386,2025-05,C. Valenciana
3510.0,11.0,37.91514010685125,24.57296381329376,19.050128440756758,30.36913544041345,108,2025-05,Extremadura
3510.0,12.0,22.324232208392033,32.26697728547498,13.842227691305387,18.931430401557375,237,2025-05,Galicia
3510.0,13.0,30.378887662312728,29.359995688128144,16.716381388694224,24.913885152865326,549,2025-05,Madrid
3510.0,14.0,29.909087846100793,30.337324752394714,16.169905163296058,24.413414772978903,125,2025-05,Murcia
3510.0,15.0,19.37386534164509,33.38880398003067,21.48722991833453,20.21921117232086,101,2025-05,Navarra
3510.0,16.0,19.59402474243075,32.88796340967466,14.579537233668786,17.588229738925964,179,2025-05,País Vasco
3510.0,17.0,26.94951833293556,18.014989649325265,21.712424122821975,24.85468064889013,104,2025-05,La Rioja
3514.0,1.0,29.315316192407114,33.31551712107502,20.017142273075223,25.596046624674354,706,2025-06,Andalucía
3514.0,2.0,26.789057279313806,31.901254616686106,11.99342099946233,20.870802767373224,103,2025-06,Aragón
3514.0,3.0,25.1077364803238,28.266087547073564,20.101105167153158,23.10508395505554,92,2025-06,Asturias
3514.0,4.0,35.11391528998269,29.18637296484305,15.01803624887613,27.07556367354007,109,2025-06,Baleares
3514.0,5.0,24.187597475736894,29.23807440530066,16.61893783132194,21.160133617970914,178,2025-06,Canarias
3514.0,6.0,28.21604136011747,24.756435030418356,21.560010536064336,25.553629030496214,97,2025-06,Cantabria
3514.0,7.0,23.290753434528916,30.575706337098257,18.499239005962018,21.37414766310216,161,2025-06,Castilla-La Mancha
3514.0,8.0,30.801259503748447,25.65472744452671,17.15144813715382,25.341334957110597,191,2025-06,Castilla y León
3514.0,9.0,22.017991941218035,32.843838580138666,22.917992105493003,22.37799200692802,555,2025-06,Cataluña
3514.0,10.0,28.694051288783477,28.835261407096546,16.163301762394607,23.681751478227934,392,2025-06,C. Valenciana
3514.0,11.0,30.18065184493435,36.54720182918078,11.275774410035469,22.618700870974795,96,2025-06,Extremadura
3514.0,12.0,28.45677864310085,28.81149105329635,17.686353204381774,24.148608467613222,247,2025-06,Galicia
3514.0,13.0,25.719820453435226,37.94478374142583,16.76016531109759,22.135958396500172,551,2025-06,Madrid
3514.0,14.0,24.018315554233354,26.891130109334895,21.168470913861142,22.878377698084467,127,2025-06,Murcia
3514.0,15.0,25.442713800233776,31.217392063011438,14.468309299662467,21.052952000005252,109,2025-06,Navarra
3514.0,16.0,18.102559478932548,34.64921895483849,16.69400173826311,17.539136382664772,177,2025-06,País Vasco
3514.0,17.0,20.196274082936046,29.059966640271437,23.871420157384808,21.666332512715556,88,2025-06,La Rioja
3517.0,1.0,34.768752974935516,30.455478247307155,13.95463850643128,26.44310718753382,666,2025-07,Andalucía
3517.0,2.0,30.238616299971817,26.270077985216986,17.187161496241163,25.018034378479552,107,2025-07,Aragón
3517.0,3.0,30.753049305580696,32.24502399938763,16.74473922527112,25.149725273456866,107,2025-07,Asturias
3517.0,4.0,27.65692972860984,27.82509750869702,16.399789162068796,23.15407350199342,90,2025-07,Baleares
3517.0,5.0,32.70182238935308,29.936883770628526,15.16288820731086,25.686248716536195,173,2025-07,Canarias
3517.0,6.0,20.620353815622394,36.775882895855325,18.49421952387501,19.76990009892344,96,2025-07,Cantabria
3517.0,7.0,36.37300060649675,28.661188333473568,12.736737364893262,26.91849530985536,181,2025-07,Castilla-La Mancha
3517.0,8.0,35.2837458912044,23.985033745511434,19.008971886895687,28.773836289480908,214,2025-07,Castilla y León
3517.0,9.0,26.825954156245462,32.24586203958998,17.569905838065793,23.123534828973593,539,2025-07,Cataluña
3517.0,10.0,31.024529804456527,30.726743446683443,15.251179505898127,24.71518968503317,386,2025-07,C. Valenciana
3517.0,11.0,26.037375402613577,32.404784775572246,21.593919459493417,24.259993025365514,92,2025-07,Extremadura
3517.0,12.0,29.77780570166141,25.29259905756203,17.1724260021684,24.735653821864204,235,2025-07,Galicia
3517.0,13.0,29.8679923365055,34.18937031157144,15.706360865361813,24.203339748048023,631,2025-07,Madrid
3517.0,14.0,28.06095052571782,28.069430763580602,15.354021723693618,22.97817900490814,124,2025-07,Murcia
3517.0,15.0,21.820780168721292,30.459899904240743,23.314896068708126,22.418426528716026,93,2025-07,Navarra
3517.0,16.0,21.67291911464126,35.70517287752649,13.957550900689338,18.586771829060492,171,2025-07,País Vasco
3517.0,17.0,26.41750473919659,28.69773922586259,18.82608264781803,23.38093590264516,85,2025-07,La Rioja
3524.0,1.0,30.763939031572306,30.452442004237408,16.761462510720364,25.16294842323153,716,2025-09,Andalucía
3524.0,2.0,24.15749009113668,26.11759999457565,13.13733575319792,19.749428355961175,105,2025-09,Aragón
3524.0,3.0,20.535355801116303,27.81639355606315,16.732861311375256,19.014358005219883,106,2025-09,Asturias
3524.0,4.0,28.844614923290745,25.600226926337168,15.858737451546704,23.650263934593134,116,2025-09,Baleares
3524.0,5.0,23.0680937544047,29.823945965750593,18.621129484485525,21.289308046437032,170,2025-09,Canarias
3524.0,6.0,33.467193132489975,29.328057157351555,13.436837843971674,25.455051017082653,101,2025-09,Cantabria
3524.0,7.0,25.909321486787952,28.343424125909838,13.134570930077897,20.79942126410393,148,2025-09,Castilla-La Mancha
3524.0,8.0,24.778539979371722,23.364727218544722,20.574921793539016,23.09709270503864,215,2025-09,Castilla y León
3524.0,9.0,23.70506089585709,30.584794307900683,17.736653439689988,21.317697913390248,573,2025-09,Cataluña
3524.0,10.0,27.898409584952823,30.499960191370942,16.96979232763065,23.526962682023953,398,2025-09,C. Valenciana
3524.0,11.0,26.884630943958445,26.63623198296822,11.288309105267777,20.646102208482176,117,2025-09,Extremadura
3524.0,12.0,18.497018416425725,36.26330724059049,14.005058643803839,16.700234507376972,247,2025-09,Galicia
3524.0,13.0,25.38270926432743,35.7693175270133,15.654881949075309,21.49157833822658,558,2025-09,Madrid
3524.0,14.0,31.384542687017486,28.511099598549,16.920034683811068,25.598739485734917,123,2025-09,Murcia
3524.0,15.0,18.567067976286484,25.195440661625025,20.566045304288476,19.36665890748728,103,2025-09,Navarra
3524.0,16.0,23.57110640072278,30.886165357796468,15.003234646836704,20.143957699168347,176,2025-09,País Vasco
3524.0,17.0,32.80240743273042,26.53745980921544,18.564769073842772,27.107352089175365,109,2025-09,La Rioja
3528.0,1.0,28.223159868729486,34.38818565400844,16.000937646507264,23.334270979840603,711,2025-10,Andalucía
3528.0,2.0,23.299319727891152,34.013605442176875,12.993197278911564,19.176870748299322,98,2025-10,Aragón
3528.0,3.0,26.599326599326595,34.51178451178451,14.848484848484846,21.8989898989899,99,2025-10,Asturias
3528.0,4.0,17.129629629629626,39.043209876543216,17.530864197530864,17.29012345679012,108,2025-10,Baleares
3528.0,5.0,22.679324894514767,37.13080168776371,15.242616033755272,19.70464135021097,158,2025-10,Canarias
3528.0,6.0,22.04861111111111,33.15972222222222,17.48263888888889,20.22222222222222,96,2025-10,Cantabria
3528.0,7.0,27.10843373493976,37.34939759036145,17.92168674698795,23.433734939759034,166,2025-10,Castilla-La Mancha
3528.0,8.0,26.37540453074434,34.8705501618123,15.024271844660195,21.83495145631068,206,2025-10,Castilla y León
3528.0,9.0,18.48013816925734,38.02533103051238,16.257915947035116,17.591249280368448,579,2025-10,Cataluña
3528.0,10.0,23.3502538071066,37.901861252115054,16.425549915397628,20.58037225042301,394,2025-10,C. Valenciana
3528.0,11.0,22.442244224422442,36.79867986798679,14.851485148514852,19.405940594059405,101,2025-10,Extremadura
3528.0,12.0,21.54294032023289,37.48180494905386,13.231441048034934,18.21834061135371,229,2025-10,Galicia
3528.0,13.0,24.420677361853834,37.938205585264406,14.587046939988117,20.487225193107548,561,2025-10,Madrid
3528.0,14.0,23.712737127371273,32.24932249322494,16.869918699186993,20.975609756097562,123,2025-10,Murcia
3528.0,15.0,22.40143369175627,39.9641577060932,16.4336917562724,20.014336917562723,93,2025-10,Navarra
3528.0,16.0,19.602272727272727,40.43560606060606,17.850378787878785,18.901515151515152,176,2025-10,País Vasco
3528.0,17.0,25.17361111111111,36.80555555555555,17.69097222222222,22.180555555555554,96,2025-10,La Rioja
3530.0,1.0,27.64261795192494,36.46004210730616,21.593711682168514,25.223055444022368,711,2025-11,Andalucía
3530.0,2.0,32.82050072674476,29.100789946789238,19.895176862186815,27.650371180921585,112,2025-11,Aragón
3530.0,3.0,25.69066572974088,33.63063076278632,18.43979057196163,22.79031566662918,97,2025-11,Asturias
3530.0,4.0,22.127646807287885,43.77499365531807,16.178339013396716,19.747923689731415,102,2025-11,Baleares
3530.0,5.0,25.1613738237335,36.9344509186957,16.637855206414347,21.75196637680584,152,2025-11,Canarias
3530.0,6.0,22.546275620372043,38.3843818275892,13.820955201583736,19.05614745285672,102,2025-11,Cantabria
3530.0,7.0,27.097517316711553,36.478237507477495,17.65843702395643,23.321885199609504,171,2025-11,Castilla-La Mancha
3530.0,8.0,29.808643774145676,29.60469021798946,17.00747825698596,24.688177567281784,211,2025-11,Castilla y León
3530.0,9.0,21.68265303584381,35.18641753448609,15.862094512607896,19.354429626549447,540,2025-11,Cataluña
3530.0,10.0,27.524151112062977,32.25053817588464,17.52428996455083,23.524206653058116,386,2025-11,C. Valenciana
3530.0,11.0,31.462525257744062,29.24832518292717,15.551118997850564,25.097962753786664,105,2025-11,Extremadura
3530.0,12.0,25.03174612883345,36.11418951036486,17.445527478845623,21.99725866883832,232,2025-11,Galicia
3530.0,13.0,26.718405993888528,39.49782885263016,18.96649866029272,23.617643060450206,561,2025-11,Madrid
3530.0,14.0,28.300796993746435,26.52688503095048,21.322704014669018,25.50955980211547,122,2025-11,Murcia
3530.0,15.0,19.799852766800537,30.215179455371732,21.882525401091186,20.632921820516795,106,2025-11,Navarra
3530.0,16.0,20.34362313444548,38.8863293157917,16.417665579312423,18.773240112392255,188,2025-11,País Vasco
3530.0,17.0,26.147758884996794,32.74030072054251,23.5037237693148,25.090144838723997,92,2025-11,La Rioja
3536.0,1.0,29.186462000293513,34.10827808362176,15.406426474165444,23.674447789842286,727,2025-12,Andalucía
3536.0,2.0,31.31378776755162,33.45323789702364,28.15434371833868,30.050010147866438,97,2025-12,Aragón
3536.0,3.0,24.443344637408256,40.005479107596805,15.58023360678991,20.898100225160913,90,2025-12,Asturias
3536.0,4.0,28.94400857708163,32.1881100323596,13.193255752030362,22.64370744706112,88,2025-12,Baleares
3536.0,5.0,28.784756612444195,30.840310979021474,16.248700164121885,23.77033403311527,164,2025-12,Canarias
3536.0,6.0,28.872039348806364,40.86451306404555,18.700270404889206,24.803331771239506,95,2025-12,Cantabria
3536.0,7.0,32.65930286950163,31.334433101749912,20.509907902891264,27.799544882857486,171,2025-12,Castilla-La Mancha
3536.0,8.0,33.47510707272429,32.836552495108684,13.967674832176339,25.672134176505114,185,2025-12,Castilla y León
3536.0,9.0,26.040054971455604,33.29642122564382,18.726863170960986,23.11477825125776,560,2025-12,Cataluña
3536.0,10.0,26.128271518482013,41.360664079777266,16.25551214787092,22.179167770237573,403,2025-12,C. Valenciana
3536.0,11.0,27.59459756930901,39.90635935490689,17.383666944716055,23.510225319471832,99,2025-12,Extremadura
3536.0,12.0,27.072327202663004,34.4978070167467,16.75390542574348,22.944958491895193,255,2025-12,Galicia
3536.0,13.0,26.800341867678668,38.44724893056297,16.55524488348026,22.702303073999307,573,2025-12,Madrid
3536.0,14.0,35.468134000589735,26.682020543284764,14.616915244636028,27.127646498208254,108,2025-12,Murcia
3536.0,15.0,23.74432982710465,33.796267000765766,17.17882784567251,21.118129034531794,92,2025-12,Navarra
3536.0,16.0,21.79402308657038,40.26419429669305,17.068306190497008,19.903736328141033,190,2025-12,País Vasco
3536.0,17.0,26.952082155292093,26.85408282094795,17.72426612706188,23.260955744000007,91,2025-12,La Rioja
3540.0,1.0,24.461305117309948,39.74648714788552,18.351312025197373,22.017307880464916,683,2026-01,Andalucía
3540.0,2.0,27.691398058379228,28.5696910972165,20.183348930268274,24.688178407134846,102,2026-01,Aragón
3540.0,3.0,26.388186696965,36.85098642972444,12.764617046049256,20.938758836598705,101,2026-01,Asturias
3540.0,4.0,24.311814360700943,42.21752143895979,17.30852991430016,21.510500582140633,100,2026-01,Baleares
3540.0,5.0,24.448394411898445,40.52124027923137,16.80619320998731,21.391513931133993,157,2026-01,Canarias
3540.0,6.0,23.37133950441143,44.29803815829596,19.591570869359565,21.859432050390684,90,2026-01,Cantabria
3540.0,7.0,32.37980065247144,29.383444667305966,16.291269365223823,25.944388137572393,169,2026-01,Castilla-La Mancha
3540.0,8.0,28.057899818130423,34.62211580692217,17.727053870447666,23.925561439057322,208,2026-01,Castilla y León
3540.0,9.0,21.62628107168604,37.30265198233961,16.017511248215484,19.382773142297815,574,2026-01,Cataluña
3540.0,10.0,26.463761238862926,36.959587369959856,15.537924791922281,22.093426660086667,404,2026-01,C. Valenciana
3540.0,11.0,30.738747336411166,34.33983417084191,12.142533547486284,23.300261820841214,98,2026-01,Extremadura
3540.0,12.0,22.853699906256782,34.026068593674076,20.537275945935693,21.92713032212835,242,2026-01,Galicia
3540.0,13.0,25.415455942578188,41.68263594535265,16.788288364587245,21.964588911381806,579,2026-01,Madrid
3540.0,14.0,31.228983014039848,29.788631456433468,19.24067100491346,26.433658210389286,115,2026-01,Murcia
3540.0,15.0,24.29420889618472,38.67281939466847,20.015470320292724,22.582713465827922,104,2026-01,Navarra
3540.0,16.0,16.446200899063637,39.34116300211041,19.30789336859833,17.59087788687751,176,2026-01,País Vasco
3540.0,17.0,24.187561423223574,31.57717522495385,17.367858462292272,21.45968023885106,79,2026-01,La Rioja
3544.0,1.0,26.87175131830953,34.92078160716113,15.355851036260153,22.26539120548978,737,2026-02,Andalucía
3544.0,2.0,16.415994747977553,43.487927397604366,12.875400899183985,14.999757208460123,103,2026-02,Aragón
3544.0,3.0,24.415171051079998,27.612103572408813,12.5345278288791,19.662913762199636,110,2026-02,Asturias
3544.0,4.0,23.240797248904116,34.2300469675129,11.461875059382148,18.52922837309533,97,2026-02,Baleares
3544.0,5.0,27.43830749535556,31.98349494307592,15.593083380017408,22.7002178492203,173,2026-02,Canarias
3544.0,6.0,31.039123915969228,34.49408234475564,18.083891039891927,25.85703076553831,106,2026-02,Cantabria
3544.0,7.0,29.40287374791681,33.26255652319451,15.54297034048546,23.858912384944276,157,2026-02,Castilla-La Mancha
3544.0,8.0,26.96989997352987,30.61376154361698,20.416921828684725,24.348708715591812,180,2026-02,Castilla y León
3544.0,9.0,19.124825390582007,36.70140103536433,14.981678486796854,17.467566629067946,543,2026-02,Cataluña
3544.0,10.0,26.075655222885164,35.88479159263792,17.77489124205409,22.755349630552733,393,2026-02,C. Valenciana
3544.0,11.0,30.0736409015179,22.556559856505874,13.99984117215203,23.644121009771546,100,2026-02,Extremadura
3544.0,12.0,20.621260955087898,37.59607680947214,14.839943329066529,18.308733904679347,236,2026-02,Galicia
3544.0,13.0,26.156700356821787,36.35231964077921,17.082668477626545,22.527087605143688,578,2026-02,Madrid
3544.0,14.0,25.30451878540233,37.54422556700978,19.533786278376233,22.996225782591896,118,2026-02,Murcia
3544.0,15.0,22.837902231704483,35.083474298083104,16.984728532429205,20.49663275199437,106,2026-02,Navarra
3544.0,16.0,17.896053505775416,39.20048339598331,14.726545934254153,16.628250477166908,181,2026-02,País Vasco
3544.0,17.0,29.886661685946322,30.97495865655061,23.513027001080996,27.337207812000187,76,2026-02,La Rioja
3546.0,1.0,23.46315152821671,37.79046201647965,14.192263090843289,19.754796153267343,701,2026-03,Andalucía
3546.0,2.0,20.150668325325963,34.85810259247082,13.423471842927485,17.459789732366573,99,2026-03,Aragón
3546.0,3.0,23.928841280216623,43.59301041244963,17.433307488400988,21.33062776349037,102,2026-03,Asturias
3546.0,4.0,16.85501699040806,43.04516792525673,17.505603008732923,17.115251397738007,92,2026-03,Baleares
3546.0,5.0,23.676910514520113,32.97094099366376,15.095795781090361,20.24446462114821,160,2026-03,Canarias
3546.0,6.0,24.306863399880466,38.53900919385312,18.97367177753844,22.173586750943656,104,2026-03,Cantabria
3546.0,7.0,26.91866176921912,27.961064547438458,14.116317046528934,21.79772388014305,157,2026-03,Castilla-La Mancha
3546.0,8.0,26.437778007540427,43.09703720004907,15.300956719039904,21.98304949214022,205,2026-03,Castilla y León
3546.0,9.0,18.484707097146106,39.28531953864816,14.746885499129986,16.989578457939654,564,2026-03,Cataluña
3546.0,10.0,21.931971999131783,38.979382108963904,13.31613438448176,18.485636953271772,395,2026-03,C. Valenciana
3546.0,11.0,19.45571019493051,37.91836712528677,9.550609552515352,15.49366993796445,85,2026-03,Extremadura
3546.0,12.0,22.236761871771602,40.48180091091749,20.011467579103446,21.34664415470434,240,2026-03,Galicia
3546.0,13.0,23.77901282424329,40.35511369051864,16.602977693001396,20.90859877174653,582,2026-03,Madrid
3546.0,14.0,19.44654927428743,43.47154864105775,16.873845317415324,18.417467691538594,124,2026-03,Murcia
3546.0,15.0,24.020767982218427,39.182091047137774,10.75591022020735,18.714824877413992,97,2026-03,Navarra
3546.0,16.0,19.14654778944054,38.514863092441786,11.939554211206508,16.263750358146925,184,2026-03,País Vasco
3546.0,17.0,18.026203289469517,46.897740213079395,9.329516262767338,14.547528478788644,93,2026-03,La Rioja
3557.0,1.0,19.29236025585406,42.81895409605912,15.17491399516072,17.645381751576725,685,2026-04,Andalucía
3557.0,2.0,26.937508074756536,35.875397824273456,14.316417797951125,21.889071964034372,106,2026-04,Aragón
3557.0,3.0,23.10421913121101,34.34687779852739,17.019687641752412,20.67040653542757,102,2026-04,Asturias
3557.0,4.0,21.471299360598522,38.135482338297834,18.260017305798943,20.186786538678692,99,2026-04,Baleares
3557.0,5.0,18.814571778940074,37.10419915869191,12.874818697747989,16.438670546463243,169,2026-04,Canarias
3557.0,6.0,20.03249779543885,41.73697912389796,20.641076496177256,20.27592927573421,100,2026-04,Cantabria
3557.0,7.0,20.66011227667801,42.079978064218764,22.962979070866893,21.58125899435357,176,2026-04,Castilla-La Mancha
3557.0,8.0,18.402456779322033,40.55862316511006,16.65491923013379,17.703441759646733,203,2026-04,Castilla y León
3557.0,9.0,18.13891754245716,38.13611759901939,16.588546447338032,17.518769104409508,583,2026-04,Cataluña
3557.0,10.0,17.206488718949128,37.131552319289455,17.864467461982578,17.46968021616251,394,2026-04,C. Valenciana
3557.0,11.0,19.33182412339192,41.929081096002044,18.42016410354177,18.96716011545186,97,2026-04,Extremadura
3557.0,12.0,16.9002682927058,44.044733431106295,15.126711630359262,16.190845627767185,220,2026-04,Galicia
3557.0,13.0,19.866971188879596,41.22928907143728,13.490649121981711,17.316442362120444,568,2026-04,Madrid
3557.0,14.0,22.654464663615755,37.94946708796156,20.808978865945956,21.91627034454784,120,2026-04,Murcia
3557.0,15.0,15.290307347699287,52.245687244020445,21.32987832751349,17.706135739624965,86,2026-04,Navarra
3557.0,16.0,13.800022246933482,42.589752950267986,13.890411036314507,13.836177762685892,189,2026-04,País Vasco
3557.0,17.0,24.506656039061454,40.78083582976347,17.996699688309953,21.90267349876086,90,2026-04,La Rioja
3562.0,1.0,19.8061323048076,44.77602292718706,8.290068040940785,22.77004509371762,676,2026-05,Andalucía
3562.0,2.0,18.464215679287566,37.665401572054215,8.03801429446464,21.452043898035036,116,2026-05,Aragón
3562.0,3.0,23.44044106473032,44.125629788562236,7.646726921740125,26.802305226066085,99,2026-05,Asturias
3562.0,4.0,16.672748612711988,45.31304280814039,12.64969820352509,22.086519116495698,113,2026-05,Baleares
3562.0,5.0,19.801913813724934,43.74186203033218,13.510880962698863,25.680775080575575,182,2026-05,Canarias
3562.0,6.0,21.08723877832372,37.10654815770182,9.774717220213878,23.36940168592107,109,2026-05,Cantabria
3562.0,7.0,23.248859721220057,38.81066354787379,10.815525312715529,27.40204441201319,164,2026-05,Castilla-La Mancha
3562.0,8.0,23.422745447248207,40.31783064245966,11.28653141320961,27.6400281316776,199,2026-05,Castilla y León
3562.0,9.0,16.161062549936783,39.687969794380166,11.187501189927927,20.043765598898155,584,2026-05,Cataluña
3562.0,10.0,17.9285396007914,38.8354601258361,8.935024418030425,21.542498741959104,380,2026-05,C. Valenciana
3562.0,11.0,13.79632362198572,42.76377690416537,7.756533369929516,17.069459532940765,96,2026-05,Extremadura
3562.0,12.0,17.328250034452186,44.579978764642696,10.937952281809181,21.71444469050742,235,2026-05,Galicia
3562.0,13.0,20.53989620039145,47.45388119107363,7.984142421058286,23.899658684458363,550,2026-05,Madrid
3562.0,14.0,23.32445425075207,43.49421425307141,8.597979890457239,25.930774118566358,117,2026-05,Murcia
3562.0,15.0,19.442104311824032,47.38296731475106,13.720271027596095,25.396699462122054,98,2026-05,Navarra
3562.0,16.0,14.64672110909158,41.72077027096826,10.11153121277193,19.12069133331969,174,2026-05,País Vasco
3562.0,17.0,16.884803949776153,43.128435818055564,11.1315326098215,21.57876784979202,88,2026-05,La Rioja
3567.0,1.0,29.421871532960484,38.04794588931403,9.328976265832221,29.87516775206919,687,2026-06,Andalucía
3567.0,2.0,27.210267356962493,29.290764896885957,14.421268356040855,29.732382038031364,107,2026-06,Aragón
3567.0,3.0,24.820790631304245,35.47613302068764,10.17607871414614,26.2982868910278,103,2026-06,Asturias
3567.0,4.0,24.00186531393702,41.7581570582783,10.439547607621764,25.722954391551653,98,2026-06,Baleares
3567.0,5.0,24.7453710048775,38.51057370423883,11.5145987453808,26.874987512208033,186,2026-06,Canarias
3567.0,6.0,27.9383748059289,34.65965140625051,13.246186594242891,30.08300271682217,107,2026-06,Cantabria
3567.0,7.0,31.598379456514127,28.388703481068546,11.072351596434055,31.95635783006761,165,2026-06,Castilla-La Mancha
3567.0,8.0,24.259659527476572,33.47029478032985,10.811898709943542,25.52906352217865,194,2026-06,Castilla y León
3567.0,9.0,21.604141551467055,31.962551385527735,12.22110708930557,24.436765045760847,595,2026-06,Cataluña
3567.0,10.0,27.461814578128394,34.74513351693509,10.76523437110704,28.350682295190097,386,2026-06,C. Valenciana
3567.0,11.0,26.11099888564501,30.62761747090947,10.971538242489014,27.59150000201419,97,2026-06,Extremadura
3567.0,12.0,26.31389368550635,37.43919450432041,8.2292618941268,26.571418216388953,234,2026-06,Galicia
3567.0,13.0,28.729168142647605,37.938586485280766,10.131843881440023,29.497829863201314,529,2026-06,Madrid
3567.0,14.0,35.5359773354446,25.53953632644929,10.248420939623385,35.84367166801578,120,2026-06,Murcia
3567.0,15.0,27.445515503225604,35.30056103617604,11.679893819385908,28.815668868874347,99,2026-06,Navarra
3567.0,16.0,22.495932569659743,41.36099470383252,13.444886600856142,25.32560451933124,192,2026-06,País Vasco
3567.0,17.0,30.03603114448681,37.6743967373041,6.78435295199226,29.11357856631874,90,2026-06,La Rioja
