Fecha,Periodo,Region,Indicador,Valor,Frecuencia,Serie_Original
2010-01-01,2010-M01,AND,AUX_IPC,72.686,Mensual,Andalucía. Índice general. Índice. 
2010-02-01,2010-M02,AND,AUX_IPC,72.614,Mensual,Andalucía. Índice general. Índice. 
2010-03-01,2010-M03,AND,AUX_IPC,73.186,Mensual,Andalucía. Índice general. Índice. 
2010-04-01,2010-M04,AND,AUX_IPC,74.042,Mensual,Andalucía. Índice general. Índice. 
2010-05-01,2010-M05,AND,AUX_IPC,74.21,Mensual,Andalucía. Índice general. Índice. 
2010-06-01,2010-M06,AND,AUX_IPC,74.336,Mensual,Andalucía. Índice general. Índice. 
2010-07-01,2010-M07,AND,AUX_IPC,73.895,Mensual,Andalucía. Índice general. Índice. 
2010-08-01,2010-M08,AND,AUX_IPC,74.116,Mensual,Andalucía. Índice general. Índice. 
2010-09-01,2010-M09,AND,AUX_IPC,74.245,Mensual,Andalucía. Índice general. Índice. 
2010-10-01,2010-M10,AND,AUX_IPC,74.99,Mensual,Andalucía. Índice general. Índice. 
2010-11-01,2010-M11,AND,AUX_IPC,75.436,Mensual,Andalucía. Índice general. Índice. 
2010-12-01,2010-M12,AND,AUX_IPC,75.88,Mensual,Andalucía. Índice general. Índice. 
2011-01-01,2011-M01,AND,AUX_IPC,75.208,Mensual,Andalucía. Índice general. Índice. 
2011-02-01,2011-M02,AND,AUX_IPC,75.3,Mensual,Andalucía. Índice general. Índice. 
2011-03-01,2011-M03,AND,AUX_IPC,75.949,Mensual,Andalucía. Índice general. Índice. 
2011-04-01,2011-M04,AND,AUX_IPC,76.951,Mensual,Andalucía. Índice general. Índice. 
2011-05-01,2011-M05,AND,AUX_IPC,76.948,Mensual,Andalucía. Índice general. Índice. 
2011-06-01,2011-M06,AND,AUX_IPC,76.774,Mensual,Andalucía. Índice general. Índice. 
2011-07-01,2011-M07,AND,AUX_IPC,76.169,Mensual,Andalucía. Índice general. Índice. 
2011-08-01,2011-M08,AND,AUX_IPC,76.278,Mensual,Andalucía. Índice general. Índice. 
2011-09-01,2011-M09,AND,AUX_IPC,76.577,Mensual,Andalucía. Índice general. Índice. 
2011-10-01,2011-M10,AND,AUX_IPC,77.173,Mensual,Andalucía. Índice general. Índice. 
2011-11-01,2011-M11,AND,AUX_IPC,77.477,Mensual,Andalucía. Índice general. Índice. 
2011-12-01,2011-M12,AND,AUX_IPC,77.49,Mensual,Andalucía. Índice general. Índice. 
2012-01-01,2012-M01,AND,AUX_IPC,76.494,Mensual,Andalucía. Índice general. Índice. 
2012-02-01,2012-M02,AND,AUX_IPC,76.588,Mensual,Andalucía. Índice general. Índice. 
2012-03-01,2012-M03,AND,AUX_IPC,77.147,Mensual,Andalucía. Índice general. Índice. 
2012-04-01,2012-M04,AND,AUX_IPC,78.336,Mensual,Andalucía. Índice general. Índice. 
2012-05-01,2012-M05,AND,AUX_IPC,78.19,Mensual,Andalucía. Índice general. Índice. 
2012-06-01,2012-M06,AND,AUX_IPC,78.015,Mensual,Andalucía. Índice general. Índice. 
2012-07-01,2012-M07,AND,AUX_IPC,77.729,Mensual,Andalucía. Índice general. Índice. 
2012-08-01,2012-M08,AND,AUX_IPC,78.114,Mensual,Andalucía. Índice general. Índice. 
2012-09-01,2012-M09,AND,AUX_IPC,78.967,Mensual,Andalucía. Índice general. Índice. 
2012-10-01,2012-M10,AND,AUX_IPC,79.557,Mensual,Andalucía. Índice general. Índice. 
2012-11-01,2012-M11,AND,AUX_IPC,79.512,Mensual,Andalucía. Índice general. Índice. 
2012-12-01,2012-M12,AND,AUX_IPC,79.485,Mensual,Andalucía. Índice general. Índice. 
2013-01-01,2013-M01,AND,AUX_IPC,78.38,Mensual,Andalucía. Índice general. Índice. 
2013-02-01,2013-M02,AND,AUX_IPC,78.581,Mensual,Andalucía. Índice general. Índice. 
2013-03-01,2013-M03,AND,AUX_IPC,78.864,Mensual,Andalucía. Índice general. Índice. 
2013-04-01,2013-M04,AND,AUX_IPC,79.258,Mensual,Andalucía. Índice general. Índice. 
2013-05-01,2013-M05,AND,AUX_IPC,79.382,Mensual,Andalucía. Índice general. Índice. 
2013-06-01,2013-M06,AND,AUX_IPC,79.489,Mensual,Andalucía. Índice general. Índice. 
2013-07-01,2013-M07,AND,AUX_IPC,78.965,Mensual,Andalucía. Índice general. Índice. 
2013-08-01,2013-M08,AND,AUX_IPC,79.239,Mensual,Andalucía. Índice general. Índice. 
2013-09-01,2013-M09,AND,AUX_IPC,79.112,Mensual,Andalucía. Índice general. Índice. 
2013-10-01,2013-M10,AND,AUX_IPC,79.441,Mensual,Andalucía. Índice general. Índice. 
2013-11-01,2013-M11,AND,AUX_IPC,79.664,Mensual,Andalucía. Índice general. Índice. 
2013-12-01,2013-M12,AND,AUX_IPC,79.701,Mensual,Andalucía. Índice general. Índice. 
2014-01-01,2014-M01,AND,AUX_IPC,78.484,Mensual,Andalucía. Índice general. Índice. 
2014-02-01,2014-M02,AND,AUX_IPC,78.46,Mensual,Andalucía. Índice general. Índice. 
2014-03-01,2014-M03,AND,AUX_IPC,78.762,Mensual,Andalucía. Índice general. Índice. 
2014-04-01,2014-M04,AND,AUX_IPC,79.502,Mensual,Andalucía. Índice general. Índice. 
2014-05-01,2014-M05,AND,AUX_IPC,79.479,Mensual,Andalucía. Índice general. Índice. 
2014-06-01,2014-M06,AND,AUX_IPC,79.419,Mensual,Andalucía. Índice general. Índice. 
2014-07-01,2014-M07,AND,AUX_IPC,78.501,Mensual,Andalucía. Índice general. Índice. 
2014-08-01,2014-M08,AND,AUX_IPC,78.627,Mensual,Andalucía. Índice general. Índice. 
2014-09-01,2014-M09,AND,AUX_IPC,78.897,Mensual,Andalucía. Índice general. Índice. 
2014-10-01,2014-M10,AND,AUX_IPC,79.314,Mensual,Andalucía. Índice general. Índice. 
2014-11-01,2014-M11,AND,AUX_IPC,79.264,Mensual,Andalucía. Índice general. Índice. 
2014-12-01,2014-M12,AND,AUX_IPC,78.738,Mensual,Andalucía. Índice general. Índice. 
2015-01-01,2015-M01,AND,AUX_IPC,77.401,Mensual,Andalucía. Índice general. Índice. 
2015-02-01,2015-M02,AND,AUX_IPC,77.619,Mensual,Andalucía. Índice general. Índice. 
2015-03-01,2015-M03,AND,AUX_IPC,78.115,Mensual,Andalucía. Índice general. Índice. 
2015-04-01,2015-M04,AND,AUX_IPC,78.908,Mensual,Andalucía. Índice general. Índice. 
2015-05-01,2015-M05,AND,AUX_IPC,79.301,Mensual,Andalucía. Índice general. Índice. 
2015-06-01,2015-M06,AND,AUX_IPC,79.455,Mensual,Andalucía. Índice general. Índice. 
2015-07-01,2015-M07,AND,AUX_IPC,78.561,Mensual,Andalucía. Índice general. Índice. 
2015-08-01,2015-M08,AND,AUX_IPC,78.299,Mensual,Andalucía. Índice general. Índice. 
2015-09-01,2015-M09,AND,AUX_IPC,78.159,Mensual,Andalucía. Índice general. Índice. 
2015-10-01,2015-M10,AND,AUX_IPC,78.706,Mensual,Andalucía. Índice general. Índice. 
2015-11-01,2015-M11,AND,AUX_IPC,79.019,Mensual,Andalucía. Índice general. Índice. 
2015-12-01,2015-M12,AND,AUX_IPC,78.714,Mensual,Andalucía. Índice general. Índice. 
2016-01-01,2016-M01,AND,AUX_IPC,77.147,Mensual,Andalucía. Índice general. Índice. 
2016-02-01,2016-M02,AND,AUX_IPC,76.868,Mensual,Andalucía. Índice general. Índice. 
2016-03-01,2016-M03,AND,AUX_IPC,77.463,Mensual,Andalucía. Índice general. Índice. 
2016-04-01,2016-M04,AND,AUX_IPC,78.096,Mensual,Andalucía. Índice general. Índice. 
2016-05-01,2016-M05,AND,AUX_IPC,78.531,Mensual,Andalucía. Índice general. Índice. 
2016-06-01,2016-M06,AND,AUX_IPC,78.838,Mensual,Andalucía. Índice general. Índice. 
2016-07-01,2016-M07,AND,AUX_IPC,78.117,Mensual,Andalucía. Índice general. Índice. 
2016-08-01,2016-M08,AND,AUX_IPC,78.224,Mensual,Andalucía. Índice general. Índice. 
2016-09-01,2016-M09,AND,AUX_IPC,78.345,Mensual,Andalucía. Índice general. Índice. 
2016-10-01,2016-M10,AND,AUX_IPC,79.305,Mensual,Andalucía. Índice general. Índice. 
2016-11-01,2016-M11,AND,AUX_IPC,79.596,Mensual,Andalucía. Índice general. Índice. 
2016-12-01,2016-M12,AND,AUX_IPC,79.997,Mensual,Andalucía. Índice general. Índice. 
2017-01-01,2017-M01,AND,AUX_IPC,79.486,Mensual,Andalucía. Índice general. Índice. 
2017-02-01,2017-M02,AND,AUX_IPC,79.187,Mensual,Andalucía. Índice general. Índice. 
2017-03-01,2017-M03,AND,AUX_IPC,79.254,Mensual,Andalucía. Índice general. Índice. 
2017-04-01,2017-M04,AND,AUX_IPC,80.033,Mensual,Andalucía. Índice general. Índice. 
2017-05-01,2017-M05,AND,AUX_IPC,80.036,Mensual,Andalucía. Índice general. Índice. 
2017-06-01,2017-M06,AND,AUX_IPC,79.972,Mensual,Andalucía. Índice general. Índice. 
2017-07-01,2017-M07,AND,AUX_IPC,79.269,Mensual,Andalucía. Índice general. Índice. 
2017-08-01,2017-M08,AND,AUX_IPC,79.435,Mensual,Andalucía. Índice general. Índice. 
2017-09-01,2017-M09,AND,AUX_IPC,79.719,Mensual,Andalucía. Índice general. Índice. 
2017-10-01,2017-M10,AND,AUX_IPC,80.556,Mensual,Andalucía. Índice general. Índice. 
2017-11-01,2017-M11,AND,AUX_IPC,80.964,Mensual,Andalucía. Índice general. Índice. 
2017-12-01,2017-M12,AND,AUX_IPC,80.916,Mensual,Andalucía. Índice general. Índice. 
2018-01-01,2018-M01,AND,AUX_IPC,79.884,Mensual,Andalucía. Índice general. Índice. 
2018-02-01,2018-M02,AND,AUX_IPC,80.031,Mensual,Andalucía. Índice general. Índice. 
2018-03-01,2018-M03,AND,AUX_IPC,80.145,Mensual,Andalucía. Índice general. Índice. 
2018-04-01,2018-M04,AND,AUX_IPC,80.904,Mensual,Andalucía. Índice general. Índice. 
2018-05-01,2018-M05,AND,AUX_IPC,81.615,Mensual,Andalucía. Índice general. Índice. 
2018-06-01,2018-M06,AND,AUX_IPC,81.764,Mensual,Andalucía. Índice general. Índice. 
2018-07-01,2018-M07,AND,AUX_IPC,80.981,Mensual,Andalucía. Índice general. Índice. 
2018-08-01,2018-M08,AND,AUX_IPC,81.117,Mensual,Andalucía. Índice general. Índice. 
2018-09-01,2018-M09,AND,AUX_IPC,81.459,Mensual,Andalucía. Índice general. Índice. 
2018-10-01,2018-M10,AND,AUX_IPC,82.214,Mensual,Andalucía. Índice general. Índice. 
2018-11-01,2018-M11,AND,AUX_IPC,82.106,Mensual,Andalucía. Índice general. Índice. 
2018-12-01,2018-M12,AND,AUX_IPC,81.706,Mensual,Andalucía. Índice general. Índice. 
2019-01-01,2019-M01,AND,AUX_IPC,80.485,Mensual,Andalucía. Índice general. Índice. 
2019-02-01,2019-M02,AND,AUX_IPC,80.73,Mensual,Andalucía. Índice general. Índice. 
2019-03-01,2019-M03,AND,AUX_IPC,81.095,Mensual,Andalucía. Índice general. Índice. 
2019-04-01,2019-M04,AND,AUX_IPC,81.919,Mensual,Andalucía. Índice general. Índice. 
2019-05-01,2019-M05,AND,AUX_IPC,82.108,Mensual,Andalucía. Índice general. Índice. 
2019-06-01,2019-M06,AND,AUX_IPC,81.91,Mensual,Andalucía. Índice general. Índice. 
2019-07-01,2019-M07,AND,AUX_IPC,81.231,Mensual,Andalucía. Índice general. Índice. 
2019-08-01,2019-M08,AND,AUX_IPC,81.19,Mensual,Andalucía. Índice general. Índice. 
2019-09-01,2019-M09,AND,AUX_IPC,81.355,Mensual,Andalucía. Índice general. Índice. 
2019-10-01,2019-M10,AND,AUX_IPC,82.23,Mensual,Andalucía. Índice general. Índice. 
2019-11-01,2019-M11,AND,AUX_IPC,82.327,Mensual,Andalucía. Índice general. Índice. 
2019-12-01,2019-M12,AND,AUX_IPC,82.139,Mensual,Andalucía. Índice general. Índice. 
2020-01-01,2020-M01,AND,AUX_IPC,81.324,Mensual,Andalucía. Índice general. Índice. 
2020-02-01,2020-M02,AND,AUX_IPC,81.298,Mensual,Andalucía. Índice general. Índice. 
2020-03-01,2020-M03,AND,AUX_IPC,81.068,Mensual,Andalucía. Índice general. Índice. 
2020-04-01,2020-M04,AND,AUX_IPC,81.398,Mensual,Andalucía. Índice general. Índice. 
2020-05-01,2020-M05,AND,AUX_IPC,81.433,Mensual,Andalucía. Índice general. Índice. 
2020-06-01,2020-M06,AND,AUX_IPC,81.764,Mensual,Andalucía. Índice general. Índice. 
2020-07-01,2020-M07,AND,AUX_IPC,80.866,Mensual,Andalucía. Índice general. Índice. 
2020-08-01,2020-M08,AND,AUX_IPC,80.939,Mensual,Andalucía. Índice general. Índice. 
2020-09-01,2020-M09,AND,AUX_IPC,81.134,Mensual,Andalucía. Índice general. Índice. 
2020-10-01,2020-M10,AND,AUX_IPC,81.78,Mensual,Andalucía. Índice general. Índice. 
2020-11-01,2020-M11,AND,AUX_IPC,81.818,Mensual,Andalucía. Índice general. Índice. 
2020-12-01,2020-M12,AND,AUX_IPC,81.873,Mensual,Andalucía. Índice general. Índice. 
2021-01-01,2021-M01,AND,AUX_IPC,81.838,Mensual,Andalucía. Índice general. Índice. 
2021-02-01,2021-M02,AND,AUX_IPC,81.331,Mensual,Andalucía. Índice general. Índice. 
2021-03-01,2021-M03,AND,AUX_IPC,82.211,Mensual,Andalucía. Índice general. Índice. 
2021-04-01,2021-M04,AND,AUX_IPC,83.284,Mensual,Andalucía. Índice general. Índice. 
2021-05-01,2021-M05,AND,AUX_IPC,83.664,Mensual,Andalucía. Índice general. Índice. 
2021-06-01,2021-M06,AND,AUX_IPC,84.005,Mensual,Andalucía. Índice general. Índice. 
2021-07-01,2021-M07,AND,AUX_IPC,83.179,Mensual,Andalucía. Índice general. Índice. 
2021-08-01,2021-M08,AND,AUX_IPC,83.636,Mensual,Andalucía. Índice general. Índice. 
2021-09-01,2021-M09,AND,AUX_IPC,84.456,Mensual,Andalucía. Índice general. Índice. 
2021-10-01,2021-M10,AND,AUX_IPC,86.12,Mensual,Andalucía. Índice general. Índice. 
2021-11-01,2021-M11,AND,AUX_IPC,86.274,Mensual,Andalucía. Índice general. Índice. 
2021-12-01,2021-M12,AND,AUX_IPC,87.361,Mensual,Andalucía. Índice general. Índice. 
2022-01-01,2022-M01,AND,AUX_IPC,86.904,Mensual,Andalucía. Índice general. Índice. 
2022-02-01,2022-M02,AND,AUX_IPC,87.648,Mensual,Andalucía. Índice general. Índice. 
2022-03-01,2022-M03,AND,AUX_IPC,90.356,Mensual,Andalucía. Índice general. Índice. 
2022-04-01,2022-M04,AND,AUX_IPC,90.318,Mensual,Andalucía. Índice general. Índice. 
2022-05-01,2022-M05,AND,AUX_IPC,91.12,Mensual,Andalucía. Índice general. Índice. 
2022-06-01,2022-M06,AND,AUX_IPC,92.832,Mensual,Andalucía. Índice general. Índice. 
2022-07-01,2022-M07,AND,AUX_IPC,92.461,Mensual,Andalucía. Índice general. Índice. 
2022-08-01,2022-M08,AND,AUX_IPC,92.784,Mensual,Andalucía. Índice general. Índice. 
2022-09-01,2022-M09,AND,AUX_IPC,92.234,Mensual,Andalucía. Índice general. Índice. 
2022-10-01,2022-M10,AND,AUX_IPC,92.756,Mensual,Andalucía. Índice general. Índice. 
2022-11-01,2022-M11,AND,AUX_IPC,92.581,Mensual,Andalucía. Índice general. Índice. 
2022-12-01,2022-M12,AND,AUX_IPC,92.754,Mensual,Andalucía. Índice general. Índice. 
2023-01-01,2023-M01,AND,AUX_IPC,92.422,Mensual,Andalucía. Índice general. Índice. 
2023-02-01,2023-M02,AND,AUX_IPC,93.468,Mensual,Andalucía. Índice general. Índice. 
2023-03-01,2023-M03,AND,AUX_IPC,93.853,Mensual,Andalucía. Índice general. Índice. 
2023-04-01,2023-M04,AND,AUX_IPC,94.513,Mensual,Andalucía. Índice general. Índice. 
2023-05-01,2023-M05,AND,AUX_IPC,94.483,Mensual,Andalucía. Índice general. Índice. 
2023-06-01,2023-M06,AND,AUX_IPC,94.897,Mensual,Andalucía. Índice general. Índice. 
2023-07-01,2023-M07,AND,AUX_IPC,94.87,Mensual,Andalucía. Índice general. Índice. 
2023-08-01,2023-M08,AND,AUX_IPC,95.448,Mensual,Andalucía. Índice general. Índice. 
2023-09-01,2023-M09,AND,AUX_IPC,95.72,Mensual,Andalucía. Índice general. Índice. 
2023-10-01,2023-M10,AND,AUX_IPC,96.3,Mensual,Andalucía. Índice general. Índice. 
2023-11-01,2023-M11,AND,AUX_IPC,95.857,Mensual,Andalucía. Índice general. Índice. 
2023-12-01,2023-M12,AND,AUX_IPC,95.801,Mensual,Andalucía. Índice general. Índice. 
2024-01-01,2024-M01,AND,AUX_IPC,95.899,Mensual,Andalucía. Índice general. Índice. 
2024-02-01,2024-M02,AND,AUX_IPC,96.144,Mensual,Andalucía. Índice general. Índice. 
2024-03-01,2024-M03,AND,AUX_IPC,96.806,Mensual,Andalucía. Índice general. Índice. 
2024-04-01,2024-M04,AND,AUX_IPC,97.594,Mensual,Andalucía. Índice general. Índice. 
2024-05-01,2024-M05,AND,AUX_IPC,97.823,Mensual,Andalucía. Índice general. Índice. 
2024-06-01,2024-M06,AND,AUX_IPC,98.083,Mensual,Andalucía. Índice general. Índice. 
2024-07-01,2024-M07,AND,AUX_IPC,97.496,Mensual,Andalucía. Índice general. Índice. 
2024-08-01,2024-M08,AND,AUX_IPC,97.482,Mensual,Andalucía. Índice general. Índice. 
2024-09-01,2024-M09,AND,AUX_IPC,97.011,Mensual,Andalucía. Índice general. Índice. 
2024-10-01,2024-M10,AND,AUX_IPC,97.708,Mensual,Andalucía. Índice general. Índice. 
2024-11-01,2024-M11,AND,AUX_IPC,97.975,Mensual,Andalucía. Índice general. Índice. 
2024-12-01,2024-M12,AND,AUX_IPC,98.42,Mensual,Andalucía. Índice general. Índice. 
2025-01-01,2025-M01,AND,AUX_IPC,98.625,Mensual,Andalucía. Índice general. Índice. 
2025-02-01,2025-M02,AND,AUX_IPC,98.989,Mensual,Andalucía. Índice general. Índice. 
2025-03-01,2025-M03,AND,AUX_IPC,99.121,Mensual,Andalucía. Índice general. Índice. 
2025-04-01,2025-M04,AND,AUX_IPC,99.728,Mensual,Andalucía. Índice general. Índice. 
2025-05-01,2025-M05,AND,AUX_IPC,99.894,Mensual,Andalucía. Índice general. Índice. 
2025-06-01,2025-M06,AND,AUX_IPC,100.434,Mensual,Andalucía. Índice general. Índice. 
2025-07-01,2025-M07,AND,AUX_IPC,100.166,Mensual,Andalucía. Índice general. Índice. 
2025-08-01,2025-M08,AND,AUX_IPC,100.156,Mensual,Andalucía. Índice general. Índice. 
2025-09-01,2025-M09,AND,AUX_IPC,99.986,Mensual,Andalucía. Índice general. Índice. 
2025-10-01,2025-M10,AND,AUX_IPC,100.873,Mensual,Andalucía. Índice general. Índice. 
2025-11-01,2025-M11,AND,AUX_IPC,100.852,Mensual,Andalucía. Índice general. Índice. 
2025-12-01,2025-M12,AND,AUX_IPC,101.176,Mensual,Andalucía. Índice general. Índice. 
2026-01-01,2026-M01,AND,AUX_IPC,100.733,Mensual,Andalucía. Índice general. Índice. 
2026-02-01,2026-M02,AND,AUX_IPC,101.254,Mensual,Andalucía. Índice general. Índice. 
2026-03-01,2026-M03,AND,AUX_IPC,102.402,Mensual,Andalucía. Índice general. Índice. 
2026-04-01,2026-M04,AND,AUX_IPC,102.879,Mensual,Andalucía. Índice general. Índice. 
2026-05-01,2026-M05,AND,AUX_IPC,102.866,Mensual,Andalucía. Índice general. Índice. 
2026-06-01,2026-M06,AND,AUX_IPC,103.274,Mensual,Andalucía. Índice general. Índice. 
2026-07-01,2026-M07,AND,AUX_IPC,103.499,Mensual,Andalucía. Índice general. Índice. 
2010-01-01,2010-M01,ARA,AUX_IPC,73.161,Mensual,Aragón. Índice general. Índice. 
2010-02-01,2010-M02,ARA,AUX_IPC,73.073,Mensual,Aragón. Índice general. Índice. 
2010-03-01,2010-M03,ARA,AUX_IPC,73.579,Mensual,Aragón. Índice general. Índice. 
2010-04-01,2010-M04,ARA,AUX_IPC,74.347,Mensual,Aragón. Índice general. Índice. 
2010-05-01,2010-M05,ARA,AUX_IPC,74.528,Mensual,Aragón. Índice general. Índice. 
2010-06-01,2010-M06,ARA,AUX_IPC,74.571,Mensual,Aragón. Índice general. Índice. 
2010-07-01,2010-M07,ARA,AUX_IPC,74.214,Mensual,Aragón. Índice general. Índice. 
2010-08-01,2010-M08,ARA,AUX_IPC,74.381,Mensual,Aragón. Índice general. Índice. 
2010-09-01,2010-M09,ARA,AUX_IPC,74.421,Mensual,Aragón. Índice general. Índice. 
2010-10-01,2010-M10,ARA,AUX_IPC,75.296,Mensual,Aragón. Índice general. Índice. 
2010-11-01,2010-M11,ARA,AUX_IPC,75.574,Mensual,Aragón. Índice general. Índice. 
2010-12-01,2010-M12,ARA,AUX_IPC,76.021,Mensual,Aragón. Índice general. Índice. 
2011-01-01,2011-M01,ARA,AUX_IPC,75.382,Mensual,Aragón. Índice general. Índice. 
2011-02-01,2011-M02,ARA,AUX_IPC,75.539,Mensual,Aragón. Índice general. Índice. 
2011-03-01,2011-M03,ARA,AUX_IPC,76.139,Mensual,Aragón. Índice general. Índice. 
2011-04-01,2011-M04,ARA,AUX_IPC,77.134,Mensual,Aragón. Índice general. Índice. 
2011-05-01,2011-M05,ARA,AUX_IPC,77.096,Mensual,Aragón. Índice general. Índice. 
2011-06-01,2011-M06,ARA,AUX_IPC,76.965,Mensual,Aragón. Índice general. Índice. 
2011-07-01,2011-M07,ARA,AUX_IPC,76.506,Mensual,Aragón. Índice general. Índice. 
2011-08-01,2011-M08,ARA,AUX_IPC,76.641,Mensual,Aragón. Índice general. Índice. 
2011-09-01,2011-M09,ARA,AUX_IPC,76.813,Mensual,Aragón. Índice general. Índice. 
2011-10-01,2011-M10,ARA,AUX_IPC,77.572,Mensual,Aragón. Índice general. Índice. 
2011-11-01,2011-M11,ARA,AUX_IPC,77.825,Mensual,Aragón. Índice general. Índice. 
2011-12-01,2011-M12,ARA,AUX_IPC,77.84,Mensual,Aragón. Índice general. Índice. 
2012-01-01,2012-M01,ARA,AUX_IPC,76.996,Mensual,Aragón. Índice general. Índice. 
2012-02-01,2012-M02,ARA,AUX_IPC,77.095,Mensual,Aragón. Índice general. Índice. 
2012-03-01,2012-M03,ARA,AUX_IPC,77.557,Mensual,Aragón. Índice general. Índice. 
2012-04-01,2012-M04,ARA,AUX_IPC,78.734,Mensual,Aragón. Índice general. Índice. 
2012-05-01,2012-M05,ARA,AUX_IPC,78.595,Mensual,Aragón. Índice general. Índice. 
2012-06-01,2012-M06,ARA,AUX_IPC,78.386,Mensual,Aragón. Índice general. Índice. 
2012-07-01,2012-M07,ARA,AUX_IPC,78.067,Mensual,Aragón. Índice general. Índice. 
2012-08-01,2012-M08,ARA,AUX_IPC,78.582,Mensual,Aragón. Índice general. Índice. 
2012-09-01,2012-M09,ARA,AUX_IPC,79.303,Mensual,Aragón. Índice general. Índice. 
2012-10-01,2012-M10,ARA,AUX_IPC,80.014,Mensual,Aragón. Índice general. Índice. 
2012-11-01,2012-M11,ARA,AUX_IPC,79.957,Mensual,Aragón. Índice general. Índice. 
2012-12-01,2012-M12,ARA,AUX_IPC,79.938,Mensual,Aragón. Índice general. Índice. 
2013-01-01,2013-M01,ARA,AUX_IPC,78.952,Mensual,Aragón. Índice general. Índice. 
2013-02-01,2013-M02,ARA,AUX_IPC,79.118,Mensual,Aragón. Índice general. Índice. 
2013-03-01,2013-M03,ARA,AUX_IPC,79.378,Mensual,Aragón. Índice general. Índice. 
2013-04-01,2013-M04,ARA,AUX_IPC,79.763,Mensual,Aragón. Índice general. Índice. 
2013-05-01,2013-M05,ARA,AUX_IPC,79.84,Mensual,Aragón. Índice general. Índice. 
2013-06-01,2013-M06,ARA,AUX_IPC,79.833,Mensual,Aragón. Índice general. Índice. 
2013-07-01,2013-M07,ARA,AUX_IPC,79.394,Mensual,Aragón. Índice general. Índice. 
2013-08-01,2013-M08,ARA,AUX_IPC,79.687,Mensual,Aragón. Índice general. Índice. 
2013-09-01,2013-M09,ARA,AUX_IPC,79.463,Mensual,Aragón. Índice general. Índice. 
2013-10-01,2013-M10,ARA,AUX_IPC,79.985,Mensual,Aragón. Índice general. Índice. 
2013-11-01,2013-M11,ARA,AUX_IPC,80.093,Mensual,Aragón. Índice general. Índice. 
2013-12-01,2013-M12,ARA,AUX_IPC,80.078,Mensual,Aragón. Índice general. Índice. 
2014-01-01,2014-M01,ARA,AUX_IPC,78.98,Mensual,Aragón. Índice general. Índice. 
2014-02-01,2014-M02,ARA,AUX_IPC,78.953,Mensual,Aragón. Índice general. Índice. 
2014-03-01,2014-M03,ARA,AUX_IPC,79.072,Mensual,Aragón. Índice general. Índice. 
2014-04-01,2014-M04,ARA,AUX_IPC,79.859,Mensual,Aragón. Índice general. Índice. 
2014-05-01,2014-M05,ARA,AUX_IPC,79.851,Mensual,Aragón. Índice general. Índice. 
2014-06-01,2014-M06,ARA,AUX_IPC,79.836,Mensual,Aragón. Índice general. Índice. 
2014-07-01,2014-M07,ARA,AUX_IPC,79.094,Mensual,Aragón. Índice general. Índice. 
2014-08-01,2014-M08,ARA,AUX_IPC,79.247,Mensual,Aragón. Índice general. Índice. 
2014-09-01,2014-M09,ARA,AUX_IPC,79.272,Mensual,Aragón. Índice general. Índice. 
2014-10-01,2014-M10,ARA,AUX_IPC,79.743,Mensual,Aragón. Índice general. Índice. 
2014-11-01,2014-M11,ARA,AUX_IPC,79.678,Mensual,Aragón. Índice general. Índice. 
2014-12-01,2014-M12,ARA,AUX_IPC,79.098,Mensual,Aragón. Índice general. Índice. 
2015-01-01,2015-M01,ARA,AUX_IPC,77.705,Mensual,Aragón. Índice general. Índice. 
2015-02-01,2015-M02,ARA,AUX_IPC,77.875,Mensual,Aragón. Índice general. Índice. 
2015-03-01,2015-M03,ARA,AUX_IPC,78.415,Mensual,Aragón. Índice general. Índice. 
2015-04-01,2015-M04,ARA,AUX_IPC,79.174,Mensual,Aragón. Índice general. Índice. 
2015-05-01,2015-M05,ARA,AUX_IPC,79.513,Mensual,Aragón. Índice general. Índice. 
2015-06-01,2015-M06,ARA,AUX_IPC,79.733,Mensual,Aragón. Índice general. Índice. 
2015-07-01,2015-M07,ARA,AUX_IPC,78.894,Mensual,Aragón. Índice general. Índice. 
2015-08-01,2015-M08,ARA,AUX_IPC,78.687,Mensual,Aragón. Índice general. Índice. 
2015-09-01,2015-M09,ARA,AUX_IPC,78.395,Mensual,Aragón. Índice general. Índice. 
2015-10-01,2015-M10,ARA,AUX_IPC,79.054,Mensual,Aragón. Índice general. Índice. 
2015-11-01,2015-M11,ARA,AUX_IPC,79.339,Mensual,Aragón. Índice general. Índice. 
2015-12-01,2015-M12,ARA,AUX_IPC,79.025,Mensual,Aragón. Índice general. Índice. 
2016-01-01,2016-M01,ARA,AUX_IPC,77.571,Mensual,Aragón. Índice general. Índice. 
2016-02-01,2016-M02,ARA,AUX_IPC,77.287,Mensual,Aragón. Índice general. Índice. 
2016-03-01,2016-M03,ARA,AUX_IPC,77.755,Mensual,Aragón. Índice general. Índice. 
2016-04-01,2016-M04,ARA,AUX_IPC,78.185,Mensual,Aragón. Índice general. Índice. 
2016-05-01,2016-M05,ARA,AUX_IPC,78.652,Mensual,Aragón. Índice general. Índice. 
2016-06-01,2016-M06,ARA,AUX_IPC,78.966,Mensual,Aragón. Índice general. Índice. 
2016-07-01,2016-M07,ARA,AUX_IPC,78.304,Mensual,Aragón. Índice general. Índice. 
2016-08-01,2016-M08,ARA,AUX_IPC,78.444,Mensual,Aragón. Índice general. Índice. 
2016-09-01,2016-M09,ARA,AUX_IPC,78.532,Mensual,Aragón. Índice general. Índice. 
2016-10-01,2016-M10,ARA,AUX_IPC,79.645,Mensual,Aragón. Índice general. Índice. 
2016-11-01,2016-M11,ARA,AUX_IPC,79.812,Mensual,Aragón. Índice general. Índice. 
2016-12-01,2016-M12,ARA,AUX_IPC,80.271,Mensual,Aragón. Índice general. Índice. 
2017-01-01,2017-M01,ARA,AUX_IPC,79.793,Mensual,Aragón. Índice general. Índice. 
2017-02-01,2017-M02,ARA,AUX_IPC,79.551,Mensual,Aragón. Índice general. Índice. 
2017-03-01,2017-M03,ARA,AUX_IPC,79.464,Mensual,Aragón. Índice general. Índice. 
2017-04-01,2017-M04,ARA,AUX_IPC,80.097,Mensual,Aragón. Índice general. Índice. 
2017-05-01,2017-M05,ARA,AUX_IPC,80.03,Mensual,Aragón. Índice general. Índice. 
2017-06-01,2017-M06,ARA,AUX_IPC,80.062,Mensual,Aragón. Índice general. Índice. 
2017-07-01,2017-M07,ARA,AUX_IPC,79.411,Mensual,Aragón. Índice general. Índice. 
2017-08-01,2017-M08,ARA,AUX_IPC,79.578,Mensual,Aragón. Índice general. Índice. 
2017-09-01,2017-M09,ARA,AUX_IPC,79.734,Mensual,Aragón. Índice general. Índice. 
2017-10-01,2017-M10,ARA,AUX_IPC,80.737,Mensual,Aragón. Índice general. Índice. 
2017-11-01,2017-M11,ARA,AUX_IPC,81.056,Mensual,Aragón. Índice general. Índice. 
2017-12-01,2017-M12,ARA,AUX_IPC,80.977,Mensual,Aragón. Índice general. Índice. 
2018-01-01,2018-M01,ARA,AUX_IPC,80.161,Mensual,Aragón. Índice general. Índice. 
2018-02-01,2018-M02,ARA,AUX_IPC,80.324,Mensual,Aragón. Índice general. Índice. 
2018-03-01,2018-M03,ARA,AUX_IPC,80.36,Mensual,Aragón. Índice general. Índice. 
2018-04-01,2018-M04,ARA,AUX_IPC,80.979,Mensual,Aragón. Índice general. Índice. 
2018-05-01,2018-M05,ARA,AUX_IPC,81.731,Mensual,Aragón. Índice general. Índice. 
2018-06-01,2018-M06,ARA,AUX_IPC,81.891,Mensual,Aragón. Índice general. Índice. 
2018-07-01,2018-M07,ARA,AUX_IPC,81.287,Mensual,Aragón. Índice general. Índice. 
2018-08-01,2018-M08,ARA,AUX_IPC,81.385,Mensual,Aragón. Índice general. Índice. 
2018-09-01,2018-M09,ARA,AUX_IPC,81.606,Mensual,Aragón. Índice general. Índice. 
2018-10-01,2018-M10,ARA,AUX_IPC,82.469,Mensual,Aragón. Índice general. Índice. 
2018-11-01,2018-M11,ARA,AUX_IPC,82.395,Mensual,Aragón. Índice general. Índice. 
2018-12-01,2018-M12,ARA,AUX_IPC,81.935,Mensual,Aragón. Índice general. Índice. 
2019-01-01,2019-M01,ARA,AUX_IPC,80.953,Mensual,Aragón. Índice general. Índice. 
2019-02-01,2019-M02,ARA,AUX_IPC,81.151,Mensual,Aragón. Índice general. Índice. 
2019-03-01,2019-M03,ARA,AUX_IPC,81.358,Mensual,Aragón. Índice general. Índice. 
2019-04-01,2019-M04,ARA,AUX_IPC,82.235,Mensual,Aragón. Índice general. Índice. 
2019-05-01,2019-M05,ARA,AUX_IPC,82.361,Mensual,Aragón. Índice general. Índice. 
2019-06-01,2019-M06,ARA,AUX_IPC,82.241,Mensual,Aragón. Índice general. Índice. 
2019-07-01,2019-M07,ARA,AUX_IPC,81.68,Mensual,Aragón. Índice general. Índice. 
2019-08-01,2019-M08,ARA,AUX_IPC,81.749,Mensual,Aragón. Índice general. Índice. 
2019-09-01,2019-M09,ARA,AUX_IPC,81.715,Mensual,Aragón. Índice general. Índice. 
2019-10-01,2019-M10,ARA,AUX_IPC,82.557,Mensual,Aragón. Índice general. Índice. 
2019-11-01,2019-M11,ARA,AUX_IPC,82.651,Mensual,Aragón. Índice general. Índice. 
2019-12-01,2019-M12,ARA,AUX_IPC,82.568,Mensual,Aragón. Índice general. Índice. 
2020-01-01,2020-M01,ARA,AUX_IPC,81.757,Mensual,Aragón. Índice general. Índice. 
2020-02-01,2020-M02,ARA,AUX_IPC,81.651,Mensual,Aragón. Índice general. Índice. 
2020-03-01,2020-M03,ARA,AUX_IPC,81.201,Mensual,Aragón. Índice general. Índice. 
2020-04-01,2020-M04,ARA,AUX_IPC,81.258,Mensual,Aragón. Índice general. Índice. 
2020-05-01,2020-M05,ARA,AUX_IPC,81.311,Mensual,Aragón. Índice general. Índice. 
2020-06-01,2020-M06,ARA,AUX_IPC,81.762,Mensual,Aragón. Índice general. Índice. 
2020-07-01,2020-M07,ARA,AUX_IPC,81.095,Mensual,Aragón. Índice general. Índice. 
2020-08-01,2020-M08,ARA,AUX_IPC,81.202,Mensual,Aragón. Índice general. Índice. 
2020-09-01,2020-M09,ARA,AUX_IPC,81.292,Mensual,Aragón. Índice general. Índice. 
2020-10-01,2020-M10,ARA,AUX_IPC,81.893,Mensual,Aragón. Índice general. Índice. 
2020-11-01,2020-M11,ARA,AUX_IPC,81.973,Mensual,Aragón. Índice general. Índice. 
2020-12-01,2020-M12,ARA,AUX_IPC,82.036,Mensual,Aragón. Índice general. Índice. 
2021-01-01,2021-M01,ARA,AUX_IPC,82.13,Mensual,Aragón. Índice general. Índice. 
2021-02-01,2021-M02,ARA,AUX_IPC,81.54,Mensual,Aragón. Índice general. Índice. 
2021-03-01,2021-M03,ARA,AUX_IPC,82.46,Mensual,Aragón. Índice general. Índice. 
2021-04-01,2021-M04,ARA,AUX_IPC,83.35,Mensual,Aragón. Índice general. Índice. 
2021-05-01,2021-M05,ARA,AUX_IPC,83.921,Mensual,Aragón. Índice general. Índice. 
2021-06-01,2021-M06,ARA,AUX_IPC,84.361,Mensual,Aragón. Índice general. Índice. 
2021-07-01,2021-M07,ARA,AUX_IPC,83.712,Mensual,Aragón. Índice general. Índice. 
2021-08-01,2021-M08,ARA,AUX_IPC,84.168,Mensual,Aragón. Índice general. Índice. 
2021-09-01,2021-M09,ARA,AUX_IPC,84.832,Mensual,Aragón. Índice general. Índice. 
2021-10-01,2021-M10,ARA,AUX_IPC,86.656,Mensual,Aragón. Índice general. Índice. 
2021-11-01,2021-M11,ARA,AUX_IPC,86.938,Mensual,Aragón. Índice general. Índice. 
2021-12-01,2021-M12,ARA,AUX_IPC,87.937,Mensual,Aragón. Índice general. Índice. 
2022-01-01,2022-M01,ARA,AUX_IPC,87.584,Mensual,Aragón. Índice general. Índice. 
2022-02-01,2022-M02,ARA,AUX_IPC,88.45,Mensual,Aragón. Índice general. Índice. 
2022-03-01,2022-M03,ARA,AUX_IPC,91.309,Mensual,Aragón. Índice general. Índice. 
2022-04-01,2022-M04,ARA,AUX_IPC,91.168,Mensual,Aragón. Índice general. Índice. 
2022-05-01,2022-M05,ARA,AUX_IPC,91.719,Mensual,Aragón. Índice general. Índice. 
2022-06-01,2022-M06,ARA,AUX_IPC,93.63,Mensual,Aragón. Índice general. Índice. 
2022-07-01,2022-M07,ARA,AUX_IPC,93.288,Mensual,Aragón. Índice general. Índice. 
2022-08-01,2022-M08,ARA,AUX_IPC,93.484,Mensual,Aragón. Índice general. Índice. 
2022-09-01,2022-M09,ARA,AUX_IPC,92.79,Mensual,Aragón. Índice general. Índice. 
2022-10-01,2022-M10,ARA,AUX_IPC,93.346,Mensual,Aragón. Índice general. Índice. 
2022-11-01,2022-M11,ARA,AUX_IPC,93.006,Mensual,Aragón. Índice general. Índice. 
2022-12-01,2022-M12,ARA,AUX_IPC,93.091,Mensual,Aragón. Índice general. Índice. 
2023-01-01,2023-M01,ARA,AUX_IPC,92.69,Mensual,Aragón. Índice general. Índice. 
2023-02-01,2023-M02,ARA,AUX_IPC,93.664,Mensual,Aragón. Índice general. Índice. 
2023-03-01,2023-M03,ARA,AUX_IPC,93.798,Mensual,Aragón. Índice general. Índice. 
2023-04-01,2023-M04,ARA,AUX_IPC,94.205,Mensual,Aragón. Índice general. Índice. 
2023-05-01,2023-M05,ARA,AUX_IPC,94.14,Mensual,Aragón. Índice general. Índice. 
2023-06-01,2023-M06,ARA,AUX_IPC,94.641,Mensual,Aragón. Índice general. Índice. 
2023-07-01,2023-M07,ARA,AUX_IPC,94.962,Mensual,Aragón. Índice general. Índice. 
2023-08-01,2023-M08,ARA,AUX_IPC,95.446,Mensual,Aragón. Índice general. Índice. 
2023-09-01,2023-M09,ARA,AUX_IPC,95.499,Mensual,Aragón. Índice general. Índice. 
2023-10-01,2023-M10,ARA,AUX_IPC,95.669,Mensual,Aragón. Índice general. Índice. 
2023-11-01,2023-M11,ARA,AUX_IPC,95.517,Mensual,Aragón. Índice general. Índice. 
2023-12-01,2023-M12,ARA,AUX_IPC,95.406,Mensual,Aragón. Índice general. Índice. 
2024-01-01,2024-M01,ARA,AUX_IPC,95.58,Mensual,Aragón. Índice general. Índice. 
2024-02-01,2024-M02,ARA,AUX_IPC,96.186,Mensual,Aragón. Índice general. Índice. 
2024-03-01,2024-M03,ARA,AUX_IPC,96.813,Mensual,Aragón. Índice general. Índice. 
2024-04-01,2024-M04,ARA,AUX_IPC,97.322,Mensual,Aragón. Índice general. Índice. 
2024-05-01,2024-M05,ARA,AUX_IPC,97.568,Mensual,Aragón. Índice general. Índice. 
2024-06-01,2024-M06,ARA,AUX_IPC,97.957,Mensual,Aragón. Índice general. Índice. 
2024-07-01,2024-M07,ARA,AUX_IPC,97.571,Mensual,Aragón. Índice general. Índice. 
2024-08-01,2024-M08,ARA,AUX_IPC,97.706,Mensual,Aragón. Índice general. Índice. 
2024-09-01,2024-M09,ARA,AUX_IPC,96.914,Mensual,Aragón. Índice general. Índice. 
2024-10-01,2024-M10,ARA,AUX_IPC,97.751,Mensual,Aragón. Índice general. Índice. 
2024-11-01,2024-M11,ARA,AUX_IPC,97.892,Mensual,Aragón. Índice general. Índice. 
2024-12-01,2024-M12,ARA,AUX_IPC,98.373,Mensual,Aragón. Índice general. Índice. 
2025-01-01,2025-M01,ARA,AUX_IPC,98.599,Mensual,Aragón. Índice general. Índice. 
2025-02-01,2025-M02,ARA,AUX_IPC,98.974,Mensual,Aragón. Índice general. Índice. 
2025-03-01,2025-M03,ARA,AUX_IPC,99.101,Mensual,Aragón. Índice general. Índice. 
2025-04-01,2025-M04,ARA,AUX_IPC,99.697,Mensual,Aragón. Índice general. Índice. 
2025-05-01,2025-M05,ARA,AUX_IPC,99.682,Mensual,Aragón. Índice general. Índice. 
2025-06-01,2025-M06,ARA,AUX_IPC,100.376,Mensual,Aragón. Índice general. Índice. 
2025-07-01,2025-M07,ARA,AUX_IPC,100.378,Mensual,Aragón. Índice general. Índice. 
2025-08-01,2025-M08,ARA,AUX_IPC,100.283,Mensual,Aragón. Índice general. Índice. 
2025-09-01,2025-M09,ARA,AUX_IPC,99.984,Mensual,Aragón. Índice general. Índice. 
2025-10-01,2025-M10,ARA,AUX_IPC,100.755,Mensual,Aragón. Índice general. Índice. 
2025-11-01,2025-M11,ARA,AUX_IPC,100.956,Mensual,Aragón. Índice general. Índice. 
2025-12-01,2025-M12,ARA,AUX_IPC,101.214,Mensual,Aragón. Índice general. Índice. 
2026-01-01,2026-M01,ARA,AUX_IPC,100.828,Mensual,Aragón. Índice general. Índice. 
2026-02-01,2026-M02,ARA,AUX_IPC,101.326,Mensual,Aragón. Índice general. Índice. 
2026-03-01,2026-M03,ARA,AUX_IPC,102.581,Mensual,Aragón. Índice general. Índice. 
2026-04-01,2026-M04,ARA,AUX_IPC,102.94,Mensual,Aragón. Índice general. Índice. 
2026-05-01,2026-M05,ARA,AUX_IPC,102.79,Mensual,Aragón. Índice general. Índice. 
2026-06-01,2026-M06,ARA,AUX_IPC,103.318,Mensual,Aragón. Índice general. Índice. 
2026-07-01,2026-M07,ARA,AUX_IPC,103.592,Mensual,Aragón. Índice general. Índice. 
2010-01-01,2010-M01,AST,AUX_IPC,73.171,Mensual,"Asturias, Principado de. Índice general. Índice. "
2010-02-01,2010-M02,AST,AUX_IPC,73.033,Mensual,"Asturias, Principado de. Índice general. Índice. "
2010-03-01,2010-M03,AST,AUX_IPC,73.509,Mensual,"Asturias, Principado de. Índice general. Índice. "
2010-04-01,2010-M04,AST,AUX_IPC,74.414,Mensual,"Asturias, Principado de. Índice general. Índice. "
2010-05-01,2010-M05,AST,AUX_IPC,74.711,Mensual,"Asturias, Principado de. Índice general. Índice. "
2010-06-01,2010-M06,AST,AUX_IPC,74.885,Mensual,"Asturias, Principado de. Índice general. Índice. "
2010-07-01,2010-M07,AST,AUX_IPC,74.371,Mensual,"Asturias, Principado de. Índice general. Índice. "
2010-08-01,2010-M08,AST,AUX_IPC,74.612,Mensual,"Asturias, Principado de. Índice general. Índice. "
2010-09-01,2010-M09,AST,AUX_IPC,74.644,Mensual,"Asturias, Principado de. Índice general. Índice. "
2010-10-01,2010-M10,AST,AUX_IPC,75.436,Mensual,"Asturias, Principado de. Índice general. Índice. "
2010-11-01,2010-M11,AST,AUX_IPC,76.243,Mensual,"Asturias, Principado de. Índice general. Índice. "
2010-12-01,2010-M12,AST,AUX_IPC,76.528,Mensual,"Asturias, Principado de. Índice general. Índice. "
2011-01-01,2011-M01,AST,AUX_IPC,75.894,Mensual,"Asturias, Principado de. Índice general. Índice. "
2011-02-01,2011-M02,AST,AUX_IPC,76.094,Mensual,"Asturias, Principado de. Índice general. Índice. "
2011-03-01,2011-M03,AST,AUX_IPC,76.503,Mensual,"Asturias, Principado de. Índice general. Índice. "
2011-04-01,2011-M04,AST,AUX_IPC,77.567,Mensual,"Asturias, Principado de. Índice general. Índice. "
2011-05-01,2011-M05,AST,AUX_IPC,77.651,Mensual,"Asturias, Principado de. Índice general. Índice. "
2011-06-01,2011-M06,AST,AUX_IPC,77.526,Mensual,"Asturias, Principado de. Índice general. Índice. "
2011-07-01,2011-M07,AST,AUX_IPC,76.932,Mensual,"Asturias, Principado de. Índice general. Índice. "
2011-08-01,2011-M08,AST,AUX_IPC,77.076,Mensual,"Asturias, Principado de. Índice general. Índice. "
2011-09-01,2011-M09,AST,AUX_IPC,77.204,Mensual,"Asturias, Principado de. Índice general. Índice. "
2011-10-01,2011-M10,AST,AUX_IPC,77.915,Mensual,"Asturias, Principado de. Índice general. Índice. "
2011-11-01,2011-M11,AST,AUX_IPC,78.448,Mensual,"Asturias, Principado de. Índice general. Índice. "
2011-12-01,2011-M12,AST,AUX_IPC,78.563,Mensual,"Asturias, Principado de. Índice general. Índice. "
2012-01-01,2012-M01,AST,AUX_IPC,77.424,Mensual,"Asturias, Principado de. Índice general. Índice. "
2012-02-01,2012-M02,AST,AUX_IPC,77.533,Mensual,"Asturias, Principado de. Índice general. Índice. "
2012-03-01,2012-M03,AST,AUX_IPC,77.935,Mensual,"Asturias, Principado de. Índice general. Índice. "
2012-04-01,2012-M04,AST,AUX_IPC,79.108,Mensual,"Asturias, Principado de. Índice general. Índice. "
2012-05-01,2012-M05,AST,AUX_IPC,79.06,Mensual,"Asturias, Principado de. Índice general. Índice. "
2012-06-01,2012-M06,AST,AUX_IPC,78.892,Mensual,"Asturias, Principado de. Índice general. Índice. "
2012-07-01,2012-M07,AST,AUX_IPC,78.43,Mensual,"Asturias, Principado de. Índice general. Índice. "
2012-08-01,2012-M08,AST,AUX_IPC,78.938,Mensual,"Asturias, Principado de. Índice general. Índice. "
2012-09-01,2012-M09,AST,AUX_IPC,79.582,Mensual,"Asturias, Principado de. Índice general. Índice. "
2012-10-01,2012-M10,AST,AUX_IPC,80.397,Mensual,"Asturias, Principado de. Índice general. Índice. "
2012-11-01,2012-M11,AST,AUX_IPC,80.562,Mensual,"Asturias, Principado de. Índice general. Índice. "
2012-12-01,2012-M12,AST,AUX_IPC,80.57,Mensual,"Asturias, Principado de. Índice general. Índice. "
2013-01-01,2013-M01,AST,AUX_IPC,79.417,Mensual,"Asturias, Principado de. Índice general. Índice. "
2013-02-01,2013-M02,AST,AUX_IPC,79.574,Mensual,"Asturias, Principado de. Índice general. Índice. "
2013-03-01,2013-M03,AST,AUX_IPC,79.736,Mensual,"Asturias, Principado de. Índice general. Índice. "
2013-04-01,2013-M04,AST,AUX_IPC,80.159,Mensual,"Asturias, Principado de. Índice general. Índice. "
2013-05-01,2013-M05,AST,AUX_IPC,80.322,Mensual,"Asturias, Principado de. Índice general. Índice. "
2013-06-01,2013-M06,AST,AUX_IPC,80.405,Mensual,"Asturias, Principado de. Índice general. Índice. "
2013-07-01,2013-M07,AST,AUX_IPC,79.842,Mensual,"Asturias, Principado de. Índice general. Índice. "
2013-08-01,2013-M08,AST,AUX_IPC,80.163,Mensual,"Asturias, Principado de. Índice general. Índice. "
2013-09-01,2013-M09,AST,AUX_IPC,79.959,Mensual,"Asturias, Principado de. Índice general. Índice. "
2013-10-01,2013-M10,AST,AUX_IPC,80.327,Mensual,"Asturias, Principado de. Índice general. Índice. "
2013-11-01,2013-M11,AST,AUX_IPC,80.806,Mensual,"Asturias, Principado de. Índice general. Índice. "
2013-12-01,2013-M12,AST,AUX_IPC,80.725,Mensual,"Asturias, Principado de. Índice general. Índice. "
2014-01-01,2014-M01,AST,AUX_IPC,79.437,Mensual,"Asturias, Principado de. Índice general. Índice. "
2014-02-01,2014-M02,AST,AUX_IPC,79.38,Mensual,"Asturias, Principado de. Índice general. Índice. "
2014-03-01,2014-M03,AST,AUX_IPC,79.472,Mensual,"Asturias, Principado de. Índice general. Índice. "
2014-04-01,2014-M04,AST,AUX_IPC,80.322,Mensual,"Asturias, Principado de. Índice general. Índice. "
2014-05-01,2014-M05,AST,AUX_IPC,80.368,Mensual,"Asturias, Principado de. Índice general. Índice. "
2014-06-01,2014-M06,AST,AUX_IPC,80.361,Mensual,"Asturias, Principado de. Índice general. Índice. "
2014-07-01,2014-M07,AST,AUX_IPC,79.419,Mensual,"Asturias, Principado de. Índice general. Índice. "
2014-08-01,2014-M08,AST,AUX_IPC,79.584,Mensual,"Asturias, Principado de. Índice general. Índice. "
2014-09-01,2014-M09,AST,AUX_IPC,79.635,Mensual,"Asturias, Principado de. Índice general. Índice. "
2014-10-01,2014-M10,AST,AUX_IPC,80.129,Mensual,"Asturias, Principado de. Índice general. Índice. "
2014-11-01,2014-M11,AST,AUX_IPC,80.357,Mensual,"Asturias, Principado de. Índice general. Índice. "
2014-12-01,2014-M12,AST,AUX_IPC,79.819,Mensual,"Asturias, Principado de. Índice general. Índice. "
2015-01-01,2015-M01,AST,AUX_IPC,78.278,Mensual,"Asturias, Principado de. Índice general. Índice. "
2015-02-01,2015-M02,AST,AUX_IPC,78.415,Mensual,"Asturias, Principado de. Índice general. Índice. "
2015-03-01,2015-M03,AST,AUX_IPC,78.837,Mensual,"Asturias, Principado de. Índice general. Índice. "
2015-04-01,2015-M04,AST,AUX_IPC,79.683,Mensual,"Asturias, Principado de. Índice general. Índice. "
2015-05-01,2015-M05,AST,AUX_IPC,80.084,Mensual,"Asturias, Principado de. Índice general. Índice. "
2015-06-01,2015-M06,AST,AUX_IPC,80.257,Mensual,"Asturias, Principado de. Índice general. Índice. "
2015-07-01,2015-M07,AST,AUX_IPC,79.409,Mensual,"Asturias, Principado de. Índice general. Índice. "
2015-08-01,2015-M08,AST,AUX_IPC,79.149,Mensual,"Asturias, Principado de. Índice general. Índice. "
2015-09-01,2015-M09,AST,AUX_IPC,78.881,Mensual,"Asturias, Principado de. Índice general. Índice. "
2015-10-01,2015-M10,AST,AUX_IPC,79.407,Mensual,"Asturias, Principado de. Índice general. Índice. "
2015-11-01,2015-M11,AST,AUX_IPC,80.025,Mensual,"Asturias, Principado de. Índice general. Índice. "
2015-12-01,2015-M12,AST,AUX_IPC,79.696,Mensual,"Asturias, Principado de. Índice general. Índice. "
2016-01-01,2016-M01,AST,AUX_IPC,78.005,Mensual,"Asturias, Principado de. Índice general. Índice. "
2016-02-01,2016-M02,AST,AUX_IPC,77.716,Mensual,"Asturias, Principado de. Índice general. Índice. "
2016-03-01,2016-M03,AST,AUX_IPC,78.146,Mensual,"Asturias, Principado de. Índice general. Índice. "
2016-04-01,2016-M04,AST,AUX_IPC,78.801,Mensual,"Asturias, Principado de. Índice general. Índice. "
2016-05-01,2016-M05,AST,AUX_IPC,79.338,Mensual,"Asturias, Principado de. Índice general. Índice. "
2016-06-01,2016-M06,AST,AUX_IPC,79.775,Mensual,"Asturias, Principado de. Índice general. Índice. "
2016-07-01,2016-M07,AST,AUX_IPC,79.031,Mensual,"Asturias, Principado de. Índice general. Índice. "
2016-08-01,2016-M08,AST,AUX_IPC,79.25,Mensual,"Asturias, Principado de. Índice general. Índice. "
2016-09-01,2016-M09,AST,AUX_IPC,79.199,Mensual,"Asturias, Principado de. Índice general. Índice. "
2016-10-01,2016-M10,AST,AUX_IPC,80.206,Mensual,"Asturias, Principado de. Índice general. Índice. "
2016-11-01,2016-M11,AST,AUX_IPC,80.641,Mensual,"Asturias, Principado de. Índice general. Índice. "
2016-12-01,2016-M12,AST,AUX_IPC,80.982,Mensual,"Asturias, Principado de. Índice general. Índice. "
2017-01-01,2017-M01,AST,AUX_IPC,80.331,Mensual,"Asturias, Principado de. Índice general. Índice. "
2017-02-01,2017-M02,AST,AUX_IPC,80.094,Mensual,"Asturias, Principado de. Índice general. Índice. "
2017-03-01,2017-M03,AST,AUX_IPC,79.966,Mensual,"Asturias, Principado de. Índice general. Índice. "
2017-04-01,2017-M04,AST,AUX_IPC,80.828,Mensual,"Asturias, Principado de. Índice general. Índice. "
2017-05-01,2017-M05,AST,AUX_IPC,80.626,Mensual,"Asturias, Principado de. Índice general. Índice. "
2017-06-01,2017-M06,AST,AUX_IPC,80.682,Mensual,"Asturias, Principado de. Índice general. Índice. "
2017-07-01,2017-M07,AST,AUX_IPC,80.061,Mensual,"Asturias, Principado de. Índice general. Índice. "
2017-08-01,2017-M08,AST,AUX_IPC,80.405,Mensual,"Asturias, Principado de. Índice general. Índice. "
2017-09-01,2017-M09,AST,AUX_IPC,80.388,Mensual,"Asturias, Principado de. Índice general. Índice. "
2017-10-01,2017-M10,AST,AUX_IPC,81.184,Mensual,"Asturias, Principado de. Índice general. Índice. "
2017-11-01,2017-M11,AST,AUX_IPC,81.75,Mensual,"Asturias, Principado de. Índice general. Índice. "
2017-12-01,2017-M12,AST,AUX_IPC,81.71,Mensual,"Asturias, Principado de. Índice general. Índice. "
2018-01-01,2018-M01,AST,AUX_IPC,80.608,Mensual,"Asturias, Principado de. Índice general. Índice. "
2018-02-01,2018-M02,AST,AUX_IPC,80.672,Mensual,"Asturias, Principado de. Índice general. Índice. "
2018-03-01,2018-M03,AST,AUX_IPC,80.663,Mensual,"Asturias, Principado de. Índice general. Índice. "
2018-04-01,2018-M04,AST,AUX_IPC,81.407,Mensual,"Asturias, Principado de. Índice general. Índice. "
2018-05-01,2018-M05,AST,AUX_IPC,82.233,Mensual,"Asturias, Principado de. Índice general. Índice. "
2018-06-01,2018-M06,AST,AUX_IPC,82.497,Mensual,"Asturias, Principado de. Índice general. Índice. "
2018-07-01,2018-M07,AST,AUX_IPC,81.953,Mensual,"Asturias, Principado de. Índice general. Índice. "
2018-08-01,2018-M08,AST,AUX_IPC,82.192,Mensual,"Asturias, Principado de. Índice general. Índice. "
2018-09-01,2018-M09,AST,AUX_IPC,82.11,Mensual,"Asturias, Principado de. Índice general. Índice. "
2018-10-01,2018-M10,AST,AUX_IPC,82.873,Mensual,"Asturias, Principado de. Índice general. Índice. "
2018-11-01,2018-M11,AST,AUX_IPC,83.048,Mensual,"Asturias, Principado de. Índice general. Índice. "
2018-12-01,2018-M12,AST,AUX_IPC,82.63,Mensual,"Asturias, Principado de. Índice general. Índice. "
2019-01-01,2019-M01,AST,AUX_IPC,81.307,Mensual,"Asturias, Principado de. Índice general. Índice. "
2019-02-01,2019-M02,AST,AUX_IPC,81.527,Mensual,"Asturias, Principado de. Índice general. Índice. "
2019-03-01,2019-M03,AST,AUX_IPC,81.703,Mensual,"Asturias, Principado de. Índice general. Índice. "
2019-04-01,2019-M04,AST,AUX_IPC,82.508,Mensual,"Asturias, Principado de. Índice general. Índice. "
2019-05-01,2019-M05,AST,AUX_IPC,82.83,Mensual,"Asturias, Principado de. Índice general. Índice. "
2019-06-01,2019-M06,AST,AUX_IPC,82.775,Mensual,"Asturias, Principado de. Índice general. Índice. "
2019-07-01,2019-M07,AST,AUX_IPC,82.202,Mensual,"Asturias, Principado de. Índice general. Índice. "
2019-08-01,2019-M08,AST,AUX_IPC,82.141,Mensual,"Asturias, Principado de. Índice general. Índice. "
2019-09-01,2019-M09,AST,AUX_IPC,81.819,Mensual,"Asturias, Principado de. Índice general. Índice. "
2019-10-01,2019-M10,AST,AUX_IPC,82.67,Mensual,"Asturias, Principado de. Índice general. Índice. "
2019-11-01,2019-M11,AST,AUX_IPC,83.075,Mensual,"Asturias, Principado de. Índice general. Índice. "
2019-12-01,2019-M12,AST,AUX_IPC,82.955,Mensual,"Asturias, Principado de. Índice general. Índice. "
2020-01-01,2020-M01,AST,AUX_IPC,82.034,Mensual,"Asturias, Principado de. Índice general. Índice. "
2020-02-01,2020-M02,AST,AUX_IPC,81.817,Mensual,"Asturias, Principado de. Índice general. Índice. "
2020-03-01,2020-M03,AST,AUX_IPC,81.456,Mensual,"Asturias, Principado de. Índice general. Índice. "
2020-04-01,2020-M04,AST,AUX_IPC,81.73,Mensual,"Asturias, Principado de. Índice general. Índice. "
2020-05-01,2020-M05,AST,AUX_IPC,81.791,Mensual,"Asturias, Principado de. Índice general. Índice. "
2020-06-01,2020-M06,AST,AUX_IPC,82.073,Mensual,"Asturias, Principado de. Índice general. Índice. "
2020-07-01,2020-M07,AST,AUX_IPC,81.464,Mensual,"Asturias, Principado de. Índice general. Índice. "
2020-08-01,2020-M08,AST,AUX_IPC,81.647,Mensual,"Asturias, Principado de. Índice general. Índice. "
2020-09-01,2020-M09,AST,AUX_IPC,81.601,Mensual,"Asturias, Principado de. Índice general. Índice. "
2020-10-01,2020-M10,AST,AUX_IPC,82.011,Mensual,"Asturias, Principado de. Índice general. Índice. "
2020-11-01,2020-M11,AST,AUX_IPC,82.413,Mensual,"Asturias, Principado de. Índice general. Índice. "
2020-12-01,2020-M12,AST,AUX_IPC,82.472,Mensual,"Asturias, Principado de. Índice general. Índice. "
2021-01-01,2021-M01,AST,AUX_IPC,82.326,Mensual,"Asturias, Principado de. Índice general. Índice. "
2021-02-01,2021-M02,AST,AUX_IPC,81.768,Mensual,"Asturias, Principado de. Índice general. Índice. "
2021-03-01,2021-M03,AST,AUX_IPC,82.682,Mensual,"Asturias, Principado de. Índice general. Índice. "
2021-04-01,2021-M04,AST,AUX_IPC,83.742,Mensual,"Asturias, Principado de. Índice general. Índice. "
2021-05-01,2021-M05,AST,AUX_IPC,83.982,Mensual,"Asturias, Principado de. Índice general. Índice. "
2021-06-01,2021-M06,AST,AUX_IPC,84.443,Mensual,"Asturias, Principado de. Índice general. Índice. "
2021-07-01,2021-M07,AST,AUX_IPC,83.649,Mensual,"Asturias, Principado de. Índice general. Índice. "
2021-08-01,2021-M08,AST,AUX_IPC,84.266,Mensual,"Asturias, Principado de. Índice general. Índice. "
2021-09-01,2021-M09,AST,AUX_IPC,84.779,Mensual,"Asturias, Principado de. Índice general. Índice. "
2021-10-01,2021-M10,AST,AUX_IPC,86.345,Mensual,"Asturias, Principado de. Índice general. Índice. "
2021-11-01,2021-M11,AST,AUX_IPC,86.692,Mensual,"Asturias, Principado de. Índice general. Índice. "
2021-12-01,2021-M12,AST,AUX_IPC,87.607,Mensual,"Asturias, Principado de. Índice general. Índice. "
2022-01-01,2022-M01,AST,AUX_IPC,87.194,Mensual,"Asturias, Principado de. Índice general. Índice. "
2022-02-01,2022-M02,AST,AUX_IPC,87.884,Mensual,"Asturias, Principado de. Índice general. Índice. "
2022-03-01,2022-M03,AST,AUX_IPC,90.51,Mensual,"Asturias, Principado de. Índice general. Índice. "
2022-04-01,2022-M04,AST,AUX_IPC,90.699,Mensual,"Asturias, Principado de. Índice general. Índice. "
2022-05-01,2022-M05,AST,AUX_IPC,91.431,Mensual,"Asturias, Principado de. Índice general. Índice. "
2022-06-01,2022-M06,AST,AUX_IPC,93.167,Mensual,"Asturias, Principado de. Índice general. Índice. "
2022-07-01,2022-M07,AST,AUX_IPC,92.923,Mensual,"Asturias, Principado de. Índice general. Índice. "
2022-08-01,2022-M08,AST,AUX_IPC,93.185,Mensual,"Asturias, Principado de. Índice general. Índice. "
2022-09-01,2022-M09,AST,AUX_IPC,92.424,Mensual,"Asturias, Principado de. Índice general. Índice. "
2022-10-01,2022-M10,AST,AUX_IPC,92.75,Mensual,"Asturias, Principado de. Índice general. Índice. "
2022-11-01,2022-M11,AST,AUX_IPC,92.499,Mensual,"Asturias, Principado de. Índice general. Índice. "
2022-12-01,2022-M12,AST,AUX_IPC,92.704,Mensual,"Asturias, Principado de. Índice general. Índice. "
2023-01-01,2023-M01,AST,AUX_IPC,92.496,Mensual,"Asturias, Principado de. Índice general. Índice. "
2023-02-01,2023-M02,AST,AUX_IPC,93.232,Mensual,"Asturias, Principado de. Índice general. Índice. "
2023-03-01,2023-M03,AST,AUX_IPC,93.725,Mensual,"Asturias, Principado de. Índice general. Índice. "
2023-04-01,2023-M04,AST,AUX_IPC,94.291,Mensual,"Asturias, Principado de. Índice general. Índice. "
2023-05-01,2023-M05,AST,AUX_IPC,94.085,Mensual,"Asturias, Principado de. Índice general. Índice. "
2023-06-01,2023-M06,AST,AUX_IPC,94.631,Mensual,"Asturias, Principado de. Índice general. Índice. "
2023-07-01,2023-M07,AST,AUX_IPC,94.831,Mensual,"Asturias, Principado de. Índice general. Índice. "
2023-08-01,2023-M08,AST,AUX_IPC,95.61,Mensual,"Asturias, Principado de. Índice general. Índice. "
2023-09-01,2023-M09,AST,AUX_IPC,95.361,Mensual,"Asturias, Principado de. Índice general. Índice. "
2023-10-01,2023-M10,AST,AUX_IPC,95.608,Mensual,"Asturias, Principado de. Índice general. Índice. "
2023-11-01,2023-M11,AST,AUX_IPC,95.226,Mensual,"Asturias, Principado de. Índice general. Índice. "
2023-12-01,2023-M12,AST,AUX_IPC,95.436,Mensual,"Asturias, Principado de. Índice general. Índice. "
2024-01-01,2024-M01,AST,AUX_IPC,95.489,Mensual,"Asturias, Principado de. Índice general. Índice. "
2024-02-01,2024-M02,AST,AUX_IPC,95.86,Mensual,"Asturias, Principado de. Índice general. Índice. "
2024-03-01,2024-M03,AST,AUX_IPC,96.651,Mensual,"Asturias, Principado de. Índice general. Índice. "
2024-04-01,2024-M04,AST,AUX_IPC,97.38,Mensual,"Asturias, Principado de. Índice general. Índice. "
2024-05-01,2024-M05,AST,AUX_IPC,97.356,Mensual,"Asturias, Principado de. Índice general. Índice. "
2024-06-01,2024-M06,AST,AUX_IPC,97.974,Mensual,"Asturias, Principado de. Índice general. Índice. "
2024-07-01,2024-M07,AST,AUX_IPC,97.594,Mensual,"Asturias, Principado de. Índice general. Índice. "
2024-08-01,2024-M08,AST,AUX_IPC,97.893,Mensual,"Asturias, Principado de. Índice general. Índice. "
2024-09-01,2024-M09,AST,AUX_IPC,97.077,Mensual,"Asturias, Principado de. Índice general. Índice. "
2024-10-01,2024-M10,AST,AUX_IPC,97.517,Mensual,"Asturias, Principado de. Índice general. Índice. "
2024-11-01,2024-M11,AST,AUX_IPC,97.792,Mensual,"Asturias, Principado de. Índice general. Índice. "
2024-12-01,2024-M12,AST,AUX_IPC,98.371,Mensual,"Asturias, Principado de. Índice general. Índice. "
2025-01-01,2025-M01,AST,AUX_IPC,98.535,Mensual,"Asturias, Principado de. Índice general. Índice. "
2025-02-01,2025-M02,AST,AUX_IPC,98.924,Mensual,"Asturias, Principado de. Índice general. Índice. "
2025-03-01,2025-M03,AST,AUX_IPC,98.905,Mensual,"Asturias, Principado de. Índice general. Índice. "
2025-04-01,2025-M04,AST,AUX_IPC,99.702,Mensual,"Asturias, Principado de. Índice general. Índice. "
2025-05-01,2025-M05,AST,AUX_IPC,99.519,Mensual,"Asturias, Principado de. Índice general. Índice. "
2025-06-01,2025-M06,AST,AUX_IPC,100.444,Mensual,"Asturias, Principado de. Índice general. Índice. "
2025-07-01,2025-M07,AST,AUX_IPC,100.602,Mensual,"Asturias, Principado de. Índice general. Índice. "
2025-08-01,2025-M08,AST,AUX_IPC,100.965,Mensual,"Asturias, Principado de. Índice general. Índice. "
2025-09-01,2025-M09,AST,AUX_IPC,100.093,Mensual,"Asturias, Principado de. Índice general. Índice. "
2025-10-01,2025-M10,AST,AUX_IPC,100.557,Mensual,"Asturias, Principado de. Índice general. Índice. "
2025-11-01,2025-M11,AST,AUX_IPC,100.701,Mensual,"Asturias, Principado de. Índice general. Índice. "
2025-12-01,2025-M12,AST,AUX_IPC,101.052,Mensual,"Asturias, Principado de. Índice general. Índice. "
2026-01-01,2026-M01,AST,AUX_IPC,100.389,Mensual,"Asturias, Principado de. Índice general. Índice. "
2026-02-01,2026-M02,AST,AUX_IPC,100.853,Mensual,"Asturias, Principado de. Índice general. Índice. "
2026-03-01,2026-M03,AST,AUX_IPC,101.898,Mensual,"Asturias, Principado de. Índice general. Índice. "
2026-04-01,2026-M04,AST,AUX_IPC,102.424,Mensual,"Asturias, Principado de. Índice general. Índice. "
2026-05-01,2026-M05,AST,AUX_IPC,102.401,Mensual,"Asturias, Principado de. Índice general. Índice. "
2026-06-01,2026-M06,AST,AUX_IPC,103.146,Mensual,"Asturias, Principado de. Índice general. Índice. "
2026-07-01,2026-M07,AST,AUX_IPC,103.771,Mensual,"Asturias, Principado de. Índice general. Índice. "
2010-01-01,2010-M01,BAL,AUX_IPC,71.988,Mensual,"Balears, Illes. Índice general. Índice. "
2010-02-01,2010-M02,BAL,AUX_IPC,71.823,Mensual,"Balears, Illes. Índice general. Índice. "
2010-03-01,2010-M03,BAL,AUX_IPC,72.316,Mensual,"Balears, Illes. Índice general. Índice. "
2010-04-01,2010-M04,BAL,AUX_IPC,72.728,Mensual,"Balears, Illes. Índice general. Índice. "
2010-05-01,2010-M05,BAL,AUX_IPC,73.053,Mensual,"Balears, Illes. Índice general. Índice. "
2010-06-01,2010-M06,BAL,AUX_IPC,73.22,Mensual,"Balears, Illes. Índice general. Índice. "
2010-07-01,2010-M07,BAL,AUX_IPC,73.333,Mensual,"Balears, Illes. Índice general. Índice. "
2010-08-01,2010-M08,BAL,AUX_IPC,73.386,Mensual,"Balears, Illes. Índice general. Índice. "
2010-09-01,2010-M09,BAL,AUX_IPC,73.149,Mensual,"Balears, Illes. Índice general. Índice. "
2010-10-01,2010-M10,BAL,AUX_IPC,73.318,Mensual,"Balears, Illes. Índice general. Índice. "
2010-11-01,2010-M11,BAL,AUX_IPC,73.86,Mensual,"Balears, Illes. Índice general. Índice. "
2010-12-01,2010-M12,BAL,AUX_IPC,74.264,Mensual,"Balears, Illes. Índice general. Índice. "
2011-01-01,2011-M01,BAL,AUX_IPC,73.964,Mensual,"Balears, Illes. Índice general. Índice. "
2011-02-01,2011-M02,BAL,AUX_IPC,74.213,Mensual,"Balears, Illes. Índice general. Índice. "
2011-03-01,2011-M03,BAL,AUX_IPC,74.48,Mensual,"Balears, Illes. Índice general. Índice. "
2011-04-01,2011-M04,BAL,AUX_IPC,75.214,Mensual,"Balears, Illes. Índice general. Índice. "
2011-05-01,2011-M05,BAL,AUX_IPC,75.295,Mensual,"Balears, Illes. Índice general. Índice. "
2011-06-01,2011-M06,BAL,AUX_IPC,75.311,Mensual,"Balears, Illes. Índice general. Índice. "
2011-07-01,2011-M07,BAL,AUX_IPC,75.257,Mensual,"Balears, Illes. Índice general. Índice. "
2011-08-01,2011-M08,BAL,AUX_IPC,75.227,Mensual,"Balears, Illes. Índice general. Índice. "
2011-09-01,2011-M09,BAL,AUX_IPC,75.209,Mensual,"Balears, Illes. Índice general. Índice. "
2011-10-01,2011-M10,BAL,AUX_IPC,75.478,Mensual,"Balears, Illes. Índice general. Índice. "
2011-11-01,2011-M11,BAL,AUX_IPC,75.847,Mensual,"Balears, Illes. Índice general. Índice. "
2011-12-01,2011-M12,BAL,AUX_IPC,75.979,Mensual,"Balears, Illes. Índice general. Índice. "
2012-01-01,2012-M01,BAL,AUX_IPC,75.51,Mensual,"Balears, Illes. Índice general. Índice. "
2012-02-01,2012-M02,BAL,AUX_IPC,75.28,Mensual,"Balears, Illes. Índice general. Índice. "
2012-03-01,2012-M03,BAL,AUX_IPC,75.823,Mensual,"Balears, Illes. Índice general. Índice. "
2012-04-01,2012-M04,BAL,AUX_IPC,76.715,Mensual,"Balears, Illes. Índice general. Índice. "
2012-05-01,2012-M05,BAL,AUX_IPC,76.857,Mensual,"Balears, Illes. Índice general. Índice. "
2012-06-01,2012-M06,BAL,AUX_IPC,76.806,Mensual,"Balears, Illes. Índice general. Índice. "
2012-07-01,2012-M07,BAL,AUX_IPC,76.942,Mensual,"Balears, Illes. Índice general. Índice. "
2012-08-01,2012-M08,BAL,AUX_IPC,77.225,Mensual,"Balears, Illes. Índice general. Índice. "
2012-09-01,2012-M09,BAL,AUX_IPC,77.887,Mensual,"Balears, Illes. Índice general. Índice. "
2012-10-01,2012-M10,BAL,AUX_IPC,78.302,Mensual,"Balears, Illes. Índice general. Índice. "
2012-11-01,2012-M11,BAL,AUX_IPC,78.311,Mensual,"Balears, Illes. Índice general. Índice. "
2012-12-01,2012-M12,BAL,AUX_IPC,78.345,Mensual,"Balears, Illes. Índice general. Índice. "
2013-01-01,2013-M01,BAL,AUX_IPC,77.594,Mensual,"Balears, Illes. Índice general. Índice. "
2013-02-01,2013-M02,BAL,AUX_IPC,77.631,Mensual,"Balears, Illes. Índice general. Índice. "
2013-03-01,2013-M03,BAL,AUX_IPC,77.831,Mensual,"Balears, Illes. Índice general. Índice. "
2013-04-01,2013-M04,BAL,AUX_IPC,78.008,Mensual,"Balears, Illes. Índice general. Índice. "
2013-05-01,2013-M05,BAL,AUX_IPC,78.229,Mensual,"Balears, Illes. Índice general. Índice. "
2013-06-01,2013-M06,BAL,AUX_IPC,78.473,Mensual,"Balears, Illes. Índice general. Índice. "
2013-07-01,2013-M07,BAL,AUX_IPC,78.369,Mensual,"Balears, Illes. Índice general. Índice. "
2013-08-01,2013-M08,BAL,AUX_IPC,78.458,Mensual,"Balears, Illes. Índice general. Índice. "
2013-09-01,2013-M09,BAL,AUX_IPC,78.242,Mensual,"Balears, Illes. Índice general. Índice. "
2013-10-01,2013-M10,BAL,AUX_IPC,78.262,Mensual,"Balears, Illes. Índice general. Índice. "
2013-11-01,2013-M11,BAL,AUX_IPC,78.56,Mensual,"Balears, Illes. Índice general. Índice. "
2013-12-01,2013-M12,BAL,AUX_IPC,78.722,Mensual,"Balears, Illes. Índice general. Índice. "
2014-01-01,2014-M01,BAL,AUX_IPC,77.988,Mensual,"Balears, Illes. Índice general. Índice. "
2014-02-01,2014-M02,BAL,AUX_IPC,77.925,Mensual,"Balears, Illes. Índice general. Índice. "
2014-03-01,2014-M03,BAL,AUX_IPC,78.038,Mensual,"Balears, Illes. Índice general. Índice. "
2014-04-01,2014-M04,BAL,AUX_IPC,78.507,Mensual,"Balears, Illes. Índice general. Índice. "
2014-05-01,2014-M05,BAL,AUX_IPC,78.673,Mensual,"Balears, Illes. Índice general. Índice. "
2014-06-01,2014-M06,BAL,AUX_IPC,78.84,Mensual,"Balears, Illes. Índice general. Índice. "
2014-07-01,2014-M07,BAL,AUX_IPC,78.434,Mensual,"Balears, Illes. Índice general. Índice. "
2014-08-01,2014-M08,BAL,AUX_IPC,78.469,Mensual,"Balears, Illes. Índice general. Índice. "
2014-09-01,2014-M09,BAL,AUX_IPC,78.454,Mensual,"Balears, Illes. Índice general. Índice. "
2014-10-01,2014-M10,BAL,AUX_IPC,78.401,Mensual,"Balears, Illes. Índice general. Índice. "
2014-11-01,2014-M11,BAL,AUX_IPC,78.48,Mensual,"Balears, Illes. Índice general. Índice. "
2014-12-01,2014-M12,BAL,AUX_IPC,78.096,Mensual,"Balears, Illes. Índice general. Índice. "
2015-01-01,2015-M01,BAL,AUX_IPC,77.152,Mensual,"Balears, Illes. Índice general. Índice. "
2015-02-01,2015-M02,BAL,AUX_IPC,77.233,Mensual,"Balears, Illes. Índice general. Índice. "
2015-03-01,2015-M03,BAL,AUX_IPC,77.704,Mensual,"Balears, Illes. Índice general. Índice. "
2015-04-01,2015-M04,BAL,AUX_IPC,78.336,Mensual,"Balears, Illes. Índice general. Índice. "
2015-05-01,2015-M05,BAL,AUX_IPC,78.823,Mensual,"Balears, Illes. Índice general. Índice. "
2015-06-01,2015-M06,BAL,AUX_IPC,79.194,Mensual,"Balears, Illes. Índice general. Índice. "
2015-07-01,2015-M07,BAL,AUX_IPC,78.937,Mensual,"Balears, Illes. Índice general. Índice. "
2015-08-01,2015-M08,BAL,AUX_IPC,78.613,Mensual,"Balears, Illes. Índice general. Índice. "
2015-09-01,2015-M09,BAL,AUX_IPC,78.166,Mensual,"Balears, Illes. Índice general. Índice. "
2015-10-01,2015-M10,BAL,AUX_IPC,78.241,Mensual,"Balears, Illes. Índice general. Índice. "
2015-11-01,2015-M11,BAL,AUX_IPC,78.594,Mensual,"Balears, Illes. Índice general. Índice. "
2015-12-01,2015-M12,BAL,AUX_IPC,78.351,Mensual,"Balears, Illes. Índice general. Índice. "
2016-01-01,2016-M01,BAL,AUX_IPC,77.112,Mensual,"Balears, Illes. Índice general. Índice. "
2016-02-01,2016-M02,BAL,AUX_IPC,76.783,Mensual,"Balears, Illes. Índice general. Índice. "
2016-03-01,2016-M03,BAL,AUX_IPC,77.18,Mensual,"Balears, Illes. Índice general. Índice. "
2016-04-01,2016-M04,BAL,AUX_IPC,77.66,Mensual,"Balears, Illes. Índice general. Índice. "
2016-05-01,2016-M05,BAL,AUX_IPC,78.14,Mensual,"Balears, Illes. Índice general. Índice. "
2016-06-01,2016-M06,BAL,AUX_IPC,78.598,Mensual,"Balears, Illes. Índice general. Índice. "
2016-07-01,2016-M07,BAL,AUX_IPC,78.41,Mensual,"Balears, Illes. Índice general. Índice. "
2016-08-01,2016-M08,BAL,AUX_IPC,78.431,Mensual,"Balears, Illes. Índice general. Índice. "
2016-09-01,2016-M09,BAL,AUX_IPC,78.216,Mensual,"Balears, Illes. Índice general. Índice. "
2016-10-01,2016-M10,BAL,AUX_IPC,78.781,Mensual,"Balears, Illes. Índice general. Índice. "
2016-11-01,2016-M11,BAL,AUX_IPC,79.153,Mensual,"Balears, Illes. Índice general. Índice. "
2016-12-01,2016-M12,BAL,AUX_IPC,79.585,Mensual,"Balears, Illes. Índice general. Índice. "
2017-01-01,2017-M01,BAL,AUX_IPC,79.332,Mensual,"Balears, Illes. Índice general. Índice. "
2017-02-01,2017-M02,BAL,AUX_IPC,79.032,Mensual,"Balears, Illes. Índice general. Índice. "
2017-03-01,2017-M03,BAL,AUX_IPC,79.046,Mensual,"Balears, Illes. Índice general. Índice. "
2017-04-01,2017-M04,BAL,AUX_IPC,79.762,Mensual,"Balears, Illes. Índice general. Índice. "
2017-05-01,2017-M05,BAL,AUX_IPC,79.832,Mensual,"Balears, Illes. Índice general. Índice. "
2017-06-01,2017-M06,BAL,AUX_IPC,80.019,Mensual,"Balears, Illes. Índice general. Índice. "
2017-07-01,2017-M07,BAL,AUX_IPC,79.821,Mensual,"Balears, Illes. Índice general. Índice. "
2017-08-01,2017-M08,BAL,AUX_IPC,79.927,Mensual,"Balears, Illes. Índice general. Índice. "
2017-09-01,2017-M09,BAL,AUX_IPC,79.84,Mensual,"Balears, Illes. Índice general. Índice. "
2017-10-01,2017-M10,BAL,AUX_IPC,80.181,Mensual,"Balears, Illes. Índice general. Índice. "
2017-11-01,2017-M11,BAL,AUX_IPC,80.592,Mensual,"Balears, Illes. Índice general. Índice. "
2017-12-01,2017-M12,BAL,AUX_IPC,80.632,Mensual,"Balears, Illes. Índice general. Índice. "
2018-01-01,2018-M01,BAL,AUX_IPC,79.881,Mensual,"Balears, Illes. Índice general. Índice. "
2018-02-01,2018-M02,BAL,AUX_IPC,79.868,Mensual,"Balears, Illes. Índice general. Índice. "
2018-03-01,2018-M03,BAL,AUX_IPC,79.912,Mensual,"Balears, Illes. Índice general. Índice. "
2018-04-01,2018-M04,BAL,AUX_IPC,80.599,Mensual,"Balears, Illes. Índice general. Índice. "
2018-05-01,2018-M05,BAL,AUX_IPC,81.482,Mensual,"Balears, Illes. Índice general. Índice. "
2018-06-01,2018-M06,BAL,AUX_IPC,81.8,Mensual,"Balears, Illes. Índice general. Índice. "
2018-07-01,2018-M07,BAL,AUX_IPC,81.407,Mensual,"Balears, Illes. Índice general. Índice. "
2018-08-01,2018-M08,BAL,AUX_IPC,81.464,Mensual,"Balears, Illes. Índice general. Índice. "
2018-09-01,2018-M09,BAL,AUX_IPC,81.352,Mensual,"Balears, Illes. Índice general. Índice. "
2018-10-01,2018-M10,BAL,AUX_IPC,81.713,Mensual,"Balears, Illes. Índice general. Índice. "
2018-11-01,2018-M11,BAL,AUX_IPC,81.584,Mensual,"Balears, Illes. Índice general. Índice. "
2018-12-01,2018-M12,BAL,AUX_IPC,81.21,Mensual,"Balears, Illes. Índice general. Índice. "
2019-01-01,2019-M01,BAL,AUX_IPC,80.418,Mensual,"Balears, Illes. Índice general. Índice. "
2019-02-01,2019-M02,BAL,AUX_IPC,80.415,Mensual,"Balears, Illes. Índice general. Índice. "
2019-03-01,2019-M03,BAL,AUX_IPC,80.815,Mensual,"Balears, Illes. Índice general. Índice. "
2019-04-01,2019-M04,BAL,AUX_IPC,81.556,Mensual,"Balears, Illes. Índice general. Índice. "
2019-05-01,2019-M05,BAL,AUX_IPC,81.785,Mensual,"Balears, Illes. Índice general. Índice. "
2019-06-01,2019-M06,BAL,AUX_IPC,81.771,Mensual,"Balears, Illes. Índice general. Índice. "
2019-07-01,2019-M07,BAL,AUX_IPC,81.557,Mensual,"Balears, Illes. Índice general. Índice. "
2019-08-01,2019-M08,BAL,AUX_IPC,81.534,Mensual,"Balears, Illes. Índice general. Índice. "
2019-09-01,2019-M09,BAL,AUX_IPC,81.398,Mensual,"Balears, Illes. Índice general. Índice. "
2019-10-01,2019-M10,BAL,AUX_IPC,81.776,Mensual,"Balears, Illes. Índice general. Índice. "
2019-11-01,2019-M11,BAL,AUX_IPC,81.928,Mensual,"Balears, Illes. Índice general. Índice. "
2019-12-01,2019-M12,BAL,AUX_IPC,82.001,Mensual,"Balears, Illes. Índice general. Índice. "
2020-01-01,2020-M01,BAL,AUX_IPC,81.332,Mensual,"Balears, Illes. Índice general. Índice. "
2020-02-01,2020-M02,BAL,AUX_IPC,81.185,Mensual,"Balears, Illes. Índice general. Índice. "
2020-03-01,2020-M03,BAL,AUX_IPC,80.94,Mensual,"Balears, Illes. Índice general. Índice. "
2020-04-01,2020-M04,BAL,AUX_IPC,80.899,Mensual,"Balears, Illes. Índice general. Índice. "
2020-05-01,2020-M05,BAL,AUX_IPC,81.004,Mensual,"Balears, Illes. Índice general. Índice. "
2020-06-01,2020-M06,BAL,AUX_IPC,81.322,Mensual,"Balears, Illes. Índice general. Índice. "
2020-07-01,2020-M07,BAL,AUX_IPC,81.044,Mensual,"Balears, Illes. Índice general. Índice. "
2020-08-01,2020-M08,BAL,AUX_IPC,80.971,Mensual,"Balears, Illes. Índice general. Índice. "
2020-09-01,2020-M09,BAL,AUX_IPC,80.979,Mensual,"Balears, Illes. Índice general. Índice. "
2020-10-01,2020-M10,BAL,AUX_IPC,81.171,Mensual,"Balears, Illes. Índice general. Índice. "
2020-11-01,2020-M11,BAL,AUX_IPC,81.49,Mensual,"Balears, Illes. Índice general. Índice. "
2020-12-01,2020-M12,BAL,AUX_IPC,81.695,Mensual,"Balears, Illes. Índice general. Índice. "
2021-01-01,2021-M01,BAL,AUX_IPC,81.885,Mensual,"Balears, Illes. Índice general. Índice. "
2021-02-01,2021-M02,BAL,AUX_IPC,81.381,Mensual,"Balears, Illes. Índice general. Índice. "
2021-03-01,2021-M03,BAL,AUX_IPC,82.216,Mensual,"Balears, Illes. Índice general. Índice. "
2021-04-01,2021-M04,BAL,AUX_IPC,82.976,Mensual,"Balears, Illes. Índice general. Índice. "
2021-05-01,2021-M05,BAL,AUX_IPC,83.483,Mensual,"Balears, Illes. Índice general. Índice. "
2021-06-01,2021-M06,BAL,AUX_IPC,83.938,Mensual,"Balears, Illes. Índice general. Índice. "
2021-07-01,2021-M07,BAL,AUX_IPC,83.483,Mensual,"Balears, Illes. Índice general. Índice. "
2021-08-01,2021-M08,BAL,AUX_IPC,83.736,Mensual,"Balears, Illes. Índice general. Índice. "
2021-09-01,2021-M09,BAL,AUX_IPC,84.365,Mensual,"Balears, Illes. Índice general. Índice. "
2021-10-01,2021-M10,BAL,AUX_IPC,85.725,Mensual,"Balears, Illes. Índice general. Índice. "
2021-11-01,2021-M11,BAL,AUX_IPC,86.131,Mensual,"Balears, Illes. Índice general. Índice. "
2021-12-01,2021-M12,BAL,AUX_IPC,87.023,Mensual,"Balears, Illes. Índice general. Índice. "
2022-01-01,2022-M01,BAL,AUX_IPC,86.813,Mensual,"Balears, Illes. Índice general. Índice. "
2022-02-01,2022-M02,BAL,AUX_IPC,87.523,Mensual,"Balears, Illes. Índice general. Índice. "
2022-03-01,2022-M03,BAL,AUX_IPC,89.937,Mensual,"Balears, Illes. Índice general. Índice. "
2022-04-01,2022-M04,BAL,AUX_IPC,89.418,Mensual,"Balears, Illes. Índice general. Índice. "
2022-05-01,2022-M05,BAL,AUX_IPC,90.346,Mensual,"Balears, Illes. Índice general. Índice. "
2022-06-01,2022-M06,BAL,AUX_IPC,92.111,Mensual,"Balears, Illes. Índice general. Índice. "
2022-07-01,2022-M07,BAL,AUX_IPC,92.045,Mensual,"Balears, Illes. Índice general. Índice. "
2022-08-01,2022-M08,BAL,AUX_IPC,92.685,Mensual,"Balears, Illes. Índice general. Índice. "
2022-09-01,2022-M09,BAL,AUX_IPC,91.846,Mensual,"Balears, Illes. Índice general. Índice. "
2022-10-01,2022-M10,BAL,AUX_IPC,91.982,Mensual,"Balears, Illes. Índice general. Índice. "
2022-11-01,2022-M11,BAL,AUX_IPC,91.579,Mensual,"Balears, Illes. Índice general. Índice. "
2022-12-01,2022-M12,BAL,AUX_IPC,91.8,Mensual,"Balears, Illes. Índice general. Índice. "
2023-01-01,2023-M01,BAL,AUX_IPC,91.785,Mensual,"Balears, Illes. Índice general. Índice. "
2023-02-01,2023-M02,BAL,AUX_IPC,92.778,Mensual,"Balears, Illes. Índice general. Índice. "
2023-03-01,2023-M03,BAL,AUX_IPC,92.999,Mensual,"Balears, Illes. Índice general. Índice. "
2023-04-01,2023-M04,BAL,AUX_IPC,93.562,Mensual,"Balears, Illes. Índice general. Índice. "
2023-05-01,2023-M05,BAL,AUX_IPC,93.758,Mensual,"Balears, Illes. Índice general. Índice. "
2023-06-01,2023-M06,BAL,AUX_IPC,94.469,Mensual,"Balears, Illes. Índice general. Índice. "
2023-07-01,2023-M07,BAL,AUX_IPC,94.765,Mensual,"Balears, Illes. Índice general. Índice. "
2023-08-01,2023-M08,BAL,AUX_IPC,95.583,Mensual,"Balears, Illes. Índice general. Índice. "
2023-09-01,2023-M09,BAL,AUX_IPC,95.538,Mensual,"Balears, Illes. Índice general. Índice. "
2023-10-01,2023-M10,BAL,AUX_IPC,95.485,Mensual,"Balears, Illes. Índice general. Índice. "
2023-11-01,2023-M11,BAL,AUX_IPC,94.848,Mensual,"Balears, Illes. Índice general. Índice. "
2023-12-01,2023-M12,BAL,AUX_IPC,94.828,Mensual,"Balears, Illes. Índice general. Índice. "
2024-01-01,2024-M01,BAL,AUX_IPC,94.911,Mensual,"Balears, Illes. Índice general. Índice. "
2024-02-01,2024-M02,BAL,AUX_IPC,95.177,Mensual,"Balears, Illes. Índice general. Índice. "
2024-03-01,2024-M03,BAL,AUX_IPC,95.983,Mensual,"Balears, Illes. Índice general. Índice. "
2024-04-01,2024-M04,BAL,AUX_IPC,96.949,Mensual,"Balears, Illes. Índice general. Índice. "
2024-05-01,2024-M05,BAL,AUX_IPC,97.302,Mensual,"Balears, Illes. Índice general. Índice. "
2024-06-01,2024-M06,BAL,AUX_IPC,97.895,Mensual,"Balears, Illes. Índice general. Índice. "
2024-07-01,2024-M07,BAL,AUX_IPC,97.542,Mensual,"Balears, Illes. Índice general. Índice. "
2024-08-01,2024-M08,BAL,AUX_IPC,97.822,Mensual,"Balears, Illes. Índice general. Índice. "
2024-09-01,2024-M09,BAL,AUX_IPC,97.174,Mensual,"Balears, Illes. Índice general. Índice. "
2024-10-01,2024-M10,BAL,AUX_IPC,97.341,Mensual,"Balears, Illes. Índice general. Índice. "
2024-11-01,2024-M11,BAL,AUX_IPC,97.529,Mensual,"Balears, Illes. Índice general. Índice. "
2024-12-01,2024-M12,BAL,AUX_IPC,98.041,Mensual,"Balears, Illes. Índice general. Índice. "
2025-01-01,2025-M01,BAL,AUX_IPC,98.109,Mensual,"Balears, Illes. Índice general. Índice. "
2025-02-01,2025-M02,BAL,AUX_IPC,98.628,Mensual,"Balears, Illes. Índice general. Índice. "
2025-03-01,2025-M03,BAL,AUX_IPC,98.72,Mensual,"Balears, Illes. Índice general. Índice. "
2025-04-01,2025-M04,BAL,AUX_IPC,99.616,Mensual,"Balears, Illes. Índice general. Índice. "
2025-05-01,2025-M05,BAL,AUX_IPC,99.653,Mensual,"Balears, Illes. Índice general. Índice. "
2025-06-01,2025-M06,BAL,AUX_IPC,100.625,Mensual,"Balears, Illes. Índice general. Índice. "
2025-07-01,2025-M07,BAL,AUX_IPC,100.928,Mensual,"Balears, Illes. Índice general. Índice. "
2025-08-01,2025-M08,BAL,AUX_IPC,100.978,Mensual,"Balears, Illes. Índice general. Índice. "
2025-09-01,2025-M09,BAL,AUX_IPC,100.368,Mensual,"Balears, Illes. Índice general. Índice. "
2025-10-01,2025-M10,BAL,AUX_IPC,100.803,Mensual,"Balears, Illes. Índice general. Índice. "
2025-11-01,2025-M11,BAL,AUX_IPC,100.659,Mensual,"Balears, Illes. Índice general. Índice. "
2025-12-01,2025-M12,BAL,AUX_IPC,100.913,Mensual,"Balears, Illes. Índice general. Índice. "
2026-01-01,2026-M01,BAL,AUX_IPC,100.474,Mensual,"Balears, Illes. Índice general. Índice. "
2026-02-01,2026-M02,BAL,AUX_IPC,100.838,Mensual,"Balears, Illes. Índice general. Índice. "
2026-03-01,2026-M03,BAL,AUX_IPC,102.234,Mensual,"Balears, Illes. Índice general. Índice. "
2026-04-01,2026-M04,BAL,AUX_IPC,102.694,Mensual,"Balears, Illes. Índice general. Índice. "
2026-05-01,2026-M05,BAL,AUX_IPC,103.026,Mensual,"Balears, Illes. Índice general. Índice. "
2026-06-01,2026-M06,BAL,AUX_IPC,104.036,Mensual,"Balears, Illes. Índice general. Índice. "
2026-07-01,2026-M07,BAL,AUX_IPC,104.829,Mensual,"Balears, Illes. Índice general. Índice. "
2010-01-01,2010-M01,CAN,AUX_IPC,75.559,Mensual,Canarias. Índice general. Índice. 
2010-02-01,2010-M02,CAN,AUX_IPC,75.403,Mensual,Canarias. Índice general. Índice. 
2010-03-01,2010-M03,CAN,AUX_IPC,75.967,Mensual,Canarias. Índice general. Índice. 
2010-04-01,2010-M04,CAN,AUX_IPC,76.642,Mensual,Canarias. Índice general. Índice. 
2010-05-01,2010-M05,CAN,AUX_IPC,76.782,Mensual,Canarias. Índice general. Índice. 
2010-06-01,2010-M06,CAN,AUX_IPC,76.759,Mensual,Canarias. Índice general. Índice. 
2010-07-01,2010-M07,CAN,AUX_IPC,76.397,Mensual,Canarias. Índice general. Índice. 
2010-08-01,2010-M08,CAN,AUX_IPC,76.432,Mensual,Canarias. Índice general. Índice. 
2010-09-01,2010-M09,CAN,AUX_IPC,76.452,Mensual,Canarias. Índice general. Índice. 
2010-10-01,2010-M10,CAN,AUX_IPC,76.894,Mensual,Canarias. Índice general. Índice. 
2010-11-01,2010-M11,CAN,AUX_IPC,77.274,Mensual,Canarias. Índice general. Índice. 
2010-12-01,2010-M12,CAN,AUX_IPC,77.677,Mensual,Canarias. Índice general. Índice. 
2011-01-01,2011-M01,CAN,AUX_IPC,77.434,Mensual,Canarias. Índice general. Índice. 
2011-02-01,2011-M02,CAN,AUX_IPC,77.525,Mensual,Canarias. Índice general. Índice. 
2011-03-01,2011-M03,CAN,AUX_IPC,78.207,Mensual,Canarias. Índice general. Índice. 
2011-04-01,2011-M04,CAN,AUX_IPC,78.926,Mensual,Canarias. Índice general. Índice. 
2011-05-01,2011-M05,CAN,AUX_IPC,78.974,Mensual,Canarias. Índice general. Índice. 
2011-06-01,2011-M06,CAN,AUX_IPC,78.849,Mensual,Canarias. Índice general. Índice. 
2011-07-01,2011-M07,CAN,AUX_IPC,78.248,Mensual,Canarias. Índice general. Índice. 
2011-08-01,2011-M08,CAN,AUX_IPC,78.339,Mensual,Canarias. Índice general. Índice. 
2011-09-01,2011-M09,CAN,AUX_IPC,78.443,Mensual,Canarias. Índice general. Índice. 
2011-10-01,2011-M10,CAN,AUX_IPC,78.841,Mensual,Canarias. Índice general. Índice. 
2011-11-01,2011-M11,CAN,AUX_IPC,79.125,Mensual,Canarias. Índice general. Índice. 
2011-12-01,2011-M12,CAN,AUX_IPC,79.218,Mensual,Canarias. Índice general. Índice. 
2012-01-01,2012-M01,CAN,AUX_IPC,78.484,Mensual,Canarias. Índice general. Índice. 
2012-02-01,2012-M02,CAN,AUX_IPC,78.697,Mensual,Canarias. Índice general. Índice. 
2012-03-01,2012-M03,CAN,AUX_IPC,79.268,Mensual,Canarias. Índice general. Índice. 
2012-04-01,2012-M04,CAN,AUX_IPC,80.1,Mensual,Canarias. Índice general. Índice. 
2012-05-01,2012-M05,CAN,AUX_IPC,79.887,Mensual,Canarias. Índice general. Índice. 
2012-06-01,2012-M06,CAN,AUX_IPC,79.667,Mensual,Canarias. Índice general. Índice. 
2012-07-01,2012-M07,CAN,AUX_IPC,79.906,Mensual,Canarias. Índice general. Índice. 
2012-08-01,2012-M08,CAN,AUX_IPC,80.323,Mensual,Canarias. Índice general. Índice. 
2012-09-01,2012-M09,CAN,AUX_IPC,81.065,Mensual,Canarias. Índice general. Índice. 
2012-10-01,2012-M10,CAN,AUX_IPC,81.434,Mensual,Canarias. Índice general. Índice. 
2012-11-01,2012-M11,CAN,AUX_IPC,81.178,Mensual,Canarias. Índice general. Índice. 
2012-12-01,2012-M12,CAN,AUX_IPC,81.232,Mensual,Canarias. Índice general. Índice. 
2013-01-01,2013-M01,CAN,AUX_IPC,80.279,Mensual,Canarias. Índice general. Índice. 
2013-02-01,2013-M02,CAN,AUX_IPC,80.287,Mensual,Canarias. Índice general. Índice. 
2013-03-01,2013-M03,CAN,AUX_IPC,80.66,Mensual,Canarias. Índice general. Índice. 
2013-04-01,2013-M04,CAN,AUX_IPC,80.821,Mensual,Canarias. Índice general. Índice. 
2013-05-01,2013-M05,CAN,AUX_IPC,80.894,Mensual,Canarias. Índice general. Índice. 
2013-06-01,2013-M06,CAN,AUX_IPC,80.917,Mensual,Canarias. Índice general. Índice. 
2013-07-01,2013-M07,CAN,AUX_IPC,80.348,Mensual,Canarias. Índice general. Índice. 
2013-08-01,2013-M08,CAN,AUX_IPC,80.582,Mensual,Canarias. Índice general. Índice. 
2013-09-01,2013-M09,CAN,AUX_IPC,80.738,Mensual,Canarias. Índice general. Índice. 
2013-10-01,2013-M10,CAN,AUX_IPC,80.908,Mensual,Canarias. Índice general. Índice. 
2013-11-01,2013-M11,CAN,AUX_IPC,80.934,Mensual,Canarias. Índice general. Índice. 
2013-12-01,2013-M12,CAN,AUX_IPC,80.934,Mensual,Canarias. Índice general. Índice. 
2014-01-01,2014-M01,CAN,AUX_IPC,80.089,Mensual,Canarias. Índice general. Índice. 
2014-02-01,2014-M02,CAN,AUX_IPC,80.088,Mensual,Canarias. Índice general. Índice. 
2014-03-01,2014-M03,CAN,AUX_IPC,80.367,Mensual,Canarias. Índice general. Índice. 
2014-04-01,2014-M04,CAN,AUX_IPC,80.831,Mensual,Canarias. Índice general. Índice. 
2014-05-01,2014-M05,CAN,AUX_IPC,80.686,Mensual,Canarias. Índice general. Índice. 
2014-06-01,2014-M06,CAN,AUX_IPC,80.705,Mensual,Canarias. Índice general. Índice. 
2014-07-01,2014-M07,CAN,AUX_IPC,80.045,Mensual,Canarias. Índice general. Índice. 
2014-08-01,2014-M08,CAN,AUX_IPC,80.047,Mensual,Canarias. Índice general. Índice. 
2014-09-01,2014-M09,CAN,AUX_IPC,80.126,Mensual,Canarias. Índice general. Índice. 
2014-10-01,2014-M10,CAN,AUX_IPC,80.397,Mensual,Canarias. Índice general. Índice. 
2014-11-01,2014-M11,CAN,AUX_IPC,80.346,Mensual,Canarias. Índice general. Índice. 
2014-12-01,2014-M12,CAN,AUX_IPC,80.081,Mensual,Canarias. Índice general. Índice. 
2015-01-01,2015-M01,CAN,AUX_IPC,78.993,Mensual,Canarias. Índice general. Índice. 
2015-02-01,2015-M02,CAN,AUX_IPC,78.881,Mensual,Canarias. Índice general. Índice. 
2015-03-01,2015-M03,CAN,AUX_IPC,79.481,Mensual,Canarias. Índice general. Índice. 
2015-04-01,2015-M04,CAN,AUX_IPC,80.005,Mensual,Canarias. Índice general. Índice. 
2015-05-01,2015-M05,CAN,AUX_IPC,80.199,Mensual,Canarias. Índice general. Índice. 
2015-06-01,2015-M06,CAN,AUX_IPC,80.447,Mensual,Canarias. Índice general. Índice. 
2015-07-01,2015-M07,CAN,AUX_IPC,79.809,Mensual,Canarias. Índice general. Índice. 
2015-08-01,2015-M08,CAN,AUX_IPC,79.618,Mensual,Canarias. Índice general. Índice. 
2015-09-01,2015-M09,CAN,AUX_IPC,79.328,Mensual,Canarias. Índice general. Índice. 
2015-10-01,2015-M10,CAN,AUX_IPC,79.716,Mensual,Canarias. Índice general. Índice. 
2015-11-01,2015-M11,CAN,AUX_IPC,79.871,Mensual,Canarias. Índice general. Índice. 
2015-12-01,2015-M12,CAN,AUX_IPC,79.782,Mensual,Canarias. Índice general. Índice. 
2016-01-01,2016-M01,CAN,AUX_IPC,78.428,Mensual,Canarias. Índice general. Índice. 
2016-02-01,2016-M02,CAN,AUX_IPC,78.248,Mensual,Canarias. Índice general. Índice. 
2016-03-01,2016-M03,CAN,AUX_IPC,78.747,Mensual,Canarias. Índice general. Índice. 
2016-04-01,2016-M04,CAN,AUX_IPC,79.213,Mensual,Canarias. Índice general. Índice. 
2016-05-01,2016-M05,CAN,AUX_IPC,79.502,Mensual,Canarias. Índice general. Índice. 
2016-06-01,2016-M06,CAN,AUX_IPC,79.853,Mensual,Canarias. Índice general. Índice. 
2016-07-01,2016-M07,CAN,AUX_IPC,79.416,Mensual,Canarias. Índice general. Índice. 
2016-08-01,2016-M08,CAN,AUX_IPC,79.446,Mensual,Canarias. Índice general. Índice. 
2016-09-01,2016-M09,CAN,AUX_IPC,79.517,Mensual,Canarias. Índice general. Índice. 
2016-10-01,2016-M10,CAN,AUX_IPC,80.225,Mensual,Canarias. Índice general. Índice. 
2016-11-01,2016-M11,CAN,AUX_IPC,80.472,Mensual,Canarias. Índice general. Índice. 
2016-12-01,2016-M12,CAN,AUX_IPC,80.818,Mensual,Canarias. Índice general. Índice. 
2017-01-01,2017-M01,CAN,AUX_IPC,80.361,Mensual,Canarias. Índice general. Índice. 
2017-02-01,2017-M02,CAN,AUX_IPC,80.182,Mensual,Canarias. Índice general. Índice. 
2017-03-01,2017-M03,CAN,AUX_IPC,80.425,Mensual,Canarias. Índice general. Índice. 
2017-04-01,2017-M04,CAN,AUX_IPC,81.034,Mensual,Canarias. Índice general. Índice. 
2017-05-01,2017-M05,CAN,AUX_IPC,81.103,Mensual,Canarias. Índice general. Índice. 
2017-06-01,2017-M06,CAN,AUX_IPC,81.224,Mensual,Canarias. Índice general. Índice. 
2017-07-01,2017-M07,CAN,AUX_IPC,80.64,Mensual,Canarias. Índice general. Índice. 
2017-08-01,2017-M08,CAN,AUX_IPC,80.575,Mensual,Canarias. Índice general. Índice. 
2017-09-01,2017-M09,CAN,AUX_IPC,80.669,Mensual,Canarias. Índice general. Índice. 
2017-10-01,2017-M10,CAN,AUX_IPC,81.345,Mensual,Canarias. Índice general. Índice. 
2017-11-01,2017-M11,CAN,AUX_IPC,81.756,Mensual,Canarias. Índice general. Índice. 
2017-12-01,2017-M12,CAN,AUX_IPC,81.715,Mensual,Canarias. Índice general. Índice. 
2018-01-01,2018-M01,CAN,AUX_IPC,80.97,Mensual,Canarias. Índice general. Índice. 
2018-02-01,2018-M02,CAN,AUX_IPC,81.304,Mensual,Canarias. Índice general. Índice. 
2018-03-01,2018-M03,CAN,AUX_IPC,81.379,Mensual,Canarias. Índice general. Índice. 
2018-04-01,2018-M04,CAN,AUX_IPC,81.922,Mensual,Canarias. Índice general. Índice. 
2018-05-01,2018-M05,CAN,AUX_IPC,82.494,Mensual,Canarias. Índice general. Índice. 
2018-06-01,2018-M06,CAN,AUX_IPC,82.722,Mensual,Canarias. Índice general. Índice. 
2018-07-01,2018-M07,CAN,AUX_IPC,81.94,Mensual,Canarias. Índice general. Índice. 
2018-08-01,2018-M08,CAN,AUX_IPC,82.134,Mensual,Canarias. Índice general. Índice. 
2018-09-01,2018-M09,CAN,AUX_IPC,82.285,Mensual,Canarias. Índice general. Índice. 
2018-10-01,2018-M10,CAN,AUX_IPC,82.918,Mensual,Canarias. Índice general. Índice. 
2018-11-01,2018-M11,CAN,AUX_IPC,83.062,Mensual,Canarias. Índice general. Índice. 
2018-12-01,2018-M12,CAN,AUX_IPC,82.879,Mensual,Canarias. Índice general. Índice. 
2019-01-01,2019-M01,CAN,AUX_IPC,81.799,Mensual,Canarias. Índice general. Índice. 
2019-02-01,2019-M02,CAN,AUX_IPC,81.845,Mensual,Canarias. Índice general. Índice. 
2019-03-01,2019-M03,CAN,AUX_IPC,82.042,Mensual,Canarias. Índice general. Índice. 
2019-04-01,2019-M04,CAN,AUX_IPC,82.688,Mensual,Canarias. Índice general. Índice. 
2019-05-01,2019-M05,CAN,AUX_IPC,82.641,Mensual,Canarias. Índice general. Índice. 
2019-06-01,2019-M06,CAN,AUX_IPC,82.711,Mensual,Canarias. Índice general. Índice. 
2019-07-01,2019-M07,CAN,AUX_IPC,82.081,Mensual,Canarias. Índice general. Índice. 
2019-08-01,2019-M08,CAN,AUX_IPC,82.098,Mensual,Canarias. Índice general. Índice. 
2019-09-01,2019-M09,CAN,AUX_IPC,82.304,Mensual,Canarias. Índice general. Índice. 
2019-10-01,2019-M10,CAN,AUX_IPC,82.798,Mensual,Canarias. Índice general. Índice. 
2019-11-01,2019-M11,CAN,AUX_IPC,83.016,Mensual,Canarias. Índice general. Índice. 
2019-12-01,2019-M12,CAN,AUX_IPC,83.229,Mensual,Canarias. Índice general. Índice. 
2020-01-01,2020-M01,CAN,AUX_IPC,82.724,Mensual,Canarias. Índice general. Índice. 
2020-02-01,2020-M02,CAN,AUX_IPC,82.781,Mensual,Canarias. Índice general. Índice. 
2020-03-01,2020-M03,CAN,AUX_IPC,82.741,Mensual,Canarias. Índice general. Índice. 
2020-04-01,2020-M04,CAN,AUX_IPC,83.033,Mensual,Canarias. Índice general. Índice. 
2020-05-01,2020-M05,CAN,AUX_IPC,83.007,Mensual,Canarias. Índice general. Índice. 
2020-06-01,2020-M06,CAN,AUX_IPC,83.368,Mensual,Canarias. Índice general. Índice. 
2020-07-01,2020-M07,CAN,AUX_IPC,82.648,Mensual,Canarias. Índice general. Índice. 
2020-08-01,2020-M08,CAN,AUX_IPC,82.54,Mensual,Canarias. Índice general. Índice. 
2020-09-01,2020-M09,CAN,AUX_IPC,82.579,Mensual,Canarias. Índice general. Índice. 
2020-10-01,2020-M10,CAN,AUX_IPC,83.062,Mensual,Canarias. Índice general. Índice. 
2020-11-01,2020-M11,CAN,AUX_IPC,83.05,Mensual,Canarias. Índice general. Índice. 
2020-12-01,2020-M12,CAN,AUX_IPC,83.108,Mensual,Canarias. Índice general. Índice. 
2021-01-01,2021-M01,CAN,AUX_IPC,82.87,Mensual,Canarias. Índice general. Índice. 
2021-02-01,2021-M02,CAN,AUX_IPC,82.445,Mensual,Canarias. Índice general. Índice. 
2021-03-01,2021-M03,CAN,AUX_IPC,83.081,Mensual,Canarias. Índice general. Índice. 
2021-04-01,2021-M04,CAN,AUX_IPC,84.034,Mensual,Canarias. Índice general. Índice. 
2021-05-01,2021-M05,CAN,AUX_IPC,84.366,Mensual,Canarias. Índice general. Índice. 
2021-06-01,2021-M06,CAN,AUX_IPC,84.675,Mensual,Canarias. Índice general. Índice. 
2021-07-01,2021-M07,CAN,AUX_IPC,84.103,Mensual,Canarias. Índice general. Índice. 
2021-08-01,2021-M08,CAN,AUX_IPC,84.533,Mensual,Canarias. Índice general. Índice. 
2021-09-01,2021-M09,CAN,AUX_IPC,85.214,Mensual,Canarias. Índice general. Índice. 
2021-10-01,2021-M10,CAN,AUX_IPC,86.584,Mensual,Canarias. Índice general. Índice. 
2021-11-01,2021-M11,CAN,AUX_IPC,86.895,Mensual,Canarias. Índice general. Índice. 
2021-12-01,2021-M12,CAN,AUX_IPC,87.922,Mensual,Canarias. Índice general. Índice. 
2022-01-01,2022-M01,CAN,AUX_IPC,87.419,Mensual,Canarias. Índice general. Índice. 
2022-02-01,2022-M02,CAN,AUX_IPC,88.072,Mensual,Canarias. Índice general. Índice. 
2022-03-01,2022-M03,CAN,AUX_IPC,90.082,Mensual,Canarias. Índice general. Índice. 
2022-04-01,2022-M04,CAN,AUX_IPC,89.986,Mensual,Canarias. Índice general. Índice. 
2022-05-01,2022-M05,CAN,AUX_IPC,90.549,Mensual,Canarias. Índice general. Índice. 
2022-06-01,2022-M06,CAN,AUX_IPC,91.874,Mensual,Canarias. Índice general. Índice. 
2022-07-01,2022-M07,CAN,AUX_IPC,92.012,Mensual,Canarias. Índice general. Índice. 
2022-08-01,2022-M08,CAN,AUX_IPC,92.6,Mensual,Canarias. Índice general. Índice. 
2022-09-01,2022-M09,CAN,AUX_IPC,92.215,Mensual,Canarias. Índice general. Índice. 
2022-10-01,2022-M10,CAN,AUX_IPC,92.675,Mensual,Canarias. Índice general. Índice. 
2022-11-01,2022-M11,CAN,AUX_IPC,92.915,Mensual,Canarias. Índice general. Índice. 
2022-12-01,2022-M12,CAN,AUX_IPC,93.042,Mensual,Canarias. Índice general. Índice. 
2023-01-01,2023-M01,CAN,AUX_IPC,92.901,Mensual,Canarias. Índice general. Índice. 
2023-02-01,2023-M02,CAN,AUX_IPC,94.037,Mensual,Canarias. Índice general. Índice. 
2023-03-01,2023-M03,CAN,AUX_IPC,94.2,Mensual,Canarias. Índice general. Índice. 
2023-04-01,2023-M04,CAN,AUX_IPC,94.949,Mensual,Canarias. Índice general. Índice. 
2023-05-01,2023-M05,CAN,AUX_IPC,94.96,Mensual,Canarias. Índice general. Índice. 
2023-06-01,2023-M06,CAN,AUX_IPC,95.494,Mensual,Canarias. Índice general. Índice. 
2023-07-01,2023-M07,CAN,AUX_IPC,95.363,Mensual,Canarias. Índice general. Índice. 
2023-08-01,2023-M08,CAN,AUX_IPC,95.855,Mensual,Canarias. Índice general. Índice. 
2023-09-01,2023-M09,CAN,AUX_IPC,96.141,Mensual,Canarias. Índice general. Índice. 
2023-10-01,2023-M10,CAN,AUX_IPC,96.683,Mensual,Canarias. Índice general. Índice. 
2023-11-01,2023-M11,CAN,AUX_IPC,96.485,Mensual,Canarias. Índice general. Índice. 
2023-12-01,2023-M12,CAN,AUX_IPC,96.576,Mensual,Canarias. Índice general. Índice. 
2024-01-01,2024-M01,CAN,AUX_IPC,96.609,Mensual,Canarias. Índice general. Índice. 
2024-02-01,2024-M02,CAN,AUX_IPC,96.975,Mensual,Canarias. Índice general. Índice. 
2024-03-01,2024-M03,CAN,AUX_IPC,97.486,Mensual,Canarias. Índice general. Índice. 
2024-04-01,2024-M04,CAN,AUX_IPC,98.071,Mensual,Canarias. Índice general. Índice. 
2024-05-01,2024-M05,CAN,AUX_IPC,98.198,Mensual,Canarias. Índice general. Índice. 
2024-06-01,2024-M06,CAN,AUX_IPC,98.497,Mensual,Canarias. Índice general. Índice. 
2024-07-01,2024-M07,CAN,AUX_IPC,98.101,Mensual,Canarias. Índice general. Índice. 
2024-08-01,2024-M08,CAN,AUX_IPC,98.261,Mensual,Canarias. Índice general. Índice. 
2024-09-01,2024-M09,CAN,AUX_IPC,97.634,Mensual,Canarias. Índice general. Índice. 
2024-10-01,2024-M10,CAN,AUX_IPC,98.164,Mensual,Canarias. Índice general. Índice. 
2024-11-01,2024-M11,CAN,AUX_IPC,98.589,Mensual,Canarias. Índice general. Índice. 
2024-12-01,2024-M12,CAN,AUX_IPC,98.727,Mensual,Canarias. Índice general. Índice. 
2025-01-01,2025-M01,CAN,AUX_IPC,98.658,Mensual,Canarias. Índice general. Índice. 
2025-02-01,2025-M02,CAN,AUX_IPC,99.107,Mensual,Canarias. Índice general. Índice. 
2025-03-01,2025-M03,CAN,AUX_IPC,99.08,Mensual,Canarias. Índice general. Índice. 
2025-04-01,2025-M04,CAN,AUX_IPC,99.844,Mensual,Canarias. Índice general. Índice. 
2025-05-01,2025-M05,CAN,AUX_IPC,99.705,Mensual,Canarias. Índice general. Índice. 
2025-06-01,2025-M06,CAN,AUX_IPC,100.179,Mensual,Canarias. Índice general. Índice. 
2025-07-01,2025-M07,CAN,AUX_IPC,100.254,Mensual,Canarias. Índice general. Índice. 
2025-08-01,2025-M08,CAN,AUX_IPC,100.432,Mensual,Canarias. Índice general. Índice. 
2025-09-01,2025-M09,CAN,AUX_IPC,99.774,Mensual,Canarias. Índice general. Índice. 
2025-10-01,2025-M10,CAN,AUX_IPC,100.642,Mensual,Canarias. Índice general. Índice. 
2025-11-01,2025-M11,CAN,AUX_IPC,100.825,Mensual,Canarias. Índice general. Índice. 
2025-12-01,2025-M12,CAN,AUX_IPC,101.501,Mensual,Canarias. Índice general. Índice. 
2026-01-01,2026-M01,CAN,AUX_IPC,100.878,Mensual,Canarias. Índice general. Índice. 
2026-02-01,2026-M02,CAN,AUX_IPC,101.16,Mensual,Canarias. Índice general. Índice. 
2026-03-01,2026-M03,CAN,AUX_IPC,102.069,Mensual,Canarias. Índice general. Índice. 
2026-04-01,2026-M04,CAN,AUX_IPC,102.833,Mensual,Canarias. Índice general. Índice. 
2026-05-01,2026-M05,CAN,AUX_IPC,102.943,Mensual,Canarias. Índice general. Índice. 
2026-06-01,2026-M06,CAN,AUX_IPC,103.604,Mensual,Canarias. Índice general. Índice. 
2026-07-01,2026-M07,CAN,AUX_IPC,103.622,Mensual,Canarias. Índice general. Índice. 
2010-01-01,2010-M01,CANT,AUX_IPC,72.569,Mensual,Cantabria. Índice general. Índice. 
2010-02-01,2010-M02,CANT,AUX_IPC,72.31,Mensual,Cantabria. Índice general. Índice. 
2010-03-01,2010-M03,CANT,AUX_IPC,72.714,Mensual,Cantabria. Índice general. Índice. 
2010-04-01,2010-M04,CANT,AUX_IPC,73.398,Mensual,Cantabria. Índice general. Índice. 
2010-05-01,2010-M05,CANT,AUX_IPC,73.585,Mensual,Cantabria. Índice general. Índice. 
2010-06-01,2010-M06,CANT,AUX_IPC,73.723,Mensual,Cantabria. Índice general. Índice. 
2010-07-01,2010-M07,CANT,AUX_IPC,73.628,Mensual,Cantabria. Índice general. Índice. 
2010-08-01,2010-M08,CANT,AUX_IPC,73.816,Mensual,Cantabria. Índice general. Índice. 
2010-09-01,2010-M09,CANT,AUX_IPC,73.795,Mensual,Cantabria. Índice general. Índice. 
2010-10-01,2010-M10,CANT,AUX_IPC,74.495,Mensual,Cantabria. Índice general. Índice. 
2010-11-01,2010-M11,CANT,AUX_IPC,75.104,Mensual,Cantabria. Índice general. Índice. 
2010-12-01,2010-M12,CANT,AUX_IPC,75.531,Mensual,Cantabria. Índice general. Índice. 
2011-01-01,2011-M01,CANT,AUX_IPC,75.143,Mensual,Cantabria. Índice general. Índice. 
2011-02-01,2011-M02,CANT,AUX_IPC,75.057,Mensual,Cantabria. Índice general. Índice. 
2011-03-01,2011-M03,CANT,AUX_IPC,75.54,Mensual,Cantabria. Índice general. Índice. 
2011-04-01,2011-M04,CANT,AUX_IPC,76.449,Mensual,Cantabria. Índice general. Índice. 
2011-05-01,2011-M05,CANT,AUX_IPC,76.427,Mensual,Cantabria. Índice general. Índice. 
2011-06-01,2011-M06,CANT,AUX_IPC,76.308,Mensual,Cantabria. Índice general. Índice. 
2011-07-01,2011-M07,CANT,AUX_IPC,76.148,Mensual,Cantabria. Índice general. Índice. 
2011-08-01,2011-M08,CANT,AUX_IPC,76.149,Mensual,Cantabria. Índice general. Índice. 
2011-09-01,2011-M09,CANT,AUX_IPC,76.209,Mensual,Cantabria. Índice general. Índice. 
2011-10-01,2011-M10,CANT,AUX_IPC,76.783,Mensual,Cantabria. Índice general. Índice. 
2011-11-01,2011-M11,CANT,AUX_IPC,77.291,Mensual,Cantabria. Índice general. Índice. 
2011-12-01,2011-M12,CANT,AUX_IPC,77.294,Mensual,Cantabria. Índice general. Índice. 
2012-01-01,2012-M01,CANT,AUX_IPC,76.537,Mensual,Cantabria. Índice general. Índice. 
2012-02-01,2012-M02,CANT,AUX_IPC,76.414,Mensual,Cantabria. Índice general. Índice. 
2012-03-01,2012-M03,CANT,AUX_IPC,76.81,Mensual,Cantabria. Índice general. Índice. 
2012-04-01,2012-M04,CANT,AUX_IPC,77.803,Mensual,Cantabria. Índice general. Índice. 
2012-05-01,2012-M05,CANT,AUX_IPC,77.665,Mensual,Cantabria. Índice general. Índice. 
2012-06-01,2012-M06,CANT,AUX_IPC,77.775,Mensual,Cantabria. Índice general. Índice. 
2012-07-01,2012-M07,CANT,AUX_IPC,77.896,Mensual,Cantabria. Índice general. Índice. 
2012-08-01,2012-M08,CANT,AUX_IPC,78.546,Mensual,Cantabria. Índice general. Índice. 
2012-09-01,2012-M09,CANT,AUX_IPC,79.165,Mensual,Cantabria. Índice general. Índice. 
2012-10-01,2012-M10,CANT,AUX_IPC,79.834,Mensual,Cantabria. Índice general. Índice. 
2012-11-01,2012-M11,CANT,AUX_IPC,80.01,Mensual,Cantabria. Índice general. Índice. 
2012-12-01,2012-M12,CANT,AUX_IPC,80.085,Mensual,Cantabria. Índice general. Índice. 
2013-01-01,2013-M01,CANT,AUX_IPC,79.18,Mensual,Cantabria. Índice general. Índice. 
2013-02-01,2013-M02,CANT,AUX_IPC,79.163,Mensual,Cantabria. Índice general. Índice. 
2013-03-01,2013-M03,CANT,AUX_IPC,79.332,Mensual,Cantabria. Índice general. Índice. 
2013-04-01,2013-M04,CANT,AUX_IPC,79.62,Mensual,Cantabria. Índice general. Índice. 
2013-05-01,2013-M05,CANT,AUX_IPC,79.849,Mensual,Cantabria. Índice general. Índice. 
2013-06-01,2013-M06,CANT,AUX_IPC,80.07,Mensual,Cantabria. Índice general. Índice. 
2013-07-01,2013-M07,CANT,AUX_IPC,79.913,Mensual,Cantabria. Índice general. Índice. 
2013-08-01,2013-M08,CANT,AUX_IPC,80.101,Mensual,Cantabria. Índice general. Índice. 
2013-09-01,2013-M09,CANT,AUX_IPC,79.813,Mensual,Cantabria. Índice general. Índice. 
2013-10-01,2013-M10,CANT,AUX_IPC,80.185,Mensual,Cantabria. Índice general. Índice. 
2013-11-01,2013-M11,CANT,AUX_IPC,80.629,Mensual,Cantabria. Índice general. Índice. 
2013-12-01,2013-M12,CANT,AUX_IPC,80.595,Mensual,Cantabria. Índice general. Índice. 
2014-01-01,2014-M01,CANT,AUX_IPC,79.438,Mensual,Cantabria. Índice general. Índice. 
2014-02-01,2014-M02,CANT,AUX_IPC,79.25,Mensual,Cantabria. Índice general. Índice. 
2014-03-01,2014-M03,CANT,AUX_IPC,79.274,Mensual,Cantabria. Índice general. Índice. 
2014-04-01,2014-M04,CANT,AUX_IPC,79.901,Mensual,Cantabria. Índice general. Índice. 
2014-05-01,2014-M05,CANT,AUX_IPC,79.959,Mensual,Cantabria. Índice general. Índice. 
2014-06-01,2014-M06,CANT,AUX_IPC,79.984,Mensual,Cantabria. Índice general. Índice. 
2014-07-01,2014-M07,CANT,AUX_IPC,79.476,Mensual,Cantabria. Índice general. Índice. 
2014-08-01,2014-M08,CANT,AUX_IPC,79.608,Mensual,Cantabria. Índice general. Índice. 
2014-09-01,2014-M09,CANT,AUX_IPC,79.604,Mensual,Cantabria. Índice general. Índice. 
2014-10-01,2014-M10,CANT,AUX_IPC,79.911,Mensual,Cantabria. Índice general. Índice. 
2014-11-01,2014-M11,CANT,AUX_IPC,80.118,Mensual,Cantabria. Índice general. Índice. 
2014-12-01,2014-M12,CANT,AUX_IPC,79.573,Mensual,Cantabria. Índice general. Índice. 
2015-01-01,2015-M01,CANT,AUX_IPC,78.099,Mensual,Cantabria. Índice general. Índice. 
2015-02-01,2015-M02,CANT,AUX_IPC,78.053,Mensual,Cantabria. Índice general. Índice. 
2015-03-01,2015-M03,CANT,AUX_IPC,78.526,Mensual,Cantabria. Índice general. Índice. 
2015-04-01,2015-M04,CANT,AUX_IPC,79.085,Mensual,Cantabria. Índice general. Índice. 
2015-05-01,2015-M05,CANT,AUX_IPC,79.606,Mensual,Cantabria. Índice general. Índice. 
2015-06-01,2015-M06,CANT,AUX_IPC,79.873,Mensual,Cantabria. Índice general. Índice. 
2015-07-01,2015-M07,CANT,AUX_IPC,79.359,Mensual,Cantabria. Índice general. Índice. 
2015-08-01,2015-M08,CANT,AUX_IPC,78.938,Mensual,Cantabria. Índice general. Índice. 
2015-09-01,2015-M09,CANT,AUX_IPC,78.501,Mensual,Cantabria. Índice general. Índice. 
2015-10-01,2015-M10,CANT,AUX_IPC,78.956,Mensual,Cantabria. Índice general. Índice. 
2015-11-01,2015-M11,CANT,AUX_IPC,79.565,Mensual,Cantabria. Índice general. Índice. 
2015-12-01,2015-M12,CANT,AUX_IPC,79.281,Mensual,Cantabria. Índice general. Índice. 
2016-01-01,2016-M01,CANT,AUX_IPC,77.788,Mensual,Cantabria. Índice general. Índice. 
2016-02-01,2016-M02,CANT,AUX_IPC,77.242,Mensual,Cantabria. Índice general. Índice. 
2016-03-01,2016-M03,CANT,AUX_IPC,77.655,Mensual,Cantabria. Índice general. Índice. 
2016-04-01,2016-M04,CANT,AUX_IPC,78.035,Mensual,Cantabria. Índice general. Índice. 
2016-05-01,2016-M05,CANT,AUX_IPC,78.578,Mensual,Cantabria. Índice general. Índice. 
2016-06-01,2016-M06,CANT,AUX_IPC,79.012,Mensual,Cantabria. Índice general. Índice. 
2016-07-01,2016-M07,CANT,AUX_IPC,78.722,Mensual,Cantabria. Índice general. Índice. 
2016-08-01,2016-M08,CANT,AUX_IPC,78.728,Mensual,Cantabria. Índice general. Índice. 
2016-09-01,2016-M09,CANT,AUX_IPC,78.624,Mensual,Cantabria. Índice general. Índice. 
2016-10-01,2016-M10,CANT,AUX_IPC,79.562,Mensual,Cantabria. Índice general. Índice. 
2016-11-01,2016-M11,CANT,AUX_IPC,80.082,Mensual,Cantabria. Índice general. Índice. 
2016-12-01,2016-M12,CANT,AUX_IPC,80.486,Mensual,Cantabria. Índice general. Índice. 
2017-01-01,2017-M01,CANT,AUX_IPC,80.162,Mensual,Cantabria. Índice general. Índice. 
2017-02-01,2017-M02,CANT,AUX_IPC,79.686,Mensual,Cantabria. Índice general. Índice. 
2017-03-01,2017-M03,CANT,AUX_IPC,79.558,Mensual,Cantabria. Índice general. Índice. 
2017-04-01,2017-M04,CANT,AUX_IPC,80.04,Mensual,Cantabria. Índice general. Índice. 
2017-05-01,2017-M05,CANT,AUX_IPC,80.104,Mensual,Cantabria. Índice general. Índice. 
2017-06-01,2017-M06,CANT,AUX_IPC,80.103,Mensual,Cantabria. Índice general. Índice. 
2017-07-01,2017-M07,CANT,AUX_IPC,79.761,Mensual,Cantabria. Índice general. Índice. 
2017-08-01,2017-M08,CANT,AUX_IPC,80.106,Mensual,Cantabria. Índice general. Índice. 
2017-09-01,2017-M09,CANT,AUX_IPC,80.072,Mensual,Cantabria. Índice general. Índice. 
2017-10-01,2017-M10,CANT,AUX_IPC,80.746,Mensual,Cantabria. Índice general. Índice. 
2017-11-01,2017-M11,CANT,AUX_IPC,81.42,Mensual,Cantabria. Índice general. Índice. 
2017-12-01,2017-M12,CANT,AUX_IPC,81.447,Mensual,Cantabria. Índice general. Índice. 
2018-01-01,2018-M01,CANT,AUX_IPC,80.494,Mensual,Cantabria. Índice general. Índice. 
2018-02-01,2018-M02,CANT,AUX_IPC,80.471,Mensual,Cantabria. Índice general. Índice. 
2018-03-01,2018-M03,CANT,AUX_IPC,80.488,Mensual,Cantabria. Índice general. Índice. 
2018-04-01,2018-M04,CANT,AUX_IPC,81.021,Mensual,Cantabria. Índice general. Índice. 
2018-05-01,2018-M05,CANT,AUX_IPC,81.826,Mensual,Cantabria. Índice general. Índice. 
2018-06-01,2018-M06,CANT,AUX_IPC,82.137,Mensual,Cantabria. Índice general. Índice. 
2018-07-01,2018-M07,CANT,AUX_IPC,81.74,Mensual,Cantabria. Índice general. Índice. 
2018-08-01,2018-M08,CANT,AUX_IPC,82.023,Mensual,Cantabria. Índice general. Índice. 
2018-09-01,2018-M09,CANT,AUX_IPC,81.83,Mensual,Cantabria. Índice general. Índice. 
2018-10-01,2018-M10,CANT,AUX_IPC,82.662,Mensual,Cantabria. Índice general. Índice. 
2018-11-01,2018-M11,CANT,AUX_IPC,82.746,Mensual,Cantabria. Índice general. Índice. 
2018-12-01,2018-M12,CANT,AUX_IPC,82.283,Mensual,Cantabria. Índice general. Índice. 
2019-01-01,2019-M01,CANT,AUX_IPC,81.224,Mensual,Cantabria. Índice general. Índice. 
2019-02-01,2019-M02,CANT,AUX_IPC,81.325,Mensual,Cantabria. Índice general. Índice. 
2019-03-01,2019-M03,CANT,AUX_IPC,81.512,Mensual,Cantabria. Índice general. Índice. 
2019-04-01,2019-M04,CANT,AUX_IPC,82.27,Mensual,Cantabria. Índice general. Índice. 
2019-05-01,2019-M05,CANT,AUX_IPC,82.624,Mensual,Cantabria. Índice general. Índice. 
2019-06-01,2019-M06,CANT,AUX_IPC,82.462,Mensual,Cantabria. Índice general. Índice. 
2019-07-01,2019-M07,CANT,AUX_IPC,82.065,Mensual,Cantabria. Índice general. Índice. 
2019-08-01,2019-M08,CANT,AUX_IPC,82.245,Mensual,Cantabria. Índice general. Índice. 
2019-09-01,2019-M09,CANT,AUX_IPC,81.896,Mensual,Cantabria. Índice general. Índice. 
2019-10-01,2019-M10,CANT,AUX_IPC,82.686,Mensual,Cantabria. Índice general. Índice. 
2019-11-01,2019-M11,CANT,AUX_IPC,83.084,Mensual,Cantabria. Índice general. Índice. 
2019-12-01,2019-M12,CANT,AUX_IPC,83.06,Mensual,Cantabria. Índice general. Índice. 
2020-01-01,2020-M01,CANT,AUX_IPC,82.123,Mensual,Cantabria. Índice general. Índice. 
2020-02-01,2020-M02,CANT,AUX_IPC,81.95,Mensual,Cantabria. Índice general. Índice. 
2020-03-01,2020-M03,CANT,AUX_IPC,81.491,Mensual,Cantabria. Índice general. Índice. 
2020-04-01,2020-M04,CANT,AUX_IPC,81.696,Mensual,Cantabria. Índice general. Índice. 
2020-05-01,2020-M05,CANT,AUX_IPC,81.735,Mensual,Cantabria. Índice general. Índice. 
2020-06-01,2020-M06,CANT,AUX_IPC,82.052,Mensual,Cantabria. Índice general. Índice. 
2020-07-01,2020-M07,CANT,AUX_IPC,81.731,Mensual,Cantabria. Índice general. Índice. 
2020-08-01,2020-M08,CANT,AUX_IPC,81.778,Mensual,Cantabria. Índice general. Índice. 
2020-09-01,2020-M09,CANT,AUX_IPC,81.543,Mensual,Cantabria. Índice general. Índice. 
2020-10-01,2020-M10,CANT,AUX_IPC,82.026,Mensual,Cantabria. Índice general. Índice. 
2020-11-01,2020-M11,CANT,AUX_IPC,82.316,Mensual,Cantabria. Índice general. Índice. 
2020-12-01,2020-M12,CANT,AUX_IPC,82.605,Mensual,Cantabria. Índice general. Índice. 
2021-01-01,2021-M01,CANT,AUX_IPC,82.529,Mensual,Cantabria. Índice general. Índice. 
2021-02-01,2021-M02,CANT,AUX_IPC,81.905,Mensual,Cantabria. Índice general. Índice. 
2021-03-01,2021-M03,CANT,AUX_IPC,82.699,Mensual,Cantabria. Índice general. Índice. 
2021-04-01,2021-M04,CANT,AUX_IPC,83.56,Mensual,Cantabria. Índice general. Índice. 
2021-05-01,2021-M05,CANT,AUX_IPC,83.97,Mensual,Cantabria. Índice general. Índice. 
2021-06-01,2021-M06,CANT,AUX_IPC,84.606,Mensual,Cantabria. Índice general. Índice. 
2021-07-01,2021-M07,CANT,AUX_IPC,84.167,Mensual,Cantabria. Índice general. Índice. 
2021-08-01,2021-M08,CANT,AUX_IPC,84.68,Mensual,Cantabria. Índice general. Índice. 
2021-09-01,2021-M09,CANT,AUX_IPC,85.219,Mensual,Cantabria. Índice general. Índice. 
2021-10-01,2021-M10,CANT,AUX_IPC,86.522,Mensual,Cantabria. Índice general. Índice. 
2021-11-01,2021-M11,CANT,AUX_IPC,86.998,Mensual,Cantabria. Índice general. Índice. 
2021-12-01,2021-M12,CANT,AUX_IPC,88.191,Mensual,Cantabria. Índice general. Índice. 
2022-01-01,2022-M01,CANT,AUX_IPC,87.661,Mensual,Cantabria. Índice general. Índice. 
2022-02-01,2022-M02,CANT,AUX_IPC,88.235,Mensual,Cantabria. Índice general. Índice. 
2022-03-01,2022-M03,CANT,AUX_IPC,91.123,Mensual,Cantabria. Índice general. Índice. 
2022-04-01,2022-M04,CANT,AUX_IPC,90.686,Mensual,Cantabria. Índice general. Índice. 
2022-05-01,2022-M05,CANT,AUX_IPC,91.35,Mensual,Cantabria. Índice general. Índice. 
2022-06-01,2022-M06,CANT,AUX_IPC,93.073,Mensual,Cantabria. Índice general. Índice. 
2022-07-01,2022-M07,CANT,AUX_IPC,92.986,Mensual,Cantabria. Índice general. Índice. 
2022-08-01,2022-M08,CANT,AUX_IPC,93.196,Mensual,Cantabria. Índice general. Índice. 
2022-09-01,2022-M09,CANT,AUX_IPC,92.322,Mensual,Cantabria. Índice general. Índice. 
2022-10-01,2022-M10,CANT,AUX_IPC,92.642,Mensual,Cantabria. Índice general. Índice. 
2022-11-01,2022-M11,CANT,AUX_IPC,92.84,Mensual,Cantabria. Índice general. Índice. 
2022-12-01,2022-M12,CANT,AUX_IPC,92.838,Mensual,Cantabria. Índice general. Índice. 
2023-01-01,2023-M01,CANT,AUX_IPC,92.675,Mensual,Cantabria. Índice general. Índice. 
2023-02-01,2023-M02,CANT,AUX_IPC,93.616,Mensual,Cantabria. Índice general. Índice. 
2023-03-01,2023-M03,CANT,AUX_IPC,94.036,Mensual,Cantabria. Índice general. Índice. 
2023-04-01,2023-M04,CANT,AUX_IPC,94.616,Mensual,Cantabria. Índice general. Índice. 
2023-05-01,2023-M05,CANT,AUX_IPC,94.59,Mensual,Cantabria. Índice general. Índice. 
2023-06-01,2023-M06,CANT,AUX_IPC,95.212,Mensual,Cantabria. Índice general. Índice. 
2023-07-01,2023-M07,CANT,AUX_IPC,95.435,Mensual,Cantabria. Índice general. Índice. 
2023-08-01,2023-M08,CANT,AUX_IPC,96.155,Mensual,Cantabria. Índice general. Índice. 
2023-09-01,2023-M09,CANT,AUX_IPC,96.132,Mensual,Cantabria. Índice general. Índice. 
2023-10-01,2023-M10,CANT,AUX_IPC,96.226,Mensual,Cantabria. Índice general. Índice. 
2023-11-01,2023-M11,CANT,AUX_IPC,96.009,Mensual,Cantabria. Índice general. Índice. 
2023-12-01,2023-M12,CANT,AUX_IPC,95.876,Mensual,Cantabria. Índice general. Índice. 
2024-01-01,2024-M01,CANT,AUX_IPC,96.106,Mensual,Cantabria. Índice general. Índice. 
2024-02-01,2024-M02,CANT,AUX_IPC,96.259,Mensual,Cantabria. Índice general. Índice. 
2024-03-01,2024-M03,CANT,AUX_IPC,96.839,Mensual,Cantabria. Índice general. Índice. 
2024-04-01,2024-M04,CANT,AUX_IPC,97.607,Mensual,Cantabria. Índice general. Índice. 
2024-05-01,2024-M05,CANT,AUX_IPC,97.917,Mensual,Cantabria. Índice general. Índice. 
2024-06-01,2024-M06,CANT,AUX_IPC,98.124,Mensual,Cantabria. Índice general. Índice. 
2024-07-01,2024-M07,CANT,AUX_IPC,97.786,Mensual,Cantabria. Índice general. Índice. 
2024-08-01,2024-M08,CANT,AUX_IPC,98.061,Mensual,Cantabria. Índice general. Índice. 
2024-09-01,2024-M09,CANT,AUX_IPC,97.131,Mensual,Cantabria. Índice general. Índice. 
2024-10-01,2024-M10,CANT,AUX_IPC,97.671,Mensual,Cantabria. Índice general. Índice. 
2024-11-01,2024-M11,CANT,AUX_IPC,98.154,Mensual,Cantabria. Índice general. Índice. 
2024-12-01,2024-M12,CANT,AUX_IPC,98.652,Mensual,Cantabria. Índice general. Índice. 
2025-01-01,2025-M01,CANT,AUX_IPC,98.69,Mensual,Cantabria. Índice general. Índice. 
2025-02-01,2025-M02,CANT,AUX_IPC,98.92,Mensual,Cantabria. Índice general. Índice. 
2025-03-01,2025-M03,CANT,AUX_IPC,98.843,Mensual,Cantabria. Índice general. Índice. 
2025-04-01,2025-M04,CANT,AUX_IPC,99.561,Mensual,Cantabria. Índice general. Índice. 
2025-05-01,2025-M05,CANT,AUX_IPC,99.44,Mensual,Cantabria. Índice general. Índice. 
2025-06-01,2025-M06,CANT,AUX_IPC,100.339,Mensual,Cantabria. Índice general. Índice. 
2025-07-01,2025-M07,CANT,AUX_IPC,100.3,Mensual,Cantabria. Índice general. Índice. 
2025-08-01,2025-M08,CANT,AUX_IPC,100.646,Mensual,Cantabria. Índice general. Índice. 
2025-09-01,2025-M09,CANT,AUX_IPC,99.898,Mensual,Cantabria. Índice general. Índice. 
2025-10-01,2025-M10,CANT,AUX_IPC,100.764,Mensual,Cantabria. Índice general. Índice. 
2025-11-01,2025-M11,CANT,AUX_IPC,101.102,Mensual,Cantabria. Índice general. Índice. 
2025-12-01,2025-M12,CANT,AUX_IPC,101.497,Mensual,Cantabria. Índice general. Índice. 
2026-01-01,2026-M01,CANT,AUX_IPC,101.162,Mensual,Cantabria. Índice general. Índice. 
2026-02-01,2026-M02,CANT,AUX_IPC,101.339,Mensual,Cantabria. Índice general. Índice. 
2026-03-01,2026-M03,CANT,AUX_IPC,102.387,Mensual,Cantabria. Índice general. Índice. 
2026-04-01,2026-M04,CANT,AUX_IPC,102.843,Mensual,Cantabria. Índice general. Índice. 
2026-05-01,2026-M05,CANT,AUX_IPC,103.109,Mensual,Cantabria. Índice general. Índice. 
2026-06-01,2026-M06,CANT,AUX_IPC,103.832,Mensual,Cantabria. Índice general. Índice. 
2026-07-01,2026-M07,CANT,AUX_IPC,104.57,Mensual,Cantabria. Índice general. Índice. 
2010-01-01,2010-M01,CAT,AUX_IPC,71.839,Mensual,Cataluña. Índice general. Índice. 
2010-02-01,2010-M02,CAT,AUX_IPC,71.7,Mensual,Cataluña. Índice general. Índice. 
2010-03-01,2010-M03,CAT,AUX_IPC,72.228,Mensual,Cataluña. Índice general. Índice. 
2010-04-01,2010-M04,CAT,AUX_IPC,72.949,Mensual,Cataluña. Índice general. Índice. 
2010-05-01,2010-M05,CAT,AUX_IPC,73.142,Mensual,Cataluña. Índice general. Índice. 
2010-06-01,2010-M06,CAT,AUX_IPC,73.285,Mensual,Cataluña. Índice general. Índice. 
2010-07-01,2010-M07,CAT,AUX_IPC,73.03,Mensual,Cataluña. Índice general. Índice. 
2010-08-01,2010-M08,CAT,AUX_IPC,73.22,Mensual,Cataluña. Índice general. Índice. 
2010-09-01,2010-M09,CAT,AUX_IPC,73.226,Mensual,Cataluña. Índice general. Índice. 
2010-10-01,2010-M10,CAT,AUX_IPC,73.833,Mensual,Cataluña. Índice general. Índice. 
2010-11-01,2010-M11,CAT,AUX_IPC,74.178,Mensual,Cataluña. Índice general. Índice. 
2010-12-01,2010-M12,CAT,AUX_IPC,74.682,Mensual,Cataluña. Índice general. Índice. 
2011-01-01,2011-M01,CAT,AUX_IPC,74.201,Mensual,Cataluña. Índice general. Índice. 
2011-02-01,2011-M02,CAT,AUX_IPC,74.294,Mensual,Cataluña. Índice general. Índice. 
2011-03-01,2011-M03,CAT,AUX_IPC,74.776,Mensual,Cataluña. Índice general. Índice. 
2011-04-01,2011-M04,CAT,AUX_IPC,75.714,Mensual,Cataluña. Índice general. Índice. 
2011-05-01,2011-M05,CAT,AUX_IPC,75.726,Mensual,Cataluña. Índice general. Índice. 
2011-06-01,2011-M06,CAT,AUX_IPC,75.674,Mensual,Cataluña. Índice general. Índice. 
2011-07-01,2011-M07,CAT,AUX_IPC,75.392,Mensual,Cataluña. Índice general. Índice. 
2011-08-01,2011-M08,CAT,AUX_IPC,75.441,Mensual,Cataluña. Índice general. Índice. 
2011-09-01,2011-M09,CAT,AUX_IPC,75.575,Mensual,Cataluña. Índice general. Índice. 
2011-10-01,2011-M10,CAT,AUX_IPC,76.116,Mensual,Cataluña. Índice general. Índice. 
2011-11-01,2011-M11,CAT,AUX_IPC,76.386,Mensual,Cataluña. Índice general. Índice. 
2011-12-01,2011-M12,CAT,AUX_IPC,76.566,Mensual,Cataluña. Índice general. Índice. 
2012-01-01,2012-M01,CAT,AUX_IPC,75.861,Mensual,Cataluña. Índice general. Índice. 
2012-02-01,2012-M02,CAT,AUX_IPC,75.958,Mensual,Cataluña. Índice general. Índice. 
2012-03-01,2012-M03,CAT,AUX_IPC,76.448,Mensual,Cataluña. Índice general. Índice. 
2012-04-01,2012-M04,CAT,AUX_IPC,77.548,Mensual,Cataluña. Índice general. Índice. 
2012-05-01,2012-M05,CAT,AUX_IPC,77.438,Mensual,Cataluña. Índice general. Índice. 
2012-06-01,2012-M06,CAT,AUX_IPC,77.31,Mensual,Cataluña. Índice general. Índice. 
2012-07-01,2012-M07,CAT,AUX_IPC,77.344,Mensual,Cataluña. Índice general. Índice. 
2012-08-01,2012-M08,CAT,AUX_IPC,77.78,Mensual,Cataluña. Índice general. Índice. 
2012-09-01,2012-M09,CAT,AUX_IPC,78.526,Mensual,Cataluña. Índice general. Índice. 
2012-10-01,2012-M10,CAT,AUX_IPC,79.295,Mensual,Cataluña. Índice general. Índice. 
2012-11-01,2012-M11,CAT,AUX_IPC,79.13,Mensual,Cataluña. Índice general. Índice. 
2012-12-01,2012-M12,CAT,AUX_IPC,79.336,Mensual,Cataluña. Índice general. Índice. 
2013-01-01,2013-M01,CAT,AUX_IPC,78.395,Mensual,Cataluña. Índice general. Índice. 
2013-02-01,2013-M02,CAT,AUX_IPC,78.467,Mensual,Cataluña. Índice general. Índice. 
2013-03-01,2013-M03,CAT,AUX_IPC,78.712,Mensual,Cataluña. Índice general. Índice. 
2013-04-01,2013-M04,CAT,AUX_IPC,78.962,Mensual,Cataluña. Índice general. Índice. 
2013-05-01,2013-M05,CAT,AUX_IPC,79.169,Mensual,Cataluña. Índice general. Índice. 
2013-06-01,2013-M06,CAT,AUX_IPC,79.292,Mensual,Cataluña. Índice general. Índice. 
2013-07-01,2013-M07,CAT,AUX_IPC,78.932,Mensual,Cataluña. Índice general. Índice. 
2013-08-01,2013-M08,CAT,AUX_IPC,79.137,Mensual,Cataluña. Índice general. Índice. 
2013-09-01,2013-M09,CAT,AUX_IPC,78.936,Mensual,Cataluña. Índice general. Índice. 
2013-10-01,2013-M10,CAT,AUX_IPC,79.223,Mensual,Cataluña. Índice general. Índice. 
2013-11-01,2013-M11,CAT,AUX_IPC,79.333,Mensual,Cataluña. Índice general. Índice. 
2013-12-01,2013-M12,CAT,AUX_IPC,79.518,Mensual,Cataluña. Índice general. Índice. 
2014-01-01,2014-M01,CAT,AUX_IPC,78.623,Mensual,Cataluña. Índice general. Índice. 
2014-02-01,2014-M02,CAT,AUX_IPC,78.644,Mensual,Cataluña. Índice general. Índice. 
2014-03-01,2014-M03,CAT,AUX_IPC,78.77,Mensual,Cataluña. Índice general. Índice. 
2014-04-01,2014-M04,CAT,AUX_IPC,79.494,Mensual,Cataluña. Índice general. Índice. 
2014-05-01,2014-M05,CAT,AUX_IPC,79.547,Mensual,Cataluña. Índice general. Índice. 
2014-06-01,2014-M06,CAT,AUX_IPC,79.6,Mensual,Cataluña. Índice general. Índice. 
2014-07-01,2014-M07,CAT,AUX_IPC,78.961,Mensual,Cataluña. Índice general. Índice. 
2014-08-01,2014-M08,CAT,AUX_IPC,79.091,Mensual,Cataluña. Índice general. Índice. 
2014-09-01,2014-M09,CAT,AUX_IPC,79.045,Mensual,Cataluña. Índice general. Índice. 
2014-10-01,2014-M10,CAT,AUX_IPC,79.323,Mensual,Cataluña. Índice general. Índice. 
2014-11-01,2014-M11,CAT,AUX_IPC,79.284,Mensual,Cataluña. Índice general. Índice. 
2014-12-01,2014-M12,CAT,AUX_IPC,78.973,Mensual,Cataluña. Índice general. Índice. 
2015-01-01,2015-M01,CAT,AUX_IPC,77.886,Mensual,Cataluña. Índice general. Índice. 
2015-02-01,2015-M02,CAT,AUX_IPC,78.03,Mensual,Cataluña. Índice general. Índice. 
2015-03-01,2015-M03,CAT,AUX_IPC,78.545,Mensual,Cataluña. Índice general. Índice. 
2015-04-01,2015-M04,CAT,AUX_IPC,79.257,Mensual,Cataluña. Índice general. Índice. 
2015-05-01,2015-M05,CAT,AUX_IPC,79.649,Mensual,Cataluña. Índice general. Índice. 
2015-06-01,2015-M06,CAT,AUX_IPC,79.869,Mensual,Cataluña. Índice general. Índice. 
2015-07-01,2015-M07,CAT,AUX_IPC,79.244,Mensual,Cataluña. Índice general. Índice. 
2015-08-01,2015-M08,CAT,AUX_IPC,79.003,Mensual,Cataluña. Índice general. Índice. 
2015-09-01,2015-M09,CAT,AUX_IPC,78.656,Mensual,Cataluña. Índice general. Índice. 
2015-10-01,2015-M10,CAT,AUX_IPC,79.078,Mensual,Cataluña. Índice general. Índice. 
2015-11-01,2015-M11,CAT,AUX_IPC,79.3,Mensual,Cataluña. Índice general. Índice. 
2015-12-01,2015-M12,CAT,AUX_IPC,79.194,Mensual,Cataluña. Índice general. Índice. 
2016-01-01,2016-M01,CAT,AUX_IPC,77.858,Mensual,Cataluña. Índice general. Índice. 
2016-02-01,2016-M02,CAT,AUX_IPC,77.633,Mensual,Cataluña. Índice general. Índice. 
2016-03-01,2016-M03,CAT,AUX_IPC,78.077,Mensual,Cataluña. Índice general. Índice. 
2016-04-01,2016-M04,CAT,AUX_IPC,78.623,Mensual,Cataluña. Índice general. Índice. 
2016-05-01,2016-M05,CAT,AUX_IPC,79.058,Mensual,Cataluña. Índice general. Índice. 
2016-06-01,2016-M06,CAT,AUX_IPC,79.447,Mensual,Cataluña. Índice general. Índice. 
2016-07-01,2016-M07,CAT,AUX_IPC,78.962,Mensual,Cataluña. Índice general. Índice. 
2016-08-01,2016-M08,CAT,AUX_IPC,79.088,Mensual,Cataluña. Índice general. Índice. 
2016-09-01,2016-M09,CAT,AUX_IPC,78.974,Mensual,Cataluña. Índice general. Índice. 
2016-10-01,2016-M10,CAT,AUX_IPC,79.793,Mensual,Cataluña. Índice general. Índice. 
2016-11-01,2016-M11,CAT,AUX_IPC,80.065,Mensual,Cataluña. Índice general. Índice. 
2016-12-01,2016-M12,CAT,AUX_IPC,80.709,Mensual,Cataluña. Índice general. Índice. 
2017-01-01,2017-M01,CAT,AUX_IPC,80.275,Mensual,Cataluña. Índice general. Índice. 
2017-02-01,2017-M02,CAT,AUX_IPC,80.042,Mensual,Cataluña. Índice general. Índice. 
2017-03-01,2017-M03,CAT,AUX_IPC,80.036,Mensual,Cataluña. Índice general. Índice. 
2017-04-01,2017-M04,CAT,AUX_IPC,80.794,Mensual,Cataluña. Índice general. Índice. 
2017-05-01,2017-M05,CAT,AUX_IPC,80.739,Mensual,Cataluña. Índice general. Índice. 
2017-06-01,2017-M06,CAT,AUX_IPC,80.827,Mensual,Cataluña. Índice general. Índice. 
2017-07-01,2017-M07,CAT,AUX_IPC,80.461,Mensual,Cataluña. Índice general. Índice. 
2017-08-01,2017-M08,CAT,AUX_IPC,80.668,Mensual,Cataluña. Índice general. Índice. 
2017-09-01,2017-M09,CAT,AUX_IPC,80.661,Mensual,Cataluña. Índice general. Índice. 
2017-10-01,2017-M10,CAT,AUX_IPC,81.275,Mensual,Cataluña. Índice general. Índice. 
2017-11-01,2017-M11,CAT,AUX_IPC,81.569,Mensual,Cataluña. Índice general. Índice. 
2017-12-01,2017-M12,CAT,AUX_IPC,81.717,Mensual,Cataluña. Índice general. Índice. 
2018-01-01,2018-M01,CAT,AUX_IPC,80.965,Mensual,Cataluña. Índice general. Índice. 
2018-02-01,2018-M02,CAT,AUX_IPC,81.125,Mensual,Cataluña. Índice general. Índice. 
2018-03-01,2018-M03,CAT,AUX_IPC,81.221,Mensual,Cataluña. Índice general. Índice. 
2018-04-01,2018-M04,CAT,AUX_IPC,81.786,Mensual,Cataluña. Índice general. Índice. 
2018-05-01,2018-M05,CAT,AUX_IPC,82.561,Mensual,Cataluña. Índice general. Índice. 
2018-06-01,2018-M06,CAT,AUX_IPC,82.78,Mensual,Cataluña. Índice general. Índice. 
2018-07-01,2018-M07,CAT,AUX_IPC,82.31,Mensual,Cataluña. Índice general. Índice. 
2018-08-01,2018-M08,CAT,AUX_IPC,82.443,Mensual,Cataluña. Índice general. Índice. 
2018-09-01,2018-M09,CAT,AUX_IPC,82.498,Mensual,Cataluña. Índice general. Índice. 
2018-10-01,2018-M10,CAT,AUX_IPC,83.232,Mensual,Cataluña. Índice general. Índice. 
2018-11-01,2018-M11,CAT,AUX_IPC,83.103,Mensual,Cataluña. Índice general. Índice. 
2018-12-01,2018-M12,CAT,AUX_IPC,82.859,Mensual,Cataluña. Índice general. Índice. 
2019-01-01,2019-M01,CAT,AUX_IPC,81.808,Mensual,Cataluña. Índice general. Índice. 
2019-02-01,2019-M02,CAT,AUX_IPC,82.036,Mensual,Cataluña. Índice general. Índice. 
2019-03-01,2019-M03,CAT,AUX_IPC,82.325,Mensual,Cataluña. Índice general. Índice. 
2019-04-01,2019-M04,CAT,AUX_IPC,83.171,Mensual,Cataluña. Índice general. Índice. 
2019-05-01,2019-M05,CAT,AUX_IPC,83.361,Mensual,Cataluña. Índice general. Índice. 
2019-06-01,2019-M06,CAT,AUX_IPC,83.392,Mensual,Cataluña. Índice general. Índice. 
2019-07-01,2019-M07,CAT,AUX_IPC,82.944,Mensual,Cataluña. Índice general. Índice. 
2019-08-01,2019-M08,CAT,AUX_IPC,82.957,Mensual,Cataluña. Índice general. Índice. 
2019-09-01,2019-M09,CAT,AUX_IPC,82.754,Mensual,Cataluña. Índice general. Índice. 
2019-10-01,2019-M10,CAT,AUX_IPC,83.444,Mensual,Cataluña. Índice general. Índice. 
2019-11-01,2019-M11,CAT,AUX_IPC,83.537,Mensual,Cataluña. Índice general. Índice. 
2019-12-01,2019-M12,CAT,AUX_IPC,83.612,Mensual,Cataluña. Índice general. Índice. 
2020-01-01,2020-M01,CAT,AUX_IPC,82.78,Mensual,Cataluña. Índice general. Índice. 
2020-02-01,2020-M02,CAT,AUX_IPC,82.728,Mensual,Cataluña. Índice general. Índice. 
2020-03-01,2020-M03,CAT,AUX_IPC,82.336,Mensual,Cataluña. Índice general. Índice. 
2020-04-01,2020-M04,CAT,AUX_IPC,82.578,Mensual,Cataluña. Índice general. Índice. 
2020-05-01,2020-M05,CAT,AUX_IPC,82.551,Mensual,Cataluña. Índice general. Índice. 
2020-06-01,2020-M06,CAT,AUX_IPC,82.913,Mensual,Cataluña. Índice general. Índice. 
2020-07-01,2020-M07,CAT,AUX_IPC,82.267,Mensual,Cataluña. Índice general. Índice. 
2020-08-01,2020-M08,CAT,AUX_IPC,82.301,Mensual,Cataluña. Índice general. Índice. 
2020-09-01,2020-M09,CAT,AUX_IPC,82.36,Mensual,Cataluña. Índice general. Índice. 
2020-10-01,2020-M10,CAT,AUX_IPC,82.567,Mensual,Cataluña. Índice general. Índice. 
2020-11-01,2020-M11,CAT,AUX_IPC,82.739,Mensual,Cataluña. Índice general. Índice. 
2020-12-01,2020-M12,CAT,AUX_IPC,83.072,Mensual,Cataluña. Índice general. Índice. 
2021-01-01,2021-M01,CAT,AUX_IPC,83.133,Mensual,Cataluña. Índice general. Índice. 
2021-02-01,2021-M02,CAT,AUX_IPC,82.656,Mensual,Cataluña. Índice general. Índice. 
2021-03-01,2021-M03,CAT,AUX_IPC,83.376,Mensual,Cataluña. Índice general. Índice. 
2021-04-01,2021-M04,CAT,AUX_IPC,84.267,Mensual,Cataluña. Índice general. Índice. 
2021-05-01,2021-M05,CAT,AUX_IPC,84.678,Mensual,Cataluña. Índice general. Índice. 
2021-06-01,2021-M06,CAT,AUX_IPC,85.068,Mensual,Cataluña. Índice general. Índice. 
2021-07-01,2021-M07,CAT,AUX_IPC,84.535,Mensual,Cataluña. Índice general. Índice. 
2021-08-01,2021-M08,CAT,AUX_IPC,84.847,Mensual,Cataluña. Índice general. Índice. 
2021-09-01,2021-M09,CAT,AUX_IPC,85.415,Mensual,Cataluña. Índice general. Índice. 
2021-10-01,2021-M10,CAT,AUX_IPC,86.848,Mensual,Cataluña. Índice general. Índice. 
2021-11-01,2021-M11,CAT,AUX_IPC,87.144,Mensual,Cataluña. Índice general. Índice. 
2021-12-01,2021-M12,CAT,AUX_IPC,88.18,Mensual,Cataluña. Índice general. Índice. 
2022-01-01,2022-M01,CAT,AUX_IPC,88.017,Mensual,Cataluña. Índice general. Índice. 
2022-02-01,2022-M02,CAT,AUX_IPC,88.75,Mensual,Cataluña. Índice general. Índice. 
2022-03-01,2022-M03,CAT,AUX_IPC,91.289,Mensual,Cataluña. Índice general. Índice. 
2022-04-01,2022-M04,CAT,AUX_IPC,90.978,Mensual,Cataluña. Índice general. Índice. 
2022-05-01,2022-M05,CAT,AUX_IPC,91.635,Mensual,Cataluña. Índice general. Índice. 
2022-06-01,2022-M06,CAT,AUX_IPC,93.34,Mensual,Cataluña. Índice general. Índice. 
2022-07-01,2022-M07,CAT,AUX_IPC,93.249,Mensual,Cataluña. Índice general. Índice. 
2022-08-01,2022-M08,CAT,AUX_IPC,93.486,Mensual,Cataluña. Índice general. Índice. 
2022-09-01,2022-M09,CAT,AUX_IPC,92.706,Mensual,Cataluña. Índice general. Índice. 
2022-10-01,2022-M10,CAT,AUX_IPC,92.782,Mensual,Cataluña. Índice general. Índice. 
2022-11-01,2022-M11,CAT,AUX_IPC,92.73,Mensual,Cataluña. Índice general. Índice. 
2022-12-01,2022-M12,CAT,AUX_IPC,92.777,Mensual,Cataluña. Índice general. Índice. 
2023-01-01,2023-M01,CAT,AUX_IPC,92.721,Mensual,Cataluña. Índice general. Índice. 
2023-02-01,2023-M02,CAT,AUX_IPC,93.675,Mensual,Cataluña. Índice general. Índice. 
2023-03-01,2023-M03,CAT,AUX_IPC,94.1,Mensual,Cataluña. Índice general. Índice. 
2023-04-01,2023-M04,CAT,AUX_IPC,94.539,Mensual,Cataluña. Índice general. Índice. 
2023-05-01,2023-M05,CAT,AUX_IPC,94.568,Mensual,Cataluña. Índice general. Índice. 
2023-06-01,2023-M06,CAT,AUX_IPC,95.093,Mensual,Cataluña. Índice general. Índice. 
2023-07-01,2023-M07,CAT,AUX_IPC,95.396,Mensual,Cataluña. Índice general. Índice. 
2023-08-01,2023-M08,CAT,AUX_IPC,95.853,Mensual,Cataluña. Índice general. Índice. 
2023-09-01,2023-M09,CAT,AUX_IPC,95.83,Mensual,Cataluña. Índice general. Índice. 
2023-10-01,2023-M10,CAT,AUX_IPC,95.951,Mensual,Cataluña. Índice general. Índice. 
2023-11-01,2023-M11,CAT,AUX_IPC,95.604,Mensual,Cataluña. Índice general. Índice. 
2023-12-01,2023-M12,CAT,AUX_IPC,95.726,Mensual,Cataluña. Índice general. Índice. 
2024-01-01,2024-M01,CAT,AUX_IPC,95.809,Mensual,Cataluña. Índice general. Índice. 
2024-02-01,2024-M02,CAT,AUX_IPC,96.166,Mensual,Cataluña. Índice general. Índice. 
2024-03-01,2024-M03,CAT,AUX_IPC,97.034,Mensual,Cataluña. Índice general. Índice. 
2024-04-01,2024-M04,CAT,AUX_IPC,97.637,Mensual,Cataluña. Índice general. Índice. 
2024-05-01,2024-M05,CAT,AUX_IPC,97.976,Mensual,Cataluña. Índice general. Índice. 
2024-06-01,2024-M06,CAT,AUX_IPC,98.473,Mensual,Cataluña. Índice general. Índice. 
2024-07-01,2024-M07,CAT,AUX_IPC,98.12,Mensual,Cataluña. Índice general. Índice. 
2024-08-01,2024-M08,CAT,AUX_IPC,98.173,Mensual,Cataluña. Índice general. Índice. 
2024-09-01,2024-M09,CAT,AUX_IPC,97.444,Mensual,Cataluña. Índice general. Índice. 
2024-10-01,2024-M10,CAT,AUX_IPC,97.87,Mensual,Cataluña. Índice general. Índice. 
2024-11-01,2024-M11,CAT,AUX_IPC,98.132,Mensual,Cataluña. Índice general. Índice. 
2024-12-01,2024-M12,CAT,AUX_IPC,98.539,Mensual,Cataluña. Índice general. Índice. 
2025-01-01,2025-M01,CAT,AUX_IPC,98.686,Mensual,Cataluña. Índice general. Índice. 
2025-02-01,2025-M02,CAT,AUX_IPC,99.153,Mensual,Cataluña. Índice general. Índice. 
2025-03-01,2025-M03,CAT,AUX_IPC,99.122,Mensual,Cataluña. Índice general. Índice. 
2025-04-01,2025-M04,CAT,AUX_IPC,99.713,Mensual,Cataluña. Índice general. Índice. 
2025-05-01,2025-M05,CAT,AUX_IPC,99.769,Mensual,Cataluña. Índice general. Índice. 
2025-06-01,2025-M06,CAT,AUX_IPC,100.466,Mensual,Cataluña. Índice general. Índice. 
2025-07-01,2025-M07,CAT,AUX_IPC,100.367,Mensual,Cataluña. Índice general. Índice. 
2025-08-01,2025-M08,CAT,AUX_IPC,100.525,Mensual,Cataluña. Índice general. Índice. 
2025-09-01,2025-M09,CAT,AUX_IPC,100.021,Mensual,Cataluña. Índice general. Índice. 
2025-10-01,2025-M10,CAT,AUX_IPC,100.453,Mensual,Cataluña. Índice general. Índice. 
2025-11-01,2025-M11,CAT,AUX_IPC,100.706,Mensual,Cataluña. Índice general. Índice. 
2025-12-01,2025-M12,CAT,AUX_IPC,101.019,Mensual,Cataluña. Índice general. Índice. 
2026-01-01,2026-M01,CAT,AUX_IPC,100.619,Mensual,Cataluña. Índice general. Índice. 
2026-02-01,2026-M02,CAT,AUX_IPC,101.108,Mensual,Cataluña. Índice general. Índice. 
2026-03-01,2026-M03,CAT,AUX_IPC,102.184,Mensual,Cataluña. Índice general. Índice. 
2026-04-01,2026-M04,CAT,AUX_IPC,102.662,Mensual,Cataluña. Índice general. Índice. 
2026-05-01,2026-M05,CAT,AUX_IPC,102.858,Mensual,Cataluña. Índice general. Índice. 
2026-06-01,2026-M06,CAT,AUX_IPC,103.641,Mensual,Cataluña. Índice general. Índice. 
2026-07-01,2026-M07,CAT,AUX_IPC,103.861,Mensual,Cataluña. Índice general. Índice. 
2010-01-01,2010-M01,CLM,AUX_IPC,71.964,Mensual,Castilla - La Mancha. Índice general. Índice. 
2010-02-01,2010-M02,CLM,AUX_IPC,71.722,Mensual,Castilla - La Mancha. Índice general. Índice. 
2010-03-01,2010-M03,CLM,AUX_IPC,72.326,Mensual,Castilla - La Mancha. Índice general. Índice. 
2010-04-01,2010-M04,CLM,AUX_IPC,73.156,Mensual,Castilla - La Mancha. Índice general. Índice. 
2010-05-01,2010-M05,CLM,AUX_IPC,73.389,Mensual,Castilla - La Mancha. Índice general. Índice. 
2010-06-01,2010-M06,CLM,AUX_IPC,73.553,Mensual,Castilla - La Mancha. Índice general. Índice. 
2010-07-01,2010-M07,CLM,AUX_IPC,73.024,Mensual,Castilla - La Mancha. Índice general. Índice. 
2010-08-01,2010-M08,CLM,AUX_IPC,73.181,Mensual,Castilla - La Mancha. Índice general. Índice. 
2010-09-01,2010-M09,CLM,AUX_IPC,73.363,Mensual,Castilla - La Mancha. Índice general. Índice. 
2010-10-01,2010-M10,CLM,AUX_IPC,74.249,Mensual,Castilla - La Mancha. Índice general. Índice. 
2010-11-01,2010-M11,CLM,AUX_IPC,74.676,Mensual,Castilla - La Mancha. Índice general. Índice. 
2010-12-01,2010-M12,CLM,AUX_IPC,75.212,Mensual,Castilla - La Mancha. Índice general. Índice. 
2011-01-01,2011-M01,CLM,AUX_IPC,74.628,Mensual,Castilla - La Mancha. Índice general. Índice. 
2011-02-01,2011-M02,CLM,AUX_IPC,74.693,Mensual,Castilla - La Mancha. Índice general. Índice. 
2011-03-01,2011-M03,CLM,AUX_IPC,75.395,Mensual,Castilla - La Mancha. Índice general. Índice. 
2011-04-01,2011-M04,CLM,AUX_IPC,76.358,Mensual,Castilla - La Mancha. Índice general. Índice. 
2011-05-01,2011-M05,CLM,AUX_IPC,76.337,Mensual,Castilla - La Mancha. Índice general. Índice. 
2011-06-01,2011-M06,CLM,AUX_IPC,76.189,Mensual,Castilla - La Mancha. Índice general. Índice. 
2011-07-01,2011-M07,CLM,AUX_IPC,75.675,Mensual,Castilla - La Mancha. Índice general. Índice. 
2011-08-01,2011-M08,CLM,AUX_IPC,75.664,Mensual,Castilla - La Mancha. Índice general. Índice. 
2011-09-01,2011-M09,CLM,AUX_IPC,75.942,Mensual,Castilla - La Mancha. Índice general. Índice. 
2011-10-01,2011-M10,CLM,AUX_IPC,76.785,Mensual,Castilla - La Mancha. Índice general. Índice. 
2011-11-01,2011-M11,CLM,AUX_IPC,77.13,Mensual,Castilla - La Mancha. Índice general. Índice. 
2011-12-01,2011-M12,CLM,AUX_IPC,77.173,Mensual,Castilla - La Mancha. Índice general. Índice. 
2012-01-01,2012-M01,CLM,AUX_IPC,76.241,Mensual,Castilla - La Mancha. Índice general. Índice. 
2012-02-01,2012-M02,CLM,AUX_IPC,76.24,Mensual,Castilla - La Mancha. Índice general. Índice. 
2012-03-01,2012-M03,CLM,AUX_IPC,76.795,Mensual,Castilla - La Mancha. Índice general. Índice. 
2012-04-01,2012-M04,CLM,AUX_IPC,77.899,Mensual,Castilla - La Mancha. Índice general. Índice. 
2012-05-01,2012-M05,CLM,AUX_IPC,77.791,Mensual,Castilla - La Mancha. Índice general. Índice. 
2012-06-01,2012-M06,CLM,AUX_IPC,77.562,Mensual,Castilla - La Mancha. Índice general. Índice. 
2012-07-01,2012-M07,CLM,AUX_IPC,77.277,Mensual,Castilla - La Mancha. Índice general. Índice. 
2012-08-01,2012-M08,CLM,AUX_IPC,77.74,Mensual,Castilla - La Mancha. Índice general. Índice. 
2012-09-01,2012-M09,CLM,AUX_IPC,78.584,Mensual,Castilla - La Mancha. Índice general. Índice. 
2012-10-01,2012-M10,CLM,AUX_IPC,79.309,Mensual,Castilla - La Mancha. Índice general. Índice. 
2012-11-01,2012-M11,CLM,AUX_IPC,79.184,Mensual,Castilla - La Mancha. Índice general. Índice. 
2012-12-01,2012-M12,CLM,AUX_IPC,79.218,Mensual,Castilla - La Mancha. Índice general. Índice. 
2013-01-01,2013-M01,CLM,AUX_IPC,78.155,Mensual,Castilla - La Mancha. Índice general. Índice. 
2013-02-01,2013-M02,CLM,AUX_IPC,78.251,Mensual,Castilla - La Mancha. Índice general. Índice. 
2013-03-01,2013-M03,CLM,AUX_IPC,78.508,Mensual,Castilla - La Mancha. Índice general. Índice. 
2013-04-01,2013-M04,CLM,AUX_IPC,78.84,Mensual,Castilla - La Mancha. Índice general. Índice. 
2013-05-01,2013-M05,CLM,AUX_IPC,78.942,Mensual,Castilla - La Mancha. Índice general. Índice. 
2013-06-01,2013-M06,CLM,AUX_IPC,79.128,Mensual,Castilla - La Mancha. Índice general. Índice. 
2013-07-01,2013-M07,CLM,AUX_IPC,78.643,Mensual,Castilla - La Mancha. Índice general. Índice. 
2013-08-01,2013-M08,CLM,AUX_IPC,78.902,Mensual,Castilla - La Mancha. Índice general. Índice. 
2013-09-01,2013-M09,CLM,AUX_IPC,78.807,Mensual,Castilla - La Mancha. Índice general. Índice. 
2013-10-01,2013-M10,CLM,AUX_IPC,79.183,Mensual,Castilla - La Mancha. Índice general. Índice. 
2013-11-01,2013-M11,CLM,AUX_IPC,79.283,Mensual,Castilla - La Mancha. Índice general. Índice. 
2013-12-01,2013-M12,CLM,AUX_IPC,79.387,Mensual,Castilla - La Mancha. Índice general. Índice. 
2014-01-01,2014-M01,CLM,AUX_IPC,78.206,Mensual,Castilla - La Mancha. Índice general. Índice. 
2014-02-01,2014-M02,CLM,AUX_IPC,78.078,Mensual,Castilla - La Mancha. Índice general. Índice. 
2014-03-01,2014-M03,CLM,AUX_IPC,78.251,Mensual,Castilla - La Mancha. Índice general. Índice. 
2014-04-01,2014-M04,CLM,AUX_IPC,79.039,Mensual,Castilla - La Mancha. Índice general. Índice. 
2014-05-01,2014-M05,CLM,AUX_IPC,78.97,Mensual,Castilla - La Mancha. Índice general. Índice. 
2014-06-01,2014-M06,CLM,AUX_IPC,78.973,Mensual,Castilla - La Mancha. Índice general. Índice. 
2014-07-01,2014-M07,CLM,AUX_IPC,78.022,Mensual,Castilla - La Mancha. Índice general. Índice. 
2014-08-01,2014-M08,CLM,AUX_IPC,78.101,Mensual,Castilla - La Mancha. Índice general. Índice. 
2014-09-01,2014-M09,CLM,AUX_IPC,78.368,Mensual,Castilla - La Mancha. Índice general. Índice. 
2014-10-01,2014-M10,CLM,AUX_IPC,78.925,Mensual,Castilla - La Mancha. Índice general. Índice. 
2014-11-01,2014-M11,CLM,AUX_IPC,78.802,Mensual,Castilla - La Mancha. Índice general. Índice. 
2014-12-01,2014-M12,CLM,AUX_IPC,78.186,Mensual,Castilla - La Mancha. Índice general. Índice. 
2015-01-01,2015-M01,CLM,AUX_IPC,76.664,Mensual,Castilla - La Mancha. Índice general. Índice. 
2015-02-01,2015-M02,CLM,AUX_IPC,76.829,Mensual,Castilla - La Mancha. Índice general. Índice. 
2015-03-01,2015-M03,CLM,AUX_IPC,77.384,Mensual,Castilla - La Mancha. Índice general. Índice. 
2015-04-01,2015-M04,CLM,AUX_IPC,78.112,Mensual,Castilla - La Mancha. Índice general. Índice. 
2015-05-01,2015-M05,CLM,AUX_IPC,78.516,Mensual,Castilla - La Mancha. Índice general. Índice. 
2015-06-01,2015-M06,CLM,AUX_IPC,78.707,Mensual,Castilla - La Mancha. Índice general. Índice. 
2015-07-01,2015-M07,CLM,AUX_IPC,77.749,Mensual,Castilla - La Mancha. Índice general. Índice. 
2015-08-01,2015-M08,CLM,AUX_IPC,77.38,Mensual,Castilla - La Mancha. Índice general. Índice. 
2015-09-01,2015-M09,CLM,AUX_IPC,77.209,Mensual,Castilla - La Mancha. Índice general. Índice. 
2015-10-01,2015-M10,CLM,AUX_IPC,77.944,Mensual,Castilla - La Mancha. Índice general. Índice. 
2015-11-01,2015-M11,CLM,AUX_IPC,78.242,Mensual,Castilla - La Mancha. Índice general. Índice. 
2015-12-01,2015-M12,CLM,AUX_IPC,77.933,Mensual,Castilla - La Mancha. Índice general. Índice. 
2016-01-01,2016-M01,CLM,AUX_IPC,76.188,Mensual,Castilla - La Mancha. Índice general. Índice. 
2016-02-01,2016-M02,CLM,AUX_IPC,75.783,Mensual,Castilla - La Mancha. Índice general. Índice. 
2016-03-01,2016-M03,CLM,AUX_IPC,76.332,Mensual,Castilla - La Mancha. Índice general. Índice. 
2016-04-01,2016-M04,CLM,AUX_IPC,76.945,Mensual,Castilla - La Mancha. Índice general. Índice. 
2016-05-01,2016-M05,CLM,AUX_IPC,77.406,Mensual,Castilla - La Mancha. Índice general. Índice. 
2016-06-01,2016-M06,CLM,AUX_IPC,77.829,Mensual,Castilla - La Mancha. Índice general. Índice. 
2016-07-01,2016-M07,CLM,AUX_IPC,77.044,Mensual,Castilla - La Mancha. Índice general. Índice. 
2016-08-01,2016-M08,CLM,AUX_IPC,77.128,Mensual,Castilla - La Mancha. Índice general. Índice. 
2016-09-01,2016-M09,CLM,AUX_IPC,77.251,Mensual,Castilla - La Mancha. Índice general. Índice. 
2016-10-01,2016-M10,CLM,AUX_IPC,78.352,Mensual,Castilla - La Mancha. Índice general. Índice. 
2016-11-01,2016-M11,CLM,AUX_IPC,78.646,Mensual,Castilla - La Mancha. Índice general. Índice. 
2016-12-01,2016-M12,CLM,AUX_IPC,79.174,Mensual,Castilla - La Mancha. Índice general. Índice. 
2017-01-01,2017-M01,CLM,AUX_IPC,78.681,Mensual,Castilla - La Mancha. Índice general. Índice. 
2017-02-01,2017-M02,CLM,AUX_IPC,78.381,Mensual,Castilla - La Mancha. Índice general. Índice. 
2017-03-01,2017-M03,CLM,AUX_IPC,78.337,Mensual,Castilla - La Mancha. Índice general. Índice. 
2017-04-01,2017-M04,CLM,AUX_IPC,79.031,Mensual,Castilla - La Mancha. Índice general. Índice. 
2017-05-01,2017-M05,CLM,AUX_IPC,78.871,Mensual,Castilla - La Mancha. Índice general. Índice. 
2017-06-01,2017-M06,CLM,AUX_IPC,78.93,Mensual,Castilla - La Mancha. Índice general. Índice. 
2017-07-01,2017-M07,CLM,AUX_IPC,78.22,Mensual,Castilla - La Mancha. Índice general. Índice. 
2017-08-01,2017-M08,CLM,AUX_IPC,78.365,Mensual,Castilla - La Mancha. Índice general. Índice. 
2017-09-01,2017-M09,CLM,AUX_IPC,78.623,Mensual,Castilla - La Mancha. Índice general. Índice. 
2017-10-01,2017-M10,CLM,AUX_IPC,79.621,Mensual,Castilla - La Mancha. Índice general. Índice. 
2017-11-01,2017-M11,CLM,AUX_IPC,79.984,Mensual,Castilla - La Mancha. Índice general. Índice. 
2017-12-01,2017-M12,CLM,AUX_IPC,80.035,Mensual,Castilla - La Mancha. Índice general. Índice. 
2018-01-01,2018-M01,CLM,AUX_IPC,79.161,Mensual,Castilla - La Mancha. Índice general. Índice. 
2018-02-01,2018-M02,CLM,AUX_IPC,79.119,Mensual,Castilla - La Mancha. Índice general. Índice. 
2018-03-01,2018-M03,CLM,AUX_IPC,79.201,Mensual,Castilla - La Mancha. Índice general. Índice. 
2018-04-01,2018-M04,CLM,AUX_IPC,79.958,Mensual,Castilla - La Mancha. Índice general. Índice. 
2018-05-01,2018-M05,CLM,AUX_IPC,80.727,Mensual,Castilla - La Mancha. Índice general. Índice. 
2018-06-01,2018-M06,CLM,AUX_IPC,80.986,Mensual,Castilla - La Mancha. Índice general. Índice. 
2018-07-01,2018-M07,CLM,AUX_IPC,80.247,Mensual,Castilla - La Mancha. Índice general. Índice. 
2018-08-01,2018-M08,CLM,AUX_IPC,80.328,Mensual,Castilla - La Mancha. Índice general. Índice. 
2018-09-01,2018-M09,CLM,AUX_IPC,80.724,Mensual,Castilla - La Mancha. Índice general. Índice. 
2018-10-01,2018-M10,CLM,AUX_IPC,81.686,Mensual,Castilla - La Mancha. Índice general. Índice. 
2018-11-01,2018-M11,CLM,AUX_IPC,81.573,Mensual,Castilla - La Mancha. Índice general. Índice. 
2018-12-01,2018-M12,CLM,AUX_IPC,80.962,Mensual,Castilla - La Mancha. Índice general. Índice. 
2019-01-01,2019-M01,CLM,AUX_IPC,79.74,Mensual,Castilla - La Mancha. Índice general. Índice. 
2019-02-01,2019-M02,CLM,AUX_IPC,79.946,Mensual,Castilla - La Mancha. Índice general. Índice. 
2019-03-01,2019-M03,CLM,AUX_IPC,80.336,Mensual,Castilla - La Mancha. Índice general. Índice. 
2019-04-01,2019-M04,CLM,AUX_IPC,81.216,Mensual,Castilla - La Mancha. Índice general. Índice. 
2019-05-01,2019-M05,CLM,AUX_IPC,81.315,Mensual,Castilla - La Mancha. Índice general. Índice. 
2019-06-01,2019-M06,CLM,AUX_IPC,81.187,Mensual,Castilla - La Mancha. Índice general. Índice. 
2019-07-01,2019-M07,CLM,AUX_IPC,80.537,Mensual,Castilla - La Mancha. Índice general. Índice. 
2019-08-01,2019-M08,CLM,AUX_IPC,80.406,Mensual,Castilla - La Mancha. Índice general. Índice. 
2019-09-01,2019-M09,CLM,AUX_IPC,80.534,Mensual,Castilla - La Mancha. Índice general. Índice. 
2019-10-01,2019-M10,CLM,AUX_IPC,81.716,Mensual,Castilla - La Mancha. Índice general. Índice. 
2019-11-01,2019-M11,CLM,AUX_IPC,81.812,Mensual,Castilla - La Mancha. Índice general. Índice. 
2019-12-01,2019-M12,CLM,AUX_IPC,81.711,Mensual,Castilla - La Mancha. Índice general. Índice. 
2020-01-01,2020-M01,CLM,AUX_IPC,80.87,Mensual,Castilla - La Mancha. Índice general. Índice. 
2020-02-01,2020-M02,CLM,AUX_IPC,80.669,Mensual,Castilla - La Mancha. Índice general. Índice. 
2020-03-01,2020-M03,CLM,AUX_IPC,80.161,Mensual,Castilla - La Mancha. Índice general. Índice. 
2020-04-01,2020-M04,CLM,AUX_IPC,80.214,Mensual,Castilla - La Mancha. Índice general. Índice. 
2020-05-01,2020-M05,CLM,AUX_IPC,80.141,Mensual,Castilla - La Mancha. Índice general. Índice. 
2020-06-01,2020-M06,CLM,AUX_IPC,80.708,Mensual,Castilla - La Mancha. Índice general. Índice. 
2020-07-01,2020-M07,CLM,AUX_IPC,79.862,Mensual,Castilla - La Mancha. Índice general. Índice. 
2020-08-01,2020-M08,CLM,AUX_IPC,79.855,Mensual,Castilla - La Mancha. Índice general. Índice. 
2020-09-01,2020-M09,CLM,AUX_IPC,80.011,Mensual,Castilla - La Mancha. Índice general. Índice. 
2020-10-01,2020-M10,CLM,AUX_IPC,80.706,Mensual,Castilla - La Mancha. Índice general. Índice. 
2020-11-01,2020-M11,CLM,AUX_IPC,80.769,Mensual,Castilla - La Mancha. Índice general. Índice. 
2020-12-01,2020-M12,CLM,AUX_IPC,80.973,Mensual,Castilla - La Mancha. Índice general. Índice. 
2021-01-01,2021-M01,CLM,AUX_IPC,80.998,Mensual,Castilla - La Mancha. Índice general. Índice. 
2021-02-01,2021-M02,CLM,AUX_IPC,80.478,Mensual,Castilla - La Mancha. Índice general. Índice. 
2021-03-01,2021-M03,CLM,AUX_IPC,81.466,Mensual,Castilla - La Mancha. Índice general. Índice. 
2021-04-01,2021-M04,CLM,AUX_IPC,82.436,Mensual,Castilla - La Mancha. Índice general. Índice. 
2021-05-01,2021-M05,CLM,AUX_IPC,82.963,Mensual,Castilla - La Mancha. Índice general. Índice. 
2021-06-01,2021-M06,CLM,AUX_IPC,83.418,Mensual,Castilla - La Mancha. Índice general. Índice. 
2021-07-01,2021-M07,CLM,AUX_IPC,82.741,Mensual,Castilla - La Mancha. Índice general. Índice. 
2021-08-01,2021-M08,CLM,AUX_IPC,83.019,Mensual,Castilla - La Mancha. Índice general. Índice. 
2021-09-01,2021-M09,CLM,AUX_IPC,83.869,Mensual,Castilla - La Mancha. Índice general. Índice. 
2021-10-01,2021-M10,CLM,AUX_IPC,85.915,Mensual,Castilla - La Mancha. Índice general. Índice. 
2021-11-01,2021-M11,CLM,AUX_IPC,86.099,Mensual,Castilla - La Mancha. Índice general. Índice. 
2021-12-01,2021-M12,CLM,AUX_IPC,87.143,Mensual,Castilla - La Mancha. Índice general. Índice. 
2022-01-01,2022-M01,CLM,AUX_IPC,86.857,Mensual,Castilla - La Mancha. Índice general. Índice. 
2022-02-01,2022-M02,CLM,AUX_IPC,87.724,Mensual,Castilla - La Mancha. Índice general. Índice. 
2022-03-01,2022-M03,CLM,AUX_IPC,91.031,Mensual,Castilla - La Mancha. Índice general. Índice. 
2022-04-01,2022-M04,CLM,AUX_IPC,91.039,Mensual,Castilla - La Mancha. Índice general. Índice. 
2022-05-01,2022-M05,CLM,AUX_IPC,91.783,Mensual,Castilla - La Mancha. Índice general. Índice. 
2022-06-01,2022-M06,CLM,AUX_IPC,93.975,Mensual,Castilla - La Mancha. Índice general. Índice. 
2022-07-01,2022-M07,CLM,AUX_IPC,93.627,Mensual,Castilla - La Mancha. Índice general. Índice. 
2022-08-01,2022-M08,CLM,AUX_IPC,93.518,Mensual,Castilla - La Mancha. Índice general. Índice. 
2022-09-01,2022-M09,CLM,AUX_IPC,92.756,Mensual,Castilla - La Mancha. Índice general. Índice. 
2022-10-01,2022-M10,CLM,AUX_IPC,93.335,Mensual,Castilla - La Mancha. Índice general. Índice. 
2022-11-01,2022-M11,CLM,AUX_IPC,93.085,Mensual,Castilla - La Mancha. Índice general. Índice. 
2022-12-01,2022-M12,CLM,AUX_IPC,93.066,Mensual,Castilla - La Mancha. Índice general. Índice. 
2023-01-01,2023-M01,CLM,AUX_IPC,92.811,Mensual,Castilla - La Mancha. Índice general. Índice. 
2023-02-01,2023-M02,CLM,AUX_IPC,93.782,Mensual,Castilla - La Mancha. Índice general. Índice. 
2023-03-01,2023-M03,CLM,AUX_IPC,94.157,Mensual,Castilla - La Mancha. Índice general. Índice. 
2023-04-01,2023-M04,CLM,AUX_IPC,94.677,Mensual,Castilla - La Mancha. Índice general. Índice. 
2023-05-01,2023-M05,CLM,AUX_IPC,94.578,Mensual,Castilla - La Mancha. Índice general. Índice. 
2023-06-01,2023-M06,CLM,AUX_IPC,95.122,Mensual,Castilla - La Mancha. Índice general. Índice. 
2023-07-01,2023-M07,CLM,AUX_IPC,95.266,Mensual,Castilla - La Mancha. Índice general. Índice. 
2023-08-01,2023-M08,CLM,AUX_IPC,95.742,Mensual,Castilla - La Mancha. Índice general. Índice. 
2023-09-01,2023-M09,CLM,AUX_IPC,96.041,Mensual,Castilla - La Mancha. Índice general. Índice. 
2023-10-01,2023-M10,CLM,AUX_IPC,96.518,Mensual,Castilla - La Mancha. Índice general. Índice. 
2023-11-01,2023-M11,CLM,AUX_IPC,96.204,Mensual,Castilla - La Mancha. Índice general. Índice. 
2023-12-01,2023-M12,CLM,AUX_IPC,96.23,Mensual,Castilla - La Mancha. Índice general. Índice. 
2024-01-01,2024-M01,CLM,AUX_IPC,96.289,Mensual,Castilla - La Mancha. Índice general. Índice. 
2024-02-01,2024-M02,CLM,AUX_IPC,96.635,Mensual,Castilla - La Mancha. Índice general. Índice. 
2024-03-01,2024-M03,CLM,AUX_IPC,97.276,Mensual,Castilla - La Mancha. Índice general. Índice. 
2024-04-01,2024-M04,CLM,AUX_IPC,98.067,Mensual,Castilla - La Mancha. Índice general. Índice. 
2024-05-01,2024-M05,CLM,AUX_IPC,98.165,Mensual,Castilla - La Mancha. Índice general. Índice. 
2024-06-01,2024-M06,CLM,AUX_IPC,98.428,Mensual,Castilla - La Mancha. Índice general. Índice. 
2024-07-01,2024-M07,CLM,AUX_IPC,97.787,Mensual,Castilla - La Mancha. Índice general. Índice. 
2024-08-01,2024-M08,CLM,AUX_IPC,97.699,Mensual,Castilla - La Mancha. Índice general. Índice. 
2024-09-01,2024-M09,CLM,AUX_IPC,97.166,Mensual,Castilla - La Mancha. Índice general. Índice. 
2024-10-01,2024-M10,CLM,AUX_IPC,97.907,Mensual,Castilla - La Mancha. Índice general. Índice. 
2024-11-01,2024-M11,CLM,AUX_IPC,98.131,Mensual,Castilla - La Mancha. Índice general. Índice. 
2024-12-01,2024-M12,CLM,AUX_IPC,98.618,Mensual,Castilla - La Mancha. Índice general. Índice. 
2025-01-01,2025-M01,CLM,AUX_IPC,98.939,Mensual,Castilla - La Mancha. Índice general. Índice. 
2025-02-01,2025-M02,CLM,AUX_IPC,99.251,Mensual,Castilla - La Mancha. Índice general. Índice. 
2025-03-01,2025-M03,CLM,AUX_IPC,99.178,Mensual,Castilla - La Mancha. Índice general. Índice. 
2025-04-01,2025-M04,CLM,AUX_IPC,99.76,Mensual,Castilla - La Mancha. Índice general. Índice. 
2025-05-01,2025-M05,CLM,AUX_IPC,99.758,Mensual,Castilla - La Mancha. Índice general. Índice. 
2025-06-01,2025-M06,CLM,AUX_IPC,100.459,Mensual,Castilla - La Mancha. Índice general. Índice. 
2025-07-01,2025-M07,CLM,AUX_IPC,100.154,Mensual,Castilla - La Mancha. Índice general. Índice. 
2025-08-01,2025-M08,CLM,AUX_IPC,99.998,Mensual,Castilla - La Mancha. Índice general. Índice. 
2025-09-01,2025-M09,CLM,AUX_IPC,99.756,Mensual,Castilla - La Mancha. Índice general. Índice. 
2025-10-01,2025-M10,CLM,AUX_IPC,100.634,Mensual,Castilla - La Mancha. Índice general. Índice. 
2025-11-01,2025-M11,CLM,AUX_IPC,100.828,Mensual,Castilla - La Mancha. Índice general. Índice. 
2025-12-01,2025-M12,CLM,AUX_IPC,101.285,Mensual,Castilla - La Mancha. Índice general. Índice. 
2026-01-01,2026-M01,CLM,AUX_IPC,100.834,Mensual,Castilla - La Mancha. Índice general. Índice. 
2026-02-01,2026-M02,CLM,AUX_IPC,101.268,Mensual,Castilla - La Mancha. Índice general. Índice. 
2026-03-01,2026-M03,CLM,AUX_IPC,102.807,Mensual,Castilla - La Mancha. Índice general. Índice. 
2026-04-01,2026-M04,CLM,AUX_IPC,103.15,Mensual,Castilla - La Mancha. Índice general. Índice. 
2026-05-01,2026-M05,CLM,AUX_IPC,103.093,Mensual,Castilla - La Mancha. Índice general. Índice. 
2026-06-01,2026-M06,CLM,AUX_IPC,103.591,Mensual,Castilla - La Mancha. Índice general. Índice. 
2026-07-01,2026-M07,CLM,AUX_IPC,103.798,Mensual,Castilla - La Mancha. Índice general. Índice. 
2010-01-01,2010-M01,CYL,AUX_IPC,71.773,Mensual,Castilla y León. Índice general. Índice. 
2010-02-01,2010-M02,CYL,AUX_IPC,71.63,Mensual,Castilla y León. Índice general. Índice. 
2010-03-01,2010-M03,CYL,AUX_IPC,72.19,Mensual,Castilla y León. Índice general. Índice. 
2010-04-01,2010-M04,CYL,AUX_IPC,72.947,Mensual,Castilla y León. Índice general. Índice. 
2010-05-01,2010-M05,CYL,AUX_IPC,73.132,Mensual,Castilla y León. Índice general. Índice. 
2010-06-01,2010-M06,CYL,AUX_IPC,73.229,Mensual,Castilla y León. Índice general. Índice. 
2010-07-01,2010-M07,CYL,AUX_IPC,72.942,Mensual,Castilla y León. Índice general. Índice. 
2010-08-01,2010-M08,CYL,AUX_IPC,73.152,Mensual,Castilla y León. Índice general. Índice. 
2010-09-01,2010-M09,CYL,AUX_IPC,73.286,Mensual,Castilla y León. Índice general. Índice. 
2010-10-01,2010-M10,CYL,AUX_IPC,73.999,Mensual,Castilla y León. Índice general. Índice. 
2010-11-01,2010-M11,CYL,AUX_IPC,74.39,Mensual,Castilla y León. Índice general. Índice. 
2010-12-01,2010-M12,CYL,AUX_IPC,74.862,Mensual,Castilla y León. Índice general. Índice. 
2011-01-01,2011-M01,CYL,AUX_IPC,74.288,Mensual,Castilla y León. Índice general. Índice. 
2011-02-01,2011-M02,CYL,AUX_IPC,74.387,Mensual,Castilla y León. Índice general. Índice. 
2011-03-01,2011-M03,CYL,AUX_IPC,74.981,Mensual,Castilla y León. Índice general. Índice. 
2011-04-01,2011-M04,CYL,AUX_IPC,75.887,Mensual,Castilla y León. Índice general. Índice. 
2011-05-01,2011-M05,CYL,AUX_IPC,75.825,Mensual,Castilla y León. Índice general. Índice. 
2011-06-01,2011-M06,CYL,AUX_IPC,75.731,Mensual,Castilla y León. Índice general. Índice. 
2011-07-01,2011-M07,CYL,AUX_IPC,75.419,Mensual,Castilla y León. Índice general. Índice. 
2011-08-01,2011-M08,CYL,AUX_IPC,75.512,Mensual,Castilla y León. Índice general. Índice. 
2011-09-01,2011-M09,CYL,AUX_IPC,75.764,Mensual,Castilla y León. Índice general. Índice. 
2011-10-01,2011-M10,CYL,AUX_IPC,76.416,Mensual,Castilla y León. Índice general. Índice. 
2011-11-01,2011-M11,CYL,AUX_IPC,76.785,Mensual,Castilla y León. Índice general. Índice. 
2011-12-01,2011-M12,CYL,AUX_IPC,76.864,Mensual,Castilla y León. Índice general. Índice. 
2012-01-01,2012-M01,CYL,AUX_IPC,75.977,Mensual,Castilla y León. Índice general. Índice. 
2012-02-01,2012-M02,CYL,AUX_IPC,76.071,Mensual,Castilla y León. Índice general. Índice. 
2012-03-01,2012-M03,CYL,AUX_IPC,76.775,Mensual,Castilla y León. Índice general. Índice. 
2012-04-01,2012-M04,CYL,AUX_IPC,77.851,Mensual,Castilla y León. Índice general. Índice. 
2012-05-01,2012-M05,CYL,AUX_IPC,77.686,Mensual,Castilla y León. Índice general. Índice. 
2012-06-01,2012-M06,CYL,AUX_IPC,77.516,Mensual,Castilla y León. Índice general. Índice. 
2012-07-01,2012-M07,CYL,AUX_IPC,77.307,Mensual,Castilla y León. Índice general. Índice. 
2012-08-01,2012-M08,CYL,AUX_IPC,77.8,Mensual,Castilla y León. Índice general. Índice. 
2012-09-01,2012-M09,CYL,AUX_IPC,78.597,Mensual,Castilla y León. Índice general. Índice. 
2012-10-01,2012-M10,CYL,AUX_IPC,79.232,Mensual,Castilla y León. Índice general. Índice. 
2012-11-01,2012-M11,CYL,AUX_IPC,79.168,Mensual,Castilla y León. Índice general. Índice. 
2012-12-01,2012-M12,CYL,AUX_IPC,79.23,Mensual,Castilla y León. Índice general. Índice. 
2013-01-01,2013-M01,CYL,AUX_IPC,78.196,Mensual,Castilla y León. Índice general. Índice. 
2013-02-01,2013-M02,CYL,AUX_IPC,78.338,Mensual,Castilla y León. Índice general. Índice. 
2013-03-01,2013-M03,CYL,AUX_IPC,78.579,Mensual,Castilla y León. Índice general. Índice. 
2013-04-01,2013-M04,CYL,AUX_IPC,78.813,Mensual,Castilla y León. Índice general. Índice. 
2013-05-01,2013-M05,CYL,AUX_IPC,78.989,Mensual,Castilla y León. Índice general. Índice. 
2013-06-01,2013-M06,CYL,AUX_IPC,79.151,Mensual,Castilla y León. Índice general. Índice. 
2013-07-01,2013-M07,CYL,AUX_IPC,78.832,Mensual,Castilla y León. Índice general. Índice. 
2013-08-01,2013-M08,CYL,AUX_IPC,79.124,Mensual,Castilla y León. Índice general. Índice. 
2013-09-01,2013-M09,CYL,AUX_IPC,79.053,Mensual,Castilla y León. Índice general. Índice. 
2013-10-01,2013-M10,CYL,AUX_IPC,79.323,Mensual,Castilla y León. Índice general. Índice. 
2013-11-01,2013-M11,CYL,AUX_IPC,79.5,Mensual,Castilla y León. Índice general. Índice. 
2013-12-01,2013-M12,CYL,AUX_IPC,79.599,Mensual,Castilla y León. Índice general. Índice. 
2014-01-01,2014-M01,CYL,AUX_IPC,78.464,Mensual,Castilla y León. Índice general. Índice. 
2014-02-01,2014-M02,CYL,AUX_IPC,78.363,Mensual,Castilla y León. Índice general. Índice. 
2014-03-01,2014-M03,CYL,AUX_IPC,78.502,Mensual,Castilla y León. Índice general. Índice. 
2014-04-01,2014-M04,CYL,AUX_IPC,79.124,Mensual,Castilla y León. Índice general. Índice. 
2014-05-01,2014-M05,CYL,AUX_IPC,79.178,Mensual,Castilla y León. Índice general. Índice. 
2014-06-01,2014-M06,CYL,AUX_IPC,79.219,Mensual,Castilla y León. Índice general. Índice. 
2014-07-01,2014-M07,CYL,AUX_IPC,78.428,Mensual,Castilla y León. Índice general. Índice. 
2014-08-01,2014-M08,CYL,AUX_IPC,78.556,Mensual,Castilla y León. Índice general. Índice. 
2014-09-01,2014-M09,CYL,AUX_IPC,78.854,Mensual,Castilla y León. Índice general. Índice. 
2014-10-01,2014-M10,CYL,AUX_IPC,79.232,Mensual,Castilla y León. Índice general. Índice. 
2014-11-01,2014-M11,CYL,AUX_IPC,79.158,Mensual,Castilla y León. Índice general. Índice. 
2014-12-01,2014-M12,CYL,AUX_IPC,78.646,Mensual,Castilla y León. Índice general. Índice. 
2015-01-01,2015-M01,CYL,AUX_IPC,77.033,Mensual,Castilla y León. Índice general. Índice. 
2015-02-01,2015-M02,CYL,AUX_IPC,77.123,Mensual,Castilla y León. Índice general. Índice. 
2015-03-01,2015-M03,CYL,AUX_IPC,77.615,Mensual,Castilla y León. Índice general. Índice. 
2015-04-01,2015-M04,CYL,AUX_IPC,78.322,Mensual,Castilla y León. Índice general. Índice. 
2015-05-01,2015-M05,CYL,AUX_IPC,78.746,Mensual,Castilla y León. Índice general. Índice. 
2015-06-01,2015-M06,CYL,AUX_IPC,79.028,Mensual,Castilla y León. Índice general. Índice. 
2015-07-01,2015-M07,CYL,AUX_IPC,78.243,Mensual,Castilla y León. Índice general. Índice. 
2015-08-01,2015-M08,CYL,AUX_IPC,77.929,Mensual,Castilla y León. Índice general. Índice. 
2015-09-01,2015-M09,CYL,AUX_IPC,77.751,Mensual,Castilla y León. Índice general. Índice. 
2015-10-01,2015-M10,CYL,AUX_IPC,78.289,Mensual,Castilla y León. Índice general. Índice. 
2015-11-01,2015-M11,CYL,AUX_IPC,78.626,Mensual,Castilla y León. Índice general. Índice. 
2015-12-01,2015-M12,CYL,AUX_IPC,78.377,Mensual,Castilla y León. Índice general. Índice. 
2016-01-01,2016-M01,CYL,AUX_IPC,76.593,Mensual,Castilla y León. Índice general. Índice. 
2016-02-01,2016-M02,CYL,AUX_IPC,76.232,Mensual,Castilla y León. Índice general. Índice. 
2016-03-01,2016-M03,CYL,AUX_IPC,76.796,Mensual,Castilla y León. Índice general. Índice. 
2016-04-01,2016-M04,CYL,AUX_IPC,77.274,Mensual,Castilla y León. Índice general. Índice. 
2016-05-01,2016-M05,CYL,AUX_IPC,77.743,Mensual,Castilla y León. Índice general. Índice. 
2016-06-01,2016-M06,CYL,AUX_IPC,78.138,Mensual,Castilla y León. Índice general. Índice. 
2016-07-01,2016-M07,CYL,AUX_IPC,77.533,Mensual,Castilla y León. Índice general. Índice. 
2016-08-01,2016-M08,CYL,AUX_IPC,77.647,Mensual,Castilla y León. Índice general. Índice. 
2016-09-01,2016-M09,CYL,AUX_IPC,77.873,Mensual,Castilla y León. Índice general. Índice. 
2016-10-01,2016-M10,CYL,AUX_IPC,78.885,Mensual,Castilla y León. Índice general. Índice. 
2016-11-01,2016-M11,CYL,AUX_IPC,79.141,Mensual,Castilla y León. Índice general. Índice. 
2016-12-01,2016-M12,CYL,AUX_IPC,79.627,Mensual,Castilla y León. Índice general. Índice. 
2017-01-01,2017-M01,CYL,AUX_IPC,79.174,Mensual,Castilla y León. Índice general. Índice. 
2017-02-01,2017-M02,CYL,AUX_IPC,78.939,Mensual,Castilla y León. Índice general. Índice. 
2017-03-01,2017-M03,CYL,AUX_IPC,78.814,Mensual,Castilla y León. Índice general. Índice. 
2017-04-01,2017-M04,CYL,AUX_IPC,79.473,Mensual,Castilla y León. Índice general. Índice. 
2017-05-01,2017-M05,CYL,AUX_IPC,79.46,Mensual,Castilla y León. Índice general. Índice. 
2017-06-01,2017-M06,CYL,AUX_IPC,79.469,Mensual,Castilla y León. Índice general. Índice. 
2017-07-01,2017-M07,CYL,AUX_IPC,78.836,Mensual,Castilla y León. Índice general. Índice. 
2017-08-01,2017-M08,CYL,AUX_IPC,78.992,Mensual,Castilla y León. Índice general. Índice. 
2017-09-01,2017-M09,CYL,AUX_IPC,79.218,Mensual,Castilla y León. Índice general. Índice. 
2017-10-01,2017-M10,CYL,AUX_IPC,80.076,Mensual,Castilla y León. Índice general. Índice. 
2017-11-01,2017-M11,CYL,AUX_IPC,80.459,Mensual,Castilla y León. Índice general. Índice. 
2017-12-01,2017-M12,CYL,AUX_IPC,80.46,Mensual,Castilla y León. Índice general. Índice. 
2018-01-01,2018-M01,CYL,AUX_IPC,79.58,Mensual,Castilla y León. Índice general. Índice. 
2018-02-01,2018-M02,CYL,AUX_IPC,79.585,Mensual,Castilla y León. Índice general. Índice. 
2018-03-01,2018-M03,CYL,AUX_IPC,79.633,Mensual,Castilla y León. Índice general. Índice. 
2018-04-01,2018-M04,CYL,AUX_IPC,80.307,Mensual,Castilla y León. Índice general. Índice. 
2018-05-01,2018-M05,CYL,AUX_IPC,81.101,Mensual,Castilla y León. Índice general. Índice. 
2018-06-01,2018-M06,CYL,AUX_IPC,81.397,Mensual,Castilla y León. Índice general. Índice. 
2018-07-01,2018-M07,CYL,AUX_IPC,80.755,Mensual,Castilla y León. Índice general. Índice. 
2018-08-01,2018-M08,CYL,AUX_IPC,80.869,Mensual,Castilla y León. Índice general. Índice. 
2018-09-01,2018-M09,CYL,AUX_IPC,81.262,Mensual,Castilla y León. Índice general. Índice. 
2018-10-01,2018-M10,CYL,AUX_IPC,82.083,Mensual,Castilla y León. Índice general. Índice. 
2018-11-01,2018-M11,CYL,AUX_IPC,81.891,Mensual,Castilla y León. Índice general. Índice. 
2018-12-01,2018-M12,CYL,AUX_IPC,81.418,Mensual,Castilla y León. Índice general. Índice. 
2019-01-01,2019-M01,CYL,AUX_IPC,80.486,Mensual,Castilla y León. Índice general. Índice. 
2019-02-01,2019-M02,CYL,AUX_IPC,80.604,Mensual,Castilla y León. Índice general. Índice. 
2019-03-01,2019-M03,CYL,AUX_IPC,80.918,Mensual,Castilla y León. Índice general. Índice. 
2019-04-01,2019-M04,CYL,AUX_IPC,81.778,Mensual,Castilla y León. Índice general. Índice. 
2019-05-01,2019-M05,CYL,AUX_IPC,81.968,Mensual,Castilla y León. Índice general. Índice. 
2019-06-01,2019-M06,CYL,AUX_IPC,81.807,Mensual,Castilla y León. Índice general. Índice. 
2019-07-01,2019-M07,CYL,AUX_IPC,81.321,Mensual,Castilla y León. Índice general. Índice. 
2019-08-01,2019-M08,CYL,AUX_IPC,81.181,Mensual,Castilla y León. Índice general. Índice. 
2019-09-01,2019-M09,CYL,AUX_IPC,81.322,Mensual,Castilla y León. Índice general. Índice. 
2019-10-01,2019-M10,CYL,AUX_IPC,82.17,Mensual,Castilla y León. Índice general. Índice. 
2019-11-01,2019-M11,CYL,AUX_IPC,82.263,Mensual,Castilla y León. Índice general. Índice. 
2019-12-01,2019-M12,CYL,AUX_IPC,82.205,Mensual,Castilla y León. Índice general. Índice. 
2020-01-01,2020-M01,CYL,AUX_IPC,81.367,Mensual,Castilla y León. Índice general. Índice. 
2020-02-01,2020-M02,CYL,AUX_IPC,81.189,Mensual,Castilla y León. Índice general. Índice. 
2020-03-01,2020-M03,CYL,AUX_IPC,80.736,Mensual,Castilla y León. Índice general. Índice. 
2020-04-01,2020-M04,CYL,AUX_IPC,80.871,Mensual,Castilla y León. Índice general. Índice. 
2020-05-01,2020-M05,CYL,AUX_IPC,80.854,Mensual,Castilla y León. Índice general. Índice. 
2020-06-01,2020-M06,CYL,AUX_IPC,81.25,Mensual,Castilla y León. Índice general. Índice. 
2020-07-01,2020-M07,CYL,AUX_IPC,80.564,Mensual,Castilla y León. Índice general. Índice. 
2020-08-01,2020-M08,CYL,AUX_IPC,80.612,Mensual,Castilla y León. Índice general. Índice. 
2020-09-01,2020-M09,CYL,AUX_IPC,80.811,Mensual,Castilla y León. Índice general. Índice. 
2020-10-01,2020-M10,CYL,AUX_IPC,81.297,Mensual,Castilla y León. Índice general. Índice. 
2020-11-01,2020-M11,CYL,AUX_IPC,81.434,Mensual,Castilla y León. Índice general. Índice. 
2020-12-01,2020-M12,CYL,AUX_IPC,81.63,Mensual,Castilla y León. Índice general. Índice. 
2021-01-01,2021-M01,CYL,AUX_IPC,81.699,Mensual,Castilla y León. Índice general. Índice. 
2021-02-01,2021-M02,CYL,AUX_IPC,81.107,Mensual,Castilla y León. Índice general. Índice. 
2021-03-01,2021-M03,CYL,AUX_IPC,81.914,Mensual,Castilla y León. Índice general. Índice. 
2021-04-01,2021-M04,CYL,AUX_IPC,82.913,Mensual,Castilla y León. Índice general. Índice. 
2021-05-01,2021-M05,CYL,AUX_IPC,83.421,Mensual,Castilla y León. Índice general. Índice. 
2021-06-01,2021-M06,CYL,AUX_IPC,83.908,Mensual,Castilla y León. Índice general. Índice. 
2021-07-01,2021-M07,CYL,AUX_IPC,83.372,Mensual,Castilla y León. Índice general. Índice. 
2021-08-01,2021-M08,CYL,AUX_IPC,83.663,Mensual,Castilla y León. Índice general. Índice. 
2021-09-01,2021-M09,CYL,AUX_IPC,84.47,Mensual,Castilla y León. Índice general. Índice. 
2021-10-01,2021-M10,CYL,AUX_IPC,86.228,Mensual,Castilla y León. Índice general. Índice. 
2021-11-01,2021-M11,CYL,AUX_IPC,86.497,Mensual,Castilla y León. Índice general. Índice. 
2021-12-01,2021-M12,CYL,AUX_IPC,87.604,Mensual,Castilla y León. Índice general. Índice. 
2022-01-01,2022-M01,CYL,AUX_IPC,87.203,Mensual,Castilla y León. Índice general. Índice. 
2022-02-01,2022-M02,CYL,AUX_IPC,87.991,Mensual,Castilla y León. Índice general. Índice. 
2022-03-01,2022-M03,CYL,AUX_IPC,90.928,Mensual,Castilla y León. Índice general. Índice. 
2022-04-01,2022-M04,CYL,AUX_IPC,90.908,Mensual,Castilla y León. Índice general. Índice. 
2022-05-01,2022-M05,CYL,AUX_IPC,91.719,Mensual,Castilla y León. Índice general. Índice. 
2022-06-01,2022-M06,CYL,AUX_IPC,93.649,Mensual,Castilla y León. Índice general. Índice. 
2022-07-01,2022-M07,CYL,AUX_IPC,93.399,Mensual,Castilla y León. Índice general. Índice. 
2022-08-01,2022-M08,CYL,AUX_IPC,93.494,Mensual,Castilla y León. Índice general. Índice. 
2022-09-01,2022-M09,CYL,AUX_IPC,92.896,Mensual,Castilla y León. Índice general. Índice. 
2022-10-01,2022-M10,CYL,AUX_IPC,93.215,Mensual,Castilla y León. Índice general. Índice. 
2022-11-01,2022-M11,CYL,AUX_IPC,93.253,Mensual,Castilla y León. Índice general. Índice. 
2022-12-01,2022-M12,CYL,AUX_IPC,93.34,Mensual,Castilla y León. Índice general. Índice. 
2023-01-01,2023-M01,CYL,AUX_IPC,92.894,Mensual,Castilla y León. Índice general. Índice. 
2023-02-01,2023-M02,CYL,AUX_IPC,93.75,Mensual,Castilla y León. Índice general. Índice. 
2023-03-01,2023-M03,CYL,AUX_IPC,94.005,Mensual,Castilla y León. Índice general. Índice. 
2023-04-01,2023-M04,CYL,AUX_IPC,94.55,Mensual,Castilla y León. Índice general. Índice. 
2023-05-01,2023-M05,CYL,AUX_IPC,94.643,Mensual,Castilla y León. Índice general. Índice. 
2023-06-01,2023-M06,CYL,AUX_IPC,95.165,Mensual,Castilla y León. Índice general. Índice. 
2023-07-01,2023-M07,CYL,AUX_IPC,95.204,Mensual,Castilla y León. Índice general. Índice. 
2023-08-01,2023-M08,CYL,AUX_IPC,95.739,Mensual,Castilla y León. Índice general. Índice. 
2023-09-01,2023-M09,CYL,AUX_IPC,95.865,Mensual,Castilla y León. Índice general. Índice. 
2023-10-01,2023-M10,CYL,AUX_IPC,96.176,Mensual,Castilla y León. Índice general. Índice. 
2023-11-01,2023-M11,CYL,AUX_IPC,95.904,Mensual,Castilla y León. Índice general. Índice. 
2023-12-01,2023-M12,CYL,AUX_IPC,95.967,Mensual,Castilla y León. Índice general. Índice. 
2024-01-01,2024-M01,CYL,AUX_IPC,96.073,Mensual,Castilla y León. Índice general. Índice. 
2024-02-01,2024-M02,CYL,AUX_IPC,96.366,Mensual,Castilla y León. Índice general. Índice. 
2024-03-01,2024-M03,CYL,AUX_IPC,96.952,Mensual,Castilla y León. Índice general. Índice. 
2024-04-01,2024-M04,CYL,AUX_IPC,97.661,Mensual,Castilla y León. Índice general. Índice. 
2024-05-01,2024-M05,CYL,AUX_IPC,97.969,Mensual,Castilla y León. Índice general. Índice. 
2024-06-01,2024-M06,CYL,AUX_IPC,98.25,Mensual,Castilla y León. Índice general. Índice. 
2024-07-01,2024-M07,CYL,AUX_IPC,97.607,Mensual,Castilla y León. Índice general. Índice. 
2024-08-01,2024-M08,CYL,AUX_IPC,97.638,Mensual,Castilla y León. Índice general. Índice. 
2024-09-01,2024-M09,CYL,AUX_IPC,96.957,Mensual,Castilla y León. Índice general. Índice. 
2024-10-01,2024-M10,CYL,AUX_IPC,97.639,Mensual,Castilla y León. Índice general. Índice. 
2024-11-01,2024-M11,CYL,AUX_IPC,97.997,Mensual,Castilla y León. Índice general. Índice. 
2024-12-01,2024-M12,CYL,AUX_IPC,98.511,Mensual,Castilla y León. Índice general. Índice. 
2025-01-01,2025-M01,CYL,AUX_IPC,98.652,Mensual,Castilla y León. Índice general. Índice. 
2025-02-01,2025-M02,CYL,AUX_IPC,99.068,Mensual,Castilla y León. Índice general. Índice. 
2025-03-01,2025-M03,CYL,AUX_IPC,99.01,Mensual,Castilla y León. Índice general. Índice. 
2025-04-01,2025-M04,CYL,AUX_IPC,99.663,Mensual,Castilla y León. Índice general. Índice. 
2025-05-01,2025-M05,CYL,AUX_IPC,99.832,Mensual,Castilla y León. Índice general. Índice. 
2025-06-01,2025-M06,CYL,AUX_IPC,100.548,Mensual,Castilla y León. Índice general. Índice. 
2025-07-01,2025-M07,CYL,AUX_IPC,100.263,Mensual,Castilla y León. Índice general. Índice. 
2025-08-01,2025-M08,CYL,AUX_IPC,100.207,Mensual,Castilla y León. Índice general. Índice. 
2025-09-01,2025-M09,CYL,AUX_IPC,99.868,Mensual,Castilla y León. Índice general. Índice. 
2025-10-01,2025-M10,CYL,AUX_IPC,100.586,Mensual,Castilla y León. Índice general. Índice. 
2025-11-01,2025-M11,CYL,AUX_IPC,101.025,Mensual,Castilla y León. Índice general. Índice. 
2025-12-01,2025-M12,CYL,AUX_IPC,101.278,Mensual,Castilla y León. Índice general. Índice. 
2026-01-01,2026-M01,CYL,AUX_IPC,100.725,Mensual,Castilla y León. Índice general. Índice. 
2026-02-01,2026-M02,CYL,AUX_IPC,101.153,Mensual,Castilla y León. Índice general. Índice. 
2026-03-01,2026-M03,CYL,AUX_IPC,102.484,Mensual,Castilla y León. Índice general. Índice. 
2026-04-01,2026-M04,CYL,AUX_IPC,103.108,Mensual,Castilla y León. Índice general. Índice. 
2026-05-01,2026-M05,CYL,AUX_IPC,103.058,Mensual,Castilla y León. Índice general. Índice. 
2026-06-01,2026-M06,CYL,AUX_IPC,103.615,Mensual,Castilla y León. Índice general. Índice. 
2026-07-01,2026-M07,CYL,AUX_IPC,104.045,Mensual,Castilla y León. Índice general. Índice. 
2010-01-01,2010-M01,ESP,AUX_IPC,72.759,Mensual,Nacional. Índice general. Índice. 
2010-02-01,2010-M02,ESP,AUX_IPC,72.627,Mensual,Nacional. Índice general. Índice. 
2010-03-01,2010-M03,ESP,AUX_IPC,73.165,Mensual,Nacional. Índice general. Índice. 
2010-04-01,2010-M04,ESP,AUX_IPC,73.944,Mensual,Nacional. Índice general. Índice. 
2010-05-01,2010-M05,ESP,AUX_IPC,74.109,Mensual,Nacional. Índice general. Índice. 
2010-06-01,2010-M06,ESP,AUX_IPC,74.241,Mensual,Nacional. Índice general. Índice. 
2010-07-01,2010-M07,ESP,AUX_IPC,73.909,Mensual,Nacional. Índice general. Índice. 
2010-08-01,2010-M08,ESP,AUX_IPC,74.095,Mensual,Nacional. Índice general. Índice. 
2010-09-01,2010-M09,ESP,AUX_IPC,74.146,Mensual,Nacional. Índice general. Índice. 
2010-10-01,2010-M10,ESP,AUX_IPC,74.824,Mensual,Nacional. Índice general. Índice. 
2010-11-01,2010-M11,ESP,AUX_IPC,75.23,Mensual,Nacional. Índice general. Índice. 
2010-12-01,2010-M12,ESP,AUX_IPC,75.692,Mensual,Nacional. Índice general. Índice. 
2011-01-01,2011-M01,ESP,AUX_IPC,75.138,Mensual,Nacional. Índice general. Índice. 
2011-02-01,2011-M02,ESP,AUX_IPC,75.234,Mensual,Nacional. Índice general. Índice. 
2011-03-01,2011-M03,ESP,AUX_IPC,75.796,Mensual,Nacional. Índice general. Índice. 
2011-04-01,2011-M04,ESP,AUX_IPC,76.739,Mensual,Nacional. Índice general. Índice. 
2011-05-01,2011-M05,ESP,AUX_IPC,76.714,Mensual,Nacional. Índice general. Índice. 
2011-06-01,2011-M06,ESP,AUX_IPC,76.606,Mensual,Nacional. Índice general. Índice. 
2011-07-01,2011-M07,ESP,AUX_IPC,76.194,Mensual,Nacional. Índice general. Índice. 
2011-08-01,2011-M08,ESP,AUX_IPC,76.289,Mensual,Nacional. Índice general. Índice. 
2011-09-01,2011-M09,ESP,AUX_IPC,76.475,Mensual,Nacional. Índice general. Índice. 
2011-10-01,2011-M10,ESP,AUX_IPC,77.078,Mensual,Nacional. Índice general. Índice. 
2011-11-01,2011-M11,ESP,AUX_IPC,77.391,Mensual,Nacional. Índice general. Índice. 
2011-12-01,2011-M12,ESP,AUX_IPC,77.492,Mensual,Nacional. Índice general. Índice. 
2012-01-01,2012-M01,ESP,AUX_IPC,76.639,Mensual,Nacional. Índice general. Índice. 
2012-02-01,2012-M02,ESP,AUX_IPC,76.719,Mensual,Nacional. Índice general. Índice. 
2012-03-01,2012-M03,ESP,AUX_IPC,77.235,Mensual,Nacional. Índice general. Índice. 
2012-04-01,2012-M04,ESP,AUX_IPC,78.32,Mensual,Nacional. Índice general. Índice. 
2012-05-01,2012-M05,ESP,AUX_IPC,78.204,Mensual,Nacional. Índice general. Índice. 
2012-06-01,2012-M06,ESP,AUX_IPC,78.058,Mensual,Nacional. Índice general. Índice. 
2012-07-01,2012-M07,ESP,AUX_IPC,77.876,Mensual,Nacional. Índice general. Índice. 
2012-08-01,2012-M08,ESP,AUX_IPC,78.314,Mensual,Nacional. Índice general. Índice. 
2012-09-01,2012-M09,ESP,AUX_IPC,79.085,Mensual,Nacional. Índice general. Índice. 
2012-10-01,2012-M10,ESP,AUX_IPC,79.757,Mensual,Nacional. Índice general. Índice. 
2012-11-01,2012-M11,ESP,AUX_IPC,79.658,Mensual,Nacional. Índice general. Índice. 
2012-12-01,2012-M12,ESP,AUX_IPC,79.714,Mensual,Nacional. Índice general. Índice. 
2013-01-01,2013-M01,ESP,AUX_IPC,78.695,Mensual,Nacional. Índice general. Índice. 
2013-02-01,2013-M02,ESP,AUX_IPC,78.832,Mensual,Nacional. Índice general. Índice. 
2013-03-01,2013-M03,ESP,AUX_IPC,79.109,Mensual,Nacional. Índice general. Índice. 
2013-04-01,2013-M04,ESP,AUX_IPC,79.405,Mensual,Nacional. Índice general. Índice. 
2013-05-01,2013-M05,ESP,AUX_IPC,79.551,Mensual,Nacional. Índice general. Índice. 
2013-06-01,2013-M06,ESP,AUX_IPC,79.669,Mensual,Nacional. Índice general. Índice. 
2013-07-01,2013-M07,ESP,AUX_IPC,79.258,Mensual,Nacional. Índice general. Índice. 
2013-08-01,2013-M08,ESP,AUX_IPC,79.504,Mensual,Nacional. Índice general. Índice. 
2013-09-01,2013-M09,ESP,AUX_IPC,79.355,Mensual,Nacional. Índice general. Índice. 
2013-10-01,2013-M10,ESP,AUX_IPC,79.678,Mensual,Nacional. Índice general. Índice. 
2013-11-01,2013-M11,ESP,AUX_IPC,79.844,Mensual,Nacional. Índice general. Índice. 
2013-12-01,2013-M12,ESP,AUX_IPC,79.915,Mensual,Nacional. Índice general. Índice. 
2014-01-01,2014-M01,ESP,AUX_IPC,78.852,Mensual,Nacional. Índice general. Índice. 
2014-02-01,2014-M02,ESP,AUX_IPC,78.818,Mensual,Nacional. Índice general. Índice. 
2014-03-01,2014-M03,ESP,AUX_IPC,78.994,Mensual,Nacional. Índice general. Índice. 
2014-04-01,2014-M04,ESP,AUX_IPC,79.697,Mensual,Nacional. Índice general. Índice. 
2014-05-01,2014-M05,ESP,AUX_IPC,79.715,Mensual,Nacional. Índice general. Índice. 
2014-06-01,2014-M06,ESP,AUX_IPC,79.737,Mensual,Nacional. Índice general. Índice. 
2014-07-01,2014-M07,ESP,AUX_IPC,78.987,Mensual,Nacional. Índice general. Índice. 
2014-08-01,2014-M08,ESP,AUX_IPC,79.112,Mensual,Nacional. Índice general. Índice. 
2014-09-01,2014-M09,ESP,AUX_IPC,79.233,Mensual,Nacional. Índice general. Índice. 
2014-10-01,2014-M10,ESP,AUX_IPC,79.602,Mensual,Nacional. Índice general. Índice. 
2014-11-01,2014-M11,ESP,AUX_IPC,79.547,Mensual,Nacional. Índice general. Índice. 
2014-12-01,2014-M12,ESP,AUX_IPC,79.083,Mensual,Nacional. Índice general. Índice. 
2015-01-01,2015-M01,ESP,AUX_IPC,77.812,Mensual,Nacional. Índice general. Índice. 
2015-02-01,2015-M02,ESP,AUX_IPC,77.972,Mensual,Nacional. Índice general. Índice. 
2015-03-01,2015-M03,ESP,AUX_IPC,78.47,Mensual,Nacional. Índice general. Índice. 
2015-04-01,2015-M04,ESP,AUX_IPC,79.191,Mensual,Nacional. Índice general. Índice. 
2015-05-01,2015-M05,ESP,AUX_IPC,79.569,Mensual,Nacional. Índice general. Índice. 
2015-06-01,2015-M06,ESP,AUX_IPC,79.782,Mensual,Nacional. Índice general. Índice. 
2015-07-01,2015-M07,ESP,AUX_IPC,79.041,Mensual,Nacional. Índice general. Índice. 
2015-08-01,2015-M08,ESP,AUX_IPC,78.779,Mensual,Nacional. Índice general. Índice. 
2015-09-01,2015-M09,ESP,AUX_IPC,78.536,Mensual,Nacional. Índice general. Índice. 
2015-10-01,2015-M10,ESP,AUX_IPC,79.039,Mensual,Nacional. Índice general. Índice. 
2015-11-01,2015-M11,ESP,AUX_IPC,79.329,Mensual,Nacional. Índice general. Índice. 
2015-12-01,2015-M12,ESP,AUX_IPC,79.097,Mensual,Nacional. Índice general. Índice. 
2016-01-01,2016-M01,ESP,AUX_IPC,77.588,Mensual,Nacional. Índice general. Índice. 
2016-02-01,2016-M02,ESP,AUX_IPC,77.314,Mensual,Nacional. Índice general. Índice. 
2016-03-01,2016-M03,ESP,AUX_IPC,77.81,Mensual,Nacional. Índice general. Índice. 
2016-04-01,2016-M04,ESP,AUX_IPC,78.355,Mensual,Nacional. Índice general. Índice. 
2016-05-01,2016-M05,ESP,AUX_IPC,78.783,Mensual,Nacional. Índice general. Índice. 
2016-06-01,2016-M06,ESP,AUX_IPC,79.148,Mensual,Nacional. Índice general. Índice. 
2016-07-01,2016-M07,ESP,AUX_IPC,78.572,Mensual,Nacional. Índice general. Índice. 
2016-08-01,2016-M08,ESP,AUX_IPC,78.673,Mensual,Nacional. Índice general. Índice. 
2016-09-01,2016-M09,ESP,AUX_IPC,78.677,Mensual,Nacional. Índice general. Índice. 
2016-10-01,2016-M10,ESP,AUX_IPC,79.576,Mensual,Nacional. Índice general. Índice. 
2016-11-01,2016-M11,ESP,AUX_IPC,79.864,Mensual,Nacional. Índice general. Índice. 
2016-12-01,2016-M12,ESP,AUX_IPC,80.338,Mensual,Nacional. Índice general. Índice. 
2017-01-01,2017-M01,ESP,AUX_IPC,79.896,Mensual,Nacional. Índice general. Índice. 
2017-02-01,2017-M02,ESP,AUX_IPC,79.608,Mensual,Nacional. Índice general. Índice. 
2017-03-01,2017-M03,ESP,AUX_IPC,79.592,Mensual,Nacional. Índice general. Índice. 
2017-04-01,2017-M04,ESP,AUX_IPC,80.356,Mensual,Nacional. Índice general. Índice. 
2017-05-01,2017-M05,ESP,AUX_IPC,80.308,Mensual,Nacional. Índice general. Índice. 
2017-06-01,2017-M06,ESP,AUX_IPC,80.343,Mensual,Nacional. Índice general. Índice. 
2017-07-01,2017-M07,ESP,AUX_IPC,79.788,Mensual,Nacional. Índice general. Índice. 
2017-08-01,2017-M08,ESP,AUX_IPC,79.947,Mensual,Nacional. Índice general. Índice. 
2017-09-01,2017-M09,ESP,AUX_IPC,80.086,Mensual,Nacional. Índice general. Índice. 
2017-10-01,2017-M10,ESP,AUX_IPC,80.825,Mensual,Nacional. Índice general. Índice. 
2017-11-01,2017-M11,ESP,AUX_IPC,81.194,Mensual,Nacional. Índice general. Índice. 
2017-12-01,2017-M12,ESP,AUX_IPC,81.231,Mensual,Nacional. Índice general. Índice. 
2018-01-01,2018-M01,ESP,AUX_IPC,80.355,Mensual,Nacional. Índice general. Índice. 
2018-02-01,2018-M02,ESP,AUX_IPC,80.463,Mensual,Nacional. Índice general. Índice. 
2018-03-01,2018-M03,ESP,AUX_IPC,80.558,Mensual,Nacional. Índice general. Índice. 
2018-04-01,2018-M04,ESP,AUX_IPC,81.224,Mensual,Nacional. Índice general. Índice. 
2018-05-01,2018-M05,ESP,AUX_IPC,81.956,Mensual,Nacional. Índice general. Índice. 
2018-06-01,2018-M06,ESP,AUX_IPC,82.17,Mensual,Nacional. Índice general. Índice. 
2018-07-01,2018-M07,ESP,AUX_IPC,81.581,Mensual,Nacional. Índice general. Índice. 
2018-08-01,2018-M08,ESP,AUX_IPC,81.697,Mensual,Nacional. Índice general. Índice. 
2018-09-01,2018-M09,ESP,AUX_IPC,81.897,Mensual,Nacional. Índice general. Índice. 
2018-10-01,2018-M10,ESP,AUX_IPC,82.654,Mensual,Nacional. Índice general. Índice. 
2018-11-01,2018-M11,ESP,AUX_IPC,82.563,Mensual,Nacional. Índice general. Índice. 
2018-12-01,2018-M12,ESP,AUX_IPC,82.193,Mensual,Nacional. Índice general. Índice. 
2019-01-01,2019-M01,ESP,AUX_IPC,81.142,Mensual,Nacional. Índice general. Índice. 
2019-02-01,2019-M02,ESP,AUX_IPC,81.34,Mensual,Nacional. Índice general. Índice. 
2019-03-01,2019-M03,ESP,AUX_IPC,81.636,Mensual,Nacional. Índice general. Índice. 
2019-04-01,2019-M04,ESP,AUX_IPC,82.459,Mensual,Nacional. Índice general. Índice. 
2019-05-01,2019-M05,ESP,AUX_IPC,82.619,Mensual,Nacional. Índice general. Índice. 
2019-06-01,2019-M06,ESP,AUX_IPC,82.522,Mensual,Nacional. Índice general. Índice. 
2019-07-01,2019-M07,ESP,AUX_IPC,82.011,Mensual,Nacional. Índice general. Índice. 
2019-08-01,2019-M08,ESP,AUX_IPC,81.965,Mensual,Nacional. Índice general. Índice. 
2019-09-01,2019-M09,ESP,AUX_IPC,81.965,Mensual,Nacional. Índice general. Índice. 
2019-10-01,2019-M10,ESP,AUX_IPC,82.76,Mensual,Nacional. Índice general. Índice. 
2019-11-01,2019-M11,ESP,AUX_IPC,82.9,Mensual,Nacional. Índice general. Índice. 
2019-12-01,2019-M12,ESP,AUX_IPC,82.84,Mensual,Nacional. Índice general. Índice. 
2020-01-01,2020-M01,ESP,AUX_IPC,82.032,Mensual,Nacional. Índice general. Índice. 
2020-02-01,2020-M02,ESP,AUX_IPC,81.935,Mensual,Nacional. Índice general. Índice. 
2020-03-01,2020-M03,ESP,AUX_IPC,81.621,Mensual,Nacional. Índice general. Índice. 
2020-04-01,2020-M04,ESP,AUX_IPC,81.868,Mensual,Nacional. Índice general. Índice. 
2020-05-01,2020-M05,ESP,AUX_IPC,81.863,Mensual,Nacional. Índice general. Índice. 
2020-06-01,2020-M06,ESP,AUX_IPC,82.24,Mensual,Nacional. Índice general. Índice. 
2020-07-01,2020-M07,ESP,AUX_IPC,81.502,Mensual,Nacional. Índice general. Índice. 
2020-08-01,2020-M08,ESP,AUX_IPC,81.54,Mensual,Nacional. Índice general. Índice. 
2020-09-01,2020-M09,ESP,AUX_IPC,81.662,Mensual,Nacional. Índice general. Índice. 
2020-10-01,2020-M10,ESP,AUX_IPC,82.09,Mensual,Nacional. Índice general. Índice. 
2020-11-01,2020-M11,ESP,AUX_IPC,82.225,Mensual,Nacional. Índice general. Índice. 
2020-12-01,2020-M12,ESP,AUX_IPC,82.4,Mensual,Nacional. Índice general. Índice. 
2021-01-01,2021-M01,ESP,AUX_IPC,82.407,Mensual,Nacional. Índice general. Índice. 
2021-02-01,2021-M02,ESP,AUX_IPC,81.922,Mensual,Nacional. Índice general. Índice. 
2021-03-01,2021-M03,ESP,AUX_IPC,82.716,Mensual,Nacional. Índice general. Índice. 
2021-04-01,2021-M04,ESP,AUX_IPC,83.693,Mensual,Nacional. Índice general. Índice. 
2021-05-01,2021-M05,ESP,AUX_IPC,84.087,Mensual,Nacional. Índice general. Índice. 
2021-06-01,2021-M06,ESP,AUX_IPC,84.487,Mensual,Nacional. Índice general. Índice. 
2021-07-01,2021-M07,ESP,AUX_IPC,83.85,Mensual,Nacional. Índice general. Índice. 
2021-08-01,2021-M08,ESP,AUX_IPC,84.232,Mensual,Nacional. Índice general. Índice. 
2021-09-01,2021-M09,ESP,AUX_IPC,84.934,Mensual,Nacional. Índice general. Índice. 
2021-10-01,2021-M10,ESP,AUX_IPC,86.496,Mensual,Nacional. Índice general. Índice. 
2021-11-01,2021-M11,ESP,AUX_IPC,86.761,Mensual,Nacional. Índice general. Índice. 
2021-12-01,2021-M12,ESP,AUX_IPC,87.797,Mensual,Nacional. Índice general. Índice. 
2022-01-01,2022-M01,ESP,AUX_IPC,87.46,Mensual,Nacional. Índice general. Índice. 
2022-02-01,2022-M02,ESP,AUX_IPC,88.167,Mensual,Nacional. Índice general. Índice. 
2022-03-01,2022-M03,ESP,AUX_IPC,90.837,Mensual,Nacional. Índice general. Índice. 
2022-04-01,2022-M04,ESP,AUX_IPC,90.676,Mensual,Nacional. Índice general. Índice. 
2022-05-01,2022-M05,ESP,AUX_IPC,91.426,Mensual,Nacional. Índice general. Índice. 
2022-06-01,2022-M06,ESP,AUX_IPC,93.118,Mensual,Nacional. Índice general. Índice. 
2022-07-01,2022-M07,ESP,AUX_IPC,92.881,Mensual,Nacional. Índice general. Índice. 
2022-08-01,2022-M08,ESP,AUX_IPC,93.117,Mensual,Nacional. Índice general. Índice. 
2022-09-01,2022-M09,ESP,AUX_IPC,92.47,Mensual,Nacional. Índice general. Índice. 
2022-10-01,2022-M10,ESP,AUX_IPC,92.78,Mensual,Nacional. Índice general. Índice. 
2022-11-01,2022-M11,ESP,AUX_IPC,92.669,Mensual,Nacional. Índice general. Índice. 
2022-12-01,2022-M12,ESP,AUX_IPC,92.808,Mensual,Nacional. Índice general. Índice. 
2023-01-01,2023-M01,ESP,AUX_IPC,92.613,Mensual,Nacional. Índice general. Índice. 
2023-02-01,2023-M02,ESP,AUX_IPC,93.487,Mensual,Nacional. Índice general. Índice. 
2023-03-01,2023-M03,ESP,AUX_IPC,93.831,Mensual,Nacional. Índice general. Índice. 
2023-04-01,2023-M04,ESP,AUX_IPC,94.39,Mensual,Nacional. Índice general. Índice. 
2023-05-01,2023-M05,ESP,AUX_IPC,94.345,Mensual,Nacional. Índice general. Índice. 
2023-06-01,2023-M06,ESP,AUX_IPC,94.881,Mensual,Nacional. Índice general. Índice. 
2023-07-01,2023-M07,ESP,AUX_IPC,95.042,Mensual,Nacional. Índice general. Índice. 
2023-08-01,2023-M08,ESP,AUX_IPC,95.552,Mensual,Nacional. Índice general. Índice. 
2023-09-01,2023-M09,ESP,AUX_IPC,95.721,Mensual,Nacional. Índice general. Índice. 
2023-10-01,2023-M10,ESP,AUX_IPC,95.998,Mensual,Nacional. Índice general. Índice. 
2023-11-01,2023-M11,ESP,AUX_IPC,95.663,Mensual,Nacional. Índice general. Índice. 
2023-12-01,2023-M12,ESP,AUX_IPC,95.687,Mensual,Nacional. Índice general. Índice. 
2024-01-01,2024-M01,ESP,AUX_IPC,95.768,Mensual,Nacional. Índice general. Índice. 
2024-02-01,2024-M02,ESP,AUX_IPC,96.108,Mensual,Nacional. Índice general. Índice. 
2024-03-01,2024-M03,ESP,AUX_IPC,96.84,Mensual,Nacional. Índice general. Índice. 
2024-04-01,2024-M04,ESP,AUX_IPC,97.514,Mensual,Nacional. Índice general. Índice. 
2024-05-01,2024-M05,ESP,AUX_IPC,97.771,Mensual,Nacional. Índice general. Índice. 
2024-06-01,2024-M06,ESP,AUX_IPC,98.139,Mensual,Nacional. Índice general. Índice. 
2024-07-01,2024-M07,ESP,AUX_IPC,97.673,Mensual,Nacional. Índice general. Índice. 
2024-08-01,2024-M08,ESP,AUX_IPC,97.713,Mensual,Nacional. Índice general. Índice. 
2024-09-01,2024-M09,ESP,AUX_IPC,97.123,Mensual,Nacional. Índice general. Índice. 
2024-10-01,2024-M10,ESP,AUX_IPC,97.729,Mensual,Nacional. Índice general. Índice. 
2024-11-01,2024-M11,ESP,AUX_IPC,97.968,Mensual,Nacional. Índice general. Índice. 
2024-12-01,2024-M12,ESP,AUX_IPC,98.411,Mensual,Nacional. Índice general. Índice. 
2025-01-01,2025-M01,ESP,AUX_IPC,98.579,Mensual,Nacional. Índice general. Índice. 
2025-02-01,2025-M02,ESP,AUX_IPC,98.966,Mensual,Nacional. Índice general. Índice. 
2025-03-01,2025-M03,ESP,AUX_IPC,99.024,Mensual,Nacional. Índice general. Índice. 
2025-04-01,2025-M04,ESP,AUX_IPC,99.647,Mensual,Nacional. Índice general. Índice. 
2025-05-01,2025-M05,ESP,AUX_IPC,99.714,Mensual,Nacional. Índice general. Índice. 
2025-06-01,2025-M06,ESP,AUX_IPC,100.382,Mensual,Nacional. Índice general. Índice. 
2025-07-01,2025-M07,ESP,AUX_IPC,100.305,Mensual,Nacional. Índice general. Índice. 
2025-08-01,2025-M08,ESP,AUX_IPC,100.345,Mensual,Nacional. Índice general. Índice. 
2025-09-01,2025-M09,ESP,AUX_IPC,100.059,Mensual,Nacional. Índice general. Índice. 
2025-10-01,2025-M10,ESP,AUX_IPC,100.748,Mensual,Nacional. Índice general. Índice. 
2025-11-01,2025-M11,ESP,AUX_IPC,100.943,Mensual,Nacional. Índice general. Índice. 
2025-12-01,2025-M12,ESP,AUX_IPC,101.289,Mensual,Nacional. Índice general. Índice. 
2026-01-01,2026-M01,ESP,AUX_IPC,100.836,Mensual,Nacional. Índice general. Índice. 
2026-02-01,2026-M02,ESP,AUX_IPC,101.261,Mensual,Nacional. Índice general. Índice. 
2026-03-01,2026-M03,ESP,AUX_IPC,102.44,Mensual,Nacional. Índice general. Índice. 
2026-04-01,2026-M04,ESP,AUX_IPC,102.883,Mensual,Nacional. Índice general. Índice. 
2026-05-01,2026-M05,ESP,AUX_IPC,102.951,Mensual,Nacional. Índice general. Índice. 
2026-06-01,2026-M06,ESP,AUX_IPC,103.598,Mensual,Nacional. Índice general. Índice. 
2026-07-01,2026-M07,ESP,AUX_IPC,103.899,Mensual,Nacional. Índice general. Índice. 
2010-01-01,2010-M01,EXT,AUX_IPC,73.304,Mensual,Extremadura. Índice general. Índice. 
2010-02-01,2010-M02,EXT,AUX_IPC,73.211,Mensual,Extremadura. Índice general. Índice. 
2010-03-01,2010-M03,EXT,AUX_IPC,73.716,Mensual,Extremadura. Índice general. Índice. 
2010-04-01,2010-M04,EXT,AUX_IPC,74.745,Mensual,Extremadura. Índice general. Índice. 
2010-05-01,2010-M05,EXT,AUX_IPC,74.773,Mensual,Extremadura. Índice general. Índice. 
2010-06-01,2010-M06,EXT,AUX_IPC,74.944,Mensual,Extremadura. Índice general. Índice. 
2010-07-01,2010-M07,EXT,AUX_IPC,74.454,Mensual,Extremadura. Índice general. Índice. 
2010-08-01,2010-M08,EXT,AUX_IPC,74.584,Mensual,Extremadura. Índice general. Índice. 
2010-09-01,2010-M09,EXT,AUX_IPC,74.705,Mensual,Extremadura. Índice general. Índice. 
2010-10-01,2010-M10,EXT,AUX_IPC,75.648,Mensual,Extremadura. Índice general. Índice. 
2010-11-01,2010-M11,EXT,AUX_IPC,75.87,Mensual,Extremadura. Índice general. Índice. 
2010-12-01,2010-M12,EXT,AUX_IPC,76.306,Mensual,Extremadura. Índice general. Índice. 
2011-01-01,2011-M01,EXT,AUX_IPC,75.817,Mensual,Extremadura. Índice general. Índice. 
2011-02-01,2011-M02,EXT,AUX_IPC,75.867,Mensual,Extremadura. Índice general. Índice. 
2011-03-01,2011-M03,EXT,AUX_IPC,76.441,Mensual,Extremadura. Índice general. Índice. 
2011-04-01,2011-M04,EXT,AUX_IPC,77.585,Mensual,Extremadura. Índice general. Índice. 
2011-05-01,2011-M05,EXT,AUX_IPC,77.464,Mensual,Extremadura. Índice general. Índice. 
2011-06-01,2011-M06,EXT,AUX_IPC,77.354,Mensual,Extremadura. Índice general. Índice. 
2011-07-01,2011-M07,EXT,AUX_IPC,76.724,Mensual,Extremadura. Índice general. Índice. 
2011-08-01,2011-M08,EXT,AUX_IPC,76.82,Mensual,Extremadura. Índice general. Índice. 
2011-09-01,2011-M09,EXT,AUX_IPC,77.075,Mensual,Extremadura. Índice general. Índice. 
2011-10-01,2011-M10,EXT,AUX_IPC,77.893,Mensual,Extremadura. Índice general. Índice. 
2011-11-01,2011-M11,EXT,AUX_IPC,78.066,Mensual,Extremadura. Índice general. Índice. 
2011-12-01,2011-M12,EXT,AUX_IPC,78.134,Mensual,Extremadura. Índice general. Índice. 
2012-01-01,2012-M01,EXT,AUX_IPC,77.133,Mensual,Extremadura. Índice general. Índice. 
2012-02-01,2012-M02,EXT,AUX_IPC,77.186,Mensual,Extremadura. Índice general. Índice. 
2012-03-01,2012-M03,EXT,AUX_IPC,77.894,Mensual,Extremadura. Índice general. Índice. 
2012-04-01,2012-M04,EXT,AUX_IPC,79.165,Mensual,Extremadura. Índice general. Índice. 
2012-05-01,2012-M05,EXT,AUX_IPC,78.905,Mensual,Extremadura. Índice general. Índice. 
2012-06-01,2012-M06,EXT,AUX_IPC,78.759,Mensual,Extremadura. Índice general. Índice. 
2012-07-01,2012-M07,EXT,AUX_IPC,78.433,Mensual,Extremadura. Índice general. Índice. 
2012-08-01,2012-M08,EXT,AUX_IPC,78.813,Mensual,Extremadura. Índice general. Índice. 
2012-09-01,2012-M09,EXT,AUX_IPC,79.634,Mensual,Extremadura. Índice general. Índice. 
2012-10-01,2012-M10,EXT,AUX_IPC,80.443,Mensual,Extremadura. Índice general. Índice. 
2012-11-01,2012-M11,EXT,AUX_IPC,80.298,Mensual,Extremadura. Índice general. Índice. 
2012-12-01,2012-M12,EXT,AUX_IPC,80.288,Mensual,Extremadura. Índice general. Índice. 
2013-01-01,2013-M01,EXT,AUX_IPC,79.209,Mensual,Extremadura. Índice general. Índice. 
2013-02-01,2013-M02,EXT,AUX_IPC,79.359,Mensual,Extremadura. Índice general. Índice. 
2013-03-01,2013-M03,EXT,AUX_IPC,79.68,Mensual,Extremadura. Índice general. Índice. 
2013-04-01,2013-M04,EXT,AUX_IPC,80.245,Mensual,Extremadura. Índice general. Índice. 
2013-05-01,2013-M05,EXT,AUX_IPC,80.293,Mensual,Extremadura. Índice general. Índice. 
2013-06-01,2013-M06,EXT,AUX_IPC,80.436,Mensual,Extremadura. Índice general. Índice. 
2013-07-01,2013-M07,EXT,AUX_IPC,79.776,Mensual,Extremadura. Índice general. Índice. 
2013-08-01,2013-M08,EXT,AUX_IPC,79.922,Mensual,Extremadura. Índice general. Índice. 
2013-09-01,2013-M09,EXT,AUX_IPC,79.745,Mensual,Extremadura. Índice general. Índice. 
2013-10-01,2013-M10,EXT,AUX_IPC,80.23,Mensual,Extremadura. Índice general. Índice. 
2013-11-01,2013-M11,EXT,AUX_IPC,80.229,Mensual,Extremadura. Índice general. Índice. 
2013-12-01,2013-M12,EXT,AUX_IPC,80.253,Mensual,Extremadura. Índice general. Índice. 
2014-01-01,2014-M01,EXT,AUX_IPC,79.102,Mensual,Extremadura. Índice general. Índice. 
2014-02-01,2014-M02,EXT,AUX_IPC,79.059,Mensual,Extremadura. Índice general. Índice. 
2014-03-01,2014-M03,EXT,AUX_IPC,79.234,Mensual,Extremadura. Índice general. Índice. 
2014-04-01,2014-M04,EXT,AUX_IPC,80.12,Mensual,Extremadura. Índice general. Índice. 
2014-05-01,2014-M05,EXT,AUX_IPC,79.989,Mensual,Extremadura. Índice general. Índice. 
2014-06-01,2014-M06,EXT,AUX_IPC,80.01,Mensual,Extremadura. Índice general. Índice. 
2014-07-01,2014-M07,EXT,AUX_IPC,78.973,Mensual,Extremadura. Índice general. Índice. 
2014-08-01,2014-M08,EXT,AUX_IPC,79.058,Mensual,Extremadura. Índice general. Índice. 
2014-09-01,2014-M09,EXT,AUX_IPC,79.388,Mensual,Extremadura. Índice general. Índice. 
2014-10-01,2014-M10,EXT,AUX_IPC,80.0,Mensual,Extremadura. Índice general. Índice. 
2014-11-01,2014-M11,EXT,AUX_IPC,79.793,Mensual,Extremadura. Índice general. Índice. 
2014-12-01,2014-M12,EXT,AUX_IPC,79.315,Mensual,Extremadura. Índice general. Índice. 
2015-01-01,2015-M01,EXT,AUX_IPC,77.916,Mensual,Extremadura. Índice general. Índice. 
2015-02-01,2015-M02,EXT,AUX_IPC,78.044,Mensual,Extremadura. Índice general. Índice. 
2015-03-01,2015-M03,EXT,AUX_IPC,78.496,Mensual,Extremadura. Índice general. Índice. 
2015-04-01,2015-M04,EXT,AUX_IPC,79.338,Mensual,Extremadura. Índice general. Índice. 
2015-05-01,2015-M05,EXT,AUX_IPC,79.572,Mensual,Extremadura. Índice general. Índice. 
2015-06-01,2015-M06,EXT,AUX_IPC,79.755,Mensual,Extremadura. Índice general. Índice. 
2015-07-01,2015-M07,EXT,AUX_IPC,78.734,Mensual,Extremadura. Índice general. Índice. 
2015-08-01,2015-M08,EXT,AUX_IPC,78.379,Mensual,Extremadura. Índice general. Índice. 
2015-09-01,2015-M09,EXT,AUX_IPC,78.214,Mensual,Extremadura. Índice general. Índice. 
2015-10-01,2015-M10,EXT,AUX_IPC,79.054,Mensual,Extremadura. Índice general. Índice. 
2015-11-01,2015-M11,EXT,AUX_IPC,79.278,Mensual,Extremadura. Índice general. Índice. 
2015-12-01,2015-M12,EXT,AUX_IPC,79.091,Mensual,Extremadura. Índice general. Índice. 
2016-01-01,2016-M01,EXT,AUX_IPC,77.478,Mensual,Extremadura. Índice general. Índice. 
2016-02-01,2016-M02,EXT,AUX_IPC,77.207,Mensual,Extremadura. Índice general. Índice. 
2016-03-01,2016-M03,EXT,AUX_IPC,77.76,Mensual,Extremadura. Índice general. Índice. 
2016-04-01,2016-M04,EXT,AUX_IPC,78.511,Mensual,Extremadura. Índice general. Índice. 
2016-05-01,2016-M05,EXT,AUX_IPC,78.829,Mensual,Extremadura. Índice general. Índice. 
2016-06-01,2016-M06,EXT,AUX_IPC,79.141,Mensual,Extremadura. Índice general. Índice. 
2016-07-01,2016-M07,EXT,AUX_IPC,78.335,Mensual,Extremadura. Índice general. Índice. 
2016-08-01,2016-M08,EXT,AUX_IPC,78.301,Mensual,Extremadura. Índice general. Índice. 
2016-09-01,2016-M09,EXT,AUX_IPC,78.421,Mensual,Extremadura. Índice general. Índice. 
2016-10-01,2016-M10,EXT,AUX_IPC,79.541,Mensual,Extremadura. Índice general. Índice. 
2016-11-01,2016-M11,EXT,AUX_IPC,79.74,Mensual,Extremadura. Índice general. Índice. 
2016-12-01,2016-M12,EXT,AUX_IPC,80.251,Mensual,Extremadura. Índice general. Índice. 
2017-01-01,2017-M01,EXT,AUX_IPC,79.692,Mensual,Extremadura. Índice general. Índice. 
2017-02-01,2017-M02,EXT,AUX_IPC,79.351,Mensual,Extremadura. Índice general. Índice. 
2017-03-01,2017-M03,EXT,AUX_IPC,79.25,Mensual,Extremadura. Índice general. Índice. 
2017-04-01,2017-M04,EXT,AUX_IPC,80.119,Mensual,Extremadura. Índice general. Índice. 
2017-05-01,2017-M05,EXT,AUX_IPC,80.202,Mensual,Extremadura. Índice general. Índice. 
2017-06-01,2017-M06,EXT,AUX_IPC,80.181,Mensual,Extremadura. Índice general. Índice. 
2017-07-01,2017-M07,EXT,AUX_IPC,79.284,Mensual,Extremadura. Índice general. Índice. 
2017-08-01,2017-M08,EXT,AUX_IPC,79.324,Mensual,Extremadura. Índice general. Índice. 
2017-09-01,2017-M09,EXT,AUX_IPC,79.546,Mensual,Extremadura. Índice general. Índice. 
2017-10-01,2017-M10,EXT,AUX_IPC,80.594,Mensual,Extremadura. Índice general. Índice. 
2017-11-01,2017-M11,EXT,AUX_IPC,80.885,Mensual,Extremadura. Índice general. Índice. 
2017-12-01,2017-M12,EXT,AUX_IPC,80.885,Mensual,Extremadura. Índice general. Índice. 
2018-01-01,2018-M01,EXT,AUX_IPC,79.871,Mensual,Extremadura. Índice general. Índice. 
2018-02-01,2018-M02,EXT,AUX_IPC,79.927,Mensual,Extremadura. Índice general. Índice. 
2018-03-01,2018-M03,EXT,AUX_IPC,80.058,Mensual,Extremadura. Índice general. Índice. 
2018-04-01,2018-M04,EXT,AUX_IPC,80.956,Mensual,Extremadura. Índice general. Índice. 
2018-05-01,2018-M05,EXT,AUX_IPC,81.626,Mensual,Extremadura. Índice general. Índice. 
2018-06-01,2018-M06,EXT,AUX_IPC,81.853,Mensual,Extremadura. Índice general. Índice. 
2018-07-01,2018-M07,EXT,AUX_IPC,80.962,Mensual,Extremadura. Índice general. Índice. 
2018-08-01,2018-M08,EXT,AUX_IPC,81.041,Mensual,Extremadura. Índice general. Índice. 
2018-09-01,2018-M09,EXT,AUX_IPC,81.438,Mensual,Extremadura. Índice general. Índice. 
2018-10-01,2018-M10,EXT,AUX_IPC,82.425,Mensual,Extremadura. Índice general. Índice. 
2018-11-01,2018-M11,EXT,AUX_IPC,82.31,Mensual,Extremadura. Índice general. Índice. 
2018-12-01,2018-M12,EXT,AUX_IPC,81.749,Mensual,Extremadura. Índice general. Índice. 
2019-01-01,2019-M01,EXT,AUX_IPC,80.634,Mensual,Extremadura. Índice general. Índice. 
2019-02-01,2019-M02,EXT,AUX_IPC,80.721,Mensual,Extremadura. Índice general. Índice. 
2019-03-01,2019-M03,EXT,AUX_IPC,81.039,Mensual,Extremadura. Índice general. Índice. 
2019-04-01,2019-M04,EXT,AUX_IPC,82.208,Mensual,Extremadura. Índice general. Índice. 
2019-05-01,2019-M05,EXT,AUX_IPC,82.241,Mensual,Extremadura. Índice general. Índice. 
2019-06-01,2019-M06,EXT,AUX_IPC,82.078,Mensual,Extremadura. Índice general. Índice. 
2019-07-01,2019-M07,EXT,AUX_IPC,81.177,Mensual,Extremadura. Índice general. Índice. 
2019-08-01,2019-M08,EXT,AUX_IPC,81.028,Mensual,Extremadura. Índice general. Índice. 
2019-09-01,2019-M09,EXT,AUX_IPC,81.141,Mensual,Extremadura. Índice general. Índice. 
2019-10-01,2019-M10,EXT,AUX_IPC,82.546,Mensual,Extremadura. Índice general. Índice. 
2019-11-01,2019-M11,EXT,AUX_IPC,82.553,Mensual,Extremadura. Índice general. Índice. 
2019-12-01,2019-M12,EXT,AUX_IPC,82.293,Mensual,Extremadura. Índice general. Índice. 
2020-01-01,2020-M01,EXT,AUX_IPC,81.466,Mensual,Extremadura. Índice general. Índice. 
2020-02-01,2020-M02,EXT,AUX_IPC,81.32,Mensual,Extremadura. Índice general. Índice. 
2020-03-01,2020-M03,EXT,AUX_IPC,81.003,Mensual,Extremadura. Índice general. Índice. 
2020-04-01,2020-M04,EXT,AUX_IPC,81.622,Mensual,Extremadura. Índice general. Índice. 
2020-05-01,2020-M05,EXT,AUX_IPC,81.557,Mensual,Extremadura. Índice general. Índice. 
2020-06-01,2020-M06,EXT,AUX_IPC,81.91,Mensual,Extremadura. Índice general. Índice. 
2020-07-01,2020-M07,EXT,AUX_IPC,80.928,Mensual,Extremadura. Índice general. Índice. 
2020-08-01,2020-M08,EXT,AUX_IPC,80.965,Mensual,Extremadura. Índice general. Índice. 
2020-09-01,2020-M09,EXT,AUX_IPC,81.222,Mensual,Extremadura. Índice general. Índice. 
2020-10-01,2020-M10,EXT,AUX_IPC,82.085,Mensual,Extremadura. Índice general. Índice. 
2020-11-01,2020-M11,EXT,AUX_IPC,81.928,Mensual,Extremadura. Índice general. Índice. 
2020-12-01,2020-M12,EXT,AUX_IPC,81.921,Mensual,Extremadura. Índice general. Índice. 
2021-01-01,2021-M01,EXT,AUX_IPC,81.946,Mensual,Extremadura. Índice general. Índice. 
2021-02-01,2021-M02,EXT,AUX_IPC,81.402,Mensual,Extremadura. Índice general. Índice. 
2021-03-01,2021-M03,EXT,AUX_IPC,82.272,Mensual,Extremadura. Índice general. Índice. 
2021-04-01,2021-M04,EXT,AUX_IPC,83.613,Mensual,Extremadura. Índice general. Índice. 
2021-05-01,2021-M05,EXT,AUX_IPC,83.894,Mensual,Extremadura. Índice general. Índice. 
2021-06-01,2021-M06,EXT,AUX_IPC,84.405,Mensual,Extremadura. Índice general. Índice. 
2021-07-01,2021-M07,EXT,AUX_IPC,83.415,Mensual,Extremadura. Índice general. Índice. 
2021-08-01,2021-M08,EXT,AUX_IPC,83.856,Mensual,Extremadura. Índice general. Índice. 
2021-09-01,2021-M09,EXT,AUX_IPC,84.708,Mensual,Extremadura. Índice general. Índice. 
2021-10-01,2021-M10,EXT,AUX_IPC,86.715,Mensual,Extremadura. Índice general. Índice. 
2021-11-01,2021-M11,EXT,AUX_IPC,86.76,Mensual,Extremadura. Índice general. Índice. 
2021-12-01,2021-M12,EXT,AUX_IPC,87.731,Mensual,Extremadura. Índice general. Índice. 
2022-01-01,2022-M01,EXT,AUX_IPC,87.281,Mensual,Extremadura. Índice general. Índice. 
2022-02-01,2022-M02,EXT,AUX_IPC,87.994,Mensual,Extremadura. Índice general. Índice. 
2022-03-01,2022-M03,EXT,AUX_IPC,90.744,Mensual,Extremadura. Índice general. Índice. 
2022-04-01,2022-M04,EXT,AUX_IPC,90.851,Mensual,Extremadura. Índice general. Índice. 
2022-05-01,2022-M05,EXT,AUX_IPC,91.743,Mensual,Extremadura. Índice general. Índice. 
2022-06-01,2022-M06,EXT,AUX_IPC,93.393,Mensual,Extremadura. Índice general. Índice. 
2022-07-01,2022-M07,EXT,AUX_IPC,92.981,Mensual,Extremadura. Índice general. Índice. 
2022-08-01,2022-M08,EXT,AUX_IPC,93.517,Mensual,Extremadura. Índice general. Índice. 
2022-09-01,2022-M09,EXT,AUX_IPC,92.666,Mensual,Extremadura. Índice general. Índice. 
2022-10-01,2022-M10,EXT,AUX_IPC,93.352,Mensual,Extremadura. Índice general. Índice. 
2022-11-01,2022-M11,EXT,AUX_IPC,93.181,Mensual,Extremadura. Índice general. Índice. 
2022-12-01,2022-M12,EXT,AUX_IPC,93.42,Mensual,Extremadura. Índice general. Índice. 
2023-01-01,2023-M01,EXT,AUX_IPC,93.024,Mensual,Extremadura. Índice general. Índice. 
2023-02-01,2023-M02,EXT,AUX_IPC,93.046,Mensual,Extremadura. Índice general. Índice. 
2023-03-01,2023-M03,EXT,AUX_IPC,93.371,Mensual,Extremadura. Índice general. Índice. 
2023-04-01,2023-M04,EXT,AUX_IPC,94.328,Mensual,Extremadura. Índice general. Índice. 
2023-05-01,2023-M05,EXT,AUX_IPC,94.414,Mensual,Extremadura. Índice general. Índice. 
2023-06-01,2023-M06,EXT,AUX_IPC,94.824,Mensual,Extremadura. Índice general. Índice. 
2023-07-01,2023-M07,EXT,AUX_IPC,94.789,Mensual,Extremadura. Índice general. Índice. 
2023-08-01,2023-M08,EXT,AUX_IPC,95.186,Mensual,Extremadura. Índice general. Índice. 
2023-09-01,2023-M09,EXT,AUX_IPC,95.533,Mensual,Extremadura. Índice general. Índice. 
2023-10-01,2023-M10,EXT,AUX_IPC,96.199,Mensual,Extremadura. Índice general. Índice. 
2023-11-01,2023-M11,EXT,AUX_IPC,95.697,Mensual,Extremadura. Índice general. Índice. 
2023-12-01,2023-M12,EXT,AUX_IPC,95.698,Mensual,Extremadura. Índice general. Índice. 
2024-01-01,2024-M01,EXT,AUX_IPC,95.839,Mensual,Extremadura. Índice general. Índice. 
2024-02-01,2024-M02,EXT,AUX_IPC,96.155,Mensual,Extremadura. Índice general. Índice. 
2024-03-01,2024-M03,EXT,AUX_IPC,96.749,Mensual,Extremadura. Índice general. Índice. 
2024-04-01,2024-M04,EXT,AUX_IPC,97.576,Mensual,Extremadura. Índice general. Índice. 
2024-05-01,2024-M05,EXT,AUX_IPC,97.837,Mensual,Extremadura. Índice general. Índice. 
2024-06-01,2024-M06,EXT,AUX_IPC,98.132,Mensual,Extremadura. Índice general. Índice. 
2024-07-01,2024-M07,EXT,AUX_IPC,97.265,Mensual,Extremadura. Índice general. Índice. 
2024-08-01,2024-M08,EXT,AUX_IPC,97.378,Mensual,Extremadura. Índice general. Índice. 
2024-09-01,2024-M09,EXT,AUX_IPC,96.768,Mensual,Extremadura. Índice general. Índice. 
2024-10-01,2024-M10,EXT,AUX_IPC,97.922,Mensual,Extremadura. Índice general. Índice. 
2024-11-01,2024-M11,EXT,AUX_IPC,97.887,Mensual,Extremadura. Índice general. Índice. 
2024-12-01,2024-M12,EXT,AUX_IPC,98.33,Mensual,Extremadura. Índice general. Índice. 
2025-01-01,2025-M01,EXT,AUX_IPC,98.515,Mensual,Extremadura. Índice general. Índice. 
2025-02-01,2025-M02,EXT,AUX_IPC,98.762,Mensual,Extremadura. Índice general. Índice. 
2025-03-01,2025-M03,EXT,AUX_IPC,98.896,Mensual,Extremadura. Índice general. Índice. 
2025-04-01,2025-M04,EXT,AUX_IPC,99.962,Mensual,Extremadura. Índice general. Índice. 
2025-05-01,2025-M05,EXT,AUX_IPC,100.076,Mensual,Extremadura. Índice general. Índice. 
2025-06-01,2025-M06,EXT,AUX_IPC,100.787,Mensual,Extremadura. Índice general. Índice. 
2025-07-01,2025-M07,EXT,AUX_IPC,100.416,Mensual,Extremadura. Índice general. Índice. 
2025-08-01,2025-M08,EXT,AUX_IPC,100.088,Mensual,Extremadura. Índice general. Índice. 
2025-09-01,2025-M09,EXT,AUX_IPC,99.712,Mensual,Extremadura. Índice general. Índice. 
2025-10-01,2025-M10,EXT,AUX_IPC,100.571,Mensual,Extremadura. Índice general. Índice. 
2025-11-01,2025-M11,EXT,AUX_IPC,101.01,Mensual,Extremadura. Índice general. Índice. 
2025-12-01,2025-M12,EXT,AUX_IPC,101.206,Mensual,Extremadura. Índice general. Índice. 
2026-01-01,2026-M01,EXT,AUX_IPC,100.737,Mensual,Extremadura. Índice general. Índice. 
2026-02-01,2026-M02,EXT,AUX_IPC,101.203,Mensual,Extremadura. Índice general. Índice. 
2026-03-01,2026-M03,EXT,AUX_IPC,102.311,Mensual,Extremadura. Índice general. Índice. 
2026-04-01,2026-M04,EXT,AUX_IPC,102.705,Mensual,Extremadura. Índice general. Índice. 
2026-05-01,2026-M05,EXT,AUX_IPC,102.567,Mensual,Extremadura. Índice general. Índice. 
2026-06-01,2026-M06,EXT,AUX_IPC,103.201,Mensual,Extremadura. Índice general. Índice. 
2026-07-01,2026-M07,EXT,AUX_IPC,103.447,Mensual,Extremadura. Índice general. Índice. 
2010-01-01,2010-M01,GAL,AUX_IPC,71.964,Mensual,Galicia. Índice general. Índice. 
2010-02-01,2010-M02,GAL,AUX_IPC,71.744,Mensual,Galicia. Índice general. Índice. 
2010-03-01,2010-M03,GAL,AUX_IPC,72.357,Mensual,Galicia. Índice general. Índice. 
2010-04-01,2010-M04,GAL,AUX_IPC,73.22,Mensual,Galicia. Índice general. Índice. 
2010-05-01,2010-M05,GAL,AUX_IPC,73.407,Mensual,Galicia. Índice general. Índice. 
2010-06-01,2010-M06,GAL,AUX_IPC,73.584,Mensual,Galicia. Índice general. Índice. 
2010-07-01,2010-M07,GAL,AUX_IPC,73.09,Mensual,Galicia. Índice general. Índice. 
2010-08-01,2010-M08,GAL,AUX_IPC,73.247,Mensual,Galicia. Índice general. Índice. 
2010-09-01,2010-M09,GAL,AUX_IPC,73.394,Mensual,Galicia. Índice general. Índice. 
2010-10-01,2010-M10,GAL,AUX_IPC,74.314,Mensual,Galicia. Índice general. Índice. 
2010-11-01,2010-M11,GAL,AUX_IPC,74.76,Mensual,Galicia. Índice general. Índice. 
2010-12-01,2010-M12,GAL,AUX_IPC,75.233,Mensual,Galicia. Índice general. Índice. 
2011-01-01,2011-M01,GAL,AUX_IPC,74.394,Mensual,Galicia. Índice general. Índice. 
2011-02-01,2011-M02,GAL,AUX_IPC,74.451,Mensual,Galicia. Índice general. Índice. 
2011-03-01,2011-M03,GAL,AUX_IPC,75.094,Mensual,Galicia. Índice general. Índice. 
2011-04-01,2011-M04,GAL,AUX_IPC,76.096,Mensual,Galicia. Índice general. Índice. 
2011-05-01,2011-M05,GAL,AUX_IPC,76.125,Mensual,Galicia. Índice general. Índice. 
2011-06-01,2011-M06,GAL,AUX_IPC,76.069,Mensual,Galicia. Índice general. Índice. 
2011-07-01,2011-M07,GAL,AUX_IPC,75.495,Mensual,Galicia. Índice general. Índice. 
2011-08-01,2011-M08,GAL,AUX_IPC,75.596,Mensual,Galicia. Índice general. Índice. 
2011-09-01,2011-M09,GAL,AUX_IPC,75.859,Mensual,Galicia. Índice general. Índice. 
2011-10-01,2011-M10,GAL,AUX_IPC,76.703,Mensual,Galicia. Índice general. Índice. 
2011-11-01,2011-M11,GAL,AUX_IPC,77.07,Mensual,Galicia. Índice general. Índice. 
2011-12-01,2011-M12,GAL,AUX_IPC,77.106,Mensual,Galicia. Índice general. Índice. 
2012-01-01,2012-M01,GAL,AUX_IPC,76.046,Mensual,Galicia. Índice general. Índice. 
2012-02-01,2012-M02,GAL,AUX_IPC,76.037,Mensual,Galicia. Índice general. Índice. 
2012-03-01,2012-M03,GAL,AUX_IPC,76.568,Mensual,Galicia. Índice general. Índice. 
2012-04-01,2012-M04,GAL,AUX_IPC,77.654,Mensual,Galicia. Índice general. Índice. 
2012-05-01,2012-M05,GAL,AUX_IPC,77.524,Mensual,Galicia. Índice general. Índice. 
2012-06-01,2012-M06,GAL,AUX_IPC,77.408,Mensual,Galicia. Índice general. Índice. 
2012-07-01,2012-M07,GAL,AUX_IPC,77.033,Mensual,Galicia. Índice general. Índice. 
2012-08-01,2012-M08,GAL,AUX_IPC,77.537,Mensual,Galicia. Índice general. Índice. 
2012-09-01,2012-M09,GAL,AUX_IPC,78.346,Mensual,Galicia. Índice general. Índice. 
2012-10-01,2012-M10,GAL,AUX_IPC,79.224,Mensual,Galicia. Índice general. Índice. 
2012-11-01,2012-M11,GAL,AUX_IPC,79.135,Mensual,Galicia. Índice general. Índice. 
2012-12-01,2012-M12,GAL,AUX_IPC,79.116,Mensual,Galicia. Índice general. Índice. 
2013-01-01,2013-M01,GAL,AUX_IPC,77.949,Mensual,Galicia. Índice general. Índice. 
2013-02-01,2013-M02,GAL,AUX_IPC,78.11,Mensual,Galicia. Índice general. Índice. 
2013-03-01,2013-M03,GAL,AUX_IPC,78.379,Mensual,Galicia. Índice general. Índice. 
2013-04-01,2013-M04,GAL,AUX_IPC,78.686,Mensual,Galicia. Índice general. Índice. 
2013-05-01,2013-M05,GAL,AUX_IPC,78.889,Mensual,Galicia. Índice general. Índice. 
2013-06-01,2013-M06,GAL,AUX_IPC,79.077,Mensual,Galicia. Índice general. Índice. 
2013-07-01,2013-M07,GAL,AUX_IPC,78.523,Mensual,Galicia. Índice general. Índice. 
2013-08-01,2013-M08,GAL,AUX_IPC,78.825,Mensual,Galicia. Índice general. Índice. 
2013-09-01,2013-M09,GAL,AUX_IPC,78.719,Mensual,Galicia. Índice general. Índice. 
2013-10-01,2013-M10,GAL,AUX_IPC,79.272,Mensual,Galicia. Índice general. Índice. 
2013-11-01,2013-M11,GAL,AUX_IPC,79.503,Mensual,Galicia. Índice general. Índice. 
2013-12-01,2013-M12,GAL,AUX_IPC,79.519,Mensual,Galicia. Índice general. Índice. 
2014-01-01,2014-M01,GAL,AUX_IPC,78.299,Mensual,Galicia. Índice general. Índice. 
2014-02-01,2014-M02,GAL,AUX_IPC,78.247,Mensual,Galicia. Índice general. Índice. 
2014-03-01,2014-M03,GAL,AUX_IPC,78.417,Mensual,Galicia. Índice general. Índice. 
2014-04-01,2014-M04,GAL,AUX_IPC,79.113,Mensual,Galicia. Índice general. Índice. 
2014-05-01,2014-M05,GAL,AUX_IPC,79.223,Mensual,Galicia. Índice general. Índice. 
2014-06-01,2014-M06,GAL,AUX_IPC,79.315,Mensual,Galicia. Índice general. Índice. 
2014-07-01,2014-M07,GAL,AUX_IPC,78.385,Mensual,Galicia. Índice general. Índice. 
2014-08-01,2014-M08,GAL,AUX_IPC,78.531,Mensual,Galicia. Índice general. Índice. 
2014-09-01,2014-M09,GAL,AUX_IPC,78.738,Mensual,Galicia. Índice general. Índice. 
2014-10-01,2014-M10,GAL,AUX_IPC,79.301,Mensual,Galicia. Índice general. Índice. 
2014-11-01,2014-M11,GAL,AUX_IPC,79.295,Mensual,Galicia. Índice general. Índice. 
2014-12-01,2014-M12,GAL,AUX_IPC,78.701,Mensual,Galicia. Índice general. Índice. 
2015-01-01,2015-M01,GAL,AUX_IPC,77.196,Mensual,Galicia. Índice general. Índice. 
2015-02-01,2015-M02,GAL,AUX_IPC,77.276,Mensual,Galicia. Índice general. Índice. 
2015-03-01,2015-M03,GAL,AUX_IPC,77.766,Mensual,Galicia. Índice general. Índice. 
2015-04-01,2015-M04,GAL,AUX_IPC,78.492,Mensual,Galicia. Índice general. Índice. 
2015-05-01,2015-M05,GAL,AUX_IPC,78.889,Mensual,Galicia. Índice general. Índice. 
2015-06-01,2015-M06,GAL,AUX_IPC,79.138,Mensual,Galicia. Índice general. Índice. 
2015-07-01,2015-M07,GAL,AUX_IPC,78.281,Mensual,Galicia. Índice general. Índice. 
2015-08-01,2015-M08,GAL,AUX_IPC,78.01,Mensual,Galicia. Índice general. Índice. 
2015-09-01,2015-M09,GAL,AUX_IPC,77.841,Mensual,Galicia. Índice general. Índice. 
2015-10-01,2015-M10,GAL,AUX_IPC,78.498,Mensual,Galicia. Índice general. Índice. 
2015-11-01,2015-M11,GAL,AUX_IPC,78.875,Mensual,Galicia. Índice general. Índice. 
2015-12-01,2015-M12,GAL,AUX_IPC,78.574,Mensual,Galicia. Índice general. Índice. 
2016-01-01,2016-M01,GAL,AUX_IPC,76.823,Mensual,Galicia. Índice general. Índice. 
2016-02-01,2016-M02,GAL,AUX_IPC,76.407,Mensual,Galicia. Índice general. Índice. 
2016-03-01,2016-M03,GAL,AUX_IPC,76.921,Mensual,Galicia. Índice general. Índice. 
2016-04-01,2016-M04,GAL,AUX_IPC,77.547,Mensual,Galicia. Índice general. Índice. 
2016-05-01,2016-M05,GAL,AUX_IPC,78.017,Mensual,Galicia. Índice general. Índice. 
2016-06-01,2016-M06,GAL,AUX_IPC,78.423,Mensual,Galicia. Índice general. Índice. 
2016-07-01,2016-M07,GAL,AUX_IPC,77.67,Mensual,Galicia. Índice general. Índice. 
2016-08-01,2016-M08,GAL,AUX_IPC,77.815,Mensual,Galicia. Índice general. Índice. 
2016-09-01,2016-M09,GAL,AUX_IPC,78.004,Mensual,Galicia. Índice general. Índice. 
2016-10-01,2016-M10,GAL,AUX_IPC,79.109,Mensual,Galicia. Índice general. Índice. 
2016-11-01,2016-M11,GAL,AUX_IPC,79.407,Mensual,Galicia. Índice general. Índice. 
2016-12-01,2016-M12,GAL,AUX_IPC,79.84,Mensual,Galicia. Índice general. Índice. 
2017-01-01,2017-M01,GAL,AUX_IPC,79.243,Mensual,Galicia. Índice general. Índice. 
2017-02-01,2017-M02,GAL,AUX_IPC,78.947,Mensual,Galicia. Índice general. Índice. 
2017-03-01,2017-M03,GAL,AUX_IPC,78.962,Mensual,Galicia. Índice general. Índice. 
2017-04-01,2017-M04,GAL,AUX_IPC,79.683,Mensual,Galicia. Índice general. Índice. 
2017-05-01,2017-M05,GAL,AUX_IPC,79.69,Mensual,Galicia. Índice general. Índice. 
2017-06-01,2017-M06,GAL,AUX_IPC,79.685,Mensual,Galicia. Índice general. Índice. 
2017-07-01,2017-M07,GAL,AUX_IPC,79.009,Mensual,Galicia. Índice general. Índice. 
2017-08-01,2017-M08,GAL,AUX_IPC,79.237,Mensual,Galicia. Índice general. Índice. 
2017-09-01,2017-M09,GAL,AUX_IPC,79.402,Mensual,Galicia. Índice general. Índice. 
2017-10-01,2017-M10,GAL,AUX_IPC,80.3,Mensual,Galicia. Índice general. Índice. 
2017-11-01,2017-M11,GAL,AUX_IPC,80.851,Mensual,Galicia. Índice general. Índice. 
2017-12-01,2017-M12,GAL,AUX_IPC,80.767,Mensual,Galicia. Índice general. Índice. 
2018-01-01,2018-M01,GAL,AUX_IPC,79.703,Mensual,Galicia. Índice general. Índice. 
2018-02-01,2018-M02,GAL,AUX_IPC,79.695,Mensual,Galicia. Índice general. Índice. 
2018-03-01,2018-M03,GAL,AUX_IPC,79.8,Mensual,Galicia. Índice general. Índice. 
2018-04-01,2018-M04,GAL,AUX_IPC,80.606,Mensual,Galicia. Índice general. Índice. 
2018-05-01,2018-M05,GAL,AUX_IPC,81.288,Mensual,Galicia. Índice general. Índice. 
2018-06-01,2018-M06,GAL,AUX_IPC,81.529,Mensual,Galicia. Índice general. Índice. 
2018-07-01,2018-M07,GAL,AUX_IPC,80.854,Mensual,Galicia. Índice general. Índice. 
2018-08-01,2018-M08,GAL,AUX_IPC,81.017,Mensual,Galicia. Índice general. Índice. 
2018-09-01,2018-M09,GAL,AUX_IPC,81.261,Mensual,Galicia. Índice general. Índice. 
2018-10-01,2018-M10,GAL,AUX_IPC,82.15,Mensual,Galicia. Índice general. Índice. 
2018-11-01,2018-M11,GAL,AUX_IPC,82.121,Mensual,Galicia. Índice general. Índice. 
2018-12-01,2018-M12,GAL,AUX_IPC,81.586,Mensual,Galicia. Índice general. Índice. 
2019-01-01,2019-M01,GAL,AUX_IPC,80.354,Mensual,Galicia. Índice general. Índice. 
2019-02-01,2019-M02,GAL,AUX_IPC,80.511,Mensual,Galicia. Índice general. Índice. 
2019-03-01,2019-M03,GAL,AUX_IPC,80.881,Mensual,Galicia. Índice general. Índice. 
2019-04-01,2019-M04,GAL,AUX_IPC,81.696,Mensual,Galicia. Índice general. Índice. 
2019-05-01,2019-M05,GAL,AUX_IPC,81.924,Mensual,Galicia. Índice general. Índice. 
2019-06-01,2019-M06,GAL,AUX_IPC,81.776,Mensual,Galicia. Índice general. Índice. 
2019-07-01,2019-M07,GAL,AUX_IPC,81.232,Mensual,Galicia. Índice general. Índice. 
2019-08-01,2019-M08,GAL,AUX_IPC,81.09,Mensual,Galicia. Índice general. Índice. 
2019-09-01,2019-M09,GAL,AUX_IPC,81.067,Mensual,Galicia. Índice general. Índice. 
2019-10-01,2019-M10,GAL,AUX_IPC,82.052,Mensual,Galicia. Índice general. Índice. 
2019-11-01,2019-M11,GAL,AUX_IPC,82.309,Mensual,Galicia. Índice general. Índice. 
2019-12-01,2019-M12,GAL,AUX_IPC,82.193,Mensual,Galicia. Índice general. Índice. 
2020-01-01,2020-M01,GAL,AUX_IPC,81.312,Mensual,Galicia. Índice general. Índice. 
2020-02-01,2020-M02,GAL,AUX_IPC,81.095,Mensual,Galicia. Índice general. Índice. 
2020-03-01,2020-M03,GAL,AUX_IPC,80.683,Mensual,Galicia. Índice general. Índice. 
2020-04-01,2020-M04,GAL,AUX_IPC,80.922,Mensual,Galicia. Índice general. Índice. 
2020-05-01,2020-M05,GAL,AUX_IPC,80.975,Mensual,Galicia. Índice general. Índice. 
2020-06-01,2020-M06,GAL,AUX_IPC,81.424,Mensual,Galicia. Índice general. Índice. 
2020-07-01,2020-M07,GAL,AUX_IPC,80.649,Mensual,Galicia. Índice general. Índice. 
2020-08-01,2020-M08,GAL,AUX_IPC,80.785,Mensual,Galicia. Índice general. Índice. 
2020-09-01,2020-M09,GAL,AUX_IPC,80.848,Mensual,Galicia. Índice general. Índice. 
2020-10-01,2020-M10,GAL,AUX_IPC,81.475,Mensual,Galicia. Índice general. Índice. 
2020-11-01,2020-M11,GAL,AUX_IPC,81.709,Mensual,Galicia. Índice general. Índice. 
2020-12-01,2020-M12,GAL,AUX_IPC,81.892,Mensual,Galicia. Índice general. Índice. 
2021-01-01,2021-M01,GAL,AUX_IPC,81.626,Mensual,Galicia. Índice general. Índice. 
2021-02-01,2021-M02,GAL,AUX_IPC,81.249,Mensual,Galicia. Índice general. Índice. 
2021-03-01,2021-M03,GAL,AUX_IPC,82.039,Mensual,Galicia. Índice general. Índice. 
2021-04-01,2021-M04,GAL,AUX_IPC,83.129,Mensual,Galicia. Índice general. Índice. 
2021-05-01,2021-M05,GAL,AUX_IPC,83.611,Mensual,Galicia. Índice general. Índice. 
2021-06-01,2021-M06,GAL,AUX_IPC,84.128,Mensual,Galicia. Índice general. Índice. 
2021-07-01,2021-M07,GAL,AUX_IPC,83.485,Mensual,Galicia. Índice general. Índice. 
2021-08-01,2021-M08,GAL,AUX_IPC,83.969,Mensual,Galicia. Índice general. Índice. 
2021-09-01,2021-M09,GAL,AUX_IPC,84.595,Mensual,Galicia. Índice general. Índice. 
2021-10-01,2021-M10,GAL,AUX_IPC,86.133,Mensual,Galicia. Índice general. Índice. 
2021-11-01,2021-M11,GAL,AUX_IPC,86.526,Mensual,Galicia. Índice general. Índice. 
2021-12-01,2021-M12,GAL,AUX_IPC,87.419,Mensual,Galicia. Índice general. Índice. 
2022-01-01,2022-M01,GAL,AUX_IPC,87.152,Mensual,Galicia. Índice general. Índice. 
2022-02-01,2022-M02,GAL,AUX_IPC,87.776,Mensual,Galicia. Índice general. Índice. 
2022-03-01,2022-M03,GAL,AUX_IPC,90.657,Mensual,Galicia. Índice general. Índice. 
2022-04-01,2022-M04,GAL,AUX_IPC,90.678,Mensual,Galicia. Índice general. Índice. 
2022-05-01,2022-M05,GAL,AUX_IPC,91.669,Mensual,Galicia. Índice general. Índice. 
2022-06-01,2022-M06,GAL,AUX_IPC,93.478,Mensual,Galicia. Índice general. Índice. 
2022-07-01,2022-M07,GAL,AUX_IPC,93.068,Mensual,Galicia. Índice general. Índice. 
2022-08-01,2022-M08,GAL,AUX_IPC,93.177,Mensual,Galicia. Índice general. Índice. 
2022-09-01,2022-M09,GAL,AUX_IPC,92.419,Mensual,Galicia. Índice general. Índice. 
2022-10-01,2022-M10,GAL,AUX_IPC,92.894,Mensual,Galicia. Índice general. Índice. 
2022-11-01,2022-M11,GAL,AUX_IPC,92.996,Mensual,Galicia. Índice general. Índice. 
2022-12-01,2022-M12,GAL,AUX_IPC,93.048,Mensual,Galicia. Índice general. Índice. 
2023-01-01,2023-M01,GAL,AUX_IPC,92.736,Mensual,Galicia. Índice general. Índice. 
2023-02-01,2023-M02,GAL,AUX_IPC,93.437,Mensual,Galicia. Índice general. Índice. 
2023-03-01,2023-M03,GAL,AUX_IPC,93.774,Mensual,Galicia. Índice general. Índice. 
2023-04-01,2023-M04,GAL,AUX_IPC,94.411,Mensual,Galicia. Índice general. Índice. 
2023-05-01,2023-M05,GAL,AUX_IPC,94.351,Mensual,Galicia. Índice general. Índice. 
2023-06-01,2023-M06,GAL,AUX_IPC,94.918,Mensual,Galicia. Índice general. Índice. 
2023-07-01,2023-M07,GAL,AUX_IPC,95.002,Mensual,Galicia. Índice general. Índice. 
2023-08-01,2023-M08,GAL,AUX_IPC,95.737,Mensual,Galicia. Índice general. Índice. 
2023-09-01,2023-M09,GAL,AUX_IPC,95.876,Mensual,Galicia. Índice general. Índice. 
2023-10-01,2023-M10,GAL,AUX_IPC,96.21,Mensual,Galicia. Índice general. Índice. 
2023-11-01,2023-M11,GAL,AUX_IPC,96.019,Mensual,Galicia. Índice general. Índice. 
2023-12-01,2023-M12,GAL,AUX_IPC,96.052,Mensual,Galicia. Índice general. Índice. 
2024-01-01,2024-M01,GAL,AUX_IPC,96.223,Mensual,Galicia. Índice general. Índice. 
2024-02-01,2024-M02,GAL,AUX_IPC,96.442,Mensual,Galicia. Índice general. Índice. 
2024-03-01,2024-M03,GAL,AUX_IPC,97.081,Mensual,Galicia. Índice general. Índice. 
2024-04-01,2024-M04,GAL,AUX_IPC,97.904,Mensual,Galicia. Índice general. Índice. 
2024-05-01,2024-M05,GAL,AUX_IPC,98.12,Mensual,Galicia. Índice general. Índice. 
2024-06-01,2024-M06,GAL,AUX_IPC,98.444,Mensual,Galicia. Índice general. Índice. 
2024-07-01,2024-M07,GAL,AUX_IPC,97.924,Mensual,Galicia. Índice general. Índice. 
2024-08-01,2024-M08,GAL,AUX_IPC,97.923,Mensual,Galicia. Índice general. Índice. 
2024-09-01,2024-M09,GAL,AUX_IPC,97.161,Mensual,Galicia. Índice general. Índice. 
2024-10-01,2024-M10,GAL,AUX_IPC,97.965,Mensual,Galicia. Índice general. Índice. 
2024-11-01,2024-M11,GAL,AUX_IPC,98.238,Mensual,Galicia. Índice general. Índice. 
2024-12-01,2024-M12,GAL,AUX_IPC,98.65,Mensual,Galicia. Índice general. Índice. 
2025-01-01,2025-M01,GAL,AUX_IPC,98.826,Mensual,Galicia. Índice general. Índice. 
2025-02-01,2025-M02,GAL,AUX_IPC,99.057,Mensual,Galicia. Índice general. Índice. 
2025-03-01,2025-M03,GAL,AUX_IPC,98.877,Mensual,Galicia. Índice general. Índice. 
2025-04-01,2025-M04,GAL,AUX_IPC,99.715,Mensual,Galicia. Índice general. Índice. 
2025-05-01,2025-M05,GAL,AUX_IPC,99.766,Mensual,Galicia. Índice general. Índice. 
2025-06-01,2025-M06,GAL,AUX_IPC,100.392,Mensual,Galicia. Índice general. Índice. 
2025-07-01,2025-M07,GAL,AUX_IPC,100.169,Mensual,Galicia. Índice general. Índice. 
2025-08-01,2025-M08,GAL,AUX_IPC,100.387,Mensual,Galicia. Índice general. Índice. 
2025-09-01,2025-M09,GAL,AUX_IPC,99.973,Mensual,Galicia. Índice general. Índice. 
2025-10-01,2025-M10,GAL,AUX_IPC,100.621,Mensual,Galicia. Índice general. Índice. 
2025-11-01,2025-M11,GAL,AUX_IPC,101.031,Mensual,Galicia. Índice general. Índice. 
2025-12-01,2025-M12,GAL,AUX_IPC,101.185,Mensual,Galicia. Índice general. Índice. 
2026-01-01,2026-M01,GAL,AUX_IPC,100.741,Mensual,Galicia. Índice general. Índice. 
2026-02-01,2026-M02,GAL,AUX_IPC,101.273,Mensual,Galicia. Índice general. Índice. 
2026-03-01,2026-M03,GAL,AUX_IPC,102.639,Mensual,Galicia. Índice general. Índice. 
2026-04-01,2026-M04,GAL,AUX_IPC,103.086,Mensual,Galicia. Índice general. Índice. 
2026-05-01,2026-M05,GAL,AUX_IPC,103.208,Mensual,Galicia. Índice general. Índice. 
2026-06-01,2026-M06,GAL,AUX_IPC,103.734,Mensual,Galicia. Índice general. Índice. 
2026-07-01,2026-M07,GAL,AUX_IPC,104.284,Mensual,Galicia. Índice general. Índice. 
2010-01-01,2010-M01,MAD,AUX_IPC,74.105,Mensual,"Madrid, Comunidad de. Índice general. Índice. "
2010-02-01,2010-M02,MAD,AUX_IPC,74.013,Mensual,"Madrid, Comunidad de. Índice general. Índice. "
2010-03-01,2010-M03,MAD,AUX_IPC,74.528,Mensual,"Madrid, Comunidad de. Índice general. Índice. "
2010-04-01,2010-M04,MAD,AUX_IPC,75.152,Mensual,"Madrid, Comunidad de. Índice general. Índice. "
2010-05-01,2010-M05,MAD,AUX_IPC,75.236,Mensual,"Madrid, Comunidad de. Índice general. Índice. "
2010-06-01,2010-M06,MAD,AUX_IPC,75.376,Mensual,"Madrid, Comunidad de. Índice general. Índice. "
2010-07-01,2010-M07,MAD,AUX_IPC,75.233,Mensual,"Madrid, Comunidad de. Índice general. Índice. "
2010-08-01,2010-M08,MAD,AUX_IPC,75.43,Mensual,"Madrid, Comunidad de. Índice general. Índice. "
2010-09-01,2010-M09,MAD,AUX_IPC,75.463,Mensual,"Madrid, Comunidad de. Índice general. Índice. "
2010-10-01,2010-M10,MAD,AUX_IPC,75.962,Mensual,"Madrid, Comunidad de. Índice general. Índice. "
2010-11-01,2010-M11,MAD,AUX_IPC,76.309,Mensual,"Madrid, Comunidad de. Índice general. Índice. "
2010-12-01,2010-M12,MAD,AUX_IPC,76.856,Mensual,"Madrid, Comunidad de. Índice general. Índice. "
2011-01-01,2011-M01,MAD,AUX_IPC,76.409,Mensual,"Madrid, Comunidad de. Índice general. Índice. "
2011-02-01,2011-M02,MAD,AUX_IPC,76.541,Mensual,"Madrid, Comunidad de. Índice general. Índice. "
2011-03-01,2011-M03,MAD,AUX_IPC,77.077,Mensual,"Madrid, Comunidad de. Índice general. Índice. "
2011-04-01,2011-M04,MAD,AUX_IPC,77.874,Mensual,"Madrid, Comunidad de. Índice general. Índice. "
2011-05-01,2011-M05,MAD,AUX_IPC,77.747,Mensual,"Madrid, Comunidad de. Índice general. Índice. "
2011-06-01,2011-M06,MAD,AUX_IPC,77.626,Mensual,"Madrid, Comunidad de. Índice general. Índice. "
2011-07-01,2011-M07,MAD,AUX_IPC,77.41,Mensual,"Madrid, Comunidad de. Índice general. Índice. "
2011-08-01,2011-M08,MAD,AUX_IPC,77.599,Mensual,"Madrid, Comunidad de. Índice general. Índice. "
2011-09-01,2011-M09,MAD,AUX_IPC,77.779,Mensual,"Madrid, Comunidad de. Índice general. Índice. "
2011-10-01,2011-M10,MAD,AUX_IPC,78.259,Mensual,"Madrid, Comunidad de. Índice general. Índice. "
2011-11-01,2011-M11,MAD,AUX_IPC,78.506,Mensual,"Madrid, Comunidad de. Índice general. Índice. "
2011-12-01,2011-M12,MAD,AUX_IPC,78.81,Mensual,"Madrid, Comunidad de. Índice general. Índice. "
2012-01-01,2012-M01,MAD,AUX_IPC,77.965,Mensual,"Madrid, Comunidad de. Índice general. Índice. "
2012-02-01,2012-M02,MAD,AUX_IPC,78.077,Mensual,"Madrid, Comunidad de. Índice general. Índice. "
2012-03-01,2012-M03,MAD,AUX_IPC,78.505,Mensual,"Madrid, Comunidad de. Índice general. Índice. "
2012-04-01,2012-M04,MAD,AUX_IPC,79.425,Mensual,"Madrid, Comunidad de. Índice general. Índice. "
2012-05-01,2012-M05,MAD,AUX_IPC,79.32,Mensual,"Madrid, Comunidad de. Índice general. Índice. "
2012-06-01,2012-M06,MAD,AUX_IPC,79.202,Mensual,"Madrid, Comunidad de. Índice general. Índice. "
2012-07-01,2012-M07,MAD,AUX_IPC,79.089,Mensual,"Madrid, Comunidad de. Índice general. Índice. "
2012-08-01,2012-M08,MAD,AUX_IPC,79.51,Mensual,"Madrid, Comunidad de. Índice general. Índice. "
2012-09-01,2012-M09,MAD,AUX_IPC,80.297,Mensual,"Madrid, Comunidad de. Índice general. Índice. "
2012-10-01,2012-M10,MAD,AUX_IPC,80.917,Mensual,"Madrid, Comunidad de. Índice general. Índice. "
2012-11-01,2012-M11,MAD,AUX_IPC,80.677,Mensual,"Madrid, Comunidad de. Índice general. Índice. "
2012-12-01,2012-M12,MAD,AUX_IPC,80.785,Mensual,"Madrid, Comunidad de. Índice general. Índice. "
2013-01-01,2013-M01,MAD,AUX_IPC,79.85,Mensual,"Madrid, Comunidad de. Índice general. Índice. "
2013-02-01,2013-M02,MAD,AUX_IPC,80.046,Mensual,"Madrid, Comunidad de. Índice general. Índice. "
2013-03-01,2013-M03,MAD,AUX_IPC,80.363,Mensual,"Madrid, Comunidad de. Índice general. Índice. "
2013-04-01,2013-M04,MAD,AUX_IPC,80.469,Mensual,"Madrid, Comunidad de. Índice general. Índice. "
2013-05-01,2013-M05,MAD,AUX_IPC,80.546,Mensual,"Madrid, Comunidad de. Índice general. Índice. "
2013-06-01,2013-M06,MAD,AUX_IPC,80.686,Mensual,"Madrid, Comunidad de. Índice general. Índice. "
2013-07-01,2013-M07,MAD,AUX_IPC,80.415,Mensual,"Madrid, Comunidad de. Índice general. Índice. "
2013-08-01,2013-M08,MAD,AUX_IPC,80.63,Mensual,"Madrid, Comunidad de. Índice general. Índice. "
2013-09-01,2013-M09,MAD,AUX_IPC,80.55,Mensual,"Madrid, Comunidad de. Índice general. Índice. "
2013-10-01,2013-M10,MAD,AUX_IPC,80.754,Mensual,"Madrid, Comunidad de. Índice general. Índice. "
2013-11-01,2013-M11,MAD,AUX_IPC,80.846,Mensual,"Madrid, Comunidad de. Índice general. Índice. "
2013-12-01,2013-M12,MAD,AUX_IPC,80.922,Mensual,"Madrid, Comunidad de. Índice general. Índice. "
2014-01-01,2014-M01,MAD,AUX_IPC,79.991,Mensual,"Madrid, Comunidad de. Índice general. Índice. "
2014-02-01,2014-M02,MAD,AUX_IPC,79.976,Mensual,"Madrid, Comunidad de. Índice general. Índice. "
2014-03-01,2014-M03,MAD,AUX_IPC,80.127,Mensual,"Madrid, Comunidad de. Índice general. Índice. "
2014-04-01,2014-M04,MAD,AUX_IPC,80.657,Mensual,"Madrid, Comunidad de. Índice general. Índice. "
2014-05-01,2014-M05,MAD,AUX_IPC,80.669,Mensual,"Madrid, Comunidad de. Índice general. Índice. "
2014-06-01,2014-M06,MAD,AUX_IPC,80.718,Mensual,"Madrid, Comunidad de. Índice general. Índice. "
2014-07-01,2014-M07,MAD,AUX_IPC,80.2,Mensual,"Madrid, Comunidad de. Índice general. Índice. "
2014-08-01,2014-M08,MAD,AUX_IPC,80.348,Mensual,"Madrid, Comunidad de. Índice general. Índice. "
2014-09-01,2014-M09,MAD,AUX_IPC,80.44,Mensual,"Madrid, Comunidad de. Índice general. Índice. "
2014-10-01,2014-M10,MAD,AUX_IPC,80.717,Mensual,"Madrid, Comunidad de. Índice general. Índice. "
2014-11-01,2014-M11,MAD,AUX_IPC,80.484,Mensual,"Madrid, Comunidad de. Índice general. Índice. "
2014-12-01,2014-M12,MAD,AUX_IPC,80.069,Mensual,"Madrid, Comunidad de. Índice general. Índice. "
2015-01-01,2015-M01,MAD,AUX_IPC,78.99,Mensual,"Madrid, Comunidad de. Índice general. Índice. "
2015-02-01,2015-M02,MAD,AUX_IPC,79.221,Mensual,"Madrid, Comunidad de. Índice general. Índice. "
2015-03-01,2015-M03,MAD,AUX_IPC,79.695,Mensual,"Madrid, Comunidad de. Índice general. Índice. "
2015-04-01,2015-M04,MAD,AUX_IPC,80.249,Mensual,"Madrid, Comunidad de. Índice general. Índice. "
2015-05-01,2015-M05,MAD,AUX_IPC,80.597,Mensual,"Madrid, Comunidad de. Índice general. Índice. "
2015-06-01,2015-M06,MAD,AUX_IPC,80.791,Mensual,"Madrid, Comunidad de. Índice general. Índice. "
2015-07-01,2015-M07,MAD,AUX_IPC,80.188,Mensual,"Madrid, Comunidad de. Índice general. Índice. "
2015-08-01,2015-M08,MAD,AUX_IPC,79.96,Mensual,"Madrid, Comunidad de. Índice general. Índice. "
2015-09-01,2015-M09,MAD,AUX_IPC,79.738,Mensual,"Madrid, Comunidad de. Índice general. Índice. "
2015-10-01,2015-M10,MAD,AUX_IPC,80.098,Mensual,"Madrid, Comunidad de. Índice general. Índice. "
2015-11-01,2015-M11,MAD,AUX_IPC,80.295,Mensual,"Madrid, Comunidad de. Índice general. Índice. "
2015-12-01,2015-M12,MAD,AUX_IPC,80.082,Mensual,"Madrid, Comunidad de. Índice general. Índice. "
2016-01-01,2016-M01,MAD,AUX_IPC,78.797,Mensual,"Madrid, Comunidad de. Índice general. Índice. "
2016-02-01,2016-M02,MAD,AUX_IPC,78.614,Mensual,"Madrid, Comunidad de. Índice general. Índice. "
2016-03-01,2016-M03,MAD,AUX_IPC,79.051,Mensual,"Madrid, Comunidad de. Índice general. Índice. "
2016-04-01,2016-M04,MAD,AUX_IPC,79.401,Mensual,"Madrid, Comunidad de. Índice general. Índice. "
2016-05-01,2016-M05,MAD,AUX_IPC,79.751,Mensual,"Madrid, Comunidad de. Índice general. Índice. "
2016-06-01,2016-M06,MAD,AUX_IPC,80.117,Mensual,"Madrid, Comunidad de. Índice general. Índice. "
2016-07-01,2016-M07,MAD,AUX_IPC,79.739,Mensual,"Madrid, Comunidad de. Índice general. Índice. "
2016-08-01,2016-M08,MAD,AUX_IPC,79.781,Mensual,"Madrid, Comunidad de. Índice general. Índice. "
2016-09-01,2016-M09,MAD,AUX_IPC,79.763,Mensual,"Madrid, Comunidad de. Índice general. Índice. "
2016-10-01,2016-M10,MAD,AUX_IPC,80.473,Mensual,"Madrid, Comunidad de. Índice general. Índice. "
2016-11-01,2016-M11,MAD,AUX_IPC,80.72,Mensual,"Madrid, Comunidad de. Índice general. Índice. "
2016-12-01,2016-M12,MAD,AUX_IPC,81.172,Mensual,"Madrid, Comunidad de. Índice general. Índice. "
2017-01-01,2017-M01,MAD,AUX_IPC,80.886,Mensual,"Madrid, Comunidad de. Índice general. Índice. "
2017-02-01,2017-M02,MAD,AUX_IPC,80.619,Mensual,"Madrid, Comunidad de. Índice general. Índice. "
2017-03-01,2017-M03,MAD,AUX_IPC,80.535,Mensual,"Madrid, Comunidad de. Índice general. Índice. "
2017-04-01,2017-M04,MAD,AUX_IPC,81.352,Mensual,"Madrid, Comunidad de. Índice general. Índice. "
2017-05-01,2017-M05,MAD,AUX_IPC,81.167,Mensual,"Madrid, Comunidad de. Índice general. Índice. "
2017-06-01,2017-M06,MAD,AUX_IPC,81.275,Mensual,"Madrid, Comunidad de. Índice general. Índice. "
2017-07-01,2017-M07,MAD,AUX_IPC,80.792,Mensual,"Madrid, Comunidad de. Índice general. Índice. "
2017-08-01,2017-M08,MAD,AUX_IPC,80.914,Mensual,"Madrid, Comunidad de. Índice general. Índice. "
2017-09-01,2017-M09,MAD,AUX_IPC,81.212,Mensual,"Madrid, Comunidad de. Índice general. Índice. "
2017-10-01,2017-M10,MAD,AUX_IPC,81.713,Mensual,"Madrid, Comunidad de. Índice general. Índice. "
2017-11-01,2017-M11,MAD,AUX_IPC,81.963,Mensual,"Madrid, Comunidad de. Índice general. Índice. "
2017-12-01,2017-M12,MAD,AUX_IPC,82.118,Mensual,"Madrid, Comunidad de. Índice general. Índice. "
2018-01-01,2018-M01,MAD,AUX_IPC,81.426,Mensual,"Madrid, Comunidad de. Índice general. Índice. "
2018-02-01,2018-M02,MAD,AUX_IPC,81.502,Mensual,"Madrid, Comunidad de. Índice general. Índice. "
2018-03-01,2018-M03,MAD,AUX_IPC,81.626,Mensual,"Madrid, Comunidad de. Índice general. Índice. "
2018-04-01,2018-M04,MAD,AUX_IPC,82.162,Mensual,"Madrid, Comunidad de. Índice general. Índice. "
2018-05-01,2018-M05,MAD,AUX_IPC,82.797,Mensual,"Madrid, Comunidad de. Índice general. Índice. "
2018-06-01,2018-M06,MAD,AUX_IPC,82.967,Mensual,"Madrid, Comunidad de. Índice general. Índice. "
2018-07-01,2018-M07,MAD,AUX_IPC,82.571,Mensual,"Madrid, Comunidad de. Índice general. Índice. "
2018-08-01,2018-M08,MAD,AUX_IPC,82.577,Mensual,"Madrid, Comunidad de. Índice general. Índice. "
2018-09-01,2018-M09,MAD,AUX_IPC,82.937,Mensual,"Madrid, Comunidad de. Índice general. Índice. "
2018-10-01,2018-M10,MAD,AUX_IPC,83.605,Mensual,"Madrid, Comunidad de. Índice general. Índice. "
2018-11-01,2018-M11,MAD,AUX_IPC,83.514,Mensual,"Madrid, Comunidad de. Índice general. Índice. "
2018-12-01,2018-M12,MAD,AUX_IPC,83.285,Mensual,"Madrid, Comunidad de. Índice general. Índice. "
2019-01-01,2019-M01,MAD,AUX_IPC,82.466,Mensual,"Madrid, Comunidad de. Índice general. Índice. "
2019-02-01,2019-M02,MAD,AUX_IPC,82.715,Mensual,"Madrid, Comunidad de. Índice general. Índice. "
2019-03-01,2019-M03,MAD,AUX_IPC,82.936,Mensual,"Madrid, Comunidad de. Índice general. Índice. "
2019-04-01,2019-M04,MAD,AUX_IPC,83.601,Mensual,"Madrid, Comunidad de. Índice general. Índice. "
2019-05-01,2019-M05,MAD,AUX_IPC,83.67,Mensual,"Madrid, Comunidad de. Índice general. Índice. "
2019-06-01,2019-M06,MAD,AUX_IPC,83.54,Mensual,"Madrid, Comunidad de. Índice general. Índice. "
2019-07-01,2019-M07,MAD,AUX_IPC,83.238,Mensual,"Madrid, Comunidad de. Índice general. Índice. "
2019-08-01,2019-M08,MAD,AUX_IPC,83.13,Mensual,"Madrid, Comunidad de. Índice general. Índice. "
2019-09-01,2019-M09,MAD,AUX_IPC,83.272,Mensual,"Madrid, Comunidad de. Índice general. Índice. "
2019-10-01,2019-M10,MAD,AUX_IPC,83.89,Mensual,"Madrid, Comunidad de. Índice general. Índice. "
2019-11-01,2019-M11,MAD,AUX_IPC,84.013,Mensual,"Madrid, Comunidad de. Índice general. Índice. "
2019-12-01,2019-M12,MAD,AUX_IPC,84.005,Mensual,"Madrid, Comunidad de. Índice general. Índice. "
2020-01-01,2020-M01,MAD,AUX_IPC,83.241,Mensual,"Madrid, Comunidad de. Índice general. Índice. "
2020-02-01,2020-M02,MAD,AUX_IPC,83.192,Mensual,"Madrid, Comunidad de. Índice general. Índice. "
2020-03-01,2020-M03,MAD,AUX_IPC,83.028,Mensual,"Madrid, Comunidad de. Índice general. Índice. "
2020-04-01,2020-M04,MAD,AUX_IPC,83.193,Mensual,"Madrid, Comunidad de. Índice general. Índice. "
2020-05-01,2020-M05,MAD,AUX_IPC,83.075,Mensual,"Madrid, Comunidad de. Índice general. Índice. "
2020-06-01,2020-M06,MAD,AUX_IPC,83.467,Mensual,"Madrid, Comunidad de. Índice general. Índice. "
2020-07-01,2020-M07,MAD,AUX_IPC,82.702,Mensual,"Madrid, Comunidad de. Índice general. Índice. "
2020-08-01,2020-M08,MAD,AUX_IPC,82.677,Mensual,"Madrid, Comunidad de. Índice general. Índice. "
2020-09-01,2020-M09,MAD,AUX_IPC,82.876,Mensual,"Madrid, Comunidad de. Índice general. Índice. "
2020-10-01,2020-M10,MAD,AUX_IPC,82.999,Mensual,"Madrid, Comunidad de. Índice general. Índice. "
2020-11-01,2020-M11,MAD,AUX_IPC,83.117,Mensual,"Madrid, Comunidad de. Índice general. Índice. "
2020-12-01,2020-M12,MAD,AUX_IPC,83.374,Mensual,"Madrid, Comunidad de. Índice general. Índice. "
2021-01-01,2021-M01,MAD,AUX_IPC,83.549,Mensual,"Madrid, Comunidad de. Índice general. Índice. "
2021-02-01,2021-M02,MAD,AUX_IPC,83.072,Mensual,"Madrid, Comunidad de. Índice general. Índice. "
2021-03-01,2021-M03,MAD,AUX_IPC,83.794,Mensual,"Madrid, Comunidad de. Índice general. Índice. "
2021-04-01,2021-M04,MAD,AUX_IPC,84.582,Mensual,"Madrid, Comunidad de. Índice general. Índice. "
2021-05-01,2021-M05,MAD,AUX_IPC,84.838,Mensual,"Madrid, Comunidad de. Índice general. Índice. "
2021-06-01,2021-M06,MAD,AUX_IPC,85.226,Mensual,"Madrid, Comunidad de. Índice general. Índice. "
2021-07-01,2021-M07,MAD,AUX_IPC,84.826,Mensual,"Madrid, Comunidad de. Índice general. Índice. "
2021-08-01,2021-M08,MAD,AUX_IPC,85.134,Mensual,"Madrid, Comunidad de. Índice general. Índice. "
2021-09-01,2021-M09,MAD,AUX_IPC,85.886,Mensual,"Madrid, Comunidad de. Índice general. Índice. "
2021-10-01,2021-M10,MAD,AUX_IPC,87.229,Mensual,"Madrid, Comunidad de. Índice general. Índice. "
2021-11-01,2021-M11,MAD,AUX_IPC,87.535,Mensual,"Madrid, Comunidad de. Índice general. Índice. "
2021-12-01,2021-M12,MAD,AUX_IPC,88.536,Mensual,"Madrid, Comunidad de. Índice general. Índice. "
2022-01-01,2022-M01,MAD,AUX_IPC,88.256,Mensual,"Madrid, Comunidad de. Índice general. Índice. "
2022-02-01,2022-M02,MAD,AUX_IPC,88.793,Mensual,"Madrid, Comunidad de. Índice general. Índice. "
2022-03-01,2022-M03,MAD,AUX_IPC,91.308,Mensual,"Madrid, Comunidad de. Índice general. Índice. "
2022-04-01,2022-M04,MAD,AUX_IPC,91.12,Mensual,"Madrid, Comunidad de. Índice general. Índice. "
2022-05-01,2022-M05,MAD,AUX_IPC,91.869,Mensual,"Madrid, Comunidad de. Índice general. Índice. "
2022-06-01,2022-M06,MAD,AUX_IPC,93.3,Mensual,"Madrid, Comunidad de. Índice general. Índice. "
2022-07-01,2022-M07,MAD,AUX_IPC,92.98,Mensual,"Madrid, Comunidad de. Índice general. Índice. "
2022-08-01,2022-M08,MAD,AUX_IPC,93.019,Mensual,"Madrid, Comunidad de. Índice general. Índice. "
2022-09-01,2022-M09,MAD,AUX_IPC,92.601,Mensual,"Madrid, Comunidad de. Índice general. Índice. "
2022-10-01,2022-M10,MAD,AUX_IPC,92.714,Mensual,"Madrid, Comunidad de. Índice general. Índice. "
2022-11-01,2022-M11,MAD,AUX_IPC,92.626,Mensual,"Madrid, Comunidad de. Índice general. Índice. "
2022-12-01,2022-M12,MAD,AUX_IPC,92.911,Mensual,"Madrid, Comunidad de. Índice general. Índice. "
2023-01-01,2023-M01,MAD,AUX_IPC,92.923,Mensual,"Madrid, Comunidad de. Índice general. Índice. "
2023-02-01,2023-M02,MAD,AUX_IPC,93.413,Mensual,"Madrid, Comunidad de. Índice general. Índice. "
2023-03-01,2023-M03,MAD,AUX_IPC,93.724,Mensual,"Madrid, Comunidad de. Índice general. Índice. "
2023-04-01,2023-M04,MAD,AUX_IPC,94.225,Mensual,"Madrid, Comunidad de. Índice general. Índice. "
2023-05-01,2023-M05,MAD,AUX_IPC,94.061,Mensual,"Madrid, Comunidad de. Índice general. Índice. "
2023-06-01,2023-M06,MAD,AUX_IPC,94.604,Mensual,"Madrid, Comunidad de. Índice general. Índice. "
2023-07-01,2023-M07,MAD,AUX_IPC,94.813,Mensual,"Madrid, Comunidad de. Índice general. Índice. "
2023-08-01,2023-M08,MAD,AUX_IPC,95.148,Mensual,"Madrid, Comunidad de. Índice general. Índice. "
2023-09-01,2023-M09,MAD,AUX_IPC,95.592,Mensual,"Madrid, Comunidad de. Índice general. Índice. "
2023-10-01,2023-M10,MAD,AUX_IPC,95.72,Mensual,"Madrid, Comunidad de. Índice general. Índice. "
2023-11-01,2023-M11,MAD,AUX_IPC,95.385,Mensual,"Madrid, Comunidad de. Índice general. Índice. "
2023-12-01,2023-M12,MAD,AUX_IPC,95.444,Mensual,"Madrid, Comunidad de. Índice general. Índice. "
2024-01-01,2024-M01,MAD,AUX_IPC,95.478,Mensual,"Madrid, Comunidad de. Índice general. Índice. "
2024-02-01,2024-M02,MAD,AUX_IPC,95.838,Mensual,"Madrid, Comunidad de. Índice general. Índice. "
2024-03-01,2024-M03,MAD,AUX_IPC,96.64,Mensual,"Madrid, Comunidad de. Índice general. Índice. "
2024-04-01,2024-M04,MAD,AUX_IPC,97.245,Mensual,"Madrid, Comunidad de. Índice general. Índice. "
2024-05-01,2024-M05,MAD,AUX_IPC,97.427,Mensual,"Madrid, Comunidad de. Índice general. Índice. "
2024-06-01,2024-M06,MAD,AUX_IPC,97.802,Mensual,"Madrid, Comunidad de. Índice general. Índice. "
2024-07-01,2024-M07,MAD,AUX_IPC,97.358,Mensual,"Madrid, Comunidad de. Índice general. Índice. "
2024-08-01,2024-M08,MAD,AUX_IPC,97.288,Mensual,"Madrid, Comunidad de. Índice general. Índice. "
2024-09-01,2024-M09,MAD,AUX_IPC,97.002,Mensual,"Madrid, Comunidad de. Índice general. Índice. "
2024-10-01,2024-M10,MAD,AUX_IPC,97.643,Mensual,"Madrid, Comunidad de. Índice general. Índice. "
2024-11-01,2024-M11,MAD,AUX_IPC,97.701,Mensual,"Madrid, Comunidad de. Índice general. Índice. "
2024-12-01,2024-M12,MAD,AUX_IPC,98.221,Mensual,"Madrid, Comunidad de. Índice general. Índice. "
2025-01-01,2025-M01,MAD,AUX_IPC,98.434,Mensual,"Madrid, Comunidad de. Índice general. Índice. "
2025-02-01,2025-M02,MAD,AUX_IPC,98.763,Mensual,"Madrid, Comunidad de. Índice general. Índice. "
2025-03-01,2025-M03,MAD,AUX_IPC,98.926,Mensual,"Madrid, Comunidad de. Índice general. Índice. "
2025-04-01,2025-M04,MAD,AUX_IPC,99.372,Mensual,"Madrid, Comunidad de. Índice general. Índice. "
2025-05-01,2025-M05,MAD,AUX_IPC,99.413,Mensual,"Madrid, Comunidad de. Índice general. Índice. "
2025-06-01,2025-M06,MAD,AUX_IPC,100.041,Mensual,"Madrid, Comunidad de. Índice general. Índice. "
2025-07-01,2025-M07,MAD,AUX_IPC,100.134,Mensual,"Madrid, Comunidad de. Índice general. Índice. "
2025-08-01,2025-M08,MAD,AUX_IPC,100.1,Mensual,"Madrid, Comunidad de. Índice general. Índice. "
2025-09-01,2025-M09,MAD,AUX_IPC,100.405,Mensual,"Madrid, Comunidad de. Índice general. Índice. "
2025-10-01,2025-M10,MAD,AUX_IPC,101.197,Mensual,"Madrid, Comunidad de. Índice general. Índice. "
2025-11-01,2025-M11,MAD,AUX_IPC,101.321,Mensual,"Madrid, Comunidad de. Índice general. Índice. "
2025-12-01,2025-M12,MAD,AUX_IPC,101.894,Mensual,"Madrid, Comunidad de. Índice general. Índice. "
2026-01-01,2026-M01,MAD,AUX_IPC,101.419,Mensual,"Madrid, Comunidad de. Índice general. Índice. "
2026-02-01,2026-M02,MAD,AUX_IPC,101.599,Mensual,"Madrid, Comunidad de. Índice general. Índice. "
2026-03-01,2026-M03,MAD,AUX_IPC,102.935,Mensual,"Madrid, Comunidad de. Índice general. Índice. "
2026-04-01,2026-M04,MAD,AUX_IPC,103.184,Mensual,"Madrid, Comunidad de. Índice general. Índice. "
2026-05-01,2026-M05,MAD,AUX_IPC,103.223,Mensual,"Madrid, Comunidad de. Índice general. Índice. "
2026-06-01,2026-M06,MAD,AUX_IPC,103.89,Mensual,"Madrid, Comunidad de. Índice general. Índice. "
2026-07-01,2026-M07,MAD,AUX_IPC,104.062,Mensual,"Madrid, Comunidad de. Índice general. Índice. "
2010-01-01,2010-M01,MUR,AUX_IPC,73.631,Mensual,"Murcia, Región de. Índice general. Índice. "
2010-02-01,2010-M02,MUR,AUX_IPC,73.564,Mensual,"Murcia, Región de. Índice general. Índice. "
2010-03-01,2010-M03,MUR,AUX_IPC,74.106,Mensual,"Murcia, Región de. Índice general. Índice. "
2010-04-01,2010-M04,MUR,AUX_IPC,75.164,Mensual,"Murcia, Región de. Índice general. Índice. "
2010-05-01,2010-M05,MUR,AUX_IPC,75.249,Mensual,"Murcia, Región de. Índice general. Índice. "
2010-06-01,2010-M06,MUR,AUX_IPC,75.428,Mensual,"Murcia, Región de. Índice general. Índice. "
2010-07-01,2010-M07,MUR,AUX_IPC,74.824,Mensual,"Murcia, Región de. Índice general. Índice. "
2010-08-01,2010-M08,MUR,AUX_IPC,75.01,Mensual,"Murcia, Región de. Índice general. Índice. "
2010-09-01,2010-M09,MUR,AUX_IPC,75.022,Mensual,"Murcia, Región de. Índice general. Índice. "
2010-10-01,2010-M10,MUR,AUX_IPC,75.899,Mensual,"Murcia, Región de. Índice general. Índice. "
2010-11-01,2010-M11,MUR,AUX_IPC,76.406,Mensual,"Murcia, Región de. Índice general. Índice. "
2010-12-01,2010-M12,MUR,AUX_IPC,76.85,Mensual,"Murcia, Región de. Índice general. Índice. "
2011-01-01,2011-M01,MUR,AUX_IPC,76.077,Mensual,"Murcia, Región de. Índice general. Índice. "
2011-02-01,2011-M02,MUR,AUX_IPC,76.235,Mensual,"Murcia, Región de. Índice general. Índice. "
2011-03-01,2011-M03,MUR,AUX_IPC,76.793,Mensual,"Murcia, Región de. Índice general. Índice. "
2011-04-01,2011-M04,MUR,AUX_IPC,77.94,Mensual,"Murcia, Región de. Índice general. Índice. "
2011-05-01,2011-M05,MUR,AUX_IPC,77.865,Mensual,"Murcia, Región de. Índice general. Índice. "
2011-06-01,2011-M06,MUR,AUX_IPC,77.665,Mensual,"Murcia, Región de. Índice general. Índice. "
2011-07-01,2011-M07,MUR,AUX_IPC,77.031,Mensual,"Murcia, Región de. Índice general. Índice. "
2011-08-01,2011-M08,MUR,AUX_IPC,77.102,Mensual,"Murcia, Región de. Índice general. Índice. "
2011-09-01,2011-M09,MUR,AUX_IPC,77.282,Mensual,"Murcia, Región de. Índice general. Índice. "
2011-10-01,2011-M10,MUR,AUX_IPC,78.111,Mensual,"Murcia, Región de. Índice general. Índice. "
2011-11-01,2011-M11,MUR,AUX_IPC,78.581,Mensual,"Murcia, Región de. Índice general. Índice. "
2011-12-01,2011-M12,MUR,AUX_IPC,78.56,Mensual,"Murcia, Región de. Índice general. Índice. "
2012-01-01,2012-M01,MUR,AUX_IPC,77.479,Mensual,"Murcia, Región de. Índice general. Índice. "
2012-02-01,2012-M02,MUR,AUX_IPC,77.551,Mensual,"Murcia, Región de. Índice general. Índice. "
2012-03-01,2012-M03,MUR,AUX_IPC,78.043,Mensual,"Murcia, Región de. Índice general. Índice. "
2012-04-01,2012-M04,MUR,AUX_IPC,79.433,Mensual,"Murcia, Región de. Índice general. Índice. "
2012-05-01,2012-M05,MUR,AUX_IPC,79.283,Mensual,"Murcia, Región de. Índice general. Índice. "
2012-06-01,2012-M06,MUR,AUX_IPC,79.067,Mensual,"Murcia, Región de. Índice general. Índice. "
2012-07-01,2012-M07,MUR,AUX_IPC,78.591,Mensual,"Murcia, Región de. Índice general. Índice. "
2012-08-01,2012-M08,MUR,AUX_IPC,79.062,Mensual,"Murcia, Región de. Índice general. Índice. "
2012-09-01,2012-M09,MUR,AUX_IPC,79.848,Mensual,"Murcia, Región de. Índice general. Índice. "
2012-10-01,2012-M10,MUR,AUX_IPC,80.73,Mensual,"Murcia, Región de. Índice general. Índice. "
2012-11-01,2012-M11,MUR,AUX_IPC,80.862,Mensual,"Murcia, Región de. Índice general. Índice. "
2012-12-01,2012-M12,MUR,AUX_IPC,80.826,Mensual,"Murcia, Región de. Índice general. Índice. "
2013-01-01,2013-M01,MUR,AUX_IPC,79.645,Mensual,"Murcia, Región de. Índice general. Índice. "
2013-02-01,2013-M02,MUR,AUX_IPC,79.843,Mensual,"Murcia, Región de. Índice general. Índice. "
2013-03-01,2013-M03,MUR,AUX_IPC,80.094,Mensual,"Murcia, Región de. Índice general. Índice. "
2013-04-01,2013-M04,MUR,AUX_IPC,80.693,Mensual,"Murcia, Región de. Índice general. Índice. "
2013-05-01,2013-M05,MUR,AUX_IPC,80.9,Mensual,"Murcia, Región de. Índice general. Índice. "
2013-06-01,2013-M06,MUR,AUX_IPC,81.022,Mensual,"Murcia, Región de. Índice general. Índice. "
2013-07-01,2013-M07,MUR,AUX_IPC,80.42,Mensual,"Murcia, Región de. Índice general. Índice. "
2013-08-01,2013-M08,MUR,AUX_IPC,80.655,Mensual,"Murcia, Región de. Índice general. Índice. "
2013-09-01,2013-M09,MUR,AUX_IPC,80.315,Mensual,"Murcia, Región de. Índice general. Índice. "
2013-10-01,2013-M10,MUR,AUX_IPC,80.831,Mensual,"Murcia, Región de. Índice general. Índice. "
2013-11-01,2013-M11,MUR,AUX_IPC,81.104,Mensual,"Murcia, Región de. Índice general. Índice. "
2013-12-01,2013-M12,MUR,AUX_IPC,81.148,Mensual,"Murcia, Región de. Índice general. Índice. "
2014-01-01,2014-M01,MUR,AUX_IPC,79.795,Mensual,"Murcia, Región de. Índice general. Índice. "
2014-02-01,2014-M02,MUR,AUX_IPC,79.76,Mensual,"Murcia, Región de. Índice general. Índice. "
2014-03-01,2014-M03,MUR,AUX_IPC,79.874,Mensual,"Murcia, Región de. Índice general. Índice. "
2014-04-01,2014-M04,MUR,AUX_IPC,80.937,Mensual,"Murcia, Región de. Índice general. Índice. "
2014-05-01,2014-M05,MUR,AUX_IPC,80.879,Mensual,"Murcia, Región de. Índice general. Índice. "
2014-06-01,2014-M06,MUR,AUX_IPC,80.889,Mensual,"Murcia, Región de. Índice general. Índice. "
2014-07-01,2014-M07,MUR,AUX_IPC,79.888,Mensual,"Murcia, Región de. Índice general. Índice. "
2014-08-01,2014-M08,MUR,AUX_IPC,79.969,Mensual,"Murcia, Región de. Índice general. Índice. "
2014-09-01,2014-M09,MUR,AUX_IPC,80.037,Mensual,"Murcia, Región de. Índice general. Índice. "
2014-10-01,2014-M10,MUR,AUX_IPC,80.579,Mensual,"Murcia, Región de. Índice general. Índice. "
2014-11-01,2014-M11,MUR,AUX_IPC,80.662,Mensual,"Murcia, Región de. Índice general. Índice. "
2014-12-01,2014-M12,MUR,AUX_IPC,80.071,Mensual,"Murcia, Región de. Índice general. Índice. "
2015-01-01,2015-M01,MUR,AUX_IPC,78.522,Mensual,"Murcia, Región de. Índice general. Índice. "
2015-02-01,2015-M02,MUR,AUX_IPC,78.797,Mensual,"Murcia, Región de. Índice general. Índice. "
2015-03-01,2015-M03,MUR,AUX_IPC,79.264,Mensual,"Murcia, Región de. Índice general. Índice. "
2015-04-01,2015-M04,MUR,AUX_IPC,80.286,Mensual,"Murcia, Región de. Índice general. Índice. "
2015-05-01,2015-M05,MUR,AUX_IPC,80.661,Mensual,"Murcia, Región de. Índice general. Índice. "
2015-06-01,2015-M06,MUR,AUX_IPC,80.803,Mensual,"Murcia, Región de. Índice general. Índice. "
2015-07-01,2015-M07,MUR,AUX_IPC,79.889,Mensual,"Murcia, Región de. Índice general. Índice. "
2015-08-01,2015-M08,MUR,AUX_IPC,79.53,Mensual,"Murcia, Región de. Índice general. Índice. "
2015-09-01,2015-M09,MUR,AUX_IPC,79.266,Mensual,"Murcia, Región de. Índice general. Índice. "
2015-10-01,2015-M10,MUR,AUX_IPC,79.984,Mensual,"Murcia, Región de. Índice general. Índice. "
2015-11-01,2015-M11,MUR,AUX_IPC,80.415,Mensual,"Murcia, Región de. Índice general. Índice. "
2015-12-01,2015-M12,MUR,AUX_IPC,80.004,Mensual,"Murcia, Región de. Índice general. Índice. "
2016-01-01,2016-M01,MUR,AUX_IPC,78.382,Mensual,"Murcia, Región de. Índice general. Índice. "
2016-02-01,2016-M02,MUR,AUX_IPC,78.127,Mensual,"Murcia, Región de. Índice general. Índice. "
2016-03-01,2016-M03,MUR,AUX_IPC,78.65,Mensual,"Murcia, Región de. Índice general. Índice. "
2016-04-01,2016-M04,MUR,AUX_IPC,79.399,Mensual,"Murcia, Región de. Índice general. Índice. "
2016-05-01,2016-M05,MUR,AUX_IPC,79.895,Mensual,"Murcia, Región de. Índice general. Índice. "
2016-06-01,2016-M06,MUR,AUX_IPC,80.171,Mensual,"Murcia, Región de. Índice general. Índice. "
2016-07-01,2016-M07,MUR,AUX_IPC,79.385,Mensual,"Murcia, Región de. Índice general. Índice. "
2016-08-01,2016-M08,MUR,AUX_IPC,79.521,Mensual,"Murcia, Región de. Índice general. Índice. "
2016-09-01,2016-M09,MUR,AUX_IPC,79.354,Mensual,"Murcia, Región de. Índice general. Índice. "
2016-10-01,2016-M10,MUR,AUX_IPC,80.454,Mensual,"Murcia, Región de. Índice general. Índice. "
2016-11-01,2016-M11,MUR,AUX_IPC,80.813,Mensual,"Murcia, Región de. Índice general. Índice. "
2016-12-01,2016-M12,MUR,AUX_IPC,81.269,Mensual,"Murcia, Región de. Índice general. Índice. "
2017-01-01,2017-M01,MUR,AUX_IPC,80.712,Mensual,"Murcia, Región de. Índice general. Índice. "
2017-02-01,2017-M02,MUR,AUX_IPC,80.407,Mensual,"Murcia, Región de. Índice general. Índice. "
2017-03-01,2017-M03,MUR,AUX_IPC,80.257,Mensual,"Murcia, Región de. Índice general. Índice. "
2017-04-01,2017-M04,MUR,AUX_IPC,81.263,Mensual,"Murcia, Región de. Índice general. Índice. "
2017-05-01,2017-M05,MUR,AUX_IPC,81.159,Mensual,"Murcia, Región de. Índice general. Índice. "
2017-06-01,2017-M06,MUR,AUX_IPC,81.021,Mensual,"Murcia, Región de. Índice general. Índice. "
2017-07-01,2017-M07,MUR,AUX_IPC,80.123,Mensual,"Murcia, Región de. Índice general. Índice. "
2017-08-01,2017-M08,MUR,AUX_IPC,80.291,Mensual,"Murcia, Región de. Índice general. Índice. "
2017-09-01,2017-M09,MUR,AUX_IPC,80.231,Mensual,"Murcia, Región de. Índice general. Índice. "
2017-10-01,2017-M10,MUR,AUX_IPC,81.207,Mensual,"Murcia, Región de. Índice general. Índice. "
2017-11-01,2017-M11,MUR,AUX_IPC,81.757,Mensual,"Murcia, Región de. Índice general. Índice. "
2017-12-01,2017-M12,MUR,AUX_IPC,81.743,Mensual,"Murcia, Región de. Índice general. Índice. "
2018-01-01,2018-M01,MUR,AUX_IPC,80.728,Mensual,"Murcia, Región de. Índice general. Índice. "
2018-02-01,2018-M02,MUR,AUX_IPC,80.876,Mensual,"Murcia, Región de. Índice general. Índice. "
2018-03-01,2018-M03,MUR,AUX_IPC,80.942,Mensual,"Murcia, Región de. Índice general. Índice. "
2018-04-01,2018-M04,MUR,AUX_IPC,81.819,Mensual,"Murcia, Región de. Índice general. Índice. "
2018-05-01,2018-M05,MUR,AUX_IPC,82.473,Mensual,"Murcia, Región de. Índice general. Índice. "
2018-06-01,2018-M06,MUR,AUX_IPC,82.753,Mensual,"Murcia, Región de. Índice general. Índice. "
2018-07-01,2018-M07,MUR,AUX_IPC,81.865,Mensual,"Murcia, Región de. Índice general. Índice. "
2018-08-01,2018-M08,MUR,AUX_IPC,81.995,Mensual,"Murcia, Región de. Índice general. Índice. "
2018-09-01,2018-M09,MUR,AUX_IPC,81.999,Mensual,"Murcia, Región de. Índice general. Índice. "
2018-10-01,2018-M10,MUR,AUX_IPC,82.938,Mensual,"Murcia, Región de. Índice general. Índice. "
2018-11-01,2018-M11,MUR,AUX_IPC,82.925,Mensual,"Murcia, Región de. Índice general. Índice. "
2018-12-01,2018-M12,MUR,AUX_IPC,82.439,Mensual,"Murcia, Región de. Índice general. Índice. "
2019-01-01,2019-M01,MUR,AUX_IPC,81.247,Mensual,"Murcia, Región de. Índice general. Índice. "
2019-02-01,2019-M02,MUR,AUX_IPC,81.396,Mensual,"Murcia, Región de. Índice general. Índice. "
2019-03-01,2019-M03,MUR,AUX_IPC,81.708,Mensual,"Murcia, Región de. Índice general. Índice. "
2019-04-01,2019-M04,MUR,AUX_IPC,82.752,Mensual,"Murcia, Región de. Índice general. Índice. "
2019-05-01,2019-M05,MUR,AUX_IPC,82.854,Mensual,"Murcia, Región de. Índice general. Índice. "
2019-06-01,2019-M06,MUR,AUX_IPC,82.787,Mensual,"Murcia, Región de. Índice general. Índice. "
2019-07-01,2019-M07,MUR,AUX_IPC,81.995,Mensual,"Murcia, Región de. Índice general. Índice. "
2019-08-01,2019-M08,MUR,AUX_IPC,81.998,Mensual,"Murcia, Región de. Índice general. Índice. "
2019-09-01,2019-M09,MUR,AUX_IPC,81.918,Mensual,"Murcia, Región de. Índice general. Índice. "
2019-10-01,2019-M10,MUR,AUX_IPC,82.848,Mensual,"Murcia, Región de. Índice general. Índice. "
2019-11-01,2019-M11,MUR,AUX_IPC,83.234,Mensual,"Murcia, Región de. Índice general. Índice. "
2019-12-01,2019-M12,MUR,AUX_IPC,83.016,Mensual,"Murcia, Región de. Índice general. Índice. "
2020-01-01,2020-M01,MUR,AUX_IPC,82.211,Mensual,"Murcia, Región de. Índice general. Índice. "
2020-02-01,2020-M02,MUR,AUX_IPC,82.147,Mensual,"Murcia, Región de. Índice general. Índice. "
2020-03-01,2020-M03,MUR,AUX_IPC,81.708,Mensual,"Murcia, Región de. Índice general. Índice. "
2020-04-01,2020-M04,MUR,AUX_IPC,82.139,Mensual,"Murcia, Región de. Índice general. Índice. "
2020-05-01,2020-M05,MUR,AUX_IPC,82.112,Mensual,"Murcia, Región de. Índice general. Índice. "
2020-06-01,2020-M06,MUR,AUX_IPC,82.487,Mensual,"Murcia, Región de. Índice general. Índice. "
2020-07-01,2020-M07,MUR,AUX_IPC,81.558,Mensual,"Murcia, Región de. Índice general. Índice. "
2020-08-01,2020-M08,MUR,AUX_IPC,81.61,Mensual,"Murcia, Región de. Índice general. Índice. "
2020-09-01,2020-M09,MUR,AUX_IPC,81.572,Mensual,"Murcia, Región de. Índice general. Índice. "
2020-10-01,2020-M10,MUR,AUX_IPC,82.4,Mensual,"Murcia, Región de. Índice general. Índice. "
2020-11-01,2020-M11,MUR,AUX_IPC,82.607,Mensual,"Murcia, Región de. Índice general. Índice. "
2020-12-01,2020-M12,MUR,AUX_IPC,82.669,Mensual,"Murcia, Región de. Índice general. Índice. "
2021-01-01,2021-M01,MUR,AUX_IPC,82.569,Mensual,"Murcia, Región de. Índice general. Índice. "
2021-02-01,2021-M02,MUR,AUX_IPC,82.12,Mensual,"Murcia, Región de. Índice general. Índice. "
2021-03-01,2021-M03,MUR,AUX_IPC,82.833,Mensual,"Murcia, Región de. Índice general. Índice. "
2021-04-01,2021-M04,MUR,AUX_IPC,84.036,Mensual,"Murcia, Región de. Índice general. Índice. "
2021-05-01,2021-M05,MUR,AUX_IPC,84.394,Mensual,"Murcia, Región de. Índice general. Índice. "
2021-06-01,2021-M06,MUR,AUX_IPC,84.61,Mensual,"Murcia, Región de. Índice general. Índice. "
2021-07-01,2021-M07,MUR,AUX_IPC,83.735,Mensual,"Murcia, Región de. Índice general. Índice. "
2021-08-01,2021-M08,MUR,AUX_IPC,84.202,Mensual,"Murcia, Región de. Índice general. Índice. "
2021-09-01,2021-M09,MUR,AUX_IPC,84.724,Mensual,"Murcia, Región de. Índice general. Índice. "
2021-10-01,2021-M10,MUR,AUX_IPC,86.567,Mensual,"Murcia, Región de. Índice general. Índice. "
2021-11-01,2021-M11,MUR,AUX_IPC,87.021,Mensual,"Murcia, Región de. Índice general. Índice. "
2021-12-01,2021-M12,MUR,AUX_IPC,87.88,Mensual,"Murcia, Región de. Índice general. Índice. "
2022-01-01,2022-M01,MUR,AUX_IPC,87.707,Mensual,"Murcia, Región de. Índice general. Índice. "
2022-02-01,2022-M02,MUR,AUX_IPC,88.412,Mensual,"Murcia, Región de. Índice general. Índice. "
2022-03-01,2022-M03,MUR,AUX_IPC,91.098,Mensual,"Murcia, Región de. Índice general. Índice. "
2022-04-01,2022-M04,MUR,AUX_IPC,90.965,Mensual,"Murcia, Región de. Índice general. Índice. "
2022-05-01,2022-M05,MUR,AUX_IPC,92.16,Mensual,"Murcia, Región de. Índice general. Índice. "
2022-06-01,2022-M06,MUR,AUX_IPC,93.859,Mensual,"Murcia, Región de. Índice general. Índice. "
2022-07-01,2022-M07,MUR,AUX_IPC,93.28,Mensual,"Murcia, Región de. Índice general. Índice. "
2022-08-01,2022-M08,MUR,AUX_IPC,93.462,Mensual,"Murcia, Región de. Índice general. Índice. "
2022-09-01,2022-M09,MUR,AUX_IPC,92.763,Mensual,"Murcia, Región de. Índice general. Índice. "
2022-10-01,2022-M10,MUR,AUX_IPC,93.434,Mensual,"Murcia, Región de. Índice general. Índice. "
2022-11-01,2022-M11,MUR,AUX_IPC,93.499,Mensual,"Murcia, Región de. Índice general. Índice. "
2022-12-01,2022-M12,MUR,AUX_IPC,93.46,Mensual,"Murcia, Región de. Índice general. Índice. "
2023-01-01,2023-M01,MUR,AUX_IPC,93.271,Mensual,"Murcia, Región de. Índice general. Índice. "
2023-02-01,2023-M02,MUR,AUX_IPC,94.267,Mensual,"Murcia, Región de. Índice general. Índice. "
2023-03-01,2023-M03,MUR,AUX_IPC,94.52,Mensual,"Murcia, Región de. Índice general. Índice. "
2023-04-01,2023-M04,MUR,AUX_IPC,95.138,Mensual,"Murcia, Región de. Índice general. Índice. "
2023-05-01,2023-M05,MUR,AUX_IPC,95.023,Mensual,"Murcia, Región de. Índice general. Índice. "
2023-06-01,2023-M06,MUR,AUX_IPC,95.56,Mensual,"Murcia, Región de. Índice general. Índice. "
2023-07-01,2023-M07,MUR,AUX_IPC,95.686,Mensual,"Murcia, Región de. Índice general. Índice. "
2023-08-01,2023-M08,MUR,AUX_IPC,96.222,Mensual,"Murcia, Región de. Índice general. Índice. "
2023-09-01,2023-M09,MUR,AUX_IPC,96.404,Mensual,"Murcia, Región de. Índice general. Índice. "
2023-10-01,2023-M10,MUR,AUX_IPC,96.69,Mensual,"Murcia, Región de. Índice general. Índice. "
2023-11-01,2023-M11,MUR,AUX_IPC,96.305,Mensual,"Murcia, Región de. Índice general. Índice. "
2023-12-01,2023-M12,MUR,AUX_IPC,96.242,Mensual,"Murcia, Región de. Índice general. Índice. "
2024-01-01,2024-M01,MUR,AUX_IPC,96.665,Mensual,"Murcia, Región de. Índice general. Índice. "
2024-02-01,2024-M02,MUR,AUX_IPC,96.926,Mensual,"Murcia, Región de. Índice general. Índice. "
2024-03-01,2024-M03,MUR,AUX_IPC,97.643,Mensual,"Murcia, Región de. Índice general. Índice. "
2024-04-01,2024-M04,MUR,AUX_IPC,98.187,Mensual,"Murcia, Región de. Índice general. Índice. "
2024-05-01,2024-M05,MUR,AUX_IPC,98.611,Mensual,"Murcia, Región de. Índice general. Índice. "
2024-06-01,2024-M06,MUR,AUX_IPC,98.837,Mensual,"Murcia, Región de. Índice general. Índice. "
2024-07-01,2024-M07,MUR,AUX_IPC,98.186,Mensual,"Murcia, Región de. Índice general. Índice. "
2024-08-01,2024-M08,MUR,AUX_IPC,98.129,Mensual,"Murcia, Región de. Índice general. Índice. "
2024-09-01,2024-M09,MUR,AUX_IPC,97.507,Mensual,"Murcia, Región de. Índice general. Índice. "
2024-10-01,2024-M10,MUR,AUX_IPC,98.14,Mensual,"Murcia, Región de. Índice general. Índice. "
2024-11-01,2024-M11,MUR,AUX_IPC,98.436,Mensual,"Murcia, Región de. Índice general. Índice. "
2024-12-01,2024-M12,MUR,AUX_IPC,98.786,Mensual,"Murcia, Región de. Índice general. Índice. "
2025-01-01,2025-M01,MUR,AUX_IPC,98.866,Mensual,"Murcia, Región de. Índice general. Índice. "
2025-02-01,2025-M02,MUR,AUX_IPC,99.171,Mensual,"Murcia, Región de. Índice general. Índice. "
2025-03-01,2025-M03,MUR,AUX_IPC,99.207,Mensual,"Murcia, Región de. Índice general. Índice. "
2025-04-01,2025-M04,MUR,AUX_IPC,99.696,Mensual,"Murcia, Región de. Índice general. Índice. "
2025-05-01,2025-M05,MUR,AUX_IPC,99.902,Mensual,"Murcia, Región de. Índice general. Índice. "
2025-06-01,2025-M06,MUR,AUX_IPC,100.485,Mensual,"Murcia, Región de. Índice general. Índice. "
2025-07-01,2025-M07,MUR,AUX_IPC,100.193,Mensual,"Murcia, Región de. Índice general. Índice. "
2025-08-01,2025-M08,MUR,AUX_IPC,100.199,Mensual,"Murcia, Región de. Índice general. Índice. "
2025-09-01,2025-M09,MUR,AUX_IPC,99.855,Mensual,"Murcia, Región de. Índice general. Índice. "
2025-10-01,2025-M10,MUR,AUX_IPC,100.339,Mensual,"Murcia, Región de. Índice general. Índice. "
2025-11-01,2025-M11,MUR,AUX_IPC,100.895,Mensual,"Murcia, Región de. Índice general. Índice. "
2025-12-01,2025-M12,MUR,AUX_IPC,101.192,Mensual,"Murcia, Región de. Índice general. Índice. "
2026-01-01,2026-M01,MUR,AUX_IPC,100.745,Mensual,"Murcia, Región de. Índice general. Índice. "
2026-02-01,2026-M02,MUR,AUX_IPC,101.212,Mensual,"Murcia, Región de. Índice general. Índice. "
2026-03-01,2026-M03,MUR,AUX_IPC,102.542,Mensual,"Murcia, Región de. Índice general. Índice. "
2026-04-01,2026-M04,MUR,AUX_IPC,103.095,Mensual,"Murcia, Región de. Índice general. Índice. "
2026-05-01,2026-M05,MUR,AUX_IPC,102.819,Mensual,"Murcia, Región de. Índice general. Índice. "
2026-06-01,2026-M06,MUR,AUX_IPC,103.486,Mensual,"Murcia, Región de. Índice general. Índice. "
2026-07-01,2026-M07,MUR,AUX_IPC,103.853,Mensual,"Murcia, Región de. Índice general. Índice. "
2010-01-01,2010-M01,NAV,AUX_IPC,72.641,Mensual,"Navarra, Comunidad Foral de. Índice general. Índice. "
2010-02-01,2010-M02,NAV,AUX_IPC,72.415,Mensual,"Navarra, Comunidad Foral de. Índice general. Índice. "
2010-03-01,2010-M03,NAV,AUX_IPC,73.047,Mensual,"Navarra, Comunidad Foral de. Índice general. Índice. "
2010-04-01,2010-M04,NAV,AUX_IPC,73.766,Mensual,"Navarra, Comunidad Foral de. Índice general. Índice. "
2010-05-01,2010-M05,NAV,AUX_IPC,74.199,Mensual,"Navarra, Comunidad Foral de. Índice general. Índice. "
2010-06-01,2010-M06,NAV,AUX_IPC,74.317,Mensual,"Navarra, Comunidad Foral de. Índice general. Índice. "
2010-07-01,2010-M07,NAV,AUX_IPC,74.113,Mensual,"Navarra, Comunidad Foral de. Índice general. Índice. "
2010-08-01,2010-M08,NAV,AUX_IPC,74.104,Mensual,"Navarra, Comunidad Foral de. Índice general. Índice. "
2010-09-01,2010-M09,NAV,AUX_IPC,74.132,Mensual,"Navarra, Comunidad Foral de. Índice general. Índice. "
2010-10-01,2010-M10,NAV,AUX_IPC,74.536,Mensual,"Navarra, Comunidad Foral de. Índice general. Índice. "
2010-11-01,2010-M11,NAV,AUX_IPC,75.183,Mensual,"Navarra, Comunidad Foral de. Índice general. Índice. "
2010-12-01,2010-M12,NAV,AUX_IPC,75.691,Mensual,"Navarra, Comunidad Foral de. Índice general. Índice. "
2011-01-01,2011-M01,NAV,AUX_IPC,74.834,Mensual,"Navarra, Comunidad Foral de. Índice general. Índice. "
2011-02-01,2011-M02,NAV,AUX_IPC,74.914,Mensual,"Navarra, Comunidad Foral de. Índice general. Índice. "
2011-03-01,2011-M03,NAV,AUX_IPC,75.673,Mensual,"Navarra, Comunidad Foral de. Índice general. Índice. "
2011-04-01,2011-M04,NAV,AUX_IPC,76.599,Mensual,"Navarra, Comunidad Foral de. Índice general. Índice. "
2011-05-01,2011-M05,NAV,AUX_IPC,76.665,Mensual,"Navarra, Comunidad Foral de. Índice general. Índice. "
2011-06-01,2011-M06,NAV,AUX_IPC,76.556,Mensual,"Navarra, Comunidad Foral de. Índice general. Índice. "
2011-07-01,2011-M07,NAV,AUX_IPC,76.362,Mensual,"Navarra, Comunidad Foral de. Índice general. Índice. "
2011-08-01,2011-M08,NAV,AUX_IPC,76.268,Mensual,"Navarra, Comunidad Foral de. Índice general. Índice. "
2011-09-01,2011-M09,NAV,AUX_IPC,76.422,Mensual,"Navarra, Comunidad Foral de. Índice general. Índice. "
2011-10-01,2011-M10,NAV,AUX_IPC,76.946,Mensual,"Navarra, Comunidad Foral de. Índice general. Índice. "
2011-11-01,2011-M11,NAV,AUX_IPC,77.488,Mensual,"Navarra, Comunidad Foral de. Índice general. Índice. "
2011-12-01,2011-M12,NAV,AUX_IPC,77.665,Mensual,"Navarra, Comunidad Foral de. Índice general. Índice. "
2012-01-01,2012-M01,NAV,AUX_IPC,76.539,Mensual,"Navarra, Comunidad Foral de. Índice general. Índice. "
2012-02-01,2012-M02,NAV,AUX_IPC,76.703,Mensual,"Navarra, Comunidad Foral de. Índice general. Índice. "
2012-03-01,2012-M03,NAV,AUX_IPC,77.245,Mensual,"Navarra, Comunidad Foral de. Índice general. Índice. "
2012-04-01,2012-M04,NAV,AUX_IPC,78.228,Mensual,"Navarra, Comunidad Foral de. Índice general. Índice. "
2012-05-01,2012-M05,NAV,AUX_IPC,78.143,Mensual,"Navarra, Comunidad Foral de. Índice general. Índice. "
2012-06-01,2012-M06,NAV,AUX_IPC,78.063,Mensual,"Navarra, Comunidad Foral de. Índice general. Índice. "
2012-07-01,2012-M07,NAV,AUX_IPC,78.236,Mensual,"Navarra, Comunidad Foral de. Índice general. Índice. "
2012-08-01,2012-M08,NAV,AUX_IPC,78.439,Mensual,"Navarra, Comunidad Foral de. Índice general. Índice. "
2012-09-01,2012-M09,NAV,AUX_IPC,79.175,Mensual,"Navarra, Comunidad Foral de. Índice general. Índice. "
2012-10-01,2012-M10,NAV,AUX_IPC,79.641,Mensual,"Navarra, Comunidad Foral de. Índice general. Índice. "
2012-11-01,2012-M11,NAV,AUX_IPC,79.772,Mensual,"Navarra, Comunidad Foral de. Índice general. Índice. "
2012-12-01,2012-M12,NAV,AUX_IPC,79.786,Mensual,"Navarra, Comunidad Foral de. Índice general. Índice. "
2013-01-01,2013-M01,NAV,AUX_IPC,78.653,Mensual,"Navarra, Comunidad Foral de. Índice general. Índice. "
2013-02-01,2013-M02,NAV,AUX_IPC,78.648,Mensual,"Navarra, Comunidad Foral de. Índice general. Índice. "
2013-03-01,2013-M03,NAV,AUX_IPC,79.083,Mensual,"Navarra, Comunidad Foral de. Índice general. Índice. "
2013-04-01,2013-M04,NAV,AUX_IPC,79.234,Mensual,"Navarra, Comunidad Foral de. Índice general. Índice. "
2013-05-01,2013-M05,NAV,AUX_IPC,79.454,Mensual,"Navarra, Comunidad Foral de. Índice general. Índice. "
2013-06-01,2013-M06,NAV,AUX_IPC,79.602,Mensual,"Navarra, Comunidad Foral de. Índice general. Índice. "
2013-07-01,2013-M07,NAV,AUX_IPC,79.668,Mensual,"Navarra, Comunidad Foral de. Índice general. Índice. "
2013-08-01,2013-M08,NAV,AUX_IPC,79.361,Mensual,"Navarra, Comunidad Foral de. Índice general. Índice. "
2013-09-01,2013-M09,NAV,AUX_IPC,79.145,Mensual,"Navarra, Comunidad Foral de. Índice general. Índice. "
2013-10-01,2013-M10,NAV,AUX_IPC,79.278,Mensual,"Navarra, Comunidad Foral de. Índice general. Índice. "
2013-11-01,2013-M11,NAV,AUX_IPC,79.611,Mensual,"Navarra, Comunidad Foral de. Índice general. Índice. "
2013-12-01,2013-M12,NAV,AUX_IPC,79.77,Mensual,"Navarra, Comunidad Foral de. Índice general. Índice. "
2014-01-01,2014-M01,NAV,AUX_IPC,78.343,Mensual,"Navarra, Comunidad Foral de. Índice general. Índice. "
2014-02-01,2014-M02,NAV,AUX_IPC,78.308,Mensual,"Navarra, Comunidad Foral de. Índice general. Índice. "
2014-03-01,2014-M03,NAV,AUX_IPC,78.518,Mensual,"Navarra, Comunidad Foral de. Índice general. Índice. "
2014-04-01,2014-M04,NAV,AUX_IPC,79.186,Mensual,"Navarra, Comunidad Foral de. Índice general. Índice. "
2014-05-01,2014-M05,NAV,AUX_IPC,79.32,Mensual,"Navarra, Comunidad Foral de. Índice general. Índice. "
2014-06-01,2014-M06,NAV,AUX_IPC,79.459,Mensual,"Navarra, Comunidad Foral de. Índice general. Índice. "
2014-07-01,2014-M07,NAV,AUX_IPC,78.87,Mensual,"Navarra, Comunidad Foral de. Índice general. Índice. "
2014-08-01,2014-M08,NAV,AUX_IPC,78.724,Mensual,"Navarra, Comunidad Foral de. Índice general. Índice. "
2014-09-01,2014-M09,NAV,AUX_IPC,78.929,Mensual,"Navarra, Comunidad Foral de. Índice general. Índice. "
2014-10-01,2014-M10,NAV,AUX_IPC,79.176,Mensual,"Navarra, Comunidad Foral de. Índice general. Índice. "
2014-11-01,2014-M11,NAV,AUX_IPC,79.377,Mensual,"Navarra, Comunidad Foral de. Índice general. Índice. "
2014-12-01,2014-M12,NAV,AUX_IPC,78.831,Mensual,"Navarra, Comunidad Foral de. Índice general. Índice. "
2015-01-01,2015-M01,NAV,AUX_IPC,77.225,Mensual,"Navarra, Comunidad Foral de. Índice general. Índice. "
2015-02-01,2015-M02,NAV,AUX_IPC,77.388,Mensual,"Navarra, Comunidad Foral de. Índice general. Índice. "
2015-03-01,2015-M03,NAV,AUX_IPC,78.034,Mensual,"Navarra, Comunidad Foral de. Índice general. Índice. "
2015-04-01,2015-M04,NAV,AUX_IPC,78.667,Mensual,"Navarra, Comunidad Foral de. Índice general. Índice. "
2015-05-01,2015-M05,NAV,AUX_IPC,79.14,Mensual,"Navarra, Comunidad Foral de. Índice general. Índice. "
2015-06-01,2015-M06,NAV,AUX_IPC,79.363,Mensual,"Navarra, Comunidad Foral de. Índice general. Índice. "
2015-07-01,2015-M07,NAV,AUX_IPC,78.778,Mensual,"Navarra, Comunidad Foral de. Índice general. Índice. "
2015-08-01,2015-M08,NAV,AUX_IPC,78.182,Mensual,"Navarra, Comunidad Foral de. Índice general. Índice. "
2015-09-01,2015-M09,NAV,AUX_IPC,77.995,Mensual,"Navarra, Comunidad Foral de. Índice general. Índice. "
2015-10-01,2015-M10,NAV,AUX_IPC,78.402,Mensual,"Navarra, Comunidad Foral de. Índice general. Índice. "
2015-11-01,2015-M11,NAV,AUX_IPC,78.993,Mensual,"Navarra, Comunidad Foral de. Índice general. Índice. "
2015-12-01,2015-M12,NAV,AUX_IPC,78.787,Mensual,"Navarra, Comunidad Foral de. Índice general. Índice. "
2016-01-01,2016-M01,NAV,AUX_IPC,77.168,Mensual,"Navarra, Comunidad Foral de. Índice general. Índice. "
2016-02-01,2016-M02,NAV,AUX_IPC,76.851,Mensual,"Navarra, Comunidad Foral de. Índice general. Índice. "
2016-03-01,2016-M03,NAV,AUX_IPC,77.483,Mensual,"Navarra, Comunidad Foral de. Índice general. Índice. "
2016-04-01,2016-M04,NAV,AUX_IPC,77.907,Mensual,"Navarra, Comunidad Foral de. Índice general. Índice. "
2016-05-01,2016-M05,NAV,AUX_IPC,78.496,Mensual,"Navarra, Comunidad Foral de. Índice general. Índice. "
2016-06-01,2016-M06,NAV,AUX_IPC,78.845,Mensual,"Navarra, Comunidad Foral de. Índice general. Índice. "
2016-07-01,2016-M07,NAV,AUX_IPC,78.533,Mensual,"Navarra, Comunidad Foral de. Índice general. Índice. "
2016-08-01,2016-M08,NAV,AUX_IPC,78.419,Mensual,"Navarra, Comunidad Foral de. Índice general. Índice. "
2016-09-01,2016-M09,NAV,AUX_IPC,78.455,Mensual,"Navarra, Comunidad Foral de. Índice general. Índice. "
2016-10-01,2016-M10,NAV,AUX_IPC,79.17,Mensual,"Navarra, Comunidad Foral de. Índice general. Índice. "
2016-11-01,2016-M11,NAV,AUX_IPC,79.687,Mensual,"Navarra, Comunidad Foral de. Índice general. Índice. "
2016-12-01,2016-M12,NAV,AUX_IPC,80.176,Mensual,"Navarra, Comunidad Foral de. Índice general. Índice. "
2017-01-01,2017-M01,NAV,AUX_IPC,79.419,Mensual,"Navarra, Comunidad Foral de. Índice general. Índice. "
2017-02-01,2017-M02,NAV,AUX_IPC,79.116,Mensual,"Navarra, Comunidad Foral de. Índice general. Índice. "
2017-03-01,2017-M03,NAV,AUX_IPC,79.087,Mensual,"Navarra, Comunidad Foral de. Índice general. Índice. "
2017-04-01,2017-M04,NAV,AUX_IPC,79.728,Mensual,"Navarra, Comunidad Foral de. Índice general. Índice. "
2017-05-01,2017-M05,NAV,AUX_IPC,79.704,Mensual,"Navarra, Comunidad Foral de. Índice general. Índice. "
2017-06-01,2017-M06,NAV,AUX_IPC,79.696,Mensual,"Navarra, Comunidad Foral de. Índice general. Índice. "
2017-07-01,2017-M07,NAV,AUX_IPC,79.453,Mensual,"Navarra, Comunidad Foral de. Índice general. Índice. "
2017-08-01,2017-M08,NAV,AUX_IPC,79.24,Mensual,"Navarra, Comunidad Foral de. Índice general. Índice. "
2017-09-01,2017-M09,NAV,AUX_IPC,79.305,Mensual,"Navarra, Comunidad Foral de. Índice general. Índice. "
2017-10-01,2017-M10,NAV,AUX_IPC,80.003,Mensual,"Navarra, Comunidad Foral de. Índice general. Índice. "
2017-11-01,2017-M11,NAV,AUX_IPC,80.638,Mensual,"Navarra, Comunidad Foral de. Índice general. Índice. "
2017-12-01,2017-M12,NAV,AUX_IPC,80.634,Mensual,"Navarra, Comunidad Foral de. Índice general. Índice. "
2018-01-01,2018-M01,NAV,AUX_IPC,79.69,Mensual,"Navarra, Comunidad Foral de. Índice general. Índice. "
2018-02-01,2018-M02,NAV,AUX_IPC,79.734,Mensual,"Navarra, Comunidad Foral de. Índice general. Índice. "
2018-03-01,2018-M03,NAV,AUX_IPC,79.894,Mensual,"Navarra, Comunidad Foral de. Índice general. Índice. "
2018-04-01,2018-M04,NAV,AUX_IPC,80.425,Mensual,"Navarra, Comunidad Foral de. Índice general. Índice. "
2018-05-01,2018-M05,NAV,AUX_IPC,81.407,Mensual,"Navarra, Comunidad Foral de. Índice general. Índice. "
2018-06-01,2018-M06,NAV,AUX_IPC,81.666,Mensual,"Navarra, Comunidad Foral de. Índice general. Índice. "
2018-07-01,2018-M07,NAV,AUX_IPC,81.39,Mensual,"Navarra, Comunidad Foral de. Índice general. Índice. "
2018-08-01,2018-M08,NAV,AUX_IPC,81.111,Mensual,"Navarra, Comunidad Foral de. Índice general. Índice. "
2018-09-01,2018-M09,NAV,AUX_IPC,81.24,Mensual,"Navarra, Comunidad Foral de. Índice general. Índice. "
2018-10-01,2018-M10,NAV,AUX_IPC,81.967,Mensual,"Navarra, Comunidad Foral de. Índice general. Índice. "
2018-11-01,2018-M11,NAV,AUX_IPC,82.1,Mensual,"Navarra, Comunidad Foral de. Índice general. Índice. "
2018-12-01,2018-M12,NAV,AUX_IPC,81.719,Mensual,"Navarra, Comunidad Foral de. Índice general. Índice. "
2019-01-01,2019-M01,NAV,AUX_IPC,80.721,Mensual,"Navarra, Comunidad Foral de. Índice general. Índice. "
2019-02-01,2019-M02,NAV,AUX_IPC,80.981,Mensual,"Navarra, Comunidad Foral de. Índice general. Índice. "
2019-03-01,2019-M03,NAV,AUX_IPC,81.214,Mensual,"Navarra, Comunidad Foral de. Índice general. Índice. "
2019-04-01,2019-M04,NAV,AUX_IPC,82.146,Mensual,"Navarra, Comunidad Foral de. Índice general. Índice. "
2019-05-01,2019-M05,NAV,AUX_IPC,82.429,Mensual,"Navarra, Comunidad Foral de. Índice general. Índice. "
2019-06-01,2019-M06,NAV,AUX_IPC,82.464,Mensual,"Navarra, Comunidad Foral de. Índice general. Índice. "
2019-07-01,2019-M07,NAV,AUX_IPC,82.223,Mensual,"Navarra, Comunidad Foral de. Índice general. Índice. "
2019-08-01,2019-M08,NAV,AUX_IPC,81.828,Mensual,"Navarra, Comunidad Foral de. Índice general. Índice. "
2019-09-01,2019-M09,NAV,AUX_IPC,81.784,Mensual,"Navarra, Comunidad Foral de. Índice general. Índice. "
2019-10-01,2019-M10,NAV,AUX_IPC,82.38,Mensual,"Navarra, Comunidad Foral de. Índice general. Índice. "
2019-11-01,2019-M11,NAV,AUX_IPC,82.833,Mensual,"Navarra, Comunidad Foral de. Índice general. Índice. "
2019-12-01,2019-M12,NAV,AUX_IPC,82.753,Mensual,"Navarra, Comunidad Foral de. Índice general. Índice. "
2020-01-01,2020-M01,NAV,AUX_IPC,81.707,Mensual,"Navarra, Comunidad Foral de. Índice general. Índice. "
2020-02-01,2020-M02,NAV,AUX_IPC,81.481,Mensual,"Navarra, Comunidad Foral de. Índice general. Índice. "
2020-03-01,2020-M03,NAV,AUX_IPC,80.977,Mensual,"Navarra, Comunidad Foral de. Índice general. Índice. "
2020-04-01,2020-M04,NAV,AUX_IPC,81.292,Mensual,"Navarra, Comunidad Foral de. Índice general. Índice. "
2020-05-01,2020-M05,NAV,AUX_IPC,81.381,Mensual,"Navarra, Comunidad Foral de. Índice general. Índice. "
2020-06-01,2020-M06,NAV,AUX_IPC,81.906,Mensual,"Navarra, Comunidad Foral de. Índice general. Índice. "
2020-07-01,2020-M07,NAV,AUX_IPC,81.141,Mensual,"Navarra, Comunidad Foral de. Índice general. Índice. "
2020-08-01,2020-M08,NAV,AUX_IPC,81.118,Mensual,"Navarra, Comunidad Foral de. Índice general. Índice. "
2020-09-01,2020-M09,NAV,AUX_IPC,81.214,Mensual,"Navarra, Comunidad Foral de. Índice general. Índice. "
2020-10-01,2020-M10,NAV,AUX_IPC,81.574,Mensual,"Navarra, Comunidad Foral de. Índice general. Índice. "
2020-11-01,2020-M11,NAV,AUX_IPC,81.996,Mensual,"Navarra, Comunidad Foral de. Índice general. Índice. "
2020-12-01,2020-M12,NAV,AUX_IPC,82.236,Mensual,"Navarra, Comunidad Foral de. Índice general. Índice. "
2021-01-01,2021-M01,NAV,AUX_IPC,82.041,Mensual,"Navarra, Comunidad Foral de. Índice general. Índice. "
2021-02-01,2021-M02,NAV,AUX_IPC,81.697,Mensual,"Navarra, Comunidad Foral de. Índice general. Índice. "
2021-03-01,2021-M03,NAV,AUX_IPC,82.47,Mensual,"Navarra, Comunidad Foral de. Índice general. Índice. "
2021-04-01,2021-M04,NAV,AUX_IPC,83.499,Mensual,"Navarra, Comunidad Foral de. Índice general. Índice. "
2021-05-01,2021-M05,NAV,AUX_IPC,84.037,Mensual,"Navarra, Comunidad Foral de. Índice general. Índice. "
2021-06-01,2021-M06,NAV,AUX_IPC,84.513,Mensual,"Navarra, Comunidad Foral de. Índice general. Índice. "
2021-07-01,2021-M07,NAV,AUX_IPC,83.841,Mensual,"Navarra, Comunidad Foral de. Índice general. Índice. "
2021-08-01,2021-M08,NAV,AUX_IPC,84.042,Mensual,"Navarra, Comunidad Foral de. Índice general. Índice. "
2021-09-01,2021-M09,NAV,AUX_IPC,84.551,Mensual,"Navarra, Comunidad Foral de. Índice general. Índice. "
2021-10-01,2021-M10,NAV,AUX_IPC,86.108,Mensual,"Navarra, Comunidad Foral de. Índice general. Índice. "
2021-11-01,2021-M11,NAV,AUX_IPC,86.634,Mensual,"Navarra, Comunidad Foral de. Índice general. Índice. "
2021-12-01,2021-M12,NAV,AUX_IPC,87.652,Mensual,"Navarra, Comunidad Foral de. Índice general. Índice. "
2022-01-01,2022-M01,NAV,AUX_IPC,87.213,Mensual,"Navarra, Comunidad Foral de. Índice general. Índice. "
2022-02-01,2022-M02,NAV,AUX_IPC,88.022,Mensual,"Navarra, Comunidad Foral de. Índice general. Índice. "
2022-03-01,2022-M03,NAV,AUX_IPC,90.517,Mensual,"Navarra, Comunidad Foral de. Índice general. Índice. "
2022-04-01,2022-M04,NAV,AUX_IPC,90.795,Mensual,"Navarra, Comunidad Foral de. Índice general. Índice. "
2022-05-01,2022-M05,NAV,AUX_IPC,91.188,Mensual,"Navarra, Comunidad Foral de. Índice general. Índice. "
2022-06-01,2022-M06,NAV,AUX_IPC,93.14,Mensual,"Navarra, Comunidad Foral de. Índice general. Índice. "
2022-07-01,2022-M07,NAV,AUX_IPC,93.36,Mensual,"Navarra, Comunidad Foral de. Índice general. Índice. "
2022-08-01,2022-M08,NAV,AUX_IPC,93.287,Mensual,"Navarra, Comunidad Foral de. Índice general. Índice. "
2022-09-01,2022-M09,NAV,AUX_IPC,92.872,Mensual,"Navarra, Comunidad Foral de. Índice general. Índice. "
2022-10-01,2022-M10,NAV,AUX_IPC,93.362,Mensual,"Navarra, Comunidad Foral de. Índice general. Índice. "
2022-11-01,2022-M11,NAV,AUX_IPC,93.188,Mensual,"Navarra, Comunidad Foral de. Índice general. Índice. "
2022-12-01,2022-M12,NAV,AUX_IPC,93.272,Mensual,"Navarra, Comunidad Foral de. Índice general. Índice. "
2023-01-01,2023-M01,NAV,AUX_IPC,92.797,Mensual,"Navarra, Comunidad Foral de. Índice general. Índice. "
2023-02-01,2023-M02,NAV,AUX_IPC,93.568,Mensual,"Navarra, Comunidad Foral de. Índice general. Índice. "
2023-03-01,2023-M03,NAV,AUX_IPC,93.684,Mensual,"Navarra, Comunidad Foral de. Índice general. Índice. "
2023-04-01,2023-M04,NAV,AUX_IPC,94.634,Mensual,"Navarra, Comunidad Foral de. Índice general. Índice. "
2023-05-01,2023-M05,NAV,AUX_IPC,94.514,Mensual,"Navarra, Comunidad Foral de. Índice general. Índice. "
2023-06-01,2023-M06,NAV,AUX_IPC,95.031,Mensual,"Navarra, Comunidad Foral de. Índice general. Índice. "
2023-07-01,2023-M07,NAV,AUX_IPC,95.619,Mensual,"Navarra, Comunidad Foral de. Índice general. Índice. "
2023-08-01,2023-M08,NAV,AUX_IPC,95.935,Mensual,"Navarra, Comunidad Foral de. Índice general. Índice. "
2023-09-01,2023-M09,NAV,AUX_IPC,96.037,Mensual,"Navarra, Comunidad Foral de. Índice general. Índice. "
2023-10-01,2023-M10,NAV,AUX_IPC,96.339,Mensual,"Navarra, Comunidad Foral de. Índice general. Índice. "
2023-11-01,2023-M11,NAV,AUX_IPC,96.055,Mensual,"Navarra, Comunidad Foral de. Índice general. Índice. "
2023-12-01,2023-M12,NAV,AUX_IPC,95.991,Mensual,"Navarra, Comunidad Foral de. Índice general. Índice. "
2024-01-01,2024-M01,NAV,AUX_IPC,95.482,Mensual,"Navarra, Comunidad Foral de. Índice general. Índice. "
2024-02-01,2024-M02,NAV,AUX_IPC,95.894,Mensual,"Navarra, Comunidad Foral de. Índice general. Índice. "
2024-03-01,2024-M03,NAV,AUX_IPC,96.868,Mensual,"Navarra, Comunidad Foral de. Índice general. Índice. "
2024-04-01,2024-M04,NAV,AUX_IPC,97.393,Mensual,"Navarra, Comunidad Foral de. Índice general. Índice. "
2024-05-01,2024-M05,NAV,AUX_IPC,97.806,Mensual,"Navarra, Comunidad Foral de. Índice general. Índice. "
2024-06-01,2024-M06,NAV,AUX_IPC,98.258,Mensual,"Navarra, Comunidad Foral de. Índice general. Índice. "
2024-07-01,2024-M07,NAV,AUX_IPC,98.145,Mensual,"Navarra, Comunidad Foral de. Índice general. Índice. "
2024-08-01,2024-M08,NAV,AUX_IPC,98.083,Mensual,"Navarra, Comunidad Foral de. Índice general. Índice. "
2024-09-01,2024-M09,NAV,AUX_IPC,97.112,Mensual,"Navarra, Comunidad Foral de. Índice general. Índice. "
2024-10-01,2024-M10,NAV,AUX_IPC,98.119,Mensual,"Navarra, Comunidad Foral de. Índice general. Índice. "
2024-11-01,2024-M11,NAV,AUX_IPC,98.062,Mensual,"Navarra, Comunidad Foral de. Índice general. Índice. "
2024-12-01,2024-M12,NAV,AUX_IPC,98.595,Mensual,"Navarra, Comunidad Foral de. Índice general. Índice. "
2025-01-01,2025-M01,NAV,AUX_IPC,98.354,Mensual,"Navarra, Comunidad Foral de. Índice general. Índice. "
2025-02-01,2025-M02,NAV,AUX_IPC,98.778,Mensual,"Navarra, Comunidad Foral de. Índice general. Índice. "
2025-03-01,2025-M03,NAV,AUX_IPC,98.686,Mensual,"Navarra, Comunidad Foral de. Índice general. Índice. "
2025-04-01,2025-M04,NAV,AUX_IPC,99.815,Mensual,"Navarra, Comunidad Foral de. Índice general. Índice. "
2025-05-01,2025-M05,NAV,AUX_IPC,99.726,Mensual,"Navarra, Comunidad Foral de. Índice general. Índice. "
2025-06-01,2025-M06,NAV,AUX_IPC,100.599,Mensual,"Navarra, Comunidad Foral de. Índice general. Índice. "
2025-07-01,2025-M07,NAV,AUX_IPC,100.768,Mensual,"Navarra, Comunidad Foral de. Índice general. Índice. "
2025-08-01,2025-M08,NAV,AUX_IPC,100.504,Mensual,"Navarra, Comunidad Foral de. Índice general. Índice. "
2025-09-01,2025-M09,NAV,AUX_IPC,99.802,Mensual,"Navarra, Comunidad Foral de. Índice general. Índice. "
2025-10-01,2025-M10,NAV,AUX_IPC,100.798,Mensual,"Navarra, Comunidad Foral de. Índice general. Índice. "
2025-11-01,2025-M11,NAV,AUX_IPC,100.992,Mensual,"Navarra, Comunidad Foral de. Índice general. Índice. "
2025-12-01,2025-M12,NAV,AUX_IPC,101.177,Mensual,"Navarra, Comunidad Foral de. Índice general. Índice. "
2026-01-01,2026-M01,NAV,AUX_IPC,100.541,Mensual,"Navarra, Comunidad Foral de. Índice general. Índice. "
2026-02-01,2026-M02,NAV,AUX_IPC,100.929,Mensual,"Navarra, Comunidad Foral de. Índice general. Índice. "
2026-03-01,2026-M03,NAV,AUX_IPC,102.122,Mensual,"Navarra, Comunidad Foral de. Índice general. Índice. "
2026-04-01,2026-M04,NAV,AUX_IPC,102.818,Mensual,"Navarra, Comunidad Foral de. Índice general. Índice. "
2026-05-01,2026-M05,NAV,AUX_IPC,102.897,Mensual,"Navarra, Comunidad Foral de. Índice general. Índice. "
2026-06-01,2026-M06,NAV,AUX_IPC,103.327,Mensual,"Navarra, Comunidad Foral de. Índice general. Índice. "
2026-07-01,2026-M07,NAV,AUX_IPC,104.241,Mensual,"Navarra, Comunidad Foral de. Índice general. Índice. "
2010-01-01,2010-M01,PV,AUX_IPC,71.681,Mensual,País Vasco. Índice general. Índice. 
2010-02-01,2010-M02,PV,AUX_IPC,71.471,Mensual,País Vasco. Índice general. Índice. 
2010-03-01,2010-M03,PV,AUX_IPC,72.069,Mensual,País Vasco. Índice general. Índice. 
2010-04-01,2010-M04,PV,AUX_IPC,72.857,Mensual,País Vasco. Índice general. Índice. 
2010-05-01,2010-M05,PV,AUX_IPC,72.996,Mensual,País Vasco. Índice general. Índice. 
2010-06-01,2010-M06,PV,AUX_IPC,73.112,Mensual,País Vasco. Índice general. Índice. 
2010-07-01,2010-M07,PV,AUX_IPC,72.812,Mensual,País Vasco. Índice general. Índice. 
2010-08-01,2010-M08,PV,AUX_IPC,73.024,Mensual,País Vasco. Índice general. Índice. 
2010-09-01,2010-M09,PV,AUX_IPC,73.164,Mensual,País Vasco. Índice general. Índice. 
2010-10-01,2010-M10,PV,AUX_IPC,73.94,Mensual,País Vasco. Índice general. Índice. 
2010-11-01,2010-M11,PV,AUX_IPC,74.29,Mensual,País Vasco. Índice general. Índice. 
2010-12-01,2010-M12,PV,AUX_IPC,74.594,Mensual,País Vasco. Índice general. Índice. 
2011-01-01,2011-M01,PV,AUX_IPC,73.938,Mensual,País Vasco. Índice general. Índice. 
2011-02-01,2011-M02,PV,AUX_IPC,73.978,Mensual,País Vasco. Índice general. Índice. 
2011-03-01,2011-M03,PV,AUX_IPC,74.575,Mensual,País Vasco. Índice general. Índice. 
2011-04-01,2011-M04,PV,AUX_IPC,75.56,Mensual,País Vasco. Índice general. Índice. 
2011-05-01,2011-M05,PV,AUX_IPC,75.479,Mensual,País Vasco. Índice general. Índice. 
2011-06-01,2011-M06,PV,AUX_IPC,75.376,Mensual,País Vasco. Índice general. Índice. 
2011-07-01,2011-M07,PV,AUX_IPC,74.999,Mensual,País Vasco. Índice general. Índice. 
2011-08-01,2011-M08,PV,AUX_IPC,75.099,Mensual,País Vasco. Índice general. Índice. 
2011-09-01,2011-M09,PV,AUX_IPC,75.355,Mensual,País Vasco. Índice general. Índice. 
2011-10-01,2011-M10,PV,AUX_IPC,76.073,Mensual,País Vasco. Índice general. Índice. 
2011-11-01,2011-M11,PV,AUX_IPC,76.347,Mensual,País Vasco. Índice general. Índice. 
2011-12-01,2011-M12,PV,AUX_IPC,76.35,Mensual,País Vasco. Índice general. Índice. 
2012-01-01,2012-M01,PV,AUX_IPC,75.423,Mensual,País Vasco. Índice general. Índice. 
2012-02-01,2012-M02,PV,AUX_IPC,75.413,Mensual,País Vasco. Índice general. Índice. 
2012-03-01,2012-M03,PV,AUX_IPC,76.0,Mensual,País Vasco. Índice general. Índice. 
2012-04-01,2012-M04,PV,AUX_IPC,77.057,Mensual,País Vasco. Índice general. Índice. 
2012-05-01,2012-M05,PV,AUX_IPC,76.938,Mensual,País Vasco. Índice general. Índice. 
2012-06-01,2012-M06,PV,AUX_IPC,76.801,Mensual,País Vasco. Índice general. Índice. 
2012-07-01,2012-M07,PV,AUX_IPC,76.459,Mensual,País Vasco. Índice general. Índice. 
2012-08-01,2012-M08,PV,AUX_IPC,76.907,Mensual,País Vasco. Índice general. Índice. 
2012-09-01,2012-M09,PV,AUX_IPC,77.727,Mensual,País Vasco. Índice general. Índice. 
2012-10-01,2012-M10,PV,AUX_IPC,78.458,Mensual,País Vasco. Índice general. Índice. 
2012-11-01,2012-M11,PV,AUX_IPC,78.426,Mensual,País Vasco. Índice general. Índice. 
2012-12-01,2012-M12,PV,AUX_IPC,78.4,Mensual,País Vasco. Índice general. Índice. 
2013-01-01,2013-M01,PV,AUX_IPC,77.303,Mensual,País Vasco. Índice general. Índice. 
2013-02-01,2013-M02,PV,AUX_IPC,77.352,Mensual,País Vasco. Índice general. Índice. 
2013-03-01,2013-M03,PV,AUX_IPC,77.8,Mensual,País Vasco. Índice general. Índice. 
2013-04-01,2013-M04,PV,AUX_IPC,78.197,Mensual,País Vasco. Índice general. Índice. 
2013-05-01,2013-M05,PV,AUX_IPC,78.29,Mensual,País Vasco. Índice general. Índice. 
2013-06-01,2013-M06,PV,AUX_IPC,78.332,Mensual,País Vasco. Índice general. Índice. 
2013-07-01,2013-M07,PV,AUX_IPC,78.119,Mensual,País Vasco. Índice general. Índice. 
2013-08-01,2013-M08,PV,AUX_IPC,78.396,Mensual,País Vasco. Índice general. Índice. 
2013-09-01,2013-M09,PV,AUX_IPC,78.249,Mensual,País Vasco. Índice general. Índice. 
2013-10-01,2013-M10,PV,AUX_IPC,78.747,Mensual,País Vasco. Índice general. Índice. 
2013-11-01,2013-M11,PV,AUX_IPC,78.919,Mensual,País Vasco. Índice general. Índice. 
2013-12-01,2013-M12,PV,AUX_IPC,78.86,Mensual,País Vasco. Índice general. Índice. 
2014-01-01,2014-M01,PV,AUX_IPC,77.762,Mensual,País Vasco. Índice general. Índice. 
2014-02-01,2014-M02,PV,AUX_IPC,77.717,Mensual,País Vasco. Índice general. Índice. 
2014-03-01,2014-M03,PV,AUX_IPC,77.924,Mensual,País Vasco. Índice general. Índice. 
2014-04-01,2014-M04,PV,AUX_IPC,78.678,Mensual,País Vasco. Índice general. Índice. 
2014-05-01,2014-M05,PV,AUX_IPC,78.645,Mensual,País Vasco. Índice general. Índice. 
2014-06-01,2014-M06,PV,AUX_IPC,78.72,Mensual,País Vasco. Índice general. Índice. 
2014-07-01,2014-M07,PV,AUX_IPC,78.018,Mensual,País Vasco. Índice general. Índice. 
2014-08-01,2014-M08,PV,AUX_IPC,78.163,Mensual,País Vasco. Índice general. Índice. 
2014-09-01,2014-M09,PV,AUX_IPC,78.339,Mensual,País Vasco. Índice general. Índice. 
2014-10-01,2014-M10,PV,AUX_IPC,78.897,Mensual,País Vasco. Índice general. Índice. 
2014-11-01,2014-M11,PV,AUX_IPC,78.873,Mensual,País Vasco. Índice general. Índice. 
2014-12-01,2014-M12,PV,AUX_IPC,78.343,Mensual,País Vasco. Índice general. Índice. 
2015-01-01,2015-M01,PV,AUX_IPC,76.981,Mensual,País Vasco. Índice general. Índice. 
2015-02-01,2015-M02,PV,AUX_IPC,77.099,Mensual,País Vasco. Índice general. Índice. 
2015-03-01,2015-M03,PV,AUX_IPC,77.585,Mensual,País Vasco. Índice general. Índice. 
2015-04-01,2015-M04,PV,AUX_IPC,78.286,Mensual,País Vasco. Índice general. Índice. 
2015-05-01,2015-M05,PV,AUX_IPC,78.64,Mensual,País Vasco. Índice general. Índice. 
2015-06-01,2015-M06,PV,AUX_IPC,78.886,Mensual,País Vasco. Índice general. Índice. 
2015-07-01,2015-M07,PV,AUX_IPC,78.213,Mensual,País Vasco. Índice general. Índice. 
2015-08-01,2015-M08,PV,AUX_IPC,78.011,Mensual,País Vasco. Índice general. Índice. 
2015-09-01,2015-M09,PV,AUX_IPC,77.909,Mensual,País Vasco. Índice general. Índice. 
2015-10-01,2015-M10,PV,AUX_IPC,78.555,Mensual,País Vasco. Índice general. Índice. 
2015-11-01,2015-M11,PV,AUX_IPC,78.827,Mensual,País Vasco. Índice general. Índice. 
2015-12-01,2015-M12,PV,AUX_IPC,78.583,Mensual,País Vasco. Índice general. Índice. 
2016-01-01,2016-M01,PV,AUX_IPC,77.048,Mensual,País Vasco. Índice general. Índice. 
2016-02-01,2016-M02,PV,AUX_IPC,76.708,Mensual,País Vasco. Índice general. Índice. 
2016-03-01,2016-M03,PV,AUX_IPC,77.24,Mensual,País Vasco. Índice general. Índice. 
2016-04-01,2016-M04,PV,AUX_IPC,77.759,Mensual,País Vasco. Índice general. Índice. 
2016-05-01,2016-M05,PV,AUX_IPC,78.068,Mensual,País Vasco. Índice general. Índice. 
2016-06-01,2016-M06,PV,AUX_IPC,78.471,Mensual,País Vasco. Índice general. Índice. 
2016-07-01,2016-M07,PV,AUX_IPC,77.923,Mensual,País Vasco. Índice general. Índice. 
2016-08-01,2016-M08,PV,AUX_IPC,78.06,Mensual,País Vasco. Índice general. Índice. 
2016-09-01,2016-M09,PV,AUX_IPC,78.112,Mensual,País Vasco. Índice general. Índice. 
2016-10-01,2016-M10,PV,AUX_IPC,79.123,Mensual,País Vasco. Índice general. Índice. 
2016-11-01,2016-M11,PV,AUX_IPC,79.416,Mensual,País Vasco. Índice general. Índice. 
2016-12-01,2016-M12,PV,AUX_IPC,79.779,Mensual,País Vasco. Índice general. Índice. 
2017-01-01,2017-M01,PV,AUX_IPC,79.305,Mensual,País Vasco. Índice general. Índice. 
2017-02-01,2017-M02,PV,AUX_IPC,78.953,Mensual,País Vasco. Índice general. Índice. 
2017-03-01,2017-M03,PV,AUX_IPC,79.038,Mensual,País Vasco. Índice general. Índice. 
2017-04-01,2017-M04,PV,AUX_IPC,79.759,Mensual,País Vasco. Índice general. Índice. 
2017-05-01,2017-M05,PV,AUX_IPC,79.658,Mensual,País Vasco. Índice general. Índice. 
2017-06-01,2017-M06,PV,AUX_IPC,79.634,Mensual,País Vasco. Índice general. Índice. 
2017-07-01,2017-M07,PV,AUX_IPC,79.242,Mensual,País Vasco. Índice general. Índice. 
2017-08-01,2017-M08,PV,AUX_IPC,79.453,Mensual,País Vasco. Índice general. Índice. 
2017-09-01,2017-M09,PV,AUX_IPC,79.563,Mensual,País Vasco. Índice general. Índice. 
2017-10-01,2017-M10,PV,AUX_IPC,80.377,Mensual,País Vasco. Índice general. Índice. 
2017-11-01,2017-M11,PV,AUX_IPC,80.676,Mensual,País Vasco. Índice general. Índice. 
2017-12-01,2017-M12,PV,AUX_IPC,80.645,Mensual,País Vasco. Índice general. Índice. 
2018-01-01,2018-M01,PV,AUX_IPC,79.663,Mensual,País Vasco. Índice general. Índice. 
2018-02-01,2018-M02,PV,AUX_IPC,79.748,Mensual,País Vasco. Índice general. Índice. 
2018-03-01,2018-M03,PV,AUX_IPC,79.949,Mensual,País Vasco. Índice general. Índice. 
2018-04-01,2018-M04,PV,AUX_IPC,80.59,Mensual,País Vasco. Índice general. Índice. 
2018-05-01,2018-M05,PV,AUX_IPC,81.27,Mensual,País Vasco. Índice general. Índice. 
2018-06-01,2018-M06,PV,AUX_IPC,81.458,Mensual,País Vasco. Índice general. Índice. 
2018-07-01,2018-M07,PV,AUX_IPC,81.047,Mensual,País Vasco. Índice general. Índice. 
2018-08-01,2018-M08,PV,AUX_IPC,81.164,Mensual,País Vasco. Índice general. Índice. 
2018-09-01,2018-M09,PV,AUX_IPC,81.258,Mensual,País Vasco. Índice general. Índice. 
2018-10-01,2018-M10,PV,AUX_IPC,82.115,Mensual,País Vasco. Índice general. Índice. 
2018-11-01,2018-M11,PV,AUX_IPC,81.916,Mensual,País Vasco. Índice general. Índice. 
2018-12-01,2018-M12,PV,AUX_IPC,81.426,Mensual,País Vasco. Índice general. Índice. 
2019-01-01,2019-M01,PV,AUX_IPC,80.436,Mensual,País Vasco. Índice general. Índice. 
2019-02-01,2019-M02,PV,AUX_IPC,80.793,Mensual,País Vasco. Índice general. Índice. 
2019-03-01,2019-M03,PV,AUX_IPC,81.126,Mensual,País Vasco. Índice general. Índice. 
2019-04-01,2019-M04,PV,AUX_IPC,81.926,Mensual,País Vasco. Índice general. Índice. 
2019-05-01,2019-M05,PV,AUX_IPC,82.109,Mensual,País Vasco. Índice general. Índice. 
2019-06-01,2019-M06,PV,AUX_IPC,82.069,Mensual,País Vasco. Índice general. Índice. 
2019-07-01,2019-M07,PV,AUX_IPC,81.664,Mensual,País Vasco. Índice general. Índice. 
2019-08-01,2019-M08,PV,AUX_IPC,81.678,Mensual,País Vasco. Índice general. Índice. 
2019-09-01,2019-M09,PV,AUX_IPC,81.641,Mensual,País Vasco. Índice general. Índice. 
2019-10-01,2019-M10,PV,AUX_IPC,82.5,Mensual,País Vasco. Índice general. Índice. 
2019-11-01,2019-M11,PV,AUX_IPC,82.594,Mensual,País Vasco. Índice general. Índice. 
2019-12-01,2019-M12,PV,AUX_IPC,82.368,Mensual,País Vasco. Índice general. Índice. 
2020-01-01,2020-M01,PV,AUX_IPC,81.545,Mensual,País Vasco. Índice general. Índice. 
2020-02-01,2020-M02,PV,AUX_IPC,81.427,Mensual,País Vasco. Índice general. Índice. 
2020-03-01,2020-M03,PV,AUX_IPC,81.24,Mensual,País Vasco. Índice general. Índice. 
2020-04-01,2020-M04,PV,AUX_IPC,81.501,Mensual,País Vasco. Índice general. Índice. 
2020-05-01,2020-M05,PV,AUX_IPC,81.536,Mensual,País Vasco. Índice general. Índice. 
2020-06-01,2020-M06,PV,AUX_IPC,81.944,Mensual,País Vasco. Índice general. Índice. 
2020-07-01,2020-M07,PV,AUX_IPC,81.177,Mensual,País Vasco. Índice general. Índice. 
2020-08-01,2020-M08,PV,AUX_IPC,81.331,Mensual,País Vasco. Índice general. Índice. 
2020-09-01,2020-M09,PV,AUX_IPC,81.51,Mensual,País Vasco. Índice general. Índice. 
2020-10-01,2020-M10,PV,AUX_IPC,82.086,Mensual,País Vasco. Índice general. Índice. 
2020-11-01,2020-M11,PV,AUX_IPC,82.112,Mensual,País Vasco. Índice general. Índice. 
2020-12-01,2020-M12,PV,AUX_IPC,82.145,Mensual,País Vasco. Índice general. Índice. 
2021-01-01,2021-M01,PV,AUX_IPC,82.062,Mensual,País Vasco. Índice general. Índice. 
2021-02-01,2021-M02,PV,AUX_IPC,81.637,Mensual,País Vasco. Índice general. Índice. 
2021-03-01,2021-M03,PV,AUX_IPC,82.412,Mensual,País Vasco. Índice general. Índice. 
2021-04-01,2021-M04,PV,AUX_IPC,83.501,Mensual,País Vasco. Índice general. Índice. 
2021-05-01,2021-M05,PV,AUX_IPC,83.792,Mensual,País Vasco. Índice general. Índice. 
2021-06-01,2021-M06,PV,AUX_IPC,84.304,Mensual,País Vasco. Índice general. Índice. 
2021-07-01,2021-M07,PV,AUX_IPC,83.531,Mensual,País Vasco. Índice general. Índice. 
2021-08-01,2021-M08,PV,AUX_IPC,83.988,Mensual,País Vasco. Índice general. Índice. 
2021-09-01,2021-M09,PV,AUX_IPC,84.719,Mensual,País Vasco. Índice general. Índice. 
2021-10-01,2021-M10,PV,AUX_IPC,86.196,Mensual,País Vasco. Índice general. Índice. 
2021-11-01,2021-M11,PV,AUX_IPC,86.305,Mensual,País Vasco. Índice general. Índice. 
2021-12-01,2021-M12,PV,AUX_IPC,87.377,Mensual,País Vasco. Índice general. Índice. 
2022-01-01,2022-M01,PV,AUX_IPC,86.994,Mensual,País Vasco. Índice general. Índice. 
2022-02-01,2022-M02,PV,AUX_IPC,87.658,Mensual,País Vasco. Índice general. Índice. 
2022-03-01,2022-M03,PV,AUX_IPC,90.281,Mensual,País Vasco. Índice general. Índice. 
2022-04-01,2022-M04,PV,AUX_IPC,90.008,Mensual,País Vasco. Índice general. Índice. 
2022-05-01,2022-M05,PV,AUX_IPC,90.724,Mensual,País Vasco. Índice general. Índice. 
2022-06-01,2022-M06,PV,AUX_IPC,92.401,Mensual,País Vasco. Índice general. Índice. 
2022-07-01,2022-M07,PV,AUX_IPC,92.309,Mensual,País Vasco. Índice general. Índice. 
2022-08-01,2022-M08,PV,AUX_IPC,92.648,Mensual,País Vasco. Índice general. Índice. 
2022-09-01,2022-M09,PV,AUX_IPC,91.943,Mensual,País Vasco. Índice general. Índice. 
2022-10-01,2022-M10,PV,AUX_IPC,92.149,Mensual,País Vasco. Índice general. Índice. 
2022-11-01,2022-M11,PV,AUX_IPC,91.928,Mensual,País Vasco. Índice general. Índice. 
2022-12-01,2022-M12,PV,AUX_IPC,92.064,Mensual,País Vasco. Índice general. Índice. 
2023-01-01,2023-M01,PV,AUX_IPC,91.881,Mensual,País Vasco. Índice general. Índice. 
2023-02-01,2023-M02,PV,AUX_IPC,92.76,Mensual,País Vasco. Índice general. Índice. 
2023-03-01,2023-M03,PV,AUX_IPC,93.288,Mensual,País Vasco. Índice general. Índice. 
2023-04-01,2023-M04,PV,AUX_IPC,93.814,Mensual,País Vasco. Índice general. Índice. 
2023-05-01,2023-M05,PV,AUX_IPC,93.814,Mensual,País Vasco. Índice general. Índice. 
2023-06-01,2023-M06,PV,AUX_IPC,94.511,Mensual,País Vasco. Índice general. Índice. 
2023-07-01,2023-M07,PV,AUX_IPC,94.727,Mensual,País Vasco. Índice general. Índice. 
2023-08-01,2023-M08,PV,AUX_IPC,95.159,Mensual,País Vasco. Índice general. Índice. 
2023-09-01,2023-M09,PV,AUX_IPC,95.241,Mensual,País Vasco. Índice general. Índice. 
2023-10-01,2023-M10,PV,AUX_IPC,95.411,Mensual,País Vasco. Índice general. Índice. 
2023-11-01,2023-M11,PV,AUX_IPC,95.063,Mensual,País Vasco. Índice general. Índice. 
2023-12-01,2023-M12,PV,AUX_IPC,94.95,Mensual,País Vasco. Índice general. Índice. 
2024-01-01,2024-M01,PV,AUX_IPC,95.071,Mensual,País Vasco. Índice general. Índice. 
2024-02-01,2024-M02,PV,AUX_IPC,95.668,Mensual,País Vasco. Índice general. Índice. 
2024-03-01,2024-M03,PV,AUX_IPC,96.286,Mensual,País Vasco. Índice general. Índice. 
2024-04-01,2024-M04,PV,AUX_IPC,97.057,Mensual,País Vasco. Índice general. Índice. 
2024-05-01,2024-M05,PV,AUX_IPC,97.475,Mensual,País Vasco. Índice general. Índice. 
2024-06-01,2024-M06,PV,AUX_IPC,97.796,Mensual,País Vasco. Índice general. Índice. 
2024-07-01,2024-M07,PV,AUX_IPC,97.49,Mensual,País Vasco. Índice general. Índice. 
2024-08-01,2024-M08,PV,AUX_IPC,97.662,Mensual,País Vasco. Índice general. Índice. 
2024-09-01,2024-M09,PV,AUX_IPC,96.974,Mensual,País Vasco. Índice general. Índice. 
2024-10-01,2024-M10,PV,AUX_IPC,97.582,Mensual,País Vasco. Índice general. Índice. 
2024-11-01,2024-M11,PV,AUX_IPC,97.809,Mensual,País Vasco. Índice general. Índice. 
2024-12-01,2024-M12,PV,AUX_IPC,98.349,Mensual,País Vasco. Índice general. Índice. 
2025-01-01,2025-M01,PV,AUX_IPC,98.403,Mensual,País Vasco. Índice general. Índice. 
2025-02-01,2025-M02,PV,AUX_IPC,98.827,Mensual,País Vasco. Índice general. Índice. 
2025-03-01,2025-M03,PV,AUX_IPC,99.006,Mensual,País Vasco. Índice general. Índice. 
2025-04-01,2025-M04,PV,AUX_IPC,99.628,Mensual,País Vasco. Índice general. Índice. 
2025-05-01,2025-M05,PV,AUX_IPC,99.835,Mensual,País Vasco. Índice general. Índice. 
2025-06-01,2025-M06,PV,AUX_IPC,100.515,Mensual,País Vasco. Índice general. Índice. 
2025-07-01,2025-M07,PV,AUX_IPC,100.385,Mensual,País Vasco. Índice general. Índice. 
2025-08-01,2025-M08,PV,AUX_IPC,100.435,Mensual,País Vasco. Índice general. Índice. 
2025-09-01,2025-M09,PV,AUX_IPC,100.137,Mensual,País Vasco. Índice general. Índice. 
2025-10-01,2025-M10,PV,AUX_IPC,100.729,Mensual,País Vasco. Índice general. Índice. 
2025-11-01,2025-M11,PV,AUX_IPC,100.933,Mensual,País Vasco. Índice general. Índice. 
2025-12-01,2025-M12,PV,AUX_IPC,101.168,Mensual,País Vasco. Índice general. Índice. 
2026-01-01,2026-M01,PV,AUX_IPC,100.701,Mensual,País Vasco. Índice general. Índice. 
2026-02-01,2026-M02,PV,AUX_IPC,101.227,Mensual,País Vasco. Índice general. Índice. 
2026-03-01,2026-M03,PV,AUX_IPC,102.343,Mensual,País Vasco. Índice general. Índice. 
2026-04-01,2026-M04,PV,AUX_IPC,102.785,Mensual,País Vasco. Índice general. Índice. 
2026-05-01,2026-M05,PV,AUX_IPC,102.989,Mensual,País Vasco. Índice general. Índice. 
2026-06-01,2026-M06,PV,AUX_IPC,103.767,Mensual,País Vasco. Índice general. Índice. 
2026-07-01,2026-M07,PV,AUX_IPC,104.114,Mensual,País Vasco. Índice general. Índice. 
2010-01-01,2010-M01,RIO,AUX_IPC,72.411,Mensual,"Rioja, La. Índice general. Índice. "
2010-02-01,2010-M02,RIO,AUX_IPC,72.338,Mensual,"Rioja, La. Índice general. Índice. "
2010-03-01,2010-M03,RIO,AUX_IPC,72.705,Mensual,"Rioja, La. Índice general. Índice. "
2010-04-01,2010-M04,RIO,AUX_IPC,73.985,Mensual,"Rioja, La. Índice general. Índice. "
2010-05-01,2010-M05,RIO,AUX_IPC,74.17,Mensual,"Rioja, La. Índice general. Índice. "
2010-06-01,2010-M06,RIO,AUX_IPC,74.396,Mensual,"Rioja, La. Índice general. Índice. "
2010-07-01,2010-M07,RIO,AUX_IPC,73.634,Mensual,"Rioja, La. Índice general. Índice. "
2010-08-01,2010-M08,RIO,AUX_IPC,73.794,Mensual,"Rioja, La. Índice general. Índice. "
2010-09-01,2010-M09,RIO,AUX_IPC,73.739,Mensual,"Rioja, La. Índice general. Índice. "
2010-10-01,2010-M10,RIO,AUX_IPC,74.706,Mensual,"Rioja, La. Índice general. Índice. "
2010-11-01,2010-M11,RIO,AUX_IPC,75.326,Mensual,"Rioja, La. Índice general. Índice. "
2010-12-01,2010-M12,RIO,AUX_IPC,75.869,Mensual,"Rioja, La. Índice general. Índice. "
2011-01-01,2011-M01,RIO,AUX_IPC,74.904,Mensual,"Rioja, La. Índice general. Índice. "
2011-02-01,2011-M02,RIO,AUX_IPC,75.022,Mensual,"Rioja, La. Índice general. Índice. "
2011-03-01,2011-M03,RIO,AUX_IPC,75.433,Mensual,"Rioja, La. Índice general. Índice. "
2011-04-01,2011-M04,RIO,AUX_IPC,76.915,Mensual,"Rioja, La. Índice general. Índice. "
2011-05-01,2011-M05,RIO,AUX_IPC,76.922,Mensual,"Rioja, La. Índice general. Índice. "
2011-06-01,2011-M06,RIO,AUX_IPC,76.972,Mensual,"Rioja, La. Índice general. Índice. "
2011-07-01,2011-M07,RIO,AUX_IPC,76.154,Mensual,"Rioja, La. Índice general. Índice. "
2011-08-01,2011-M08,RIO,AUX_IPC,76.269,Mensual,"Rioja, La. Índice general. Índice. "
2011-09-01,2011-M09,RIO,AUX_IPC,76.344,Mensual,"Rioja, La. Índice general. Índice. "
2011-10-01,2011-M10,RIO,AUX_IPC,77.179,Mensual,"Rioja, La. Índice general. Índice. "
2011-11-01,2011-M11,RIO,AUX_IPC,77.721,Mensual,"Rioja, La. Índice general. Índice. "
2011-12-01,2011-M12,RIO,AUX_IPC,77.928,Mensual,"Rioja, La. Índice general. Índice. "
2012-01-01,2012-M01,RIO,AUX_IPC,76.549,Mensual,"Rioja, La. Índice general. Índice. "
2012-02-01,2012-M02,RIO,AUX_IPC,76.667,Mensual,"Rioja, La. Índice general. Índice. "
2012-03-01,2012-M03,RIO,AUX_IPC,77.11,Mensual,"Rioja, La. Índice general. Índice. "
2012-04-01,2012-M04,RIO,AUX_IPC,78.543,Mensual,"Rioja, La. Índice general. Índice. "
2012-05-01,2012-M05,RIO,AUX_IPC,78.568,Mensual,"Rioja, La. Índice general. Índice. "
2012-06-01,2012-M06,RIO,AUX_IPC,78.521,Mensual,"Rioja, La. Índice general. Índice. "
2012-07-01,2012-M07,RIO,AUX_IPC,77.887,Mensual,"Rioja, La. Índice general. Índice. "
2012-08-01,2012-M08,RIO,AUX_IPC,78.366,Mensual,"Rioja, La. Índice general. Índice. "
2012-09-01,2012-M09,RIO,AUX_IPC,79.056,Mensual,"Rioja, La. Índice general. Índice. "
2012-10-01,2012-M10,RIO,AUX_IPC,79.872,Mensual,"Rioja, La. Índice general. Índice. "
2012-11-01,2012-M11,RIO,AUX_IPC,79.948,Mensual,"Rioja, La. Índice general. Índice. "
2012-12-01,2012-M12,RIO,AUX_IPC,80.08,Mensual,"Rioja, La. Índice general. Índice. "
2013-01-01,2013-M01,RIO,AUX_IPC,78.57,Mensual,"Rioja, La. Índice general. Índice. "
2013-02-01,2013-M02,RIO,AUX_IPC,78.699,Mensual,"Rioja, La. Índice general. Índice. "
2013-03-01,2013-M03,RIO,AUX_IPC,78.793,Mensual,"Rioja, La. Índice general. Índice. "
2013-04-01,2013-M04,RIO,AUX_IPC,79.562,Mensual,"Rioja, La. Índice general. Índice. "
2013-05-01,2013-M05,RIO,AUX_IPC,79.766,Mensual,"Rioja, La. Índice general. Índice. "
2013-06-01,2013-M06,RIO,AUX_IPC,79.94,Mensual,"Rioja, La. Índice general. Índice. "
2013-07-01,2013-M07,RIO,AUX_IPC,79.141,Mensual,"Rioja, La. Índice general. Índice. "
2013-08-01,2013-M08,RIO,AUX_IPC,79.542,Mensual,"Rioja, La. Índice general. Índice. "
2013-09-01,2013-M09,RIO,AUX_IPC,79.197,Mensual,"Rioja, La. Índice general. Índice. "
2013-10-01,2013-M10,RIO,AUX_IPC,79.672,Mensual,"Rioja, La. Índice general. Índice. "
2013-11-01,2013-M11,RIO,AUX_IPC,80.108,Mensual,"Rioja, La. Índice general. Índice. "
2013-12-01,2013-M12,RIO,AUX_IPC,80.197,Mensual,"Rioja, La. Índice general. Índice. "
2014-01-01,2014-M01,RIO,AUX_IPC,78.583,Mensual,"Rioja, La. Índice general. Índice. "
2014-02-01,2014-M02,RIO,AUX_IPC,78.592,Mensual,"Rioja, La. Índice general. Índice. "
2014-03-01,2014-M03,RIO,AUX_IPC,78.658,Mensual,"Rioja, La. Índice general. Índice. "
2014-04-01,2014-M04,RIO,AUX_IPC,79.722,Mensual,"Rioja, La. Índice general. Índice. "
2014-05-01,2014-M05,RIO,AUX_IPC,79.833,Mensual,"Rioja, La. Índice general. Índice. "
2014-06-01,2014-M06,RIO,AUX_IPC,79.975,Mensual,"Rioja, La. Índice general. Índice. "
2014-07-01,2014-M07,RIO,AUX_IPC,78.86,Mensual,"Rioja, La. Índice general. Índice. "
2014-08-01,2014-M08,RIO,AUX_IPC,79.016,Mensual,"Rioja, La. Índice general. Índice. "
2014-09-01,2014-M09,RIO,AUX_IPC,79.262,Mensual,"Rioja, La. Índice general. Índice. "
2014-10-01,2014-M10,RIO,AUX_IPC,79.8,Mensual,"Rioja, La. Índice general. Índice. "
2014-11-01,2014-M11,RIO,AUX_IPC,79.895,Mensual,"Rioja, La. Índice general. Índice. "
2014-12-01,2014-M12,RIO,AUX_IPC,79.484,Mensual,"Rioja, La. Índice general. Índice. "
2015-01-01,2015-M01,RIO,AUX_IPC,77.671,Mensual,"Rioja, La. Índice general. Índice. "
2015-02-01,2015-M02,RIO,AUX_IPC,77.923,Mensual,"Rioja, La. Índice general. Índice. "
2015-03-01,2015-M03,RIO,AUX_IPC,78.233,Mensual,"Rioja, La. Índice general. Índice. "
2015-04-01,2015-M04,RIO,AUX_IPC,79.304,Mensual,"Rioja, La. Índice general. Índice. "
2015-05-01,2015-M05,RIO,AUX_IPC,79.781,Mensual,"Rioja, La. Índice general. Índice. "
2015-06-01,2015-M06,RIO,AUX_IPC,80.164,Mensual,"Rioja, La. Índice general. Índice. "
2015-07-01,2015-M07,RIO,AUX_IPC,79.007,Mensual,"Rioja, La. Índice general. Índice. "
2015-08-01,2015-M08,RIO,AUX_IPC,78.795,Mensual,"Rioja, La. Índice general. Índice. "
2015-09-01,2015-M09,RIO,AUX_IPC,78.546,Mensual,"Rioja, La. Índice general. Índice. "
2015-10-01,2015-M10,RIO,AUX_IPC,79.221,Mensual,"Rioja, La. Índice general. Índice. "
2015-11-01,2015-M11,RIO,AUX_IPC,79.776,Mensual,"Rioja, La. Índice general. Índice. "
2015-12-01,2015-M12,RIO,AUX_IPC,79.532,Mensual,"Rioja, La. Índice general. Índice. "
2016-01-01,2016-M01,RIO,AUX_IPC,77.544,Mensual,"Rioja, La. Índice general. Índice. "
2016-02-01,2016-M02,RIO,AUX_IPC,77.3,Mensual,"Rioja, La. Índice general. Índice. "
2016-03-01,2016-M03,RIO,AUX_IPC,77.612,Mensual,"Rioja, La. Índice general. Índice. "
2016-04-01,2016-M04,RIO,AUX_IPC,78.402,Mensual,"Rioja, La. Índice general. Índice. "
2016-05-01,2016-M05,RIO,AUX_IPC,78.939,Mensual,"Rioja, La. Índice general. Índice. "
2016-06-01,2016-M06,RIO,AUX_IPC,79.384,Mensual,"Rioja, La. Índice general. Índice. "
2016-07-01,2016-M07,RIO,AUX_IPC,78.235,Mensual,"Rioja, La. Índice general. Índice. "
2016-08-01,2016-M08,RIO,AUX_IPC,78.459,Mensual,"Rioja, La. Índice general. Índice. "
2016-09-01,2016-M09,RIO,AUX_IPC,78.413,Mensual,"Rioja, La. Índice general. Índice. "
2016-10-01,2016-M10,RIO,AUX_IPC,79.463,Mensual,"Rioja, La. Índice general. Índice. "
2016-11-01,2016-M11,RIO,AUX_IPC,80.103,Mensual,"Rioja, La. Índice general. Índice. "
2016-12-01,2016-M12,RIO,AUX_IPC,80.755,Mensual,"Rioja, La. Índice general. Índice. "
2017-01-01,2017-M01,RIO,AUX_IPC,79.965,Mensual,"Rioja, La. Índice general. Índice. "
2017-02-01,2017-M02,RIO,AUX_IPC,79.636,Mensual,"Rioja, La. Índice general. Índice. "
2017-03-01,2017-M03,RIO,AUX_IPC,79.403,Mensual,"Rioja, La. Índice general. Índice. "
2017-04-01,2017-M04,RIO,AUX_IPC,80.484,Mensual,"Rioja, La. Índice general. Índice. "
2017-05-01,2017-M05,RIO,AUX_IPC,80.589,Mensual,"Rioja, La. Índice general. Índice. "
2017-06-01,2017-M06,RIO,AUX_IPC,80.616,Mensual,"Rioja, La. Índice general. Índice. "
2017-07-01,2017-M07,RIO,AUX_IPC,79.54,Mensual,"Rioja, La. Índice general. Índice. "
2017-08-01,2017-M08,RIO,AUX_IPC,79.655,Mensual,"Rioja, La. Índice general. Índice. "
2017-09-01,2017-M09,RIO,AUX_IPC,79.713,Mensual,"Rioja, La. Índice general. Índice. "
2017-10-01,2017-M10,RIO,AUX_IPC,80.74,Mensual,"Rioja, La. Índice general. Índice. "
2017-11-01,2017-M11,RIO,AUX_IPC,81.244,Mensual,"Rioja, La. Índice general. Índice. "
2017-12-01,2017-M12,RIO,AUX_IPC,81.253,Mensual,"Rioja, La. Índice general. Índice. "
2018-01-01,2018-M01,RIO,AUX_IPC,80.161,Mensual,"Rioja, La. Índice general. Índice. "
2018-02-01,2018-M02,RIO,AUX_IPC,80.353,Mensual,"Rioja, La. Índice general. Índice. "
2018-03-01,2018-M03,RIO,AUX_IPC,80.237,Mensual,"Rioja, La. Índice general. Índice. "
2018-04-01,2018-M04,RIO,AUX_IPC,81.163,Mensual,"Rioja, La. Índice general. Índice. "
2018-05-01,2018-M05,RIO,AUX_IPC,82.028,Mensual,"Rioja, La. Índice general. Índice. "
2018-06-01,2018-M06,RIO,AUX_IPC,82.272,Mensual,"Rioja, La. Índice general. Índice. "
2018-07-01,2018-M07,RIO,AUX_IPC,81.369,Mensual,"Rioja, La. Índice general. Índice. "
2018-08-01,2018-M08,RIO,AUX_IPC,81.428,Mensual,"Rioja, La. Índice general. Índice. "
2018-09-01,2018-M09,RIO,AUX_IPC,81.45,Mensual,"Rioja, La. Índice general. Índice. "
2018-10-01,2018-M10,RIO,AUX_IPC,82.395,Mensual,"Rioja, La. Índice general. Índice. "
2018-11-01,2018-M11,RIO,AUX_IPC,82.536,Mensual,"Rioja, La. Índice general. Índice. "
2018-12-01,2018-M12,RIO,AUX_IPC,82.195,Mensual,"Rioja, La. Índice general. Índice. "
2019-01-01,2019-M01,RIO,AUX_IPC,81.049,Mensual,"Rioja, La. Índice general. Índice. "
2019-02-01,2019-M02,RIO,AUX_IPC,81.272,Mensual,"Rioja, La. Índice general. Índice. "
2019-03-01,2019-M03,RIO,AUX_IPC,81.286,Mensual,"Rioja, La. Índice general. Índice. "
2019-04-01,2019-M04,RIO,AUX_IPC,82.547,Mensual,"Rioja, La. Índice general. Índice. "
2019-05-01,2019-M05,RIO,AUX_IPC,82.918,Mensual,"Rioja, La. Índice general. Índice. "
2019-06-01,2019-M06,RIO,AUX_IPC,82.873,Mensual,"Rioja, La. Índice general. Índice. "
2019-07-01,2019-M07,RIO,AUX_IPC,81.973,Mensual,"Rioja, La. Índice general. Índice. "
2019-08-01,2019-M08,RIO,AUX_IPC,81.9,Mensual,"Rioja, La. Índice general. Índice. "
2019-09-01,2019-M09,RIO,AUX_IPC,81.777,Mensual,"Rioja, La. Índice general. Índice. "
2019-10-01,2019-M10,RIO,AUX_IPC,82.719,Mensual,"Rioja, La. Índice general. Índice. "
2019-11-01,2019-M11,RIO,AUX_IPC,83.075,Mensual,"Rioja, La. Índice general. Índice. "
2019-12-01,2019-M12,RIO,AUX_IPC,83.055,Mensual,"Rioja, La. Índice general. Índice. "
2020-01-01,2020-M01,RIO,AUX_IPC,81.91,Mensual,"Rioja, La. Índice general. Índice. "
2020-02-01,2020-M02,RIO,AUX_IPC,81.729,Mensual,"Rioja, La. Índice general. Índice. "
2020-03-01,2020-M03,RIO,AUX_IPC,81.305,Mensual,"Rioja, La. Índice general. Índice. "
2020-04-01,2020-M04,RIO,AUX_IPC,81.8,Mensual,"Rioja, La. Índice general. Índice. "
2020-05-01,2020-M05,RIO,AUX_IPC,81.968,Mensual,"Rioja, La. Índice general. Índice. "
2020-06-01,2020-M06,RIO,AUX_IPC,82.31,Mensual,"Rioja, La. Índice general. Índice. "
2020-07-01,2020-M07,RIO,AUX_IPC,81.129,Mensual,"Rioja, La. Índice general. Índice. "
2020-08-01,2020-M08,RIO,AUX_IPC,81.331,Mensual,"Rioja, La. Índice general. Índice. "
2020-09-01,2020-M09,RIO,AUX_IPC,81.209,Mensual,"Rioja, La. Índice general. Índice. "
2020-10-01,2020-M10,RIO,AUX_IPC,81.742,Mensual,"Rioja, La. Índice general. Índice. "
2020-11-01,2020-M11,RIO,AUX_IPC,82.029,Mensual,"Rioja, La. Índice general. Índice. "
2020-12-01,2020-M12,RIO,AUX_IPC,82.361,Mensual,"Rioja, La. Índice general. Índice. "
2021-01-01,2021-M01,RIO,AUX_IPC,82.136,Mensual,"Rioja, La. Índice general. Índice. "
2021-02-01,2021-M02,RIO,AUX_IPC,81.589,Mensual,"Rioja, La. Índice general. Índice. "
2021-03-01,2021-M03,RIO,AUX_IPC,82.264,Mensual,"Rioja, La. Índice general. Índice. "
2021-04-01,2021-M04,RIO,AUX_IPC,83.69,Mensual,"Rioja, La. Índice general. Índice. "
2021-05-01,2021-M05,RIO,AUX_IPC,84.118,Mensual,"Rioja, La. Índice general. Índice. "
2021-06-01,2021-M06,RIO,AUX_IPC,84.627,Mensual,"Rioja, La. Índice general. Índice. "
2021-07-01,2021-M07,RIO,AUX_IPC,83.671,Mensual,"Rioja, La. Índice general. Índice. "
2021-08-01,2021-M08,RIO,AUX_IPC,84.2,Mensual,"Rioja, La. Índice general. Índice. "
2021-09-01,2021-M09,RIO,AUX_IPC,84.738,Mensual,"Rioja, La. Índice general. Índice. "
2021-10-01,2021-M10,RIO,AUX_IPC,86.573,Mensual,"Rioja, La. Índice general. Índice. "
2021-11-01,2021-M11,RIO,AUX_IPC,86.855,Mensual,"Rioja, La. Índice general. Índice. "
2021-12-01,2021-M12,RIO,AUX_IPC,88.133,Mensual,"Rioja, La. Índice general. Índice. "
2022-01-01,2022-M01,RIO,AUX_IPC,87.523,Mensual,"Rioja, La. Índice general. Índice. "
2022-02-01,2022-M02,RIO,AUX_IPC,88.237,Mensual,"Rioja, La. Índice general. Índice. "
2022-03-01,2022-M03,RIO,AUX_IPC,90.963,Mensual,"Rioja, La. Índice general. Índice. "
2022-04-01,2022-M04,RIO,AUX_IPC,91.065,Mensual,"Rioja, La. Índice general. Índice. "
2022-05-01,2022-M05,RIO,AUX_IPC,91.877,Mensual,"Rioja, La. Índice general. Índice. "
2022-06-01,2022-M06,RIO,AUX_IPC,93.562,Mensual,"Rioja, La. Índice general. Índice. "
2022-07-01,2022-M07,RIO,AUX_IPC,93.45,Mensual,"Rioja, La. Índice general. Índice. "
2022-08-01,2022-M08,RIO,AUX_IPC,93.804,Mensual,"Rioja, La. Índice general. Índice. "
2022-09-01,2022-M09,RIO,AUX_IPC,92.962,Mensual,"Rioja, La. Índice general. Índice. "
2022-10-01,2022-M10,RIO,AUX_IPC,93.181,Mensual,"Rioja, La. Índice general. Índice. "
2022-11-01,2022-M11,RIO,AUX_IPC,93.073,Mensual,"Rioja, La. Índice general. Índice. "
2022-12-01,2022-M12,RIO,AUX_IPC,93.247,Mensual,"Rioja, La. Índice general. Índice. "
2023-01-01,2023-M01,RIO,AUX_IPC,92.946,Mensual,"Rioja, La. Índice general. Índice. "
2023-02-01,2023-M02,RIO,AUX_IPC,93.986,Mensual,"Rioja, La. Índice general. Índice. "
2023-03-01,2023-M03,RIO,AUX_IPC,94.271,Mensual,"Rioja, La. Índice general. Índice. "
2023-04-01,2023-M04,RIO,AUX_IPC,94.82,Mensual,"Rioja, La. Índice general. Índice. "
2023-05-01,2023-M05,RIO,AUX_IPC,94.67,Mensual,"Rioja, La. Índice general. Índice. "
2023-06-01,2023-M06,RIO,AUX_IPC,95.123,Mensual,"Rioja, La. Índice general. Índice. "
2023-07-01,2023-M07,RIO,AUX_IPC,95.453,Mensual,"Rioja, La. Índice general. Índice. "
2023-08-01,2023-M08,RIO,AUX_IPC,95.912,Mensual,"Rioja, La. Índice general. Índice. "
2023-09-01,2023-M09,RIO,AUX_IPC,95.894,Mensual,"Rioja, La. Índice general. Índice. "
2023-10-01,2023-M10,RIO,AUX_IPC,96.193,Mensual,"Rioja, La. Índice general. Índice. "
2023-11-01,2023-M11,RIO,AUX_IPC,96.023,Mensual,"Rioja, La. Índice general. Índice. "
2023-12-01,2023-M12,RIO,AUX_IPC,96.098,Mensual,"Rioja, La. Índice general. Índice. "
2024-01-01,2024-M01,RIO,AUX_IPC,96.196,Mensual,"Rioja, La. Índice general. Índice. "
2024-02-01,2024-M02,RIO,AUX_IPC,96.381,Mensual,"Rioja, La. Índice general. Índice. "
2024-03-01,2024-M03,RIO,AUX_IPC,97.119,Mensual,"Rioja, La. Índice general. Índice. "
2024-04-01,2024-M04,RIO,AUX_IPC,97.885,Mensual,"Rioja, La. Índice general. Índice. "
2024-05-01,2024-M05,RIO,AUX_IPC,98.055,Mensual,"Rioja, La. Índice general. Índice. "
2024-06-01,2024-M06,RIO,AUX_IPC,98.405,Mensual,"Rioja, La. Índice general. Índice. "
2024-07-01,2024-M07,RIO,AUX_IPC,98.024,Mensual,"Rioja, La. Índice general. Índice. "
2024-08-01,2024-M08,RIO,AUX_IPC,98.168,Mensual,"Rioja, La. Índice general. Índice. "
2024-09-01,2024-M09,RIO,AUX_IPC,97.169,Mensual,"Rioja, La. Índice general. Índice. "
2024-10-01,2024-M10,RIO,AUX_IPC,97.76,Mensual,"Rioja, La. Índice general. Índice. "
2024-11-01,2024-M11,RIO,AUX_IPC,98.394,Mensual,"Rioja, La. Índice general. Índice. "
2024-12-01,2024-M12,RIO,AUX_IPC,98.812,Mensual,"Rioja, La. Índice general. Índice. "
2025-01-01,2025-M01,RIO,AUX_IPC,98.807,Mensual,"Rioja, La. Índice general. Índice. "
2025-02-01,2025-M02,RIO,AUX_IPC,99.007,Mensual,"Rioja, La. Índice general. Índice. "
2025-03-01,2025-M03,RIO,AUX_IPC,99.151,Mensual,"Rioja, La. Índice general. Índice. "
2025-04-01,2025-M04,RIO,AUX_IPC,99.854,Mensual,"Rioja, La. Índice general. Índice. "
2025-05-01,2025-M05,RIO,AUX_IPC,99.832,Mensual,"Rioja, La. Índice general. Índice. "
2025-06-01,2025-M06,RIO,AUX_IPC,100.305,Mensual,"Rioja, La. Índice general. Índice. "
2025-07-01,2025-M07,RIO,AUX_IPC,100.274,Mensual,"Rioja, La. Índice general. Índice. "
2025-08-01,2025-M08,RIO,AUX_IPC,100.272,Mensual,"Rioja, La. Índice general. Índice. "
2025-09-01,2025-M09,RIO,AUX_IPC,99.884,Mensual,"Rioja, La. Índice general. Índice. "
2025-10-01,2025-M10,RIO,AUX_IPC,100.517,Mensual,"Rioja, La. Índice general. Índice. "
2025-11-01,2025-M11,RIO,AUX_IPC,100.739,Mensual,"Rioja, La. Índice general. Índice. "
2025-12-01,2025-M12,RIO,AUX_IPC,101.358,Mensual,"Rioja, La. Índice general. Índice. "
2026-01-01,2026-M01,RIO,AUX_IPC,100.692,Mensual,"Rioja, La. Índice general. Índice. "
2026-02-01,2026-M02,RIO,AUX_IPC,101.024,Mensual,"Rioja, La. Índice general. Índice. "
2026-03-01,2026-M03,RIO,AUX_IPC,102.14,Mensual,"Rioja, La. Índice general. Índice. "
2026-04-01,2026-M04,RIO,AUX_IPC,102.71,Mensual,"Rioja, La. Índice general. Índice. "
2026-05-01,2026-M05,RIO,AUX_IPC,102.698,Mensual,"Rioja, La. Índice general. Índice. "
2026-06-01,2026-M06,RIO,AUX_IPC,103.279,Mensual,"Rioja, La. Índice general. Índice. "
2026-07-01,2026-M07,RIO,AUX_IPC,103.476,Mensual,"Rioja, La. Índice general. Índice. "
2010-01-01,2010-M01,VAL,AUX_IPC,72.912,Mensual,Comunitat Valenciana. Índice general. Índice. 
2010-02-01,2010-M02,VAL,AUX_IPC,72.78,Mensual,Comunitat Valenciana. Índice general. Índice. 
2010-03-01,2010-M03,VAL,AUX_IPC,73.245,Mensual,Comunitat Valenciana. Índice general. Índice. 
2010-04-01,2010-M04,VAL,AUX_IPC,74.143,Mensual,Comunitat Valenciana. Índice general. Índice. 
2010-05-01,2010-M05,VAL,AUX_IPC,74.279,Mensual,Comunitat Valenciana. Índice general. Índice. 
2010-06-01,2010-M06,VAL,AUX_IPC,74.427,Mensual,Comunitat Valenciana. Índice general. Índice. 
2010-07-01,2010-M07,VAL,AUX_IPC,74.024,Mensual,Comunitat Valenciana. Índice general. Índice. 
2010-08-01,2010-M08,VAL,AUX_IPC,74.252,Mensual,Comunitat Valenciana. Índice general. Índice. 
2010-09-01,2010-M09,VAL,AUX_IPC,74.193,Mensual,Comunitat Valenciana. Índice general. Índice. 
2010-10-01,2010-M10,VAL,AUX_IPC,74.903,Mensual,Comunitat Valenciana. Índice general. Índice. 
2010-11-01,2010-M11,VAL,AUX_IPC,75.305,Mensual,Comunitat Valenciana. Índice general. Índice. 
2010-12-01,2010-M12,VAL,AUX_IPC,75.739,Mensual,Comunitat Valenciana. Índice general. Índice. 
2011-01-01,2011-M01,VAL,AUX_IPC,75.285,Mensual,Comunitat Valenciana. Índice general. Índice. 
2011-02-01,2011-M02,VAL,AUX_IPC,75.342,Mensual,Comunitat Valenciana. Índice general. Índice. 
2011-03-01,2011-M03,VAL,AUX_IPC,75.856,Mensual,Comunitat Valenciana. Índice general. Índice. 
2011-04-01,2011-M04,VAL,AUX_IPC,76.863,Mensual,Comunitat Valenciana. Índice general. Índice. 
2011-05-01,2011-M05,VAL,AUX_IPC,76.843,Mensual,Comunitat Valenciana. Índice general. Índice. 
2011-06-01,2011-M06,VAL,AUX_IPC,76.739,Mensual,Comunitat Valenciana. Índice general. Índice. 
2011-07-01,2011-M07,VAL,AUX_IPC,76.284,Mensual,Comunitat Valenciana. Índice general. Índice. 
2011-08-01,2011-M08,VAL,AUX_IPC,76.376,Mensual,Comunitat Valenciana. Índice general. Índice. 
2011-09-01,2011-M09,VAL,AUX_IPC,76.449,Mensual,Comunitat Valenciana. Índice general. Índice. 
2011-10-01,2011-M10,VAL,AUX_IPC,77.03,Mensual,Comunitat Valenciana. Índice general. Índice. 
2011-11-01,2011-M11,VAL,AUX_IPC,77.356,Mensual,Comunitat Valenciana. Índice general. Índice. 
2011-12-01,2011-M12,VAL,AUX_IPC,77.333,Mensual,Comunitat Valenciana. Índice general. Índice. 
2012-01-01,2012-M01,VAL,AUX_IPC,76.718,Mensual,Comunitat Valenciana. Índice general. Índice. 
2012-02-01,2012-M02,VAL,AUX_IPC,76.853,Mensual,Comunitat Valenciana. Índice general. Índice. 
2012-03-01,2012-M03,VAL,AUX_IPC,77.312,Mensual,Comunitat Valenciana. Índice general. Índice. 
2012-04-01,2012-M04,VAL,AUX_IPC,78.447,Mensual,Comunitat Valenciana. Índice general. Índice. 
2012-05-01,2012-M05,VAL,AUX_IPC,78.373,Mensual,Comunitat Valenciana. Índice general. Índice. 
2012-06-01,2012-M06,VAL,AUX_IPC,78.22,Mensual,Comunitat Valenciana. Índice general. Índice. 
2012-07-01,2012-M07,VAL,AUX_IPC,77.901,Mensual,Comunitat Valenciana. Índice general. Índice. 
2012-08-01,2012-M08,VAL,AUX_IPC,78.389,Mensual,Comunitat Valenciana. Índice general. Índice. 
2012-09-01,2012-M09,VAL,AUX_IPC,79.058,Mensual,Comunitat Valenciana. Índice general. Índice. 
2012-10-01,2012-M10,VAL,AUX_IPC,79.692,Mensual,Comunitat Valenciana. Índice general. Índice. 
2012-11-01,2012-M11,VAL,AUX_IPC,79.618,Mensual,Comunitat Valenciana. Índice general. Índice. 
2012-12-01,2012-M12,VAL,AUX_IPC,79.628,Mensual,Comunitat Valenciana. Índice general. Índice. 
2013-01-01,2013-M01,VAL,AUX_IPC,78.669,Mensual,Comunitat Valenciana. Índice general. Índice. 
2013-02-01,2013-M02,VAL,AUX_IPC,78.857,Mensual,Comunitat Valenciana. Índice general. Índice. 
2013-03-01,2013-M03,VAL,AUX_IPC,79.067,Mensual,Comunitat Valenciana. Índice general. Índice. 
2013-04-01,2013-M04,VAL,AUX_IPC,79.415,Mensual,Comunitat Valenciana. Índice general. Índice. 
2013-05-01,2013-M05,VAL,AUX_IPC,79.594,Mensual,Comunitat Valenciana. Índice general. Índice. 
2013-06-01,2013-M06,VAL,AUX_IPC,79.658,Mensual,Comunitat Valenciana. Índice general. Índice. 
2013-07-01,2013-M07,VAL,AUX_IPC,79.146,Mensual,Comunitat Valenciana. Índice general. Índice. 
2013-08-01,2013-M08,VAL,AUX_IPC,79.494,Mensual,Comunitat Valenciana. Índice general. Índice. 
2013-09-01,2013-M09,VAL,AUX_IPC,79.238,Mensual,Comunitat Valenciana. Índice general. Índice. 
2013-10-01,2013-M10,VAL,AUX_IPC,79.558,Mensual,Comunitat Valenciana. Índice general. Índice. 
2013-11-01,2013-M11,VAL,AUX_IPC,79.718,Mensual,Comunitat Valenciana. Índice general. Índice. 
2013-12-01,2013-M12,VAL,AUX_IPC,79.798,Mensual,Comunitat Valenciana. Índice general. Índice. 
2014-01-01,2014-M01,VAL,AUX_IPC,78.77,Mensual,Comunitat Valenciana. Índice general. Índice. 
2014-02-01,2014-M02,VAL,AUX_IPC,78.699,Mensual,Comunitat Valenciana. Índice general. Índice. 
2014-03-01,2014-M03,VAL,AUX_IPC,78.845,Mensual,Comunitat Valenciana. Índice general. Índice. 
2014-04-01,2014-M04,VAL,AUX_IPC,79.652,Mensual,Comunitat Valenciana. Índice general. Índice. 
2014-05-01,2014-M05,VAL,AUX_IPC,79.717,Mensual,Comunitat Valenciana. Índice general. Índice. 
2014-06-01,2014-M06,VAL,AUX_IPC,79.673,Mensual,Comunitat Valenciana. Índice general. Índice. 
2014-07-01,2014-M07,VAL,AUX_IPC,78.842,Mensual,Comunitat Valenciana. Índice general. Índice. 
2014-08-01,2014-M08,VAL,AUX_IPC,79.013,Mensual,Comunitat Valenciana. Índice general. Índice. 
2014-09-01,2014-M09,VAL,AUX_IPC,79.065,Mensual,Comunitat Valenciana. Índice general. Índice. 
2014-10-01,2014-M10,VAL,AUX_IPC,79.374,Mensual,Comunitat Valenciana. Índice general. Índice. 
2014-11-01,2014-M11,VAL,AUX_IPC,79.355,Mensual,Comunitat Valenciana. Índice general. Índice. 
2014-12-01,2014-M12,VAL,AUX_IPC,78.837,Mensual,Comunitat Valenciana. Índice general. Índice. 
2015-01-01,2015-M01,VAL,AUX_IPC,77.682,Mensual,Comunitat Valenciana. Índice general. Índice. 
2015-02-01,2015-M02,VAL,AUX_IPC,77.904,Mensual,Comunitat Valenciana. Índice general. Índice. 
2015-03-01,2015-M03,VAL,AUX_IPC,78.385,Mensual,Comunitat Valenciana. Índice general. Índice. 
2015-04-01,2015-M04,VAL,AUX_IPC,79.238,Mensual,Comunitat Valenciana. Índice general. Índice. 
2015-05-01,2015-M05,VAL,AUX_IPC,79.632,Mensual,Comunitat Valenciana. Índice general. Índice. 
2015-06-01,2015-M06,VAL,AUX_IPC,79.843,Mensual,Comunitat Valenciana. Índice general. Índice. 
2015-07-01,2015-M07,VAL,AUX_IPC,79.047,Mensual,Comunitat Valenciana. Índice general. Índice. 
2015-08-01,2015-M08,VAL,AUX_IPC,78.796,Mensual,Comunitat Valenciana. Índice general. Índice. 
2015-09-01,2015-M09,VAL,AUX_IPC,78.457,Mensual,Comunitat Valenciana. Índice general. Índice. 
2015-10-01,2015-M10,VAL,AUX_IPC,78.96,Mensual,Comunitat Valenciana. Índice general. Índice. 
2015-11-01,2015-M11,VAL,AUX_IPC,79.242,Mensual,Comunitat Valenciana. Índice general. Índice. 
2015-12-01,2015-M12,VAL,AUX_IPC,78.994,Mensual,Comunitat Valenciana. Índice general. Índice. 
2016-01-01,2016-M01,VAL,AUX_IPC,77.327,Mensual,Comunitat Valenciana. Índice general. Índice. 
2016-02-01,2016-M02,VAL,AUX_IPC,77.073,Mensual,Comunitat Valenciana. Índice general. Índice. 
2016-03-01,2016-M03,VAL,AUX_IPC,77.53,Mensual,Comunitat Valenciana. Índice general. Índice. 
2016-04-01,2016-M04,VAL,AUX_IPC,78.194,Mensual,Comunitat Valenciana. Índice general. Índice. 
2016-05-01,2016-M05,VAL,AUX_IPC,78.685,Mensual,Comunitat Valenciana. Índice general. Índice. 
2016-06-01,2016-M06,VAL,AUX_IPC,79.019,Mensual,Comunitat Valenciana. Índice general. Índice. 
2016-07-01,2016-M07,VAL,AUX_IPC,78.383,Mensual,Comunitat Valenciana. Índice general. Índice. 
2016-08-01,2016-M08,VAL,AUX_IPC,78.533,Mensual,Comunitat Valenciana. Índice general. Índice. 
2016-09-01,2016-M09,VAL,AUX_IPC,78.341,Mensual,Comunitat Valenciana. Índice general. Índice. 
2016-10-01,2016-M10,VAL,AUX_IPC,79.244,Mensual,Comunitat Valenciana. Índice general. Índice. 
2016-11-01,2016-M11,VAL,AUX_IPC,79.536,Mensual,Comunitat Valenciana. Índice general. Índice. 
2016-12-01,2016-M12,VAL,AUX_IPC,80.003,Mensual,Comunitat Valenciana. Índice general. Índice. 
2017-01-01,2017-M01,VAL,AUX_IPC,79.677,Mensual,Comunitat Valenciana. Índice general. Índice. 
2017-02-01,2017-M02,VAL,AUX_IPC,79.281,Mensual,Comunitat Valenciana. Índice general. Índice. 
2017-03-01,2017-M03,VAL,AUX_IPC,79.222,Mensual,Comunitat Valenciana. Índice general. Índice. 
2017-04-01,2017-M04,VAL,AUX_IPC,80.062,Mensual,Comunitat Valenciana. Índice general. Índice. 
2017-05-01,2017-M05,VAL,AUX_IPC,80.104,Mensual,Comunitat Valenciana. Índice general. Índice. 
2017-06-01,2017-M06,VAL,AUX_IPC,80.137,Mensual,Comunitat Valenciana. Índice general. Índice. 
2017-07-01,2017-M07,VAL,AUX_IPC,79.553,Mensual,Comunitat Valenciana. Índice general. Índice. 
2017-08-01,2017-M08,VAL,AUX_IPC,79.722,Mensual,Comunitat Valenciana. Índice general. Índice. 
2017-09-01,2017-M09,VAL,AUX_IPC,79.731,Mensual,Comunitat Valenciana. Índice general. Índice. 
2017-10-01,2017-M10,VAL,AUX_IPC,80.512,Mensual,Comunitat Valenciana. Índice general. Índice. 
2017-11-01,2017-M11,VAL,AUX_IPC,80.898,Mensual,Comunitat Valenciana. Índice general. Índice. 
2017-12-01,2017-M12,VAL,AUX_IPC,80.917,Mensual,Comunitat Valenciana. Índice general. Índice. 
2018-01-01,2018-M01,VAL,AUX_IPC,80.011,Mensual,Comunitat Valenciana. Índice general. Índice. 
2018-02-01,2018-M02,VAL,AUX_IPC,80.168,Mensual,Comunitat Valenciana. Índice general. Índice. 
2018-03-01,2018-M03,VAL,AUX_IPC,80.221,Mensual,Comunitat Valenciana. Índice general. Índice. 
2018-04-01,2018-M04,VAL,AUX_IPC,80.968,Mensual,Comunitat Valenciana. Índice general. Índice. 
2018-05-01,2018-M05,VAL,AUX_IPC,81.796,Mensual,Comunitat Valenciana. Índice general. Índice. 
2018-06-01,2018-M06,VAL,AUX_IPC,82.042,Mensual,Comunitat Valenciana. Índice general. Índice. 
2018-07-01,2018-M07,VAL,AUX_IPC,81.395,Mensual,Comunitat Valenciana. Índice general. Índice. 
2018-08-01,2018-M08,VAL,AUX_IPC,81.628,Mensual,Comunitat Valenciana. Índice general. Índice. 
2018-09-01,2018-M09,VAL,AUX_IPC,81.699,Mensual,Comunitat Valenciana. Índice general. Índice. 
2018-10-01,2018-M10,VAL,AUX_IPC,82.406,Mensual,Comunitat Valenciana. Índice general. Índice. 
2018-11-01,2018-M11,VAL,AUX_IPC,82.265,Mensual,Comunitat Valenciana. Índice general. Índice. 
2018-12-01,2018-M12,VAL,AUX_IPC,81.845,Mensual,Comunitat Valenciana. Índice general. Índice. 
2019-01-01,2019-M01,VAL,AUX_IPC,80.823,Mensual,Comunitat Valenciana. Índice general. Índice. 
2019-02-01,2019-M02,VAL,AUX_IPC,80.937,Mensual,Comunitat Valenciana. Índice general. Índice. 
2019-03-01,2019-M03,VAL,AUX_IPC,81.23,Mensual,Comunitat Valenciana. Índice general. Índice. 
2019-04-01,2019-M04,VAL,AUX_IPC,82.141,Mensual,Comunitat Valenciana. Índice general. Índice. 
2019-05-01,2019-M05,VAL,AUX_IPC,82.332,Mensual,Comunitat Valenciana. Índice general. Índice. 
2019-06-01,2019-M06,VAL,AUX_IPC,82.168,Mensual,Comunitat Valenciana. Índice general. Índice. 
2019-07-01,2019-M07,VAL,AUX_IPC,81.61,Mensual,Comunitat Valenciana. Índice general. Índice. 
2019-08-01,2019-M08,VAL,AUX_IPC,81.625,Mensual,Comunitat Valenciana. Índice general. Índice. 
2019-09-01,2019-M09,VAL,AUX_IPC,81.505,Mensual,Comunitat Valenciana. Índice general. Índice. 
2019-10-01,2019-M10,VAL,AUX_IPC,82.376,Mensual,Comunitat Valenciana. Índice general. Índice. 
2019-11-01,2019-M11,VAL,AUX_IPC,82.481,Mensual,Comunitat Valenciana. Índice general. Índice. 
2019-12-01,2019-M12,VAL,AUX_IPC,82.398,Mensual,Comunitat Valenciana. Índice general. Índice. 
2020-01-01,2020-M01,VAL,AUX_IPC,81.622,Mensual,Comunitat Valenciana. Índice general. Índice. 
2020-02-01,2020-M02,VAL,AUX_IPC,81.443,Mensual,Comunitat Valenciana. Índice general. Índice. 
2020-03-01,2020-M03,VAL,AUX_IPC,81.036,Mensual,Comunitat Valenciana. Índice general. Índice. 
2020-04-01,2020-M04,VAL,AUX_IPC,81.369,Mensual,Comunitat Valenciana. Índice general. Índice. 
2020-05-01,2020-M05,VAL,AUX_IPC,81.428,Mensual,Comunitat Valenciana. Índice general. Índice. 
2020-06-01,2020-M06,VAL,AUX_IPC,81.762,Mensual,Comunitat Valenciana. Índice general. Índice. 
2020-07-01,2020-M07,VAL,AUX_IPC,81.114,Mensual,Comunitat Valenciana. Índice general. Índice. 
2020-08-01,2020-M08,VAL,AUX_IPC,81.114,Mensual,Comunitat Valenciana. Índice general. Índice. 
2020-09-01,2020-M09,VAL,AUX_IPC,81.248,Mensual,Comunitat Valenciana. Índice general. Índice. 
2020-10-01,2020-M10,VAL,AUX_IPC,81.664,Mensual,Comunitat Valenciana. Índice general. Índice. 
2020-11-01,2020-M11,VAL,AUX_IPC,81.873,Mensual,Comunitat Valenciana. Índice general. Índice. 
2020-12-01,2020-M12,VAL,AUX_IPC,82.003,Mensual,Comunitat Valenciana. Índice general. Índice. 
2021-01-01,2021-M01,VAL,AUX_IPC,82.043,Mensual,Comunitat Valenciana. Índice general. Índice. 
2021-02-01,2021-M02,VAL,AUX_IPC,81.569,Mensual,Comunitat Valenciana. Índice general. Índice. 
2021-03-01,2021-M03,VAL,AUX_IPC,82.396,Mensual,Comunitat Valenciana. Índice general. Índice. 
2021-04-01,2021-M04,VAL,AUX_IPC,83.435,Mensual,Comunitat Valenciana. Índice general. Índice. 
2021-05-01,2021-M05,VAL,AUX_IPC,83.91,Mensual,Comunitat Valenciana. Índice general. Índice. 
2021-06-01,2021-M06,VAL,AUX_IPC,84.223,Mensual,Comunitat Valenciana. Índice general. Índice. 
2021-07-01,2021-M07,VAL,AUX_IPC,83.5,Mensual,Comunitat Valenciana. Índice general. Índice. 
2021-08-01,2021-M08,VAL,AUX_IPC,83.881,Mensual,Comunitat Valenciana. Índice general. Índice. 
2021-09-01,2021-M09,VAL,AUX_IPC,84.621,Mensual,Comunitat Valenciana. Índice general. Índice. 
2021-10-01,2021-M10,VAL,AUX_IPC,86.252,Mensual,Comunitat Valenciana. Índice general. Índice. 
2021-11-01,2021-M11,VAL,AUX_IPC,86.466,Mensual,Comunitat Valenciana. Índice general. Índice. 
2021-12-01,2021-M12,VAL,AUX_IPC,87.602,Mensual,Comunitat Valenciana. Índice general. Índice. 
2022-01-01,2022-M01,VAL,AUX_IPC,87.163,Mensual,Comunitat Valenciana. Índice general. Índice. 
2022-02-01,2022-M02,VAL,AUX_IPC,87.97,Mensual,Comunitat Valenciana. Índice general. Índice. 
2022-03-01,2022-M03,VAL,AUX_IPC,90.828,Mensual,Comunitat Valenciana. Índice general. Índice. 
2022-04-01,2022-M04,VAL,AUX_IPC,90.443,Mensual,Comunitat Valenciana. Índice general. Índice. 
2022-05-01,2022-M05,VAL,AUX_IPC,91.129,Mensual,Comunitat Valenciana. Índice general. Índice. 
2022-06-01,2022-M06,VAL,AUX_IPC,92.817,Mensual,Comunitat Valenciana. Índice general. Índice. 
2022-07-01,2022-M07,VAL,AUX_IPC,92.616,Mensual,Comunitat Valenciana. Índice general. Índice. 
2022-08-01,2022-M08,VAL,AUX_IPC,93.004,Mensual,Comunitat Valenciana. Índice general. Índice. 
2022-09-01,2022-M09,VAL,AUX_IPC,92.238,Mensual,Comunitat Valenciana. Índice general. Índice. 
2022-10-01,2022-M10,VAL,AUX_IPC,92.494,Mensual,Comunitat Valenciana. Índice general. Índice. 
2022-11-01,2022-M11,VAL,AUX_IPC,92.222,Mensual,Comunitat Valenciana. Índice general. Índice. 
2022-12-01,2022-M12,VAL,AUX_IPC,92.419,Mensual,Comunitat Valenciana. Índice general. Índice. 
2023-01-01,2023-M01,VAL,AUX_IPC,92.16,Mensual,Comunitat Valenciana. Índice general. Índice. 
2023-02-01,2023-M02,VAL,AUX_IPC,93.267,Mensual,Comunitat Valenciana. Índice general. Índice. 
2023-03-01,2023-M03,VAL,AUX_IPC,93.586,Mensual,Comunitat Valenciana. Índice general. Índice. 
2023-04-01,2023-M04,VAL,AUX_IPC,94.099,Mensual,Comunitat Valenciana. Índice general. Índice. 
2023-05-01,2023-M05,VAL,AUX_IPC,93.988,Mensual,Comunitat Valenciana. Índice general. Índice. 
2023-06-01,2023-M06,VAL,AUX_IPC,94.613,Mensual,Comunitat Valenciana. Índice general. Índice. 
2023-07-01,2023-M07,VAL,AUX_IPC,94.794,Mensual,Comunitat Valenciana. Índice general. Índice. 
2023-08-01,2023-M08,VAL,AUX_IPC,95.389,Mensual,Comunitat Valenciana. Índice general. Índice. 
2023-09-01,2023-M09,VAL,AUX_IPC,95.488,Mensual,Comunitat Valenciana. Índice general. Índice. 
2023-10-01,2023-M10,VAL,AUX_IPC,95.715,Mensual,Comunitat Valenciana. Índice general. Índice. 
2023-11-01,2023-M11,VAL,AUX_IPC,95.438,Mensual,Comunitat Valenciana. Índice general. Índice. 
2023-12-01,2023-M12,VAL,AUX_IPC,95.452,Mensual,Comunitat Valenciana. Índice general. Índice. 
2024-01-01,2024-M01,VAL,AUX_IPC,95.468,Mensual,Comunitat Valenciana. Índice general. Índice. 
2024-02-01,2024-M02,VAL,AUX_IPC,95.823,Mensual,Comunitat Valenciana. Índice general. Índice. 
2024-03-01,2024-M03,VAL,AUX_IPC,96.629,Mensual,Comunitat Valenciana. Índice general. Índice. 
2024-04-01,2024-M04,VAL,AUX_IPC,97.164,Mensual,Comunitat Valenciana. Índice general. Índice. 
2024-05-01,2024-M05,VAL,AUX_IPC,97.436,Mensual,Comunitat Valenciana. Índice general. Índice. 
2024-06-01,2024-M06,VAL,AUX_IPC,97.823,Mensual,Comunitat Valenciana. Índice general. Índice. 
2024-07-01,2024-M07,VAL,AUX_IPC,97.372,Mensual,Comunitat Valenciana. Índice general. Índice. 
2024-08-01,2024-M08,VAL,AUX_IPC,97.442,Mensual,Comunitat Valenciana. Índice general. Índice. 
2024-09-01,2024-M09,VAL,AUX_IPC,96.897,Mensual,Comunitat Valenciana. Índice general. Índice. 
2024-10-01,2024-M10,VAL,AUX_IPC,97.366,Mensual,Comunitat Valenciana. Índice general. Índice. 
2024-11-01,2024-M11,VAL,AUX_IPC,97.727,Mensual,Comunitat Valenciana. Índice general. Índice. 
2024-12-01,2024-M12,VAL,AUX_IPC,98.078,Mensual,Comunitat Valenciana. Índice general. Índice. 
2025-01-01,2025-M01,VAL,AUX_IPC,98.385,Mensual,Comunitat Valenciana. Índice general. Índice. 
2025-02-01,2025-M02,VAL,AUX_IPC,98.842,Mensual,Comunitat Valenciana. Índice general. Índice. 
2025-03-01,2025-M03,VAL,AUX_IPC,98.994,Mensual,Comunitat Valenciana. Índice general. Índice. 
2025-04-01,2025-M04,VAL,AUX_IPC,99.553,Mensual,Comunitat Valenciana. Índice general. Índice. 
2025-05-01,2025-M05,VAL,AUX_IPC,99.621,Mensual,Comunitat Valenciana. Índice general. Índice. 
2025-06-01,2025-M06,VAL,AUX_IPC,100.374,Mensual,Comunitat Valenciana. Índice general. Índice. 
2025-07-01,2025-M07,VAL,AUX_IPC,100.501,Mensual,Comunitat Valenciana. Índice general. Índice. 
2025-08-01,2025-M08,VAL,AUX_IPC,100.534,Mensual,Comunitat Valenciana. Índice general. Índice. 
2025-09-01,2025-M09,VAL,AUX_IPC,100.145,Mensual,Comunitat Valenciana. Índice general. Índice. 
2025-10-01,2025-M10,VAL,AUX_IPC,100.794,Mensual,Comunitat Valenciana. Índice general. Índice. 
2025-11-01,2025-M11,VAL,AUX_IPC,101.024,Mensual,Comunitat Valenciana. Índice general. Índice. 
2025-12-01,2025-M12,VAL,AUX_IPC,101.235,Mensual,Comunitat Valenciana. Índice general. Índice. 
2026-01-01,2026-M01,VAL,AUX_IPC,100.874,Mensual,Comunitat Valenciana. Índice general. Índice. 
2026-02-01,2026-M02,VAL,AUX_IPC,101.39,Mensual,Comunitat Valenciana. Índice general. Índice. 
2026-03-01,2026-M03,VAL,AUX_IPC,102.337,Mensual,Comunitat Valenciana. Índice general. Índice. 
2026-04-01,2026-M04,VAL,AUX_IPC,102.719,Mensual,Comunitat Valenciana. Índice general. Índice. 
2026-05-01,2026-M05,VAL,AUX_IPC,102.845,Mensual,Comunitat Valenciana. Índice general. Índice. 
2026-06-01,2026-M06,VAL,AUX_IPC,103.632,Mensual,Comunitat Valenciana. Índice general. Índice. 
2026-07-01,2026-M07,VAL,AUX_IPC,103.997,Mensual,Comunitat Valenciana. Índice general. Índice. 
