Fecha,Periodo,Region,Indicador,Valor,Frecuencia,Serie_Original
2009-01-01,2009-M01,AND,CON_OCI,128178.9,Mensual,SS_Conocimiento
2009-02-01,2009-M02,AND,CON_OCI,128715.5,Mensual,SS_Conocimiento
2009-03-01,2009-M03,AND,CON_OCI,128899.4,Mensual,SS_Conocimiento
2009-04-01,2009-M04,AND,CON_OCI,128860.2,Mensual,SS_Conocimiento
2009-05-01,2009-M05,AND,CON_OCI,128984.6,Mensual,SS_Conocimiento
2009-06-01,2009-M06,AND,CON_OCI,129225.0,Mensual,SS_Conocimiento
2009-07-01,2009-M07,AND,CON_OCI,130113.0,Mensual,SS_Conocimiento
2009-08-01,2009-M08,AND,CON_OCI,129120.20000000001,Mensual,SS_Conocimiento
2009-09-01,2009-M09,AND,CON_OCI,129503.8,Mensual,SS_Conocimiento
2009-10-01,2009-M10,AND,CON_OCI,129503.70000000001,Mensual,SS_Conocimiento
2009-11-01,2009-M11,AND,CON_OCI,130164.5,Mensual,SS_Conocimiento
2009-12-01,2009-M12,AND,CON_OCI,130491.2,Mensual,SS_Conocimiento
2010-01-01,2010-M01,AND,CON_OCI,128437.3,Mensual,SS_Conocimiento
2010-02-01,2010-M02,AND,CON_OCI,129106.5,Mensual,SS_Conocimiento
2010-03-01,2010-M03,AND,CON_OCI,129995.1,Mensual,SS_Conocimiento
2010-04-01,2010-M04,AND,CON_OCI,130815.3,Mensual,SS_Conocimiento
2010-05-01,2010-M05,AND,CON_OCI,131648.4,Mensual,SS_Conocimiento
2010-06-01,2010-M06,AND,CON_OCI,131593.8,Mensual,SS_Conocimiento
2010-07-01,2010-M07,AND,CON_OCI,131532.9,Mensual,SS_Conocimiento
2010-08-01,2010-M08,AND,CON_OCI,130173.4,Mensual,SS_Conocimiento
2010-09-01,2010-M09,AND,CON_OCI,130308.0,Mensual,SS_Conocimiento
2010-10-01,2010-M10,AND,CON_OCI,130703.6,Mensual,SS_Conocimiento
2010-11-01,2010-M11,AND,CON_OCI,131340.0,Mensual,SS_Conocimiento
2010-12-01,2010-M12,AND,CON_OCI,131270.7,Mensual,SS_Conocimiento
2011-01-01,2011-M01,AND,CON_OCI,129452.6,Mensual,SS_Conocimiento
2011-02-01,2011-M02,AND,CON_OCI,129469.5,Mensual,SS_Conocimiento
2011-03-01,2011-M03,AND,CON_OCI,129903.5,Mensual,SS_Conocimiento
2011-04-01,2011-M04,AND,CON_OCI,130360.8,Mensual,SS_Conocimiento
2011-05-01,2011-M05,AND,CON_OCI,129456.0,Mensual,SS_Conocimiento
2011-06-01,2011-M06,AND,CON_OCI,129619.5,Mensual,SS_Conocimiento
2011-07-01,2011-M07,AND,CON_OCI,129470.5,Mensual,SS_Conocimiento
2011-08-01,2011-M08,AND,CON_OCI,128382.29999999999,Mensual,SS_Conocimiento
2011-09-01,2011-M09,AND,CON_OCI,128501.8,Mensual,SS_Conocimiento
2011-10-01,2011-M10,AND,CON_OCI,128475.7,Mensual,SS_Conocimiento
2011-11-01,2011-M11,AND,CON_OCI,128381.4,Mensual,SS_Conocimiento
2011-12-01,2011-M12,AND,CON_OCI,128852.6,Mensual,SS_Conocimiento
2012-01-01,2012-M01,AND,CON_OCI,126760.6,Mensual,SS_Conocimiento
2012-02-01,2012-M02,AND,CON_OCI,126434.3,Mensual,SS_Conocimiento
2012-03-01,2012-M03,AND,CON_OCI,126608.1,Mensual,SS_Conocimiento
2012-04-01,2012-M04,AND,CON_OCI,126315.0,Mensual,SS_Conocimiento
2012-05-01,2012-M05,AND,CON_OCI,126024.1,Mensual,SS_Conocimiento
2012-06-01,2012-M06,AND,CON_OCI,125734.40000000001,Mensual,SS_Conocimiento
2012-07-01,2012-M07,AND,CON_OCI,125310.4,Mensual,SS_Conocimiento
2012-08-01,2012-M08,AND,CON_OCI,123828.4,Mensual,SS_Conocimiento
2012-09-01,2012-M09,AND,CON_OCI,123701.6,Mensual,SS_Conocimiento
2012-10-01,2012-M10,AND,CON_OCI,123633.9,Mensual,SS_Conocimiento
2012-11-01,2012-M11,AND,CON_OCI,123483.7,Mensual,SS_Conocimiento
2012-12-01,2012-M12,AND,CON_OCI,123473.1,Mensual,SS_Conocimiento
2013-01-01,2013-M01,AND,CON_OCI,122219.20000000001,Mensual,SS_Conocimiento
2013-02-01,2013-M02,AND,CON_OCI,122173.79999999999,Mensual,SS_Conocimiento
2013-03-01,2013-M03,AND,CON_OCI,122611.0,Mensual,SS_Conocimiento
2013-04-01,2013-M04,AND,CON_OCI,122960.79999999999,Mensual,SS_Conocimiento
2013-05-01,2013-M05,AND,CON_OCI,123086.2,Mensual,SS_Conocimiento
2013-06-01,2013-M06,AND,CON_OCI,123271.7,Mensual,SS_Conocimiento
2013-07-01,2013-M07,AND,CON_OCI,123296.0,Mensual,SS_Conocimiento
2013-08-01,2013-M08,AND,CON_OCI,122524.9,Mensual,SS_Conocimiento
2013-09-01,2013-M09,AND,CON_OCI,123364.5,Mensual,SS_Conocimiento
2013-10-01,2013-M10,AND,CON_OCI,123776.2,Mensual,SS_Conocimiento
2013-11-01,2013-M11,AND,CON_OCI,124217.8,Mensual,SS_Conocimiento
2013-12-01,2013-M12,AND,CON_OCI,124771.3,Mensual,SS_Conocimiento
2014-01-01,2014-M01,AND,CON_OCI,123929.29999999999,Mensual,SS_Conocimiento
2014-02-01,2014-M02,AND,CON_OCI,124347.0,Mensual,SS_Conocimiento
2014-03-01,2014-M03,AND,CON_OCI,124860.40000000001,Mensual,SS_Conocimiento
2014-04-01,2014-M04,AND,CON_OCI,125727.9,Mensual,SS_Conocimiento
2014-05-01,2014-M05,AND,CON_OCI,126680.29999999999,Mensual,SS_Conocimiento
2014-06-01,2014-M06,AND,CON_OCI,127336.79999999999,Mensual,SS_Conocimiento
2014-07-01,2014-M07,AND,CON_OCI,127712.2,Mensual,SS_Conocimiento
2014-08-01,2014-M08,AND,CON_OCI,126816.90000000001,Mensual,SS_Conocimiento
2014-09-01,2014-M09,AND,CON_OCI,127762.6,Mensual,SS_Conocimiento
2014-10-01,2014-M10,AND,CON_OCI,128909.5,Mensual,SS_Conocimiento
2014-11-01,2014-M11,AND,CON_OCI,129744.5,Mensual,SS_Conocimiento
2014-12-01,2014-M12,AND,CON_OCI,129891.5,Mensual,SS_Conocimiento
2015-01-01,2015-M01,AND,CON_OCI,129231.5,Mensual,SS_Conocimiento
2015-02-01,2015-M02,AND,CON_OCI,130381.59999999999,Mensual,SS_Conocimiento
2015-03-01,2015-M03,AND,CON_OCI,131338.6,Mensual,SS_Conocimiento
2015-04-01,2015-M04,AND,CON_OCI,133055.0,Mensual,SS_Conocimiento
2015-05-01,2015-M05,AND,CON_OCI,134006.4,Mensual,SS_Conocimiento
2015-06-01,2015-M06,AND,CON_OCI,134738.8,Mensual,SS_Conocimiento
2015-07-01,2015-M07,AND,CON_OCI,135323.7,Mensual,SS_Conocimiento
2015-08-01,2015-M08,AND,CON_OCI,134218.6,Mensual,SS_Conocimiento
2015-09-01,2015-M09,AND,CON_OCI,135082.7,Mensual,SS_Conocimiento
2015-10-01,2015-M10,AND,CON_OCI,135687.6,Mensual,SS_Conocimiento
2015-11-01,2015-M11,AND,CON_OCI,136432.5,Mensual,SS_Conocimiento
2015-12-01,2015-M12,AND,CON_OCI,137077.0,Mensual,SS_Conocimiento
2016-01-01,2016-M01,AND,CON_OCI,135823.3,Mensual,SS_Conocimiento
2016-02-01,2016-M02,AND,CON_OCI,136150.6,Mensual,SS_Conocimiento
2016-03-01,2016-M03,AND,CON_OCI,136474.1,Mensual,SS_Conocimiento
2016-04-01,2016-M04,AND,CON_OCI,137407.09999999998,Mensual,SS_Conocimiento
2016-05-01,2016-M05,AND,CON_OCI,138288.3,Mensual,SS_Conocimiento
2016-06-01,2016-M06,AND,CON_OCI,139581.3,Mensual,SS_Conocimiento
2016-07-01,2016-M07,AND,CON_OCI,140132.2,Mensual,SS_Conocimiento
2016-08-01,2016-M08,AND,CON_OCI,139120.3,Mensual,SS_Conocimiento
2016-09-01,2016-M09,AND,CON_OCI,139741.0,Mensual,SS_Conocimiento
2016-10-01,2016-M10,AND,CON_OCI,140986.8,Mensual,SS_Conocimiento
2016-11-01,2016-M11,AND,CON_OCI,141678.09999999998,Mensual,SS_Conocimiento
2016-12-01,2016-M12,AND,CON_OCI,141665.09999999998,Mensual,SS_Conocimiento
2017-01-01,2017-M01,AND,CON_OCI,140250.1,Mensual,SS_Conocimiento
2017-02-01,2017-M02,AND,CON_OCI,141562.3,Mensual,SS_Conocimiento
2017-03-01,2017-M03,AND,CON_OCI,143060.7,Mensual,SS_Conocimiento
2017-04-01,2017-M04,AND,CON_OCI,144073.09999999998,Mensual,SS_Conocimiento
2017-05-01,2017-M05,AND,CON_OCI,144931.5,Mensual,SS_Conocimiento
2017-06-01,2017-M06,AND,CON_OCI,146116.5,Mensual,SS_Conocimiento
2017-07-01,2017-M07,AND,CON_OCI,146881.8,Mensual,SS_Conocimiento
2017-08-01,2017-M08,AND,CON_OCI,145778.2,Mensual,SS_Conocimiento
2017-09-01,2017-M09,AND,CON_OCI,146534.8,Mensual,SS_Conocimiento
2017-10-01,2017-M10,AND,CON_OCI,147769.3,Mensual,SS_Conocimiento
2017-11-01,2017-M11,AND,CON_OCI,148617.9,Mensual,SS_Conocimiento
2017-12-01,2017-M12,AND,CON_OCI,148674.2,Mensual,SS_Conocimiento
2018-01-01,2018-M01,AND,CON_OCI,147968.3,Mensual,SS_Conocimiento
2018-02-01,2018-M02,AND,CON_OCI,149941.2,Mensual,SS_Conocimiento
2018-03-01,2018-M03,AND,CON_OCI,151471.40000000002,Mensual,SS_Conocimiento
2018-04-01,2018-M04,AND,CON_OCI,152842.9,Mensual,SS_Conocimiento
2018-05-01,2018-M05,AND,CON_OCI,154443.3,Mensual,SS_Conocimiento
2018-06-01,2018-M06,AND,CON_OCI,155788.5,Mensual,SS_Conocimiento
2018-07-01,2018-M07,AND,CON_OCI,156707.2,Mensual,SS_Conocimiento
2018-08-01,2018-M08,AND,CON_OCI,155459.7,Mensual,SS_Conocimiento
2018-09-01,2018-M09,AND,CON_OCI,157092.90000000002,Mensual,SS_Conocimiento
2018-10-01,2018-M10,AND,CON_OCI,158638.1,Mensual,SS_Conocimiento
2018-11-01,2018-M11,AND,CON_OCI,158361.59999999998,Mensual,SS_Conocimiento
2018-12-01,2018-M12,AND,CON_OCI,158811.2,Mensual,SS_Conocimiento
2019-01-01,2019-M01,AND,CON_OCI,157979.6,Mensual,SS_Conocimiento
2019-02-01,2019-M02,AND,CON_OCI,159297.0,Mensual,SS_Conocimiento
2019-03-01,2019-M03,AND,CON_OCI,160534.6,Mensual,SS_Conocimiento
2019-04-01,2019-M04,AND,CON_OCI,161469.5,Mensual,SS_Conocimiento
2019-05-01,2019-M05,AND,CON_OCI,162412.2,Mensual,SS_Conocimiento
2019-06-01,2019-M06,AND,CON_OCI,163284.6,Mensual,SS_Conocimiento
2019-07-01,2019-M07,AND,CON_OCI,164448.9,Mensual,SS_Conocimiento
2019-08-01,2019-M08,AND,CON_OCI,163024.3,Mensual,SS_Conocimiento
2019-09-01,2019-M09,AND,CON_OCI,163711.3,Mensual,SS_Conocimiento
2019-10-01,2019-M10,AND,CON_OCI,164679.6,Mensual,SS_Conocimiento
2019-11-01,2019-M11,AND,CON_OCI,165558.2,Mensual,SS_Conocimiento
2019-12-01,2019-M12,AND,CON_OCI,165773.3,Mensual,SS_Conocimiento
2020-01-01,2020-M01,AND,CON_OCI,164931.9,Mensual,SS_Conocimiento
2020-02-01,2020-M02,AND,CON_OCI,166230.5,Mensual,SS_Conocimiento
2020-03-01,2020-M03,AND,CON_OCI,164826.3,Mensual,SS_Conocimiento
2020-04-01,2020-M04,AND,CON_OCI,159666.2,Mensual,SS_Conocimiento
2020-05-01,2020-M05,AND,CON_OCI,159287.0,Mensual,SS_Conocimiento
2020-06-01,2020-M06,AND,CON_OCI,160421.8,Mensual,SS_Conocimiento
2020-07-01,2020-M07,AND,CON_OCI,162194.6,Mensual,SS_Conocimiento
2020-08-01,2020-M08,AND,CON_OCI,162479.0,Mensual,SS_Conocimiento
2020-09-01,2020-M09,AND,CON_OCI,163531.6,Mensual,SS_Conocimiento
2020-10-01,2020-M10,AND,CON_OCI,165144.6,Mensual,SS_Conocimiento
2020-11-01,2020-M11,AND,CON_OCI,166194.2,Mensual,SS_Conocimiento
2020-12-01,2020-M12,AND,CON_OCI,166636.4,Mensual,SS_Conocimiento
2021-01-01,2021-M01,AND,CON_OCI,166331.2,Mensual,SS_Conocimiento
2021-02-01,2021-M02,AND,CON_OCI,168118.7,Mensual,SS_Conocimiento
2021-03-01,2021-M03,AND,CON_OCI,170094.5,Mensual,SS_Conocimiento
2021-04-01,2021-M04,AND,CON_OCI,172431.2,Mensual,SS_Conocimiento
2021-05-01,2021-M05,AND,CON_OCI,174099.2,Mensual,SS_Conocimiento
2021-06-01,2021-M06,AND,CON_OCI,175628.59999999998,Mensual,SS_Conocimiento
2021-07-01,2021-M07,AND,CON_OCI,177338.2,Mensual,SS_Conocimiento
2021-08-01,2021-M08,AND,CON_OCI,176718.9,Mensual,SS_Conocimiento
2021-09-01,2021-M09,AND,CON_OCI,177809.3,Mensual,SS_Conocimiento
2021-10-01,2021-M10,AND,CON_OCI,179470.7,Mensual,SS_Conocimiento
2021-11-01,2021-M11,AND,CON_OCI,180794.4,Mensual,SS_Conocimiento
2021-12-01,2021-M12,AND,CON_OCI,181292.7,Mensual,SS_Conocimiento
2022-01-01,2022-M01,AND,CON_OCI,180694.1,Mensual,SS_Conocimiento
2022-02-01,2022-M02,AND,CON_OCI,182607.5,Mensual,SS_Conocimiento
2022-03-01,2022-M03,AND,CON_OCI,184733.4,Mensual,SS_Conocimiento
2022-04-01,2022-M04,AND,CON_OCI,186655.8,Mensual,SS_Conocimiento
2022-05-01,2022-M05,AND,CON_OCI,188040.9,Mensual,SS_Conocimiento
2022-06-01,2022-M06,AND,CON_OCI,189783.8,Mensual,SS_Conocimiento
2022-07-01,2022-M07,AND,CON_OCI,191406.1,Mensual,SS_Conocimiento
2022-08-01,2022-M08,AND,CON_OCI,190532.9,Mensual,SS_Conocimiento
2022-09-01,2022-M09,AND,CON_OCI,192180.5,Mensual,SS_Conocimiento
2022-10-01,2022-M10,AND,CON_OCI,193990.8,Mensual,SS_Conocimiento
2022-11-01,2022-M11,AND,CON_OCI,195394.7,Mensual,SS_Conocimiento
2022-12-01,2022-M12,AND,CON_OCI,195747.7,Mensual,SS_Conocimiento
2023-01-01,2023-M01,AND,CON_OCI,195156.09999999998,Mensual,SS_Conocimiento
2023-02-01,2023-M02,AND,CON_OCI,196817.7,Mensual,SS_Conocimiento
2023-03-01,2023-M03,AND,CON_OCI,198886.5,Mensual,SS_Conocimiento
2023-04-01,2023-M04,AND,CON_OCI,200158.7,Mensual,SS_Conocimiento
2023-05-01,2023-M05,AND,CON_OCI,201596.3,Mensual,SS_Conocimiento
2023-06-01,2023-M06,AND,CON_OCI,202054.7,Mensual,SS_Conocimiento
2023-07-01,2023-M07,AND,CON_OCI,203777.7,Mensual,SS_Conocimiento
2023-08-01,2023-M08,AND,CON_OCI,202247.0,Mensual,SS_Conocimiento
2023-09-01,2023-M09,AND,CON_OCI,203376.5,Mensual,SS_Conocimiento
2023-10-01,2023-M10,AND,CON_OCI,204671.9,Mensual,SS_Conocimiento
2023-11-01,2023-M11,AND,CON_OCI,205935.09999999998,Mensual,SS_Conocimiento
2023-12-01,2023-M12,AND,CON_OCI,206113.2,Mensual,SS_Conocimiento
2024-01-01,2024-M01,AND,CON_OCI,205484.4,Mensual,SS_Conocimiento
2024-02-01,2024-M02,AND,CON_OCI,207590.4,Mensual,SS_Conocimiento
2024-03-01,2024-M03,AND,CON_OCI,208650.7,Mensual,SS_Conocimiento
2024-04-01,2024-M04,AND,CON_OCI,210067.4,Mensual,SS_Conocimiento
2024-05-01,2024-M05,AND,CON_OCI,210949.7,Mensual,SS_Conocimiento
2024-06-01,2024-M06,AND,CON_OCI,211427.3,Mensual,SS_Conocimiento
2024-07-01,2024-M07,AND,CON_OCI,211817.19999999998,Mensual,SS_Conocimiento
2024-08-01,2024-M08,AND,CON_OCI,210623.5,Mensual,SS_Conocimiento
2024-09-01,2024-M09,AND,CON_OCI,212217.5,Mensual,SS_Conocimiento
2024-10-01,2024-M10,AND,CON_OCI,214091.8,Mensual,SS_Conocimiento
2024-11-01,2024-M11,AND,CON_OCI,215052.5,Mensual,SS_Conocimiento
2024-12-01,2024-M12,AND,CON_OCI,215149.3,Mensual,SS_Conocimiento
2025-01-01,2025-M01,AND,CON_OCI,213612.4,Mensual,SS_Conocimiento
2025-02-01,2025-M02,AND,CON_OCI,215214.2,Mensual,SS_Conocimiento
2025-03-01,2025-M03,AND,CON_OCI,216898.7,Mensual,SS_Conocimiento
2025-04-01,2025-M04,AND,CON_OCI,218247.09999999998,Mensual,SS_Conocimiento
2025-05-01,2025-M05,AND,CON_OCI,219174.9,Mensual,SS_Conocimiento
2025-06-01,2025-M06,AND,CON_OCI,220376.2,Mensual,SS_Conocimiento
2025-07-01,2025-M07,AND,CON_OCI,221076.7,Mensual,SS_Conocimiento
2025-08-01,2025-M08,AND,CON_OCI,219813.0,Mensual,SS_Conocimiento
2025-09-01,2025-M09,AND,CON_OCI,220835.0,Mensual,SS_Conocimiento
2025-10-01,2025-M10,AND,CON_OCI,222602.80000000002,Mensual,SS_Conocimiento
2025-11-01,2025-M11,AND,CON_OCI,224661.69999999998,Mensual,SS_Conocimiento
2025-12-01,2025-M12,AND,CON_OCI,224531.2,Mensual,SS_Conocimiento
2026-01-01,2026-M01,AND,CON_OCI,226149.0,Mensual,SS_Conocimiento
2026-02-01,2026-M02,AND,CON_OCI,228086.15000000002,Mensual,SS_Conocimiento
2026-03-01,2026-M03,AND,CON_OCI,229627.53999999998,Mensual,SS_Conocimiento
2026-04-01,2026-M04,AND,CON_OCI,229870.9,Mensual,SS_Conocimiento
2009-01-01,2009-M01,ARA,CON_OCI,27285.0,Mensual,SS_Conocimiento
2009-02-01,2009-M02,ARA,CON_OCI,27632.5,Mensual,SS_Conocimiento
2009-03-01,2009-M03,ARA,CON_OCI,27816.4,Mensual,SS_Conocimiento
2009-04-01,2009-M04,ARA,CON_OCI,27728.1,Mensual,SS_Conocimiento
2009-05-01,2009-M05,ARA,CON_OCI,27839.0,Mensual,SS_Conocimiento
2009-06-01,2009-M06,ARA,CON_OCI,27943.5,Mensual,SS_Conocimiento
2009-07-01,2009-M07,ARA,CON_OCI,27939.6,Mensual,SS_Conocimiento
2009-08-01,2009-M08,ARA,CON_OCI,27641.9,Mensual,SS_Conocimiento
2009-09-01,2009-M09,ARA,CON_OCI,27822.5,Mensual,SS_Conocimiento
2009-10-01,2009-M10,ARA,CON_OCI,27875.9,Mensual,SS_Conocimiento
2009-11-01,2009-M11,ARA,CON_OCI,29065.2,Mensual,SS_Conocimiento
2009-12-01,2009-M12,ARA,CON_OCI,29138.3,Mensual,SS_Conocimiento
2010-01-01,2010-M01,ARA,CON_OCI,28859.8,Mensual,SS_Conocimiento
2010-02-01,2010-M02,ARA,CON_OCI,28895.6,Mensual,SS_Conocimiento
2010-03-01,2010-M03,ARA,CON_OCI,29024.899999999998,Mensual,SS_Conocimiento
2010-04-01,2010-M04,ARA,CON_OCI,29067.1,Mensual,SS_Conocimiento
2010-05-01,2010-M05,ARA,CON_OCI,29084.4,Mensual,SS_Conocimiento
2010-06-01,2010-M06,ARA,CON_OCI,29117.699999999997,Mensual,SS_Conocimiento
2010-07-01,2010-M07,ARA,CON_OCI,29100.5,Mensual,SS_Conocimiento
2010-08-01,2010-M08,ARA,CON_OCI,27530.300000000003,Mensual,SS_Conocimiento
2010-09-01,2010-M09,ARA,CON_OCI,27688.0,Mensual,SS_Conocimiento
2010-10-01,2010-M10,ARA,CON_OCI,27730.3,Mensual,SS_Conocimiento
2010-11-01,2010-M11,ARA,CON_OCI,27697.6,Mensual,SS_Conocimiento
2010-12-01,2010-M12,ARA,CON_OCI,27727.0,Mensual,SS_Conocimiento
2011-01-01,2011-M01,ARA,CON_OCI,27417.300000000003,Mensual,SS_Conocimiento
2011-02-01,2011-M02,ARA,CON_OCI,27449.899999999998,Mensual,SS_Conocimiento
2011-03-01,2011-M03,ARA,CON_OCI,27481.699999999997,Mensual,SS_Conocimiento
2011-04-01,2011-M04,ARA,CON_OCI,27491.800000000003,Mensual,SS_Conocimiento
2011-05-01,2011-M05,ARA,CON_OCI,27437.2,Mensual,SS_Conocimiento
2011-06-01,2011-M06,ARA,CON_OCI,27132.4,Mensual,SS_Conocimiento
2011-07-01,2011-M07,ARA,CON_OCI,27059.8,Mensual,SS_Conocimiento
2011-08-01,2011-M08,ARA,CON_OCI,26846.4,Mensual,SS_Conocimiento
2011-09-01,2011-M09,ARA,CON_OCI,26961.6,Mensual,SS_Conocimiento
2011-10-01,2011-M10,ARA,CON_OCI,27019.4,Mensual,SS_Conocimiento
2011-11-01,2011-M11,ARA,CON_OCI,26990.699999999997,Mensual,SS_Conocimiento
2011-12-01,2011-M12,ARA,CON_OCI,26964.2,Mensual,SS_Conocimiento
2012-01-01,2012-M01,ARA,CON_OCI,26548.7,Mensual,SS_Conocimiento
2012-02-01,2012-M02,ARA,CON_OCI,26642.899999999998,Mensual,SS_Conocimiento
2012-03-01,2012-M03,ARA,CON_OCI,26591.5,Mensual,SS_Conocimiento
2012-04-01,2012-M04,ARA,CON_OCI,26546.3,Mensual,SS_Conocimiento
2012-05-01,2012-M05,ARA,CON_OCI,26522.1,Mensual,SS_Conocimiento
2012-06-01,2012-M06,ARA,CON_OCI,26429.8,Mensual,SS_Conocimiento
2012-07-01,2012-M07,ARA,CON_OCI,26290.3,Mensual,SS_Conocimiento
2012-08-01,2012-M08,ARA,CON_OCI,26030.800000000003,Mensual,SS_Conocimiento
2012-09-01,2012-M09,ARA,CON_OCI,26091.1,Mensual,SS_Conocimiento
2012-10-01,2012-M10,ARA,CON_OCI,25824.5,Mensual,SS_Conocimiento
2012-11-01,2012-M11,ARA,CON_OCI,25667.300000000003,Mensual,SS_Conocimiento
2012-12-01,2012-M12,ARA,CON_OCI,25626.7,Mensual,SS_Conocimiento
2013-01-01,2013-M01,ARA,CON_OCI,25411.6,Mensual,SS_Conocimiento
2013-02-01,2013-M02,ARA,CON_OCI,25367.699999999997,Mensual,SS_Conocimiento
2013-03-01,2013-M03,ARA,CON_OCI,25340.0,Mensual,SS_Conocimiento
2013-04-01,2013-M04,ARA,CON_OCI,25302.1,Mensual,SS_Conocimiento
2013-05-01,2013-M05,ARA,CON_OCI,25354.399999999998,Mensual,SS_Conocimiento
2013-06-01,2013-M06,ARA,CON_OCI,25245.4,Mensual,SS_Conocimiento
2013-07-01,2013-M07,ARA,CON_OCI,25249.2,Mensual,SS_Conocimiento
2013-08-01,2013-M08,ARA,CON_OCI,25105.8,Mensual,SS_Conocimiento
2013-09-01,2013-M09,ARA,CON_OCI,25230.1,Mensual,SS_Conocimiento
2013-10-01,2013-M10,ARA,CON_OCI,25419.6,Mensual,SS_Conocimiento
2013-11-01,2013-M11,ARA,CON_OCI,25420.9,Mensual,SS_Conocimiento
2013-12-01,2013-M12,ARA,CON_OCI,25487.1,Mensual,SS_Conocimiento
2014-01-01,2014-M01,ARA,CON_OCI,25321.7,Mensual,SS_Conocimiento
2014-02-01,2014-M02,ARA,CON_OCI,25493.2,Mensual,SS_Conocimiento
2014-03-01,2014-M03,ARA,CON_OCI,25508.4,Mensual,SS_Conocimiento
2014-04-01,2014-M04,ARA,CON_OCI,25603.6,Mensual,SS_Conocimiento
2014-05-01,2014-M05,ARA,CON_OCI,25505.3,Mensual,SS_Conocimiento
2014-06-01,2014-M06,ARA,CON_OCI,25307.4,Mensual,SS_Conocimiento
2014-07-01,2014-M07,ARA,CON_OCI,25145.600000000002,Mensual,SS_Conocimiento
2014-08-01,2014-M08,ARA,CON_OCI,25035.1,Mensual,SS_Conocimiento
2014-09-01,2014-M09,ARA,CON_OCI,25207.5,Mensual,SS_Conocimiento
2014-10-01,2014-M10,ARA,CON_OCI,25393.300000000003,Mensual,SS_Conocimiento
2014-11-01,2014-M11,ARA,CON_OCI,25380.0,Mensual,SS_Conocimiento
2014-12-01,2014-M12,ARA,CON_OCI,25408.1,Mensual,SS_Conocimiento
2015-01-01,2015-M01,ARA,CON_OCI,25189.1,Mensual,SS_Conocimiento
2015-02-01,2015-M02,ARA,CON_OCI,25294.6,Mensual,SS_Conocimiento
2015-03-01,2015-M03,ARA,CON_OCI,25422.9,Mensual,SS_Conocimiento
2015-04-01,2015-M04,ARA,CON_OCI,25577.800000000003,Mensual,SS_Conocimiento
2015-05-01,2015-M05,ARA,CON_OCI,25672.3,Mensual,SS_Conocimiento
2015-06-01,2015-M06,ARA,CON_OCI,25795.9,Mensual,SS_Conocimiento
2015-07-01,2015-M07,ARA,CON_OCI,25876.8,Mensual,SS_Conocimiento
2015-08-01,2015-M08,ARA,CON_OCI,25630.0,Mensual,SS_Conocimiento
2015-09-01,2015-M09,ARA,CON_OCI,25798.8,Mensual,SS_Conocimiento
2015-10-01,2015-M10,ARA,CON_OCI,25886.1,Mensual,SS_Conocimiento
2015-11-01,2015-M11,ARA,CON_OCI,25929.100000000002,Mensual,SS_Conocimiento
2015-12-01,2015-M12,ARA,CON_OCI,26101.5,Mensual,SS_Conocimiento
2016-01-01,2016-M01,ARA,CON_OCI,25971.3,Mensual,SS_Conocimiento
2016-02-01,2016-M02,ARA,CON_OCI,26147.699999999997,Mensual,SS_Conocimiento
2016-03-01,2016-M03,ARA,CON_OCI,26272.3,Mensual,SS_Conocimiento
2016-04-01,2016-M04,ARA,CON_OCI,26361.2,Mensual,SS_Conocimiento
2016-05-01,2016-M05,ARA,CON_OCI,26504.9,Mensual,SS_Conocimiento
2016-06-01,2016-M06,ARA,CON_OCI,26745.4,Mensual,SS_Conocimiento
2016-07-01,2016-M07,ARA,CON_OCI,26821.6,Mensual,SS_Conocimiento
2016-08-01,2016-M08,ARA,CON_OCI,26667.4,Mensual,SS_Conocimiento
2016-09-01,2016-M09,ARA,CON_OCI,26825.7,Mensual,SS_Conocimiento
2016-10-01,2016-M10,ARA,CON_OCI,27037.8,Mensual,SS_Conocimiento
2016-11-01,2016-M11,ARA,CON_OCI,27183.899999999998,Mensual,SS_Conocimiento
2016-12-01,2016-M12,ARA,CON_OCI,27260.4,Mensual,SS_Conocimiento
2017-01-01,2017-M01,ARA,CON_OCI,27065.2,Mensual,SS_Conocimiento
2017-02-01,2017-M02,ARA,CON_OCI,27187.2,Mensual,SS_Conocimiento
2017-03-01,2017-M03,ARA,CON_OCI,27389.0,Mensual,SS_Conocimiento
2017-04-01,2017-M04,ARA,CON_OCI,27513.8,Mensual,SS_Conocimiento
2017-05-01,2017-M05,ARA,CON_OCI,27607.8,Mensual,SS_Conocimiento
2017-06-01,2017-M06,ARA,CON_OCI,27698.1,Mensual,SS_Conocimiento
2017-07-01,2017-M07,ARA,CON_OCI,27781.4,Mensual,SS_Conocimiento
2017-08-01,2017-M08,ARA,CON_OCI,27612.2,Mensual,SS_Conocimiento
2017-09-01,2017-M09,ARA,CON_OCI,27873.4,Mensual,SS_Conocimiento
2017-10-01,2017-M10,ARA,CON_OCI,28128.9,Mensual,SS_Conocimiento
2017-11-01,2017-M11,ARA,CON_OCI,28267.1,Mensual,SS_Conocimiento
2017-12-01,2017-M12,ARA,CON_OCI,28342.5,Mensual,SS_Conocimiento
2018-01-01,2018-M01,ARA,CON_OCI,28319.100000000002,Mensual,SS_Conocimiento
2018-02-01,2018-M02,ARA,CON_OCI,28486.6,Mensual,SS_Conocimiento
2018-03-01,2018-M03,ARA,CON_OCI,28587.9,Mensual,SS_Conocimiento
2018-04-01,2018-M04,ARA,CON_OCI,28728.0,Mensual,SS_Conocimiento
2018-05-01,2018-M05,ARA,CON_OCI,28591.9,Mensual,SS_Conocimiento
2018-06-01,2018-M06,ARA,CON_OCI,28722.800000000003,Mensual,SS_Conocimiento
2018-07-01,2018-M07,ARA,CON_OCI,28881.8,Mensual,SS_Conocimiento
2018-08-01,2018-M08,ARA,CON_OCI,28770.1,Mensual,SS_Conocimiento
2018-09-01,2018-M09,ARA,CON_OCI,28948.4,Mensual,SS_Conocimiento
2018-10-01,2018-M10,ARA,CON_OCI,29180.300000000003,Mensual,SS_Conocimiento
2018-11-01,2018-M11,ARA,CON_OCI,29274.6,Mensual,SS_Conocimiento
2018-12-01,2018-M12,ARA,CON_OCI,29390.1,Mensual,SS_Conocimiento
2019-01-01,2019-M01,ARA,CON_OCI,29310.300000000003,Mensual,SS_Conocimiento
2019-02-01,2019-M02,ARA,CON_OCI,29484.1,Mensual,SS_Conocimiento
2019-03-01,2019-M03,ARA,CON_OCI,29678.9,Mensual,SS_Conocimiento
2019-04-01,2019-M04,ARA,CON_OCI,29825.4,Mensual,SS_Conocimiento
2019-05-01,2019-M05,ARA,CON_OCI,30021.5,Mensual,SS_Conocimiento
2019-06-01,2019-M06,ARA,CON_OCI,30267.5,Mensual,SS_Conocimiento
2019-07-01,2019-M07,ARA,CON_OCI,30334.6,Mensual,SS_Conocimiento
2019-08-01,2019-M08,ARA,CON_OCI,30036.300000000003,Mensual,SS_Conocimiento
2019-09-01,2019-M09,ARA,CON_OCI,30283.199999999997,Mensual,SS_Conocimiento
2019-10-01,2019-M10,ARA,CON_OCI,30564.2,Mensual,SS_Conocimiento
2019-11-01,2019-M11,ARA,CON_OCI,30508.9,Mensual,SS_Conocimiento
2019-12-01,2019-M12,ARA,CON_OCI,30398.100000000002,Mensual,SS_Conocimiento
2020-01-01,2020-M01,ARA,CON_OCI,30244.5,Mensual,SS_Conocimiento
2020-02-01,2020-M02,ARA,CON_OCI,30481.100000000002,Mensual,SS_Conocimiento
2020-03-01,2020-M03,ARA,CON_OCI,30325.6,Mensual,SS_Conocimiento
2020-04-01,2020-M04,ARA,CON_OCI,29768.6,Mensual,SS_Conocimiento
2020-05-01,2020-M05,ARA,CON_OCI,29709.399999999998,Mensual,SS_Conocimiento
2020-06-01,2020-M06,ARA,CON_OCI,29858.699999999997,Mensual,SS_Conocimiento
2020-07-01,2020-M07,ARA,CON_OCI,30039.699999999997,Mensual,SS_Conocimiento
2020-08-01,2020-M08,ARA,CON_OCI,29961.5,Mensual,SS_Conocimiento
2020-09-01,2020-M09,ARA,CON_OCI,30039.7,Mensual,SS_Conocimiento
2020-10-01,2020-M10,ARA,CON_OCI,30302.6,Mensual,SS_Conocimiento
2020-11-01,2020-M11,ARA,CON_OCI,30566.5,Mensual,SS_Conocimiento
2020-12-01,2020-M12,ARA,CON_OCI,30670.3,Mensual,SS_Conocimiento
2021-01-01,2021-M01,ARA,CON_OCI,30607.199999999997,Mensual,SS_Conocimiento
2021-02-01,2021-M02,ARA,CON_OCI,30758.1,Mensual,SS_Conocimiento
2021-03-01,2021-M03,ARA,CON_OCI,30955.5,Mensual,SS_Conocimiento
2021-04-01,2021-M04,ARA,CON_OCI,31269.1,Mensual,SS_Conocimiento
2021-05-01,2021-M05,ARA,CON_OCI,31459.699999999997,Mensual,SS_Conocimiento
2021-06-01,2021-M06,ARA,CON_OCI,31686.899999999998,Mensual,SS_Conocimiento
2021-07-01,2021-M07,ARA,CON_OCI,31845.100000000002,Mensual,SS_Conocimiento
2021-08-01,2021-M08,ARA,CON_OCI,31684.0,Mensual,SS_Conocimiento
2021-09-01,2021-M09,ARA,CON_OCI,31869.6,Mensual,SS_Conocimiento
2021-10-01,2021-M10,ARA,CON_OCI,32256.1,Mensual,SS_Conocimiento
2021-11-01,2021-M11,ARA,CON_OCI,32459.5,Mensual,SS_Conocimiento
2021-12-01,2021-M12,ARA,CON_OCI,32586.2,Mensual,SS_Conocimiento
2022-01-01,2022-M01,ARA,CON_OCI,32461.300000000003,Mensual,SS_Conocimiento
2022-02-01,2022-M02,ARA,CON_OCI,32556.2,Mensual,SS_Conocimiento
2022-03-01,2022-M03,ARA,CON_OCI,32810.7,Mensual,SS_Conocimiento
2022-04-01,2022-M04,ARA,CON_OCI,32971.5,Mensual,SS_Conocimiento
2022-05-01,2022-M05,ARA,CON_OCI,33030.9,Mensual,SS_Conocimiento
2022-06-01,2022-M06,ARA,CON_OCI,33230.6,Mensual,SS_Conocimiento
2022-07-01,2022-M07,ARA,CON_OCI,33347.9,Mensual,SS_Conocimiento
2022-08-01,2022-M08,ARA,CON_OCI,33215.3,Mensual,SS_Conocimiento
2022-09-01,2022-M09,ARA,CON_OCI,33455.8,Mensual,SS_Conocimiento
2022-10-01,2022-M10,ARA,CON_OCI,33751.2,Mensual,SS_Conocimiento
2022-11-01,2022-M11,ARA,CON_OCI,33916.3,Mensual,SS_Conocimiento
2022-12-01,2022-M12,ARA,CON_OCI,34050.6,Mensual,SS_Conocimiento
2023-01-01,2023-M01,ARA,CON_OCI,33947.600000000006,Mensual,SS_Conocimiento
2023-02-01,2023-M02,ARA,CON_OCI,34136.2,Mensual,SS_Conocimiento
2023-03-01,2023-M03,ARA,CON_OCI,34395.7,Mensual,SS_Conocimiento
2023-04-01,2023-M04,ARA,CON_OCI,34558.8,Mensual,SS_Conocimiento
2023-05-01,2023-M05,ARA,CON_OCI,34748.4,Mensual,SS_Conocimiento
2023-06-01,2023-M06,ARA,CON_OCI,34866.5,Mensual,SS_Conocimiento
2023-07-01,2023-M07,ARA,CON_OCI,35004.8,Mensual,SS_Conocimiento
2023-08-01,2023-M08,ARA,CON_OCI,34808.6,Mensual,SS_Conocimiento
2023-09-01,2023-M09,ARA,CON_OCI,34977.0,Mensual,SS_Conocimiento
2023-10-01,2023-M10,ARA,CON_OCI,35340.5,Mensual,SS_Conocimiento
2023-11-01,2023-M11,ARA,CON_OCI,35399.3,Mensual,SS_Conocimiento
2023-12-01,2023-M12,ARA,CON_OCI,35428.8,Mensual,SS_Conocimiento
2024-01-01,2024-M01,ARA,CON_OCI,35308.4,Mensual,SS_Conocimiento
2024-02-01,2024-M02,ARA,CON_OCI,35652.0,Mensual,SS_Conocimiento
2024-03-01,2024-M03,ARA,CON_OCI,35842.7,Mensual,SS_Conocimiento
2024-04-01,2024-M04,ARA,CON_OCI,35926.5,Mensual,SS_Conocimiento
2024-05-01,2024-M05,ARA,CON_OCI,36013.8,Mensual,SS_Conocimiento
2024-06-01,2024-M06,ARA,CON_OCI,36116.7,Mensual,SS_Conocimiento
2024-07-01,2024-M07,ARA,CON_OCI,36208.1,Mensual,SS_Conocimiento
2024-08-01,2024-M08,ARA,CON_OCI,36039.9,Mensual,SS_Conocimiento
2024-09-01,2024-M09,ARA,CON_OCI,36137.2,Mensual,SS_Conocimiento
2024-10-01,2024-M10,ARA,CON_OCI,36473.600000000006,Mensual,SS_Conocimiento
2024-11-01,2024-M11,ARA,CON_OCI,36636.6,Mensual,SS_Conocimiento
2024-12-01,2024-M12,ARA,CON_OCI,36658.1,Mensual,SS_Conocimiento
2025-01-01,2025-M01,ARA,CON_OCI,36613.7,Mensual,SS_Conocimiento
2025-02-01,2025-M02,ARA,CON_OCI,36801.2,Mensual,SS_Conocimiento
2025-03-01,2025-M03,ARA,CON_OCI,37001.0,Mensual,SS_Conocimiento
2025-04-01,2025-M04,ARA,CON_OCI,37070.8,Mensual,SS_Conocimiento
2025-05-01,2025-M05,ARA,CON_OCI,37185.0,Mensual,SS_Conocimiento
2025-06-01,2025-M06,ARA,CON_OCI,37382.3,Mensual,SS_Conocimiento
2025-07-01,2025-M07,ARA,CON_OCI,37537.0,Mensual,SS_Conocimiento
2025-08-01,2025-M08,ARA,CON_OCI,37312.7,Mensual,SS_Conocimiento
2025-09-01,2025-M09,ARA,CON_OCI,37432.1,Mensual,SS_Conocimiento
2025-10-01,2025-M10,ARA,CON_OCI,37645.2,Mensual,SS_Conocimiento
2025-11-01,2025-M11,ARA,CON_OCI,37826.1,Mensual,SS_Conocimiento
2025-12-01,2025-M12,ARA,CON_OCI,37873.9,Mensual,SS_Conocimiento
2026-01-01,2026-M01,ARA,CON_OCI,37919.7,Mensual,SS_Conocimiento
2026-02-01,2026-M02,ARA,CON_OCI,38045.25,Mensual,SS_Conocimiento
2026-03-01,2026-M03,ARA,CON_OCI,38055.41,Mensual,SS_Conocimiento
2026-04-01,2026-M04,ARA,CON_OCI,38019.45,Mensual,SS_Conocimiento
2009-01-01,2009-M01,AST,CON_OCI,20435.199999999997,Mensual,SS_Conocimiento
2009-02-01,2009-M02,AST,CON_OCI,20499.4,Mensual,SS_Conocimiento
2009-03-01,2009-M03,AST,CON_OCI,20547.0,Mensual,SS_Conocimiento
2009-04-01,2009-M04,AST,CON_OCI,20521.6,Mensual,SS_Conocimiento
2009-05-01,2009-M05,AST,CON_OCI,20606.2,Mensual,SS_Conocimiento
2009-06-01,2009-M06,AST,CON_OCI,20640.1,Mensual,SS_Conocimiento
2009-07-01,2009-M07,AST,CON_OCI,20672.8,Mensual,SS_Conocimiento
2009-08-01,2009-M08,AST,CON_OCI,20688.6,Mensual,SS_Conocimiento
2009-09-01,2009-M09,AST,CON_OCI,20720.1,Mensual,SS_Conocimiento
2009-10-01,2009-M10,AST,CON_OCI,20818.7,Mensual,SS_Conocimiento
2009-11-01,2009-M11,AST,CON_OCI,20837.0,Mensual,SS_Conocimiento
2009-12-01,2009-M12,AST,CON_OCI,20850.4,Mensual,SS_Conocimiento
2010-01-01,2010-M01,AST,CON_OCI,20653.199999999997,Mensual,SS_Conocimiento
2010-02-01,2010-M02,AST,CON_OCI,20669.8,Mensual,SS_Conocimiento
2010-03-01,2010-M03,AST,CON_OCI,20739.9,Mensual,SS_Conocimiento
2010-04-01,2010-M04,AST,CON_OCI,20864.3,Mensual,SS_Conocimiento
2010-05-01,2010-M05,AST,CON_OCI,20877.6,Mensual,SS_Conocimiento
2010-06-01,2010-M06,AST,CON_OCI,20930.1,Mensual,SS_Conocimiento
2010-07-01,2010-M07,AST,CON_OCI,20923.1,Mensual,SS_Conocimiento
2010-08-01,2010-M08,AST,CON_OCI,20926.699999999997,Mensual,SS_Conocimiento
2010-09-01,2010-M09,AST,CON_OCI,21038.2,Mensual,SS_Conocimiento
2010-10-01,2010-M10,AST,CON_OCI,21135.8,Mensual,SS_Conocimiento
2010-11-01,2010-M11,AST,CON_OCI,21148.7,Mensual,SS_Conocimiento
2010-12-01,2010-M12,AST,CON_OCI,21176.8,Mensual,SS_Conocimiento
2011-01-01,2011-M01,AST,CON_OCI,20994.6,Mensual,SS_Conocimiento
2011-02-01,2011-M02,AST,CON_OCI,21116.4,Mensual,SS_Conocimiento
2011-03-01,2011-M03,AST,CON_OCI,21082.7,Mensual,SS_Conocimiento
2011-04-01,2011-M04,AST,CON_OCI,21008.5,Mensual,SS_Conocimiento
2011-05-01,2011-M05,AST,CON_OCI,21052.3,Mensual,SS_Conocimiento
2011-06-01,2011-M06,AST,CON_OCI,21013.9,Mensual,SS_Conocimiento
2011-07-01,2011-M07,AST,CON_OCI,20989.3,Mensual,SS_Conocimiento
2011-08-01,2011-M08,AST,CON_OCI,20928.8,Mensual,SS_Conocimiento
2011-09-01,2011-M09,AST,CON_OCI,21095.8,Mensual,SS_Conocimiento
2011-10-01,2011-M10,AST,CON_OCI,21131.8,Mensual,SS_Conocimiento
2011-11-01,2011-M11,AST,CON_OCI,21226.0,Mensual,SS_Conocimiento
2011-12-01,2011-M12,AST,CON_OCI,21472.4,Mensual,SS_Conocimiento
2012-01-01,2012-M01,AST,CON_OCI,21106.0,Mensual,SS_Conocimiento
2012-02-01,2012-M02,AST,CON_OCI,21087.1,Mensual,SS_Conocimiento
2012-03-01,2012-M03,AST,CON_OCI,20998.1,Mensual,SS_Conocimiento
2012-04-01,2012-M04,AST,CON_OCI,20944.9,Mensual,SS_Conocimiento
2012-05-01,2012-M05,AST,CON_OCI,20833.2,Mensual,SS_Conocimiento
2012-06-01,2012-M06,AST,CON_OCI,20809.1,Mensual,SS_Conocimiento
2012-07-01,2012-M07,AST,CON_OCI,20740.5,Mensual,SS_Conocimiento
2012-08-01,2012-M08,AST,CON_OCI,20629.3,Mensual,SS_Conocimiento
2012-09-01,2012-M09,AST,CON_OCI,21202.3,Mensual,SS_Conocimiento
2012-10-01,2012-M10,AST,CON_OCI,20665.5,Mensual,SS_Conocimiento
2012-11-01,2012-M11,AST,CON_OCI,20535.6,Mensual,SS_Conocimiento
2012-12-01,2012-M12,AST,CON_OCI,20430.4,Mensual,SS_Conocimiento
2013-01-01,2013-M01,AST,CON_OCI,20221.6,Mensual,SS_Conocimiento
2013-02-01,2013-M02,AST,CON_OCI,20199.5,Mensual,SS_Conocimiento
2013-03-01,2013-M03,AST,CON_OCI,20276.3,Mensual,SS_Conocimiento
2013-04-01,2013-M04,AST,CON_OCI,20285.4,Mensual,SS_Conocimiento
2013-05-01,2013-M05,AST,CON_OCI,20289.8,Mensual,SS_Conocimiento
2013-06-01,2013-M06,AST,CON_OCI,20434.5,Mensual,SS_Conocimiento
2013-07-01,2013-M07,AST,CON_OCI,20263.4,Mensual,SS_Conocimiento
2013-08-01,2013-M08,AST,CON_OCI,20301.5,Mensual,SS_Conocimiento
2013-09-01,2013-M09,AST,CON_OCI,20342.8,Mensual,SS_Conocimiento
2013-10-01,2013-M10,AST,CON_OCI,20462.4,Mensual,SS_Conocimiento
2013-11-01,2013-M11,AST,CON_OCI,20490.7,Mensual,SS_Conocimiento
2013-12-01,2013-M12,AST,CON_OCI,20441.6,Mensual,SS_Conocimiento
2014-01-01,2014-M01,AST,CON_OCI,20228.4,Mensual,SS_Conocimiento
2014-02-01,2014-M02,AST,CON_OCI,20323.6,Mensual,SS_Conocimiento
2014-03-01,2014-M03,AST,CON_OCI,20428.0,Mensual,SS_Conocimiento
2014-04-01,2014-M04,AST,CON_OCI,20553.7,Mensual,SS_Conocimiento
2014-05-01,2014-M05,AST,CON_OCI,20623.9,Mensual,SS_Conocimiento
2014-06-01,2014-M06,AST,CON_OCI,20718.7,Mensual,SS_Conocimiento
2014-07-01,2014-M07,AST,CON_OCI,20896.3,Mensual,SS_Conocimiento
2014-08-01,2014-M08,AST,CON_OCI,20928.0,Mensual,SS_Conocimiento
2014-09-01,2014-M09,AST,CON_OCI,20922.2,Mensual,SS_Conocimiento
2014-10-01,2014-M10,AST,CON_OCI,21083.0,Mensual,SS_Conocimiento
2014-11-01,2014-M11,AST,CON_OCI,21307.2,Mensual,SS_Conocimiento
2014-12-01,2014-M12,AST,CON_OCI,21425.300000000003,Mensual,SS_Conocimiento
2015-01-01,2015-M01,AST,CON_OCI,21211.7,Mensual,SS_Conocimiento
2015-02-01,2015-M02,AST,CON_OCI,21298.7,Mensual,SS_Conocimiento
2015-03-01,2015-M03,AST,CON_OCI,21431.0,Mensual,SS_Conocimiento
2015-04-01,2015-M04,AST,CON_OCI,21510.0,Mensual,SS_Conocimiento
2015-05-01,2015-M05,AST,CON_OCI,21668.9,Mensual,SS_Conocimiento
2015-06-01,2015-M06,AST,CON_OCI,21816.5,Mensual,SS_Conocimiento
2015-07-01,2015-M07,AST,CON_OCI,21957.8,Mensual,SS_Conocimiento
2015-08-01,2015-M08,AST,CON_OCI,21943.9,Mensual,SS_Conocimiento
2015-09-01,2015-M09,AST,CON_OCI,21965.4,Mensual,SS_Conocimiento
2015-10-01,2015-M10,AST,CON_OCI,22041.4,Mensual,SS_Conocimiento
2015-11-01,2015-M11,AST,CON_OCI,22137.4,Mensual,SS_Conocimiento
2015-12-01,2015-M12,AST,CON_OCI,22176.2,Mensual,SS_Conocimiento
2016-01-01,2016-M01,AST,CON_OCI,22154.3,Mensual,SS_Conocimiento
2016-02-01,2016-M02,AST,CON_OCI,22252.0,Mensual,SS_Conocimiento
2016-03-01,2016-M03,AST,CON_OCI,22360.5,Mensual,SS_Conocimiento
2016-04-01,2016-M04,AST,CON_OCI,22423.1,Mensual,SS_Conocimiento
2016-05-01,2016-M05,AST,CON_OCI,22536.9,Mensual,SS_Conocimiento
2016-06-01,2016-M06,AST,CON_OCI,22607.7,Mensual,SS_Conocimiento
2016-07-01,2016-M07,AST,CON_OCI,22615.5,Mensual,SS_Conocimiento
2016-08-01,2016-M08,AST,CON_OCI,22607.5,Mensual,SS_Conocimiento
2016-09-01,2016-M09,AST,CON_OCI,22569.9,Mensual,SS_Conocimiento
2016-10-01,2016-M10,AST,CON_OCI,22791.199999999997,Mensual,SS_Conocimiento
2016-11-01,2016-M11,AST,CON_OCI,22962.4,Mensual,SS_Conocimiento
2016-12-01,2016-M12,AST,CON_OCI,23040.5,Mensual,SS_Conocimiento
2017-01-01,2017-M01,AST,CON_OCI,22904.6,Mensual,SS_Conocimiento
2017-02-01,2017-M02,AST,CON_OCI,23052.3,Mensual,SS_Conocimiento
2017-03-01,2017-M03,AST,CON_OCI,23267.8,Mensual,SS_Conocimiento
2017-04-01,2017-M04,AST,CON_OCI,23382.199999999997,Mensual,SS_Conocimiento
2017-05-01,2017-M05,AST,CON_OCI,23315.3,Mensual,SS_Conocimiento
2017-06-01,2017-M06,AST,CON_OCI,23357.0,Mensual,SS_Conocimiento
2017-07-01,2017-M07,AST,CON_OCI,23428.1,Mensual,SS_Conocimiento
2017-08-01,2017-M08,AST,CON_OCI,23463.0,Mensual,SS_Conocimiento
2017-09-01,2017-M09,AST,CON_OCI,23521.6,Mensual,SS_Conocimiento
2017-10-01,2017-M10,AST,CON_OCI,23724.5,Mensual,SS_Conocimiento
2017-11-01,2017-M11,AST,CON_OCI,23835.3,Mensual,SS_Conocimiento
2017-12-01,2017-M12,AST,CON_OCI,23784.0,Mensual,SS_Conocimiento
2018-01-01,2018-M01,AST,CON_OCI,23319.2,Mensual,SS_Conocimiento
2018-02-01,2018-M02,AST,CON_OCI,23493.9,Mensual,SS_Conocimiento
2018-03-01,2018-M03,AST,CON_OCI,23580.6,Mensual,SS_Conocimiento
2018-04-01,2018-M04,AST,CON_OCI,23713.2,Mensual,SS_Conocimiento
2018-05-01,2018-M05,AST,CON_OCI,23786.6,Mensual,SS_Conocimiento
2018-06-01,2018-M06,AST,CON_OCI,23991.6,Mensual,SS_Conocimiento
2018-07-01,2018-M07,AST,CON_OCI,24650.300000000003,Mensual,SS_Conocimiento
2018-08-01,2018-M08,AST,CON_OCI,24527.4,Mensual,SS_Conocimiento
2018-09-01,2018-M09,AST,CON_OCI,24377.5,Mensual,SS_Conocimiento
2018-10-01,2018-M10,AST,CON_OCI,24191.9,Mensual,SS_Conocimiento
2018-11-01,2018-M11,AST,CON_OCI,24369.4,Mensual,SS_Conocimiento
2018-12-01,2018-M12,AST,CON_OCI,24421.5,Mensual,SS_Conocimiento
2019-01-01,2019-M01,AST,CON_OCI,24345.4,Mensual,SS_Conocimiento
2019-02-01,2019-M02,AST,CON_OCI,24546.9,Mensual,SS_Conocimiento
2019-03-01,2019-M03,AST,CON_OCI,24639.6,Mensual,SS_Conocimiento
2019-04-01,2019-M04,AST,CON_OCI,24780.5,Mensual,SS_Conocimiento
2019-05-01,2019-M05,AST,CON_OCI,24791.5,Mensual,SS_Conocimiento
2019-06-01,2019-M06,AST,CON_OCI,24786.399999999998,Mensual,SS_Conocimiento
2019-07-01,2019-M07,AST,CON_OCI,24841.4,Mensual,SS_Conocimiento
2019-08-01,2019-M08,AST,CON_OCI,24862.199999999997,Mensual,SS_Conocimiento
2019-09-01,2019-M09,AST,CON_OCI,24840.6,Mensual,SS_Conocimiento
2019-10-01,2019-M10,AST,CON_OCI,25132.1,Mensual,SS_Conocimiento
2019-11-01,2019-M11,AST,CON_OCI,25252.4,Mensual,SS_Conocimiento
2019-12-01,2019-M12,AST,CON_OCI,25260.3,Mensual,SS_Conocimiento
2020-01-01,2020-M01,AST,CON_OCI,24977.0,Mensual,SS_Conocimiento
2020-02-01,2020-M02,AST,CON_OCI,25002.5,Mensual,SS_Conocimiento
2020-03-01,2020-M03,AST,CON_OCI,24700.1,Mensual,SS_Conocimiento
2020-04-01,2020-M04,AST,CON_OCI,24045.5,Mensual,SS_Conocimiento
2020-05-01,2020-M05,AST,CON_OCI,23986.0,Mensual,SS_Conocimiento
2020-06-01,2020-M06,AST,CON_OCI,24116.199999999997,Mensual,SS_Conocimiento
2020-07-01,2020-M07,AST,CON_OCI,24276.100000000002,Mensual,SS_Conocimiento
2020-08-01,2020-M08,AST,CON_OCI,24391.0,Mensual,SS_Conocimiento
2020-09-01,2020-M09,AST,CON_OCI,24450.3,Mensual,SS_Conocimiento
2020-10-01,2020-M10,AST,CON_OCI,24671.399999999998,Mensual,SS_Conocimiento
2020-11-01,2020-M11,AST,CON_OCI,24773.9,Mensual,SS_Conocimiento
2020-12-01,2020-M12,AST,CON_OCI,24838.2,Mensual,SS_Conocimiento
2021-01-01,2021-M01,AST,CON_OCI,24785.2,Mensual,SS_Conocimiento
2021-02-01,2021-M02,AST,CON_OCI,24940.0,Mensual,SS_Conocimiento
2021-03-01,2021-M03,AST,CON_OCI,25027.1,Mensual,SS_Conocimiento
2021-04-01,2021-M04,AST,CON_OCI,25101.7,Mensual,SS_Conocimiento
2021-05-01,2021-M05,AST,CON_OCI,25227.4,Mensual,SS_Conocimiento
2021-06-01,2021-M06,AST,CON_OCI,25280.6,Mensual,SS_Conocimiento
2021-07-01,2021-M07,AST,CON_OCI,25471.7,Mensual,SS_Conocimiento
2021-08-01,2021-M08,AST,CON_OCI,25553.7,Mensual,SS_Conocimiento
2021-09-01,2021-M09,AST,CON_OCI,25263.3,Mensual,SS_Conocimiento
2021-10-01,2021-M10,AST,CON_OCI,25683.4,Mensual,SS_Conocimiento
2021-11-01,2021-M11,AST,CON_OCI,26110.9,Mensual,SS_Conocimiento
2021-12-01,2021-M12,AST,CON_OCI,26399.2,Mensual,SS_Conocimiento
2022-01-01,2022-M01,AST,CON_OCI,26311.8,Mensual,SS_Conocimiento
2022-02-01,2022-M02,AST,CON_OCI,26536.8,Mensual,SS_Conocimiento
2022-03-01,2022-M03,AST,CON_OCI,26755.5,Mensual,SS_Conocimiento
2022-04-01,2022-M04,AST,CON_OCI,27004.3,Mensual,SS_Conocimiento
2022-05-01,2022-M05,AST,CON_OCI,27171.1,Mensual,SS_Conocimiento
2022-06-01,2022-M06,AST,CON_OCI,27325.1,Mensual,SS_Conocimiento
2022-07-01,2022-M07,AST,CON_OCI,27650.5,Mensual,SS_Conocimiento
2022-08-01,2022-M08,AST,CON_OCI,27740.2,Mensual,SS_Conocimiento
2022-09-01,2022-M09,AST,CON_OCI,27805.2,Mensual,SS_Conocimiento
2022-10-01,2022-M10,AST,CON_OCI,28082.2,Mensual,SS_Conocimiento
2022-11-01,2022-M11,AST,CON_OCI,28137.8,Mensual,SS_Conocimiento
2022-12-01,2022-M12,AST,CON_OCI,28107.1,Mensual,SS_Conocimiento
2023-01-01,2023-M01,AST,CON_OCI,28007.8,Mensual,SS_Conocimiento
2023-02-01,2023-M02,AST,CON_OCI,28185.1,Mensual,SS_Conocimiento
2023-03-01,2023-M03,AST,CON_OCI,28360.4,Mensual,SS_Conocimiento
2023-04-01,2023-M04,AST,CON_OCI,28549.6,Mensual,SS_Conocimiento
2023-05-01,2023-M05,AST,CON_OCI,28732.1,Mensual,SS_Conocimiento
2023-06-01,2023-M06,AST,CON_OCI,28882.2,Mensual,SS_Conocimiento
2023-07-01,2023-M07,AST,CON_OCI,29178.3,Mensual,SS_Conocimiento
2023-08-01,2023-M08,AST,CON_OCI,29090.4,Mensual,SS_Conocimiento
2023-09-01,2023-M09,AST,CON_OCI,29042.6,Mensual,SS_Conocimiento
2023-10-01,2023-M10,AST,CON_OCI,29118.100000000002,Mensual,SS_Conocimiento
2023-11-01,2023-M11,AST,CON_OCI,29224.1,Mensual,SS_Conocimiento
2023-12-01,2023-M12,AST,CON_OCI,29216.7,Mensual,SS_Conocimiento
2024-01-01,2024-M01,AST,CON_OCI,29058.7,Mensual,SS_Conocimiento
2024-02-01,2024-M02,AST,CON_OCI,29174.9,Mensual,SS_Conocimiento
2024-03-01,2024-M03,AST,CON_OCI,29231.800000000003,Mensual,SS_Conocimiento
2024-04-01,2024-M04,AST,CON_OCI,29346.6,Mensual,SS_Conocimiento
2024-05-01,2024-M05,AST,CON_OCI,29381.3,Mensual,SS_Conocimiento
2024-06-01,2024-M06,AST,CON_OCI,29437.199999999997,Mensual,SS_Conocimiento
2024-07-01,2024-M07,AST,CON_OCI,29603.5,Mensual,SS_Conocimiento
2024-08-01,2024-M08,AST,CON_OCI,29613.0,Mensual,SS_Conocimiento
2024-09-01,2024-M09,AST,CON_OCI,29504.6,Mensual,SS_Conocimiento
2024-10-01,2024-M10,AST,CON_OCI,29724.6,Mensual,SS_Conocimiento
2024-11-01,2024-M11,AST,CON_OCI,29910.0,Mensual,SS_Conocimiento
2024-12-01,2024-M12,AST,CON_OCI,29714.9,Mensual,SS_Conocimiento
2025-01-01,2025-M01,AST,CON_OCI,29507.1,Mensual,SS_Conocimiento
2025-02-01,2025-M02,AST,CON_OCI,29710.3,Mensual,SS_Conocimiento
2025-03-01,2025-M03,AST,CON_OCI,29962.699999999997,Mensual,SS_Conocimiento
2025-04-01,2025-M04,AST,CON_OCI,30151.899999999998,Mensual,SS_Conocimiento
2025-05-01,2025-M05,AST,CON_OCI,30259.5,Mensual,SS_Conocimiento
2025-06-01,2025-M06,AST,CON_OCI,30304.2,Mensual,SS_Conocimiento
2025-07-01,2025-M07,AST,CON_OCI,30455.600000000002,Mensual,SS_Conocimiento
2025-08-01,2025-M08,AST,CON_OCI,30443.8,Mensual,SS_Conocimiento
2025-09-01,2025-M09,AST,CON_OCI,30680.699999999997,Mensual,SS_Conocimiento
2025-10-01,2025-M10,AST,CON_OCI,31102.5,Mensual,SS_Conocimiento
2025-11-01,2025-M11,AST,CON_OCI,31350.3,Mensual,SS_Conocimiento
2025-12-01,2025-M12,AST,CON_OCI,31422.4,Mensual,SS_Conocimiento
2026-01-01,2026-M01,AST,CON_OCI,31643.7,Mensual,SS_Conocimiento
2026-02-01,2026-M02,AST,CON_OCI,31901.9,Mensual,SS_Conocimiento
2026-03-01,2026-M03,AST,CON_OCI,31968.0,Mensual,SS_Conocimiento
2026-04-01,2026-M04,AST,CON_OCI,32097.75,Mensual,SS_Conocimiento
2009-01-01,2009-M01,BAL,CON_OCI,20048.3,Mensual,SS_Conocimiento
2009-02-01,2009-M02,BAL,CON_OCI,20094.5,Mensual,SS_Conocimiento
2009-03-01,2009-M03,BAL,CON_OCI,20207.7,Mensual,SS_Conocimiento
2009-04-01,2009-M04,BAL,CON_OCI,20325.4,Mensual,SS_Conocimiento
2009-05-01,2009-M05,BAL,CON_OCI,20484.5,Mensual,SS_Conocimiento
2009-06-01,2009-M06,BAL,CON_OCI,20660.2,Mensual,SS_Conocimiento
2009-07-01,2009-M07,BAL,CON_OCI,20778.3,Mensual,SS_Conocimiento
2009-08-01,2009-M08,BAL,CON_OCI,20565.8,Mensual,SS_Conocimiento
2009-09-01,2009-M09,BAL,CON_OCI,20416.6,Mensual,SS_Conocimiento
2009-10-01,2009-M10,BAL,CON_OCI,20294.699999999997,Mensual,SS_Conocimiento
2009-11-01,2009-M11,BAL,CON_OCI,20179.4,Mensual,SS_Conocimiento
2009-12-01,2009-M12,BAL,CON_OCI,20104.9,Mensual,SS_Conocimiento
2010-01-01,2010-M01,BAL,CON_OCI,19829.5,Mensual,SS_Conocimiento
2010-02-01,2010-M02,BAL,CON_OCI,19808.5,Mensual,SS_Conocimiento
2010-03-01,2010-M03,BAL,CON_OCI,20035.5,Mensual,SS_Conocimiento
2010-04-01,2010-M04,BAL,CON_OCI,20121.300000000003,Mensual,SS_Conocimiento
2010-05-01,2010-M05,BAL,CON_OCI,20397.2,Mensual,SS_Conocimiento
2010-06-01,2010-M06,BAL,CON_OCI,20501.0,Mensual,SS_Conocimiento
2010-07-01,2010-M07,BAL,CON_OCI,20575.1,Mensual,SS_Conocimiento
2010-08-01,2010-M08,BAL,CON_OCI,20510.1,Mensual,SS_Conocimiento
2010-09-01,2010-M09,BAL,CON_OCI,20456.6,Mensual,SS_Conocimiento
2010-10-01,2010-M10,BAL,CON_OCI,20374.2,Mensual,SS_Conocimiento
2010-11-01,2010-M11,BAL,CON_OCI,20260.8,Mensual,SS_Conocimiento
2010-12-01,2010-M12,BAL,CON_OCI,20192.8,Mensual,SS_Conocimiento
2011-01-01,2011-M01,BAL,CON_OCI,20022.9,Mensual,SS_Conocimiento
2011-02-01,2011-M02,BAL,CON_OCI,20116.0,Mensual,SS_Conocimiento
2011-03-01,2011-M03,BAL,CON_OCI,20178.0,Mensual,SS_Conocimiento
2011-04-01,2011-M04,BAL,CON_OCI,20222.7,Mensual,SS_Conocimiento
2011-05-01,2011-M05,BAL,CON_OCI,20460.1,Mensual,SS_Conocimiento
2011-06-01,2011-M06,BAL,CON_OCI,20557.4,Mensual,SS_Conocimiento
2011-07-01,2011-M07,BAL,CON_OCI,20577.7,Mensual,SS_Conocimiento
2011-08-01,2011-M08,BAL,CON_OCI,20431.2,Mensual,SS_Conocimiento
2011-09-01,2011-M09,BAL,CON_OCI,20236.6,Mensual,SS_Conocimiento
2011-10-01,2011-M10,BAL,CON_OCI,20079.5,Mensual,SS_Conocimiento
2011-11-01,2011-M11,BAL,CON_OCI,19773.0,Mensual,SS_Conocimiento
2011-12-01,2011-M12,BAL,CON_OCI,19556.7,Mensual,SS_Conocimiento
2012-01-01,2012-M01,BAL,CON_OCI,19063.1,Mensual,SS_Conocimiento
2012-02-01,2012-M02,BAL,CON_OCI,18940.3,Mensual,SS_Conocimiento
2012-03-01,2012-M03,BAL,CON_OCI,18929.9,Mensual,SS_Conocimiento
2012-04-01,2012-M04,BAL,CON_OCI,19093.8,Mensual,SS_Conocimiento
2012-05-01,2012-M05,BAL,CON_OCI,19381.9,Mensual,SS_Conocimiento
2012-06-01,2012-M06,BAL,CON_OCI,19603.699999999997,Mensual,SS_Conocimiento
2012-07-01,2012-M07,BAL,CON_OCI,19803.199999999997,Mensual,SS_Conocimiento
2012-08-01,2012-M08,BAL,CON_OCI,19720.1,Mensual,SS_Conocimiento
2012-09-01,2012-M09,BAL,CON_OCI,19580.9,Mensual,SS_Conocimiento
2012-10-01,2012-M10,BAL,CON_OCI,19202.699999999997,Mensual,SS_Conocimiento
2012-11-01,2012-M11,BAL,CON_OCI,18986.0,Mensual,SS_Conocimiento
2012-12-01,2012-M12,BAL,CON_OCI,18887.7,Mensual,SS_Conocimiento
2013-01-01,2013-M01,BAL,CON_OCI,18873.8,Mensual,SS_Conocimiento
2013-02-01,2013-M02,BAL,CON_OCI,18964.8,Mensual,SS_Conocimiento
2013-03-01,2013-M03,BAL,CON_OCI,19122.1,Mensual,SS_Conocimiento
2013-04-01,2013-M04,BAL,CON_OCI,19369.5,Mensual,SS_Conocimiento
2013-05-01,2013-M05,BAL,CON_OCI,19686.5,Mensual,SS_Conocimiento
2013-06-01,2013-M06,BAL,CON_OCI,20016.4,Mensual,SS_Conocimiento
2013-07-01,2013-M07,BAL,CON_OCI,20352.3,Mensual,SS_Conocimiento
2013-08-01,2013-M08,BAL,CON_OCI,20278.7,Mensual,SS_Conocimiento
2013-09-01,2013-M09,BAL,CON_OCI,20186.7,Mensual,SS_Conocimiento
2013-10-01,2013-M10,BAL,CON_OCI,20060.1,Mensual,SS_Conocimiento
2013-11-01,2013-M11,BAL,CON_OCI,19824.7,Mensual,SS_Conocimiento
2013-12-01,2013-M12,BAL,CON_OCI,19727.9,Mensual,SS_Conocimiento
2014-01-01,2014-M01,BAL,CON_OCI,19567.4,Mensual,SS_Conocimiento
2014-02-01,2014-M02,BAL,CON_OCI,19747.5,Mensual,SS_Conocimiento
2014-03-01,2014-M03,BAL,CON_OCI,20021.6,Mensual,SS_Conocimiento
2014-04-01,2014-M04,BAL,CON_OCI,20383.9,Mensual,SS_Conocimiento
2014-05-01,2014-M05,BAL,CON_OCI,20824.300000000003,Mensual,SS_Conocimiento
2014-06-01,2014-M06,BAL,CON_OCI,21249.4,Mensual,SS_Conocimiento
2014-07-01,2014-M07,BAL,CON_OCI,21611.100000000002,Mensual,SS_Conocimiento
2014-08-01,2014-M08,BAL,CON_OCI,21567.4,Mensual,SS_Conocimiento
2014-09-01,2014-M09,BAL,CON_OCI,21450.7,Mensual,SS_Conocimiento
2014-10-01,2014-M10,BAL,CON_OCI,21261.6,Mensual,SS_Conocimiento
2014-11-01,2014-M11,BAL,CON_OCI,20946.4,Mensual,SS_Conocimiento
2014-12-01,2014-M12,BAL,CON_OCI,20851.0,Mensual,SS_Conocimiento
2015-01-01,2015-M01,BAL,CON_OCI,20834.0,Mensual,SS_Conocimiento
2015-02-01,2015-M02,BAL,CON_OCI,21012.7,Mensual,SS_Conocimiento
2015-03-01,2015-M03,BAL,CON_OCI,21338.6,Mensual,SS_Conocimiento
2015-04-01,2015-M04,BAL,CON_OCI,21708.199999999997,Mensual,SS_Conocimiento
2015-05-01,2015-M05,BAL,CON_OCI,22197.100000000002,Mensual,SS_Conocimiento
2015-06-01,2015-M06,BAL,CON_OCI,22662.1,Mensual,SS_Conocimiento
2015-07-01,2015-M07,BAL,CON_OCI,23074.4,Mensual,SS_Conocimiento
2015-08-01,2015-M08,BAL,CON_OCI,22948.300000000003,Mensual,SS_Conocimiento
2015-09-01,2015-M09,BAL,CON_OCI,22858.699999999997,Mensual,SS_Conocimiento
2015-10-01,2015-M10,BAL,CON_OCI,22668.9,Mensual,SS_Conocimiento
2015-11-01,2015-M11,BAL,CON_OCI,22376.1,Mensual,SS_Conocimiento
2015-12-01,2015-M12,BAL,CON_OCI,22326.5,Mensual,SS_Conocimiento
2016-01-01,2016-M01,BAL,CON_OCI,22271.6,Mensual,SS_Conocimiento
2016-02-01,2016-M02,BAL,CON_OCI,22482.5,Mensual,SS_Conocimiento
2016-03-01,2016-M03,BAL,CON_OCI,22784.699999999997,Mensual,SS_Conocimiento
2016-04-01,2016-M04,BAL,CON_OCI,23157.8,Mensual,SS_Conocimiento
2016-05-01,2016-M05,BAL,CON_OCI,23640.8,Mensual,SS_Conocimiento
2016-06-01,2016-M06,BAL,CON_OCI,24251.0,Mensual,SS_Conocimiento
2016-07-01,2016-M07,BAL,CON_OCI,24660.4,Mensual,SS_Conocimiento
2016-08-01,2016-M08,BAL,CON_OCI,24506.7,Mensual,SS_Conocimiento
2016-09-01,2016-M09,BAL,CON_OCI,24355.0,Mensual,SS_Conocimiento
2016-10-01,2016-M10,BAL,CON_OCI,24137.300000000003,Mensual,SS_Conocimiento
2016-11-01,2016-M11,BAL,CON_OCI,23772.4,Mensual,SS_Conocimiento
2016-12-01,2016-M12,BAL,CON_OCI,23542.699999999997,Mensual,SS_Conocimiento
2017-01-01,2017-M01,BAL,CON_OCI,23585.0,Mensual,SS_Conocimiento
2017-02-01,2017-M02,BAL,CON_OCI,23812.3,Mensual,SS_Conocimiento
2017-03-01,2017-M03,BAL,CON_OCI,24114.699999999997,Mensual,SS_Conocimiento
2017-04-01,2017-M04,BAL,CON_OCI,24494.5,Mensual,SS_Conocimiento
2017-05-01,2017-M05,BAL,CON_OCI,24929.9,Mensual,SS_Conocimiento
2017-06-01,2017-M06,BAL,CON_OCI,25286.9,Mensual,SS_Conocimiento
2017-07-01,2017-M07,BAL,CON_OCI,25710.300000000003,Mensual,SS_Conocimiento
2017-08-01,2017-M08,BAL,CON_OCI,25550.2,Mensual,SS_Conocimiento
2017-09-01,2017-M09,BAL,CON_OCI,25371.7,Mensual,SS_Conocimiento
2017-10-01,2017-M10,BAL,CON_OCI,25263.0,Mensual,SS_Conocimiento
2017-11-01,2017-M11,BAL,CON_OCI,24883.9,Mensual,SS_Conocimiento
2017-12-01,2017-M12,BAL,CON_OCI,24765.199999999997,Mensual,SS_Conocimiento
2018-01-01,2018-M01,BAL,CON_OCI,24676.3,Mensual,SS_Conocimiento
2018-02-01,2018-M02,BAL,CON_OCI,25039.800000000003,Mensual,SS_Conocimiento
2018-03-01,2018-M03,BAL,CON_OCI,25311.9,Mensual,SS_Conocimiento
2018-04-01,2018-M04,BAL,CON_OCI,25743.8,Mensual,SS_Conocimiento
2018-05-01,2018-M05,BAL,CON_OCI,26243.7,Mensual,SS_Conocimiento
2018-06-01,2018-M06,BAL,CON_OCI,26600.699999999997,Mensual,SS_Conocimiento
2018-07-01,2018-M07,BAL,CON_OCI,26960.0,Mensual,SS_Conocimiento
2018-08-01,2018-M08,BAL,CON_OCI,26765.0,Mensual,SS_Conocimiento
2018-09-01,2018-M09,BAL,CON_OCI,26685.7,Mensual,SS_Conocimiento
2018-10-01,2018-M10,BAL,CON_OCI,26626.3,Mensual,SS_Conocimiento
2018-11-01,2018-M11,BAL,CON_OCI,26193.0,Mensual,SS_Conocimiento
2018-12-01,2018-M12,BAL,CON_OCI,26119.3,Mensual,SS_Conocimiento
2019-01-01,2019-M01,BAL,CON_OCI,25891.9,Mensual,SS_Conocimiento
2019-02-01,2019-M02,BAL,CON_OCI,26194.0,Mensual,SS_Conocimiento
2019-03-01,2019-M03,BAL,CON_OCI,26552.4,Mensual,SS_Conocimiento
2019-04-01,2019-M04,BAL,CON_OCI,26891.1,Mensual,SS_Conocimiento
2019-05-01,2019-M05,BAL,CON_OCI,27400.9,Mensual,SS_Conocimiento
2019-06-01,2019-M06,BAL,CON_OCI,27720.9,Mensual,SS_Conocimiento
2019-07-01,2019-M07,BAL,CON_OCI,28008.2,Mensual,SS_Conocimiento
2019-08-01,2019-M08,BAL,CON_OCI,27876.4,Mensual,SS_Conocimiento
2019-09-01,2019-M09,BAL,CON_OCI,27916.300000000003,Mensual,SS_Conocimiento
2019-10-01,2019-M10,BAL,CON_OCI,27863.8,Mensual,SS_Conocimiento
2019-11-01,2019-M11,BAL,CON_OCI,27399.8,Mensual,SS_Conocimiento
2019-12-01,2019-M12,BAL,CON_OCI,27188.699999999997,Mensual,SS_Conocimiento
2020-01-01,2020-M01,BAL,CON_OCI,27458.199999999997,Mensual,SS_Conocimiento
2020-02-01,2020-M02,BAL,CON_OCI,27690.4,Mensual,SS_Conocimiento
2020-03-01,2020-M03,BAL,CON_OCI,27597.1,Mensual,SS_Conocimiento
2020-04-01,2020-M04,BAL,CON_OCI,26966.2,Mensual,SS_Conocimiento
2020-05-01,2020-M05,BAL,CON_OCI,26839.100000000002,Mensual,SS_Conocimiento
2020-06-01,2020-M06,BAL,CON_OCI,26836.6,Mensual,SS_Conocimiento
2020-07-01,2020-M07,BAL,CON_OCI,27150.3,Mensual,SS_Conocimiento
2020-08-01,2020-M08,BAL,CON_OCI,27220.4,Mensual,SS_Conocimiento
2020-09-01,2020-M09,BAL,CON_OCI,27094.199999999997,Mensual,SS_Conocimiento
2020-10-01,2020-M10,BAL,CON_OCI,26942.2,Mensual,SS_Conocimiento
2020-11-01,2020-M11,BAL,CON_OCI,26813.199999999997,Mensual,SS_Conocimiento
2020-12-01,2020-M12,BAL,CON_OCI,26824.8,Mensual,SS_Conocimiento
2021-01-01,2021-M01,BAL,CON_OCI,26723.300000000003,Mensual,SS_Conocimiento
2021-02-01,2021-M02,BAL,CON_OCI,26869.300000000003,Mensual,SS_Conocimiento
2021-03-01,2021-M03,BAL,CON_OCI,26993.9,Mensual,SS_Conocimiento
2021-04-01,2021-M04,BAL,CON_OCI,27213.5,Mensual,SS_Conocimiento
2021-05-01,2021-M05,BAL,CON_OCI,27624.6,Mensual,SS_Conocimiento
2021-06-01,2021-M06,BAL,CON_OCI,27904.5,Mensual,SS_Conocimiento
2021-07-01,2021-M07,BAL,CON_OCI,28368.899999999998,Mensual,SS_Conocimiento
2021-08-01,2021-M08,BAL,CON_OCI,28424.6,Mensual,SS_Conocimiento
2021-09-01,2021-M09,BAL,CON_OCI,28231.800000000003,Mensual,SS_Conocimiento
2021-10-01,2021-M10,BAL,CON_OCI,28295.9,Mensual,SS_Conocimiento
2021-11-01,2021-M11,BAL,CON_OCI,28122.0,Mensual,SS_Conocimiento
2021-12-01,2021-M12,BAL,CON_OCI,28199.699999999997,Mensual,SS_Conocimiento
2022-01-01,2022-M01,BAL,CON_OCI,28147.8,Mensual,SS_Conocimiento
2022-02-01,2022-M02,BAL,CON_OCI,28302.699999999997,Mensual,SS_Conocimiento
2022-03-01,2022-M03,BAL,CON_OCI,28763.2,Mensual,SS_Conocimiento
2022-04-01,2022-M04,BAL,CON_OCI,29295.0,Mensual,SS_Conocimiento
2022-05-01,2022-M05,BAL,CON_OCI,29757.199999999997,Mensual,SS_Conocimiento
2022-06-01,2022-M06,BAL,CON_OCI,30210.0,Mensual,SS_Conocimiento
2022-07-01,2022-M07,BAL,CON_OCI,30597.9,Mensual,SS_Conocimiento
2022-08-01,2022-M08,BAL,CON_OCI,30573.6,Mensual,SS_Conocimiento
2022-09-01,2022-M09,BAL,CON_OCI,30405.9,Mensual,SS_Conocimiento
2022-10-01,2022-M10,BAL,CON_OCI,30220.399999999998,Mensual,SS_Conocimiento
2022-11-01,2022-M11,BAL,CON_OCI,29771.699999999997,Mensual,SS_Conocimiento
2022-12-01,2022-M12,BAL,CON_OCI,29580.899999999998,Mensual,SS_Conocimiento
2023-01-01,2023-M01,BAL,CON_OCI,29705.5,Mensual,SS_Conocimiento
2023-02-01,2023-M02,BAL,CON_OCI,30071.0,Mensual,SS_Conocimiento
2023-03-01,2023-M03,BAL,CON_OCI,30352.1,Mensual,SS_Conocimiento
2023-04-01,2023-M04,BAL,CON_OCI,30794.0,Mensual,SS_Conocimiento
2023-05-01,2023-M05,BAL,CON_OCI,31305.2,Mensual,SS_Conocimiento
2023-06-01,2023-M06,BAL,CON_OCI,31752.6,Mensual,SS_Conocimiento
2023-07-01,2023-M07,BAL,CON_OCI,32112.4,Mensual,SS_Conocimiento
2023-08-01,2023-M08,BAL,CON_OCI,31871.6,Mensual,SS_Conocimiento
2023-09-01,2023-M09,BAL,CON_OCI,31874.4,Mensual,SS_Conocimiento
2023-10-01,2023-M10,BAL,CON_OCI,31878.300000000003,Mensual,SS_Conocimiento
2023-11-01,2023-M11,BAL,CON_OCI,31440.0,Mensual,SS_Conocimiento
2023-12-01,2023-M12,BAL,CON_OCI,31250.399999999998,Mensual,SS_Conocimiento
2024-01-01,2024-M01,BAL,CON_OCI,31160.699999999997,Mensual,SS_Conocimiento
2024-02-01,2024-M02,BAL,CON_OCI,31410.5,Mensual,SS_Conocimiento
2024-03-01,2024-M03,BAL,CON_OCI,31672.7,Mensual,SS_Conocimiento
2024-04-01,2024-M04,BAL,CON_OCI,32277.5,Mensual,SS_Conocimiento
2024-05-01,2024-M05,BAL,CON_OCI,32903.9,Mensual,SS_Conocimiento
2024-06-01,2024-M06,BAL,CON_OCI,33148.2,Mensual,SS_Conocimiento
2024-07-01,2024-M07,BAL,CON_OCI,33319.9,Mensual,SS_Conocimiento
2024-08-01,2024-M08,BAL,CON_OCI,33282.1,Mensual,SS_Conocimiento
2024-09-01,2024-M09,BAL,CON_OCI,33514.9,Mensual,SS_Conocimiento
2024-10-01,2024-M10,BAL,CON_OCI,33506.4,Mensual,SS_Conocimiento
2024-11-01,2024-M11,BAL,CON_OCI,33177.5,Mensual,SS_Conocimiento
2024-12-01,2024-M12,BAL,CON_OCI,33204.3,Mensual,SS_Conocimiento
2025-01-01,2025-M01,BAL,CON_OCI,33072.3,Mensual,SS_Conocimiento
2025-02-01,2025-M02,BAL,CON_OCI,33412.8,Mensual,SS_Conocimiento
2025-03-01,2025-M03,BAL,CON_OCI,33553.1,Mensual,SS_Conocimiento
2025-04-01,2025-M04,BAL,CON_OCI,33986.0,Mensual,SS_Conocimiento
2025-05-01,2025-M05,BAL,CON_OCI,34467.0,Mensual,SS_Conocimiento
2025-06-01,2025-M06,BAL,CON_OCI,34770.2,Mensual,SS_Conocimiento
2025-07-01,2025-M07,BAL,CON_OCI,35007.9,Mensual,SS_Conocimiento
2025-08-01,2025-M08,BAL,CON_OCI,34913.1,Mensual,SS_Conocimiento
2025-09-01,2025-M09,BAL,CON_OCI,35043.2,Mensual,SS_Conocimiento
2025-10-01,2025-M10,BAL,CON_OCI,34768.5,Mensual,SS_Conocimiento
2025-11-01,2025-M11,BAL,CON_OCI,34391.200000000004,Mensual,SS_Conocimiento
2025-12-01,2025-M12,BAL,CON_OCI,34254.1,Mensual,SS_Conocimiento
2026-01-01,2026-M01,BAL,CON_OCI,34393.1,Mensual,SS_Conocimiento
2026-02-01,2026-M02,BAL,CON_OCI,34702.9,Mensual,SS_Conocimiento
2026-03-01,2026-M03,BAL,CON_OCI,35081.36,Mensual,SS_Conocimiento
2026-04-01,2026-M04,BAL,CON_OCI,35438.05,Mensual,SS_Conocimiento
2009-01-01,2009-M01,CAN,CON_OCI,29930.9,Mensual,SS_Conocimiento
2009-02-01,2009-M02,CAN,CON_OCI,29780.4,Mensual,SS_Conocimiento
2009-03-01,2009-M03,CAN,CON_OCI,29835.0,Mensual,SS_Conocimiento
2009-04-01,2009-M04,CAN,CON_OCI,29856.1,Mensual,SS_Conocimiento
2009-05-01,2009-M05,CAN,CON_OCI,29890.4,Mensual,SS_Conocimiento
2009-06-01,2009-M06,CAN,CON_OCI,29816.6,Mensual,SS_Conocimiento
2009-07-01,2009-M07,CAN,CON_OCI,29868.800000000003,Mensual,SS_Conocimiento
2009-08-01,2009-M08,CAN,CON_OCI,29774.600000000002,Mensual,SS_Conocimiento
2009-09-01,2009-M09,CAN,CON_OCI,29727.5,Mensual,SS_Conocimiento
2009-10-01,2009-M10,CAN,CON_OCI,29828.6,Mensual,SS_Conocimiento
2009-11-01,2009-M11,CAN,CON_OCI,30063.3,Mensual,SS_Conocimiento
2009-12-01,2009-M12,CAN,CON_OCI,30195.7,Mensual,SS_Conocimiento
2010-01-01,2010-M01,CAN,CON_OCI,29416.0,Mensual,SS_Conocimiento
2010-02-01,2010-M02,CAN,CON_OCI,29265.2,Mensual,SS_Conocimiento
2010-03-01,2010-M03,CAN,CON_OCI,29100.6,Mensual,SS_Conocimiento
2010-04-01,2010-M04,CAN,CON_OCI,28976.6,Mensual,SS_Conocimiento
2010-05-01,2010-M05,CAN,CON_OCI,29043.5,Mensual,SS_Conocimiento
2010-06-01,2010-M06,CAN,CON_OCI,28966.6,Mensual,SS_Conocimiento
2010-07-01,2010-M07,CAN,CON_OCI,28988.1,Mensual,SS_Conocimiento
2010-08-01,2010-M08,CAN,CON_OCI,29070.800000000003,Mensual,SS_Conocimiento
2010-09-01,2010-M09,CAN,CON_OCI,29204.3,Mensual,SS_Conocimiento
2010-10-01,2010-M10,CAN,CON_OCI,29251.1,Mensual,SS_Conocimiento
2010-11-01,2010-M11,CAN,CON_OCI,29590.4,Mensual,SS_Conocimiento
2010-12-01,2010-M12,CAN,CON_OCI,29751.600000000002,Mensual,SS_Conocimiento
2011-01-01,2011-M01,CAN,CON_OCI,29229.9,Mensual,SS_Conocimiento
2011-02-01,2011-M02,CAN,CON_OCI,29097.5,Mensual,SS_Conocimiento
2011-03-01,2011-M03,CAN,CON_OCI,29299.9,Mensual,SS_Conocimiento
2011-04-01,2011-M04,CAN,CON_OCI,29620.5,Mensual,SS_Conocimiento
2011-05-01,2011-M05,CAN,CON_OCI,30199.3,Mensual,SS_Conocimiento
2011-06-01,2011-M06,CAN,CON_OCI,29792.5,Mensual,SS_Conocimiento
2011-07-01,2011-M07,CAN,CON_OCI,29633.8,Mensual,SS_Conocimiento
2011-08-01,2011-M08,CAN,CON_OCI,29533.9,Mensual,SS_Conocimiento
2011-09-01,2011-M09,CAN,CON_OCI,29684.6,Mensual,SS_Conocimiento
2011-10-01,2011-M10,CAN,CON_OCI,29554.8,Mensual,SS_Conocimiento
2011-11-01,2011-M11,CAN,CON_OCI,29255.800000000003,Mensual,SS_Conocimiento
2011-12-01,2011-M12,CAN,CON_OCI,29231.300000000003,Mensual,SS_Conocimiento
2012-01-01,2012-M01,CAN,CON_OCI,28656.800000000003,Mensual,SS_Conocimiento
2012-02-01,2012-M02,CAN,CON_OCI,28653.4,Mensual,SS_Conocimiento
2012-03-01,2012-M03,CAN,CON_OCI,28581.3,Mensual,SS_Conocimiento
2012-04-01,2012-M04,CAN,CON_OCI,28481.8,Mensual,SS_Conocimiento
2012-05-01,2012-M05,CAN,CON_OCI,28488.100000000002,Mensual,SS_Conocimiento
2012-06-01,2012-M06,CAN,CON_OCI,28700.699999999997,Mensual,SS_Conocimiento
2012-07-01,2012-M07,CAN,CON_OCI,28803.1,Mensual,SS_Conocimiento
2012-08-01,2012-M08,CAN,CON_OCI,28441.3,Mensual,SS_Conocimiento
2012-09-01,2012-M09,CAN,CON_OCI,28575.699999999997,Mensual,SS_Conocimiento
2012-10-01,2012-M10,CAN,CON_OCI,28634.0,Mensual,SS_Conocimiento
2012-11-01,2012-M11,CAN,CON_OCI,28499.5,Mensual,SS_Conocimiento
2012-12-01,2012-M12,CAN,CON_OCI,28410.3,Mensual,SS_Conocimiento
2013-01-01,2013-M01,CAN,CON_OCI,28015.2,Mensual,SS_Conocimiento
2013-02-01,2013-M02,CAN,CON_OCI,28032.3,Mensual,SS_Conocimiento
2013-03-01,2013-M03,CAN,CON_OCI,28054.4,Mensual,SS_Conocimiento
2013-04-01,2013-M04,CAN,CON_OCI,28049.600000000002,Mensual,SS_Conocimiento
2013-05-01,2013-M05,CAN,CON_OCI,28173.4,Mensual,SS_Conocimiento
2013-06-01,2013-M06,CAN,CON_OCI,28390.7,Mensual,SS_Conocimiento
2013-07-01,2013-M07,CAN,CON_OCI,28588.1,Mensual,SS_Conocimiento
2013-08-01,2013-M08,CAN,CON_OCI,28504.699999999997,Mensual,SS_Conocimiento
2013-09-01,2013-M09,CAN,CON_OCI,28712.4,Mensual,SS_Conocimiento
2013-10-01,2013-M10,CAN,CON_OCI,29049.600000000002,Mensual,SS_Conocimiento
2013-11-01,2013-M11,CAN,CON_OCI,29373.6,Mensual,SS_Conocimiento
2013-12-01,2013-M12,CAN,CON_OCI,29525.1,Mensual,SS_Conocimiento
2014-01-01,2014-M01,CAN,CON_OCI,28904.1,Mensual,SS_Conocimiento
2014-02-01,2014-M02,CAN,CON_OCI,28974.8,Mensual,SS_Conocimiento
2014-03-01,2014-M03,CAN,CON_OCI,29071.3,Mensual,SS_Conocimiento
2014-04-01,2014-M04,CAN,CON_OCI,29221.100000000002,Mensual,SS_Conocimiento
2014-05-01,2014-M05,CAN,CON_OCI,29399.300000000003,Mensual,SS_Conocimiento
2014-06-01,2014-M06,CAN,CON_OCI,29686.800000000003,Mensual,SS_Conocimiento
2014-07-01,2014-M07,CAN,CON_OCI,29889.1,Mensual,SS_Conocimiento
2014-08-01,2014-M08,CAN,CON_OCI,29691.9,Mensual,SS_Conocimiento
2014-09-01,2014-M09,CAN,CON_OCI,29817.9,Mensual,SS_Conocimiento
2014-10-01,2014-M10,CAN,CON_OCI,29968.1,Mensual,SS_Conocimiento
2014-11-01,2014-M11,CAN,CON_OCI,30338.5,Mensual,SS_Conocimiento
2014-12-01,2014-M12,CAN,CON_OCI,30386.9,Mensual,SS_Conocimiento
2015-01-01,2015-M01,CAN,CON_OCI,30134.2,Mensual,SS_Conocimiento
2015-02-01,2015-M02,CAN,CON_OCI,30429.100000000002,Mensual,SS_Conocimiento
2015-03-01,2015-M03,CAN,CON_OCI,30559.899999999998,Mensual,SS_Conocimiento
2015-04-01,2015-M04,CAN,CON_OCI,30808.0,Mensual,SS_Conocimiento
2015-05-01,2015-M05,CAN,CON_OCI,31146.5,Mensual,SS_Conocimiento
2015-06-01,2015-M06,CAN,CON_OCI,31324.5,Mensual,SS_Conocimiento
2015-07-01,2015-M07,CAN,CON_OCI,31464.1,Mensual,SS_Conocimiento
2015-08-01,2015-M08,CAN,CON_OCI,31365.8,Mensual,SS_Conocimiento
2015-09-01,2015-M09,CAN,CON_OCI,31911.399999999998,Mensual,SS_Conocimiento
2015-10-01,2015-M10,CAN,CON_OCI,31684.9,Mensual,SS_Conocimiento
2015-11-01,2015-M11,CAN,CON_OCI,31654.1,Mensual,SS_Conocimiento
2015-12-01,2015-M12,CAN,CON_OCI,31812.2,Mensual,SS_Conocimiento
2016-01-01,2016-M01,CAN,CON_OCI,31622.8,Mensual,SS_Conocimiento
2016-02-01,2016-M02,CAN,CON_OCI,31922.2,Mensual,SS_Conocimiento
2016-03-01,2016-M03,CAN,CON_OCI,32220.9,Mensual,SS_Conocimiento
2016-04-01,2016-M04,CAN,CON_OCI,32305.2,Mensual,SS_Conocimiento
2016-05-01,2016-M05,CAN,CON_OCI,32524.5,Mensual,SS_Conocimiento
2016-06-01,2016-M06,CAN,CON_OCI,32808.6,Mensual,SS_Conocimiento
2016-07-01,2016-M07,CAN,CON_OCI,33078.5,Mensual,SS_Conocimiento
2016-08-01,2016-M08,CAN,CON_OCI,33057.1,Mensual,SS_Conocimiento
2016-09-01,2016-M09,CAN,CON_OCI,33338.9,Mensual,SS_Conocimiento
2016-10-01,2016-M10,CAN,CON_OCI,33537.5,Mensual,SS_Conocimiento
2016-11-01,2016-M11,CAN,CON_OCI,33763.1,Mensual,SS_Conocimiento
2016-12-01,2016-M12,CAN,CON_OCI,33795.7,Mensual,SS_Conocimiento
2017-01-01,2017-M01,CAN,CON_OCI,33505.8,Mensual,SS_Conocimiento
2017-02-01,2017-M02,CAN,CON_OCI,33801.4,Mensual,SS_Conocimiento
2017-03-01,2017-M03,CAN,CON_OCI,34202.5,Mensual,SS_Conocimiento
2017-04-01,2017-M04,CAN,CON_OCI,34501.8,Mensual,SS_Conocimiento
2017-05-01,2017-M05,CAN,CON_OCI,34948.6,Mensual,SS_Conocimiento
2017-06-01,2017-M06,CAN,CON_OCI,35073.3,Mensual,SS_Conocimiento
2017-07-01,2017-M07,CAN,CON_OCI,35133.9,Mensual,SS_Conocimiento
2017-08-01,2017-M08,CAN,CON_OCI,34939.6,Mensual,SS_Conocimiento
2017-09-01,2017-M09,CAN,CON_OCI,35226.4,Mensual,SS_Conocimiento
2017-10-01,2017-M10,CAN,CON_OCI,35553.799999999996,Mensual,SS_Conocimiento
2017-11-01,2017-M11,CAN,CON_OCI,35701.9,Mensual,SS_Conocimiento
2017-12-01,2017-M12,CAN,CON_OCI,35771.3,Mensual,SS_Conocimiento
2018-01-01,2018-M01,CAN,CON_OCI,35623.1,Mensual,SS_Conocimiento
2018-02-01,2018-M02,CAN,CON_OCI,35928.4,Mensual,SS_Conocimiento
2018-03-01,2018-M03,CAN,CON_OCI,36183.799999999996,Mensual,SS_Conocimiento
2018-04-01,2018-M04,CAN,CON_OCI,36534.5,Mensual,SS_Conocimiento
2018-05-01,2018-M05,CAN,CON_OCI,36877.2,Mensual,SS_Conocimiento
2018-06-01,2018-M06,CAN,CON_OCI,37214.7,Mensual,SS_Conocimiento
2018-07-01,2018-M07,CAN,CON_OCI,37410.8,Mensual,SS_Conocimiento
2018-08-01,2018-M08,CAN,CON_OCI,37374.5,Mensual,SS_Conocimiento
2018-09-01,2018-M09,CAN,CON_OCI,38028.5,Mensual,SS_Conocimiento
2018-10-01,2018-M10,CAN,CON_OCI,37981.2,Mensual,SS_Conocimiento
2018-11-01,2018-M11,CAN,CON_OCI,38128.3,Mensual,SS_Conocimiento
2018-12-01,2018-M12,CAN,CON_OCI,38069.1,Mensual,SS_Conocimiento
2019-01-01,2019-M01,CAN,CON_OCI,37464.9,Mensual,SS_Conocimiento
2019-02-01,2019-M02,CAN,CON_OCI,37712.5,Mensual,SS_Conocimiento
2019-03-01,2019-M03,CAN,CON_OCI,37916.5,Mensual,SS_Conocimiento
2019-04-01,2019-M04,CAN,CON_OCI,38038.9,Mensual,SS_Conocimiento
2019-05-01,2019-M05,CAN,CON_OCI,38205.0,Mensual,SS_Conocimiento
2019-06-01,2019-M06,CAN,CON_OCI,38359.3,Mensual,SS_Conocimiento
2019-07-01,2019-M07,CAN,CON_OCI,38453.5,Mensual,SS_Conocimiento
2019-08-01,2019-M08,CAN,CON_OCI,38246.7,Mensual,SS_Conocimiento
2019-09-01,2019-M09,CAN,CON_OCI,38482.5,Mensual,SS_Conocimiento
2019-10-01,2019-M10,CAN,CON_OCI,39031.9,Mensual,SS_Conocimiento
2019-11-01,2019-M11,CAN,CON_OCI,39200.6,Mensual,SS_Conocimiento
2019-12-01,2019-M12,CAN,CON_OCI,38868.1,Mensual,SS_Conocimiento
2020-01-01,2020-M01,CAN,CON_OCI,38709.5,Mensual,SS_Conocimiento
2020-02-01,2020-M02,CAN,CON_OCI,38932.2,Mensual,SS_Conocimiento
2020-03-01,2020-M03,CAN,CON_OCI,38353.4,Mensual,SS_Conocimiento
2020-04-01,2020-M04,CAN,CON_OCI,36825.8,Mensual,SS_Conocimiento
2020-05-01,2020-M05,CAN,CON_OCI,36748.4,Mensual,SS_Conocimiento
2020-06-01,2020-M06,CAN,CON_OCI,37170.2,Mensual,SS_Conocimiento
2020-07-01,2020-M07,CAN,CON_OCI,37623.6,Mensual,SS_Conocimiento
2020-08-01,2020-M08,CAN,CON_OCI,37701.8,Mensual,SS_Conocimiento
2020-09-01,2020-M09,CAN,CON_OCI,38009.6,Mensual,SS_Conocimiento
2020-10-01,2020-M10,CAN,CON_OCI,38399.799999999996,Mensual,SS_Conocimiento
2020-11-01,2020-M11,CAN,CON_OCI,38713.9,Mensual,SS_Conocimiento
2020-12-01,2020-M12,CAN,CON_OCI,38862.6,Mensual,SS_Conocimiento
2021-01-01,2021-M01,CAN,CON_OCI,38603.4,Mensual,SS_Conocimiento
2021-02-01,2021-M02,CAN,CON_OCI,38948.2,Mensual,SS_Conocimiento
2021-03-01,2021-M03,CAN,CON_OCI,39402.2,Mensual,SS_Conocimiento
2021-04-01,2021-M04,CAN,CON_OCI,39513.3,Mensual,SS_Conocimiento
2021-05-01,2021-M05,CAN,CON_OCI,39859.3,Mensual,SS_Conocimiento
2021-06-01,2021-M06,CAN,CON_OCI,40110.0,Mensual,SS_Conocimiento
2021-07-01,2021-M07,CAN,CON_OCI,40284.299999999996,Mensual,SS_Conocimiento
2021-08-01,2021-M08,CAN,CON_OCI,40314.299999999996,Mensual,SS_Conocimiento
2021-09-01,2021-M09,CAN,CON_OCI,40732.799999999996,Mensual,SS_Conocimiento
2021-10-01,2021-M10,CAN,CON_OCI,41285.6,Mensual,SS_Conocimiento
2021-11-01,2021-M11,CAN,CON_OCI,41995.7,Mensual,SS_Conocimiento
2021-12-01,2021-M12,CAN,CON_OCI,42117.0,Mensual,SS_Conocimiento
2022-01-01,2022-M01,CAN,CON_OCI,42060.2,Mensual,SS_Conocimiento
2022-02-01,2022-M02,CAN,CON_OCI,42690.0,Mensual,SS_Conocimiento
2022-03-01,2022-M03,CAN,CON_OCI,43399.1,Mensual,SS_Conocimiento
2022-04-01,2022-M04,CAN,CON_OCI,43367.6,Mensual,SS_Conocimiento
2022-05-01,2022-M05,CAN,CON_OCI,43762.1,Mensual,SS_Conocimiento
2022-06-01,2022-M06,CAN,CON_OCI,43982.399999999994,Mensual,SS_Conocimiento
2022-07-01,2022-M07,CAN,CON_OCI,44156.9,Mensual,SS_Conocimiento
2022-08-01,2022-M08,CAN,CON_OCI,43978.899999999994,Mensual,SS_Conocimiento
2022-09-01,2022-M09,CAN,CON_OCI,44564.200000000004,Mensual,SS_Conocimiento
2022-10-01,2022-M10,CAN,CON_OCI,45011.700000000004,Mensual,SS_Conocimiento
2022-11-01,2022-M11,CAN,CON_OCI,44907.0,Mensual,SS_Conocimiento
2022-12-01,2022-M12,CAN,CON_OCI,44894.700000000004,Mensual,SS_Conocimiento
2023-01-01,2023-M01,CAN,CON_OCI,44577.0,Mensual,SS_Conocimiento
2023-02-01,2023-M02,CAN,CON_OCI,44738.399999999994,Mensual,SS_Conocimiento
2023-03-01,2023-M03,CAN,CON_OCI,45271.2,Mensual,SS_Conocimiento
2023-04-01,2023-M04,CAN,CON_OCI,45414.100000000006,Mensual,SS_Conocimiento
2023-05-01,2023-M05,CAN,CON_OCI,45753.399999999994,Mensual,SS_Conocimiento
2023-06-01,2023-M06,CAN,CON_OCI,46023.2,Mensual,SS_Conocimiento
2023-07-01,2023-M07,CAN,CON_OCI,46073.4,Mensual,SS_Conocimiento
2023-08-01,2023-M08,CAN,CON_OCI,45798.600000000006,Mensual,SS_Conocimiento
2023-09-01,2023-M09,CAN,CON_OCI,46264.399999999994,Mensual,SS_Conocimiento
2023-10-01,2023-M10,CAN,CON_OCI,46250.9,Mensual,SS_Conocimiento
2023-11-01,2023-M11,CAN,CON_OCI,46372.799999999996,Mensual,SS_Conocimiento
2023-12-01,2023-M12,CAN,CON_OCI,46298.899999999994,Mensual,SS_Conocimiento
2024-01-01,2024-M01,CAN,CON_OCI,45997.1,Mensual,SS_Conocimiento
2024-02-01,2024-M02,CAN,CON_OCI,45985.299999999996,Mensual,SS_Conocimiento
2024-03-01,2024-M03,CAN,CON_OCI,46180.0,Mensual,SS_Conocimiento
2024-04-01,2024-M04,CAN,CON_OCI,46444.3,Mensual,SS_Conocimiento
2024-05-01,2024-M05,CAN,CON_OCI,46560.2,Mensual,SS_Conocimiento
2024-06-01,2024-M06,CAN,CON_OCI,46940.8,Mensual,SS_Conocimiento
2024-07-01,2024-M07,CAN,CON_OCI,47332.9,Mensual,SS_Conocimiento
2024-08-01,2024-M08,CAN,CON_OCI,47197.1,Mensual,SS_Conocimiento
2024-09-01,2024-M09,CAN,CON_OCI,47449.799999999996,Mensual,SS_Conocimiento
2024-10-01,2024-M10,CAN,CON_OCI,48232.5,Mensual,SS_Conocimiento
2024-11-01,2024-M11,CAN,CON_OCI,48864.9,Mensual,SS_Conocimiento
2024-12-01,2024-M12,CAN,CON_OCI,48769.899999999994,Mensual,SS_Conocimiento
2025-01-01,2025-M01,CAN,CON_OCI,48562.0,Mensual,SS_Conocimiento
2025-02-01,2025-M02,CAN,CON_OCI,48929.2,Mensual,SS_Conocimiento
2025-03-01,2025-M03,CAN,CON_OCI,49236.7,Mensual,SS_Conocimiento
2025-04-01,2025-M04,CAN,CON_OCI,49416.3,Mensual,SS_Conocimiento
2025-05-01,2025-M05,CAN,CON_OCI,49558.7,Mensual,SS_Conocimiento
2025-06-01,2025-M06,CAN,CON_OCI,49763.2,Mensual,SS_Conocimiento
2025-07-01,2025-M07,CAN,CON_OCI,49552.0,Mensual,SS_Conocimiento
2025-08-01,2025-M08,CAN,CON_OCI,48921.7,Mensual,SS_Conocimiento
2025-09-01,2025-M09,CAN,CON_OCI,49416.5,Mensual,SS_Conocimiento
2025-10-01,2025-M10,CAN,CON_OCI,50002.100000000006,Mensual,SS_Conocimiento
2025-11-01,2025-M11,CAN,CON_OCI,50330.600000000006,Mensual,SS_Conocimiento
2025-12-01,2025-M12,CAN,CON_OCI,50025.0,Mensual,SS_Conocimiento
2026-01-01,2026-M01,CAN,CON_OCI,50236.95,Mensual,SS_Conocimiento
2026-02-01,2026-M02,CAN,CON_OCI,50368.600000000006,Mensual,SS_Conocimiento
2026-03-01,2026-M03,CAN,CON_OCI,50464.68,Mensual,SS_Conocimiento
2026-04-01,2026-M04,CAN,CON_OCI,50449.95,Mensual,SS_Conocimiento
2009-01-01,2009-M01,CANT,CON_OCI,9670.5,Mensual,SS_Conocimiento
2009-02-01,2009-M02,CANT,CON_OCI,9706.5,Mensual,SS_Conocimiento
2009-03-01,2009-M03,CANT,CON_OCI,9704.1,Mensual,SS_Conocimiento
2009-04-01,2009-M04,CANT,CON_OCI,9665.2,Mensual,SS_Conocimiento
2009-05-01,2009-M05,CANT,CON_OCI,9690.9,Mensual,SS_Conocimiento
2009-06-01,2009-M06,CANT,CON_OCI,9756.2,Mensual,SS_Conocimiento
2009-07-01,2009-M07,CANT,CON_OCI,9793.3,Mensual,SS_Conocimiento
2009-08-01,2009-M08,CANT,CON_OCI,9709.0,Mensual,SS_Conocimiento
2009-09-01,2009-M09,CANT,CON_OCI,9696.9,Mensual,SS_Conocimiento
2009-10-01,2009-M10,CANT,CON_OCI,9698.8,Mensual,SS_Conocimiento
2009-11-01,2009-M11,CANT,CON_OCI,9727.800000000001,Mensual,SS_Conocimiento
2009-12-01,2009-M12,CANT,CON_OCI,9812.300000000001,Mensual,SS_Conocimiento
2010-01-01,2010-M01,CANT,CON_OCI,9678.2,Mensual,SS_Conocimiento
2010-02-01,2010-M02,CANT,CON_OCI,9687.3,Mensual,SS_Conocimiento
2010-03-01,2010-M03,CANT,CON_OCI,9725.6,Mensual,SS_Conocimiento
2010-04-01,2010-M04,CANT,CON_OCI,9860.0,Mensual,SS_Conocimiento
2010-05-01,2010-M05,CANT,CON_OCI,9997.5,Mensual,SS_Conocimiento
2010-06-01,2010-M06,CANT,CON_OCI,10113.1,Mensual,SS_Conocimiento
2010-07-01,2010-M07,CANT,CON_OCI,10018.5,Mensual,SS_Conocimiento
2010-08-01,2010-M08,CANT,CON_OCI,9931.300000000001,Mensual,SS_Conocimiento
2010-09-01,2010-M09,CANT,CON_OCI,9930.5,Mensual,SS_Conocimiento
2010-10-01,2010-M10,CANT,CON_OCI,9912.0,Mensual,SS_Conocimiento
2010-11-01,2010-M11,CANT,CON_OCI,9882.699999999999,Mensual,SS_Conocimiento
2010-12-01,2010-M12,CANT,CON_OCI,9796.5,Mensual,SS_Conocimiento
2011-01-01,2011-M01,CANT,CON_OCI,9677.9,Mensual,SS_Conocimiento
2011-02-01,2011-M02,CANT,CON_OCI,9601.3,Mensual,SS_Conocimiento
2011-03-01,2011-M03,CANT,CON_OCI,9663.9,Mensual,SS_Conocimiento
2011-04-01,2011-M04,CANT,CON_OCI,9698.1,Mensual,SS_Conocimiento
2011-05-01,2011-M05,CANT,CON_OCI,9726.1,Mensual,SS_Conocimiento
2011-06-01,2011-M06,CANT,CON_OCI,9780.0,Mensual,SS_Conocimiento
2011-07-01,2011-M07,CANT,CON_OCI,9841.4,Mensual,SS_Conocimiento
2011-08-01,2011-M08,CANT,CON_OCI,9726.4,Mensual,SS_Conocimiento
2011-09-01,2011-M09,CANT,CON_OCI,9728.0,Mensual,SS_Conocimiento
2011-10-01,2011-M10,CANT,CON_OCI,9731.699999999999,Mensual,SS_Conocimiento
2011-11-01,2011-M11,CANT,CON_OCI,9813.7,Mensual,SS_Conocimiento
2011-12-01,2011-M12,CANT,CON_OCI,9780.7,Mensual,SS_Conocimiento
2012-01-01,2012-M01,CANT,CON_OCI,9636.8,Mensual,SS_Conocimiento
2012-02-01,2012-M02,CANT,CON_OCI,9615.5,Mensual,SS_Conocimiento
2012-03-01,2012-M03,CANT,CON_OCI,9663.8,Mensual,SS_Conocimiento
2012-04-01,2012-M04,CANT,CON_OCI,9673.9,Mensual,SS_Conocimiento
2012-05-01,2012-M05,CANT,CON_OCI,9708.4,Mensual,SS_Conocimiento
2012-06-01,2012-M06,CANT,CON_OCI,9692.6,Mensual,SS_Conocimiento
2012-07-01,2012-M07,CANT,CON_OCI,9711.4,Mensual,SS_Conocimiento
2012-08-01,2012-M08,CANT,CON_OCI,9627.2,Mensual,SS_Conocimiento
2012-09-01,2012-M09,CANT,CON_OCI,9593.0,Mensual,SS_Conocimiento
2012-10-01,2012-M10,CANT,CON_OCI,9555.6,Mensual,SS_Conocimiento
2012-11-01,2012-M11,CANT,CON_OCI,9544.0,Mensual,SS_Conocimiento
2012-12-01,2012-M12,CANT,CON_OCI,9519.9,Mensual,SS_Conocimiento
2013-01-01,2013-M01,CANT,CON_OCI,9419.9,Mensual,SS_Conocimiento
2013-02-01,2013-M02,CANT,CON_OCI,9397.7,Mensual,SS_Conocimiento
2013-03-01,2013-M03,CANT,CON_OCI,9436.8,Mensual,SS_Conocimiento
2013-04-01,2013-M04,CANT,CON_OCI,9442.800000000001,Mensual,SS_Conocimiento
2013-05-01,2013-M05,CANT,CON_OCI,9446.9,Mensual,SS_Conocimiento
2013-06-01,2013-M06,CANT,CON_OCI,9509.4,Mensual,SS_Conocimiento
2013-07-01,2013-M07,CANT,CON_OCI,9584.9,Mensual,SS_Conocimiento
2013-08-01,2013-M08,CANT,CON_OCI,9596.2,Mensual,SS_Conocimiento
2013-09-01,2013-M09,CANT,CON_OCI,9616.3,Mensual,SS_Conocimiento
2013-10-01,2013-M10,CANT,CON_OCI,9522.1,Mensual,SS_Conocimiento
2013-11-01,2013-M11,CANT,CON_OCI,9521.3,Mensual,SS_Conocimiento
2013-12-01,2013-M12,CANT,CON_OCI,9545.9,Mensual,SS_Conocimiento
2014-01-01,2014-M01,CANT,CON_OCI,9453.2,Mensual,SS_Conocimiento
2014-02-01,2014-M02,CANT,CON_OCI,9320.4,Mensual,SS_Conocimiento
2014-03-01,2014-M03,CANT,CON_OCI,9263.4,Mensual,SS_Conocimiento
2014-04-01,2014-M04,CANT,CON_OCI,9358.7,Mensual,SS_Conocimiento
2014-05-01,2014-M05,CANT,CON_OCI,9418.1,Mensual,SS_Conocimiento
2014-06-01,2014-M06,CANT,CON_OCI,9488.1,Mensual,SS_Conocimiento
2014-07-01,2014-M07,CANT,CON_OCI,9598.800000000001,Mensual,SS_Conocimiento
2014-08-01,2014-M08,CANT,CON_OCI,9597.9,Mensual,SS_Conocimiento
2014-09-01,2014-M09,CANT,CON_OCI,9560.8,Mensual,SS_Conocimiento
2014-10-01,2014-M10,CANT,CON_OCI,9572.6,Mensual,SS_Conocimiento
2014-11-01,2014-M11,CANT,CON_OCI,9625.6,Mensual,SS_Conocimiento
2014-12-01,2014-M12,CANT,CON_OCI,9650.9,Mensual,SS_Conocimiento
2015-01-01,2015-M01,CANT,CON_OCI,9641.9,Mensual,SS_Conocimiento
2015-02-01,2015-M02,CANT,CON_OCI,9792.6,Mensual,SS_Conocimiento
2015-03-01,2015-M03,CANT,CON_OCI,9864.300000000001,Mensual,SS_Conocimiento
2015-04-01,2015-M04,CANT,CON_OCI,9894.199999999999,Mensual,SS_Conocimiento
2015-05-01,2015-M05,CANT,CON_OCI,9971.2,Mensual,SS_Conocimiento
2015-06-01,2015-M06,CANT,CON_OCI,9975.0,Mensual,SS_Conocimiento
2015-07-01,2015-M07,CANT,CON_OCI,10091.7,Mensual,SS_Conocimiento
2015-08-01,2015-M08,CANT,CON_OCI,10090.7,Mensual,SS_Conocimiento
2015-09-01,2015-M09,CANT,CON_OCI,10086.0,Mensual,SS_Conocimiento
2015-10-01,2015-M10,CANT,CON_OCI,10089.8,Mensual,SS_Conocimiento
2015-11-01,2015-M11,CANT,CON_OCI,10147.4,Mensual,SS_Conocimiento
2015-12-01,2015-M12,CANT,CON_OCI,10172.1,Mensual,SS_Conocimiento
2016-01-01,2016-M01,CANT,CON_OCI,10124.0,Mensual,SS_Conocimiento
2016-02-01,2016-M02,CANT,CON_OCI,10143.1,Mensual,SS_Conocimiento
2016-03-01,2016-M03,CANT,CON_OCI,10175.6,Mensual,SS_Conocimiento
2016-04-01,2016-M04,CANT,CON_OCI,10181.8,Mensual,SS_Conocimiento
2016-05-01,2016-M05,CANT,CON_OCI,10207.0,Mensual,SS_Conocimiento
2016-06-01,2016-M06,CANT,CON_OCI,10231.4,Mensual,SS_Conocimiento
2016-07-01,2016-M07,CANT,CON_OCI,10426.8,Mensual,SS_Conocimiento
2016-08-01,2016-M08,CANT,CON_OCI,10403.7,Mensual,SS_Conocimiento
2016-09-01,2016-M09,CANT,CON_OCI,10399.1,Mensual,SS_Conocimiento
2016-10-01,2016-M10,CANT,CON_OCI,10428.4,Mensual,SS_Conocimiento
2016-11-01,2016-M11,CANT,CON_OCI,10721.099999999999,Mensual,SS_Conocimiento
2016-12-01,2016-M12,CANT,CON_OCI,10631.0,Mensual,SS_Conocimiento
2017-01-01,2017-M01,CANT,CON_OCI,10620.0,Mensual,SS_Conocimiento
2017-02-01,2017-M02,CANT,CON_OCI,10679.7,Mensual,SS_Conocimiento
2017-03-01,2017-M03,CANT,CON_OCI,10678.9,Mensual,SS_Conocimiento
2017-04-01,2017-M04,CANT,CON_OCI,10616.6,Mensual,SS_Conocimiento
2017-05-01,2017-M05,CANT,CON_OCI,10608.9,Mensual,SS_Conocimiento
2017-06-01,2017-M06,CANT,CON_OCI,10652.0,Mensual,SS_Conocimiento
2017-07-01,2017-M07,CANT,CON_OCI,10636.6,Mensual,SS_Conocimiento
2017-08-01,2017-M08,CANT,CON_OCI,10715.099999999999,Mensual,SS_Conocimiento
2017-09-01,2017-M09,CANT,CON_OCI,10705.0,Mensual,SS_Conocimiento
2017-10-01,2017-M10,CANT,CON_OCI,10742.099999999999,Mensual,SS_Conocimiento
2017-11-01,2017-M11,CANT,CON_OCI,10846.6,Mensual,SS_Conocimiento
2017-12-01,2017-M12,CANT,CON_OCI,10845.4,Mensual,SS_Conocimiento
2018-01-01,2018-M01,CANT,CON_OCI,10703.3,Mensual,SS_Conocimiento
2018-02-01,2018-M02,CANT,CON_OCI,10679.9,Mensual,SS_Conocimiento
2018-03-01,2018-M03,CANT,CON_OCI,10724.7,Mensual,SS_Conocimiento
2018-04-01,2018-M04,CANT,CON_OCI,10788.599999999999,Mensual,SS_Conocimiento
2018-05-01,2018-M05,CANT,CON_OCI,10809.0,Mensual,SS_Conocimiento
2018-06-01,2018-M06,CANT,CON_OCI,10861.9,Mensual,SS_Conocimiento
2018-07-01,2018-M07,CANT,CON_OCI,10967.8,Mensual,SS_Conocimiento
2018-08-01,2018-M08,CANT,CON_OCI,10941.9,Mensual,SS_Conocimiento
2018-09-01,2018-M09,CANT,CON_OCI,10875.7,Mensual,SS_Conocimiento
2018-10-01,2018-M10,CANT,CON_OCI,10919.0,Mensual,SS_Conocimiento
2018-11-01,2018-M11,CANT,CON_OCI,11006.9,Mensual,SS_Conocimiento
2018-12-01,2018-M12,CANT,CON_OCI,10994.599999999999,Mensual,SS_Conocimiento
2019-01-01,2019-M01,CANT,CON_OCI,10885.900000000001,Mensual,SS_Conocimiento
2019-02-01,2019-M02,CANT,CON_OCI,10893.3,Mensual,SS_Conocimiento
2019-03-01,2019-M03,CANT,CON_OCI,11004.6,Mensual,SS_Conocimiento
2019-04-01,2019-M04,CANT,CON_OCI,11090.8,Mensual,SS_Conocimiento
2019-05-01,2019-M05,CANT,CON_OCI,11106.5,Mensual,SS_Conocimiento
2019-06-01,2019-M06,CANT,CON_OCI,11156.8,Mensual,SS_Conocimiento
2019-07-01,2019-M07,CANT,CON_OCI,11275.900000000001,Mensual,SS_Conocimiento
2019-08-01,2019-M08,CANT,CON_OCI,11243.3,Mensual,SS_Conocimiento
2019-09-01,2019-M09,CANT,CON_OCI,11253.6,Mensual,SS_Conocimiento
2019-10-01,2019-M10,CANT,CON_OCI,11330.5,Mensual,SS_Conocimiento
2019-11-01,2019-M11,CANT,CON_OCI,11463.099999999999,Mensual,SS_Conocimiento
2019-12-01,2019-M12,CANT,CON_OCI,11498.900000000001,Mensual,SS_Conocimiento
2020-01-01,2020-M01,CANT,CON_OCI,11460.5,Mensual,SS_Conocimiento
2020-02-01,2020-M02,CANT,CON_OCI,11565.6,Mensual,SS_Conocimiento
2020-03-01,2020-M03,CANT,CON_OCI,11498.7,Mensual,SS_Conocimiento
2020-04-01,2020-M04,CANT,CON_OCI,11297.6,Mensual,SS_Conocimiento
2020-05-01,2020-M05,CANT,CON_OCI,11274.4,Mensual,SS_Conocimiento
2020-06-01,2020-M06,CANT,CON_OCI,11328.8,Mensual,SS_Conocimiento
2020-07-01,2020-M07,CANT,CON_OCI,11448.099999999999,Mensual,SS_Conocimiento
2020-08-01,2020-M08,CANT,CON_OCI,11661.9,Mensual,SS_Conocimiento
2020-09-01,2020-M09,CANT,CON_OCI,11677.7,Mensual,SS_Conocimiento
2020-10-01,2020-M10,CANT,CON_OCI,11743.0,Mensual,SS_Conocimiento
2020-11-01,2020-M11,CANT,CON_OCI,11796.0,Mensual,SS_Conocimiento
2020-12-01,2020-M12,CANT,CON_OCI,11831.5,Mensual,SS_Conocimiento
2021-01-01,2021-M01,CANT,CON_OCI,11814.5,Mensual,SS_Conocimiento
2021-02-01,2021-M02,CANT,CON_OCI,11833.1,Mensual,SS_Conocimiento
2021-03-01,2021-M03,CANT,CON_OCI,11966.4,Mensual,SS_Conocimiento
2021-04-01,2021-M04,CANT,CON_OCI,12059.0,Mensual,SS_Conocimiento
2021-05-01,2021-M05,CANT,CON_OCI,12188.400000000001,Mensual,SS_Conocimiento
2021-06-01,2021-M06,CANT,CON_OCI,12295.0,Mensual,SS_Conocimiento
2021-07-01,2021-M07,CANT,CON_OCI,12456.2,Mensual,SS_Conocimiento
2021-08-01,2021-M08,CANT,CON_OCI,12474.4,Mensual,SS_Conocimiento
2021-09-01,2021-M09,CANT,CON_OCI,12519.3,Mensual,SS_Conocimiento
2021-10-01,2021-M10,CANT,CON_OCI,12555.9,Mensual,SS_Conocimiento
2021-11-01,2021-M11,CANT,CON_OCI,12609.0,Mensual,SS_Conocimiento
2021-12-01,2021-M12,CANT,CON_OCI,12599.8,Mensual,SS_Conocimiento
2022-01-01,2022-M01,CANT,CON_OCI,12568.2,Mensual,SS_Conocimiento
2022-02-01,2022-M02,CANT,CON_OCI,12589.5,Mensual,SS_Conocimiento
2022-03-01,2022-M03,CANT,CON_OCI,12675.0,Mensual,SS_Conocimiento
2022-04-01,2022-M04,CANT,CON_OCI,12751.1,Mensual,SS_Conocimiento
2022-05-01,2022-M05,CANT,CON_OCI,12872.9,Mensual,SS_Conocimiento
2022-06-01,2022-M06,CANT,CON_OCI,12957.099999999999,Mensual,SS_Conocimiento
2022-07-01,2022-M07,CANT,CON_OCI,13129.3,Mensual,SS_Conocimiento
2022-08-01,2022-M08,CANT,CON_OCI,13130.199999999999,Mensual,SS_Conocimiento
2022-09-01,2022-M09,CANT,CON_OCI,13125.1,Mensual,SS_Conocimiento
2022-10-01,2022-M10,CANT,CON_OCI,13204.3,Mensual,SS_Conocimiento
2022-11-01,2022-M11,CANT,CON_OCI,13276.0,Mensual,SS_Conocimiento
2022-12-01,2022-M12,CANT,CON_OCI,13294.5,Mensual,SS_Conocimiento
2023-01-01,2023-M01,CANT,CON_OCI,13254.9,Mensual,SS_Conocimiento
2023-02-01,2023-M02,CANT,CON_OCI,13311.1,Mensual,SS_Conocimiento
2023-03-01,2023-M03,CANT,CON_OCI,13419.400000000001,Mensual,SS_Conocimiento
2023-04-01,2023-M04,CANT,CON_OCI,13506.4,Mensual,SS_Conocimiento
2023-05-01,2023-M05,CANT,CON_OCI,13570.599999999999,Mensual,SS_Conocimiento
2023-06-01,2023-M06,CANT,CON_OCI,13721.8,Mensual,SS_Conocimiento
2023-07-01,2023-M07,CANT,CON_OCI,13932.099999999999,Mensual,SS_Conocimiento
2023-08-01,2023-M08,CANT,CON_OCI,13907.0,Mensual,SS_Conocimiento
2023-09-01,2023-M09,CANT,CON_OCI,13866.4,Mensual,SS_Conocimiento
2023-10-01,2023-M10,CANT,CON_OCI,13886.800000000001,Mensual,SS_Conocimiento
2023-11-01,2023-M11,CANT,CON_OCI,13992.5,Mensual,SS_Conocimiento
2023-12-01,2023-M12,CANT,CON_OCI,14067.4,Mensual,SS_Conocimiento
2024-01-01,2024-M01,CANT,CON_OCI,14061.199999999999,Mensual,SS_Conocimiento
2024-02-01,2024-M02,CANT,CON_OCI,14125.2,Mensual,SS_Conocimiento
2024-03-01,2024-M03,CANT,CON_OCI,14220.4,Mensual,SS_Conocimiento
2024-04-01,2024-M04,CANT,CON_OCI,14261.5,Mensual,SS_Conocimiento
2024-05-01,2024-M05,CANT,CON_OCI,14334.099999999999,Mensual,SS_Conocimiento
2024-06-01,2024-M06,CANT,CON_OCI,14399.800000000001,Mensual,SS_Conocimiento
2024-07-01,2024-M07,CANT,CON_OCI,14550.300000000001,Mensual,SS_Conocimiento
2024-08-01,2024-M08,CANT,CON_OCI,14580.3,Mensual,SS_Conocimiento
2024-09-01,2024-M09,CANT,CON_OCI,14780.3,Mensual,SS_Conocimiento
2024-10-01,2024-M10,CANT,CON_OCI,14869.0,Mensual,SS_Conocimiento
2024-11-01,2024-M11,CANT,CON_OCI,14935.5,Mensual,SS_Conocimiento
2024-12-01,2024-M12,CANT,CON_OCI,14983.5,Mensual,SS_Conocimiento
2025-01-01,2025-M01,CANT,CON_OCI,14911.4,Mensual,SS_Conocimiento
2025-02-01,2025-M02,CANT,CON_OCI,14975.5,Mensual,SS_Conocimiento
2025-03-01,2025-M03,CANT,CON_OCI,15067.1,Mensual,SS_Conocimiento
2025-04-01,2025-M04,CANT,CON_OCI,15144.3,Mensual,SS_Conocimiento
2025-05-01,2025-M05,CANT,CON_OCI,15368.7,Mensual,SS_Conocimiento
2025-06-01,2025-M06,CANT,CON_OCI,15467.6,Mensual,SS_Conocimiento
2025-07-01,2025-M07,CANT,CON_OCI,15277.0,Mensual,SS_Conocimiento
2025-08-01,2025-M08,CANT,CON_OCI,15322.5,Mensual,SS_Conocimiento
2025-09-01,2025-M09,CANT,CON_OCI,15246.4,Mensual,SS_Conocimiento
2025-10-01,2025-M10,CANT,CON_OCI,15264.6,Mensual,SS_Conocimiento
2025-11-01,2025-M11,CANT,CON_OCI,15349.1,Mensual,SS_Conocimiento
2025-12-01,2025-M12,CANT,CON_OCI,15347.2,Mensual,SS_Conocimiento
2026-01-01,2026-M01,CANT,CON_OCI,15421.25,Mensual,SS_Conocimiento
2026-02-01,2026-M02,CANT,CON_OCI,15482.650000000001,Mensual,SS_Conocimiento
2026-03-01,2026-M03,CANT,CON_OCI,15536.5,Mensual,SS_Conocimiento
2026-04-01,2026-M04,CANT,CON_OCI,15548.8,Mensual,SS_Conocimiento
2009-01-01,2009-M01,CAT,CON_OCI,235540.2,Mensual,SS_Conocimiento
2009-02-01,2009-M02,CAT,CON_OCI,236768.30000000002,Mensual,SS_Conocimiento
2009-03-01,2009-M03,CAT,CON_OCI,237214.40000000002,Mensual,SS_Conocimiento
2009-04-01,2009-M04,CAT,CON_OCI,236455.2,Mensual,SS_Conocimiento
2009-05-01,2009-M05,CAT,CON_OCI,236773.40000000002,Mensual,SS_Conocimiento
2009-06-01,2009-M06,CAT,CON_OCI,236355.4,Mensual,SS_Conocimiento
2009-07-01,2009-M07,CAT,CON_OCI,235666.4,Mensual,SS_Conocimiento
2009-08-01,2009-M08,CAT,CON_OCI,231359.59999999998,Mensual,SS_Conocimiento
2009-09-01,2009-M09,CAT,CON_OCI,232346.8,Mensual,SS_Conocimiento
2009-10-01,2009-M10,CAT,CON_OCI,234193.0,Mensual,SS_Conocimiento
2009-11-01,2009-M11,CAT,CON_OCI,234641.2,Mensual,SS_Conocimiento
2009-12-01,2009-M12,CAT,CON_OCI,235113.7,Mensual,SS_Conocimiento
2010-01-01,2010-M01,CAT,CON_OCI,232771.8,Mensual,SS_Conocimiento
2010-02-01,2010-M02,CAT,CON_OCI,233349.0,Mensual,SS_Conocimiento
2010-03-01,2010-M03,CAT,CON_OCI,234106.0,Mensual,SS_Conocimiento
2010-04-01,2010-M04,CAT,CON_OCI,234232.8,Mensual,SS_Conocimiento
2010-05-01,2010-M05,CAT,CON_OCI,235448.40000000002,Mensual,SS_Conocimiento
2010-06-01,2010-M06,CAT,CON_OCI,235916.8,Mensual,SS_Conocimiento
2010-07-01,2010-M07,CAT,CON_OCI,236172.0,Mensual,SS_Conocimiento
2010-08-01,2010-M08,CAT,CON_OCI,231855.09999999998,Mensual,SS_Conocimiento
2010-09-01,2010-M09,CAT,CON_OCI,233559.6,Mensual,SS_Conocimiento
2010-10-01,2010-M10,CAT,CON_OCI,235327.09999999998,Mensual,SS_Conocimiento
2010-11-01,2010-M11,CAT,CON_OCI,236506.90000000002,Mensual,SS_Conocimiento
2010-12-01,2010-M12,CAT,CON_OCI,236721.5,Mensual,SS_Conocimiento
2011-01-01,2011-M01,CAT,CON_OCI,235246.1,Mensual,SS_Conocimiento
2011-02-01,2011-M02,CAT,CON_OCI,234318.9,Mensual,SS_Conocimiento
2011-03-01,2011-M03,CAT,CON_OCI,234993.9,Mensual,SS_Conocimiento
2011-04-01,2011-M04,CAT,CON_OCI,235591.2,Mensual,SS_Conocimiento
2011-05-01,2011-M05,CAT,CON_OCI,236461.2,Mensual,SS_Conocimiento
2011-06-01,2011-M06,CAT,CON_OCI,236518.1,Mensual,SS_Conocimiento
2011-07-01,2011-M07,CAT,CON_OCI,236351.0,Mensual,SS_Conocimiento
2011-08-01,2011-M08,CAT,CON_OCI,231882.8,Mensual,SS_Conocimiento
2011-09-01,2011-M09,CAT,CON_OCI,233441.9,Mensual,SS_Conocimiento
2011-10-01,2011-M10,CAT,CON_OCI,235416.1,Mensual,SS_Conocimiento
2011-11-01,2011-M11,CAT,CON_OCI,236121.1,Mensual,SS_Conocimiento
2011-12-01,2011-M12,CAT,CON_OCI,237057.5,Mensual,SS_Conocimiento
2012-01-01,2012-M01,CAT,CON_OCI,233726.40000000002,Mensual,SS_Conocimiento
2012-02-01,2012-M02,CAT,CON_OCI,233567.40000000002,Mensual,SS_Conocimiento
2012-03-01,2012-M03,CAT,CON_OCI,234188.9,Mensual,SS_Conocimiento
2012-04-01,2012-M04,CAT,CON_OCI,233960.9,Mensual,SS_Conocimiento
2012-05-01,2012-M05,CAT,CON_OCI,234257.3,Mensual,SS_Conocimiento
2012-06-01,2012-M06,CAT,CON_OCI,234094.1,Mensual,SS_Conocimiento
2012-07-01,2012-M07,CAT,CON_OCI,232376.2,Mensual,SS_Conocimiento
2012-08-01,2012-M08,CAT,CON_OCI,228665.5,Mensual,SS_Conocimiento
2012-09-01,2012-M09,CAT,CON_OCI,228626.09999999998,Mensual,SS_Conocimiento
2012-10-01,2012-M10,CAT,CON_OCI,230672.40000000002,Mensual,SS_Conocimiento
2012-11-01,2012-M11,CAT,CON_OCI,231337.4,Mensual,SS_Conocimiento
2012-12-01,2012-M12,CAT,CON_OCI,230898.19999999998,Mensual,SS_Conocimiento
2013-01-01,2013-M01,CAT,CON_OCI,228790.1,Mensual,SS_Conocimiento
2013-02-01,2013-M02,CAT,CON_OCI,229285.5,Mensual,SS_Conocimiento
2013-03-01,2013-M03,CAT,CON_OCI,230079.4,Mensual,SS_Conocimiento
2013-04-01,2013-M04,CAT,CON_OCI,230802.3,Mensual,SS_Conocimiento
2013-05-01,2013-M05,CAT,CON_OCI,231787.0,Mensual,SS_Conocimiento
2013-06-01,2013-M06,CAT,CON_OCI,232275.0,Mensual,SS_Conocimiento
2013-07-01,2013-M07,CAT,CON_OCI,231610.09999999998,Mensual,SS_Conocimiento
2013-08-01,2013-M08,CAT,CON_OCI,228250.8,Mensual,SS_Conocimiento
2013-09-01,2013-M09,CAT,CON_OCI,229416.8,Mensual,SS_Conocimiento
2013-10-01,2013-M10,CAT,CON_OCI,233604.0,Mensual,SS_Conocimiento
2013-11-01,2013-M11,CAT,CON_OCI,235247.90000000002,Mensual,SS_Conocimiento
2013-12-01,2013-M12,CAT,CON_OCI,235611.3,Mensual,SS_Conocimiento
2014-01-01,2014-M01,CAT,CON_OCI,234445.19999999998,Mensual,SS_Conocimiento
2014-02-01,2014-M02,CAT,CON_OCI,236314.5,Mensual,SS_Conocimiento
2014-03-01,2014-M03,CAT,CON_OCI,237971.3,Mensual,SS_Conocimiento
2014-04-01,2014-M04,CAT,CON_OCI,239749.40000000002,Mensual,SS_Conocimiento
2014-05-01,2014-M05,CAT,CON_OCI,241229.40000000002,Mensual,SS_Conocimiento
2014-06-01,2014-M06,CAT,CON_OCI,242700.40000000002,Mensual,SS_Conocimiento
2014-07-01,2014-M07,CAT,CON_OCI,242499.3,Mensual,SS_Conocimiento
2014-08-01,2014-M08,CAT,CON_OCI,238924.7,Mensual,SS_Conocimiento
2014-09-01,2014-M09,CAT,CON_OCI,241527.69999999998,Mensual,SS_Conocimiento
2014-10-01,2014-M10,CAT,CON_OCI,245514.9,Mensual,SS_Conocimiento
2014-11-01,2014-M11,CAT,CON_OCI,247878.09999999998,Mensual,SS_Conocimiento
2014-12-01,2014-M12,CAT,CON_OCI,249199.0,Mensual,SS_Conocimiento
2015-01-01,2015-M01,CAT,CON_OCI,247947.4,Mensual,SS_Conocimiento
2015-02-01,2015-M02,CAT,CON_OCI,250307.0,Mensual,SS_Conocimiento
2015-03-01,2015-M03,CAT,CON_OCI,252814.5,Mensual,SS_Conocimiento
2015-04-01,2015-M04,CAT,CON_OCI,254856.2,Mensual,SS_Conocimiento
2015-05-01,2015-M05,CAT,CON_OCI,257256.3,Mensual,SS_Conocimiento
2015-06-01,2015-M06,CAT,CON_OCI,258989.0,Mensual,SS_Conocimiento
2015-07-01,2015-M07,CAT,CON_OCI,258229.4,Mensual,SS_Conocimiento
2015-08-01,2015-M08,CAT,CON_OCI,253707.0,Mensual,SS_Conocimiento
2015-09-01,2015-M09,CAT,CON_OCI,256373.5,Mensual,SS_Conocimiento
2015-10-01,2015-M10,CAT,CON_OCI,260397.40000000002,Mensual,SS_Conocimiento
2015-11-01,2015-M11,CAT,CON_OCI,263133.6,Mensual,SS_Conocimiento
2015-12-01,2015-M12,CAT,CON_OCI,265465.6,Mensual,SS_Conocimiento
2016-01-01,2016-M01,CAT,CON_OCI,264499.0,Mensual,SS_Conocimiento
2016-02-01,2016-M02,CAT,CON_OCI,266319.19999999995,Mensual,SS_Conocimiento
2016-03-01,2016-M03,CAT,CON_OCI,268062.7,Mensual,SS_Conocimiento
2016-04-01,2016-M04,CAT,CON_OCI,270087.2,Mensual,SS_Conocimiento
2016-05-01,2016-M05,CAT,CON_OCI,271826.4,Mensual,SS_Conocimiento
2016-06-01,2016-M06,CAT,CON_OCI,273590.6,Mensual,SS_Conocimiento
2016-07-01,2016-M07,CAT,CON_OCI,273989.9,Mensual,SS_Conocimiento
2016-08-01,2016-M08,CAT,CON_OCI,268967.4,Mensual,SS_Conocimiento
2016-09-01,2016-M09,CAT,CON_OCI,272304.1,Mensual,SS_Conocimiento
2016-10-01,2016-M10,CAT,CON_OCI,276957.6,Mensual,SS_Conocimiento
2016-11-01,2016-M11,CAT,CON_OCI,279205.8,Mensual,SS_Conocimiento
2016-12-01,2016-M12,CAT,CON_OCI,280380.6,Mensual,SS_Conocimiento
2017-01-01,2017-M01,CAT,CON_OCI,279189.6,Mensual,SS_Conocimiento
2017-02-01,2017-M02,CAT,CON_OCI,282232.5,Mensual,SS_Conocimiento
2017-03-01,2017-M03,CAT,CON_OCI,285087.4,Mensual,SS_Conocimiento
2017-04-01,2017-M04,CAT,CON_OCI,287075.2,Mensual,SS_Conocimiento
2017-05-01,2017-M05,CAT,CON_OCI,289644.6,Mensual,SS_Conocimiento
2017-06-01,2017-M06,CAT,CON_OCI,291122.0,Mensual,SS_Conocimiento
2017-07-01,2017-M07,CAT,CON_OCI,291909.7,Mensual,SS_Conocimiento
2017-08-01,2017-M08,CAT,CON_OCI,286862.3,Mensual,SS_Conocimiento
2017-09-01,2017-M09,CAT,CON_OCI,288362.1,Mensual,SS_Conocimiento
2017-10-01,2017-M10,CAT,CON_OCI,290400.3,Mensual,SS_Conocimiento
2017-11-01,2017-M11,CAT,CON_OCI,292609.19999999995,Mensual,SS_Conocimiento
2017-12-01,2017-M12,CAT,CON_OCI,292641.2,Mensual,SS_Conocimiento
2018-01-01,2018-M01,CAT,CON_OCI,291433.4,Mensual,SS_Conocimiento
2018-02-01,2018-M02,CAT,CON_OCI,294099.0,Mensual,SS_Conocimiento
2018-03-01,2018-M03,CAT,CON_OCI,296628.4,Mensual,SS_Conocimiento
2018-04-01,2018-M04,CAT,CON_OCI,298747.6,Mensual,SS_Conocimiento
2018-05-01,2018-M05,CAT,CON_OCI,300719.2,Mensual,SS_Conocimiento
2018-06-01,2018-M06,CAT,CON_OCI,302310.0,Mensual,SS_Conocimiento
2018-07-01,2018-M07,CAT,CON_OCI,303155.9,Mensual,SS_Conocimiento
2018-08-01,2018-M08,CAT,CON_OCI,298433.4,Mensual,SS_Conocimiento
2018-09-01,2018-M09,CAT,CON_OCI,301327.0,Mensual,SS_Conocimiento
2018-10-01,2018-M10,CAT,CON_OCI,305244.5,Mensual,SS_Conocimiento
2018-11-01,2018-M11,CAT,CON_OCI,308376.6,Mensual,SS_Conocimiento
2018-12-01,2018-M12,CAT,CON_OCI,308648.7,Mensual,SS_Conocimiento
2019-01-01,2019-M01,CAT,CON_OCI,307321.6,Mensual,SS_Conocimiento
2019-02-01,2019-M02,CAT,CON_OCI,310502.0,Mensual,SS_Conocimiento
2019-03-01,2019-M03,CAT,CON_OCI,313413.5,Mensual,SS_Conocimiento
2019-04-01,2019-M04,CAT,CON_OCI,315092.4,Mensual,SS_Conocimiento
2019-05-01,2019-M05,CAT,CON_OCI,316281.6,Mensual,SS_Conocimiento
2019-06-01,2019-M06,CAT,CON_OCI,317313.6,Mensual,SS_Conocimiento
2019-07-01,2019-M07,CAT,CON_OCI,317612.0,Mensual,SS_Conocimiento
2019-08-01,2019-M08,CAT,CON_OCI,312885.5,Mensual,SS_Conocimiento
2019-09-01,2019-M09,CAT,CON_OCI,315586.4,Mensual,SS_Conocimiento
2019-10-01,2019-M10,CAT,CON_OCI,319231.1,Mensual,SS_Conocimiento
2019-11-01,2019-M11,CAT,CON_OCI,321365.1,Mensual,SS_Conocimiento
2019-12-01,2019-M12,CAT,CON_OCI,321709.69999999995,Mensual,SS_Conocimiento
2020-01-01,2020-M01,CAT,CON_OCI,320398.8,Mensual,SS_Conocimiento
2020-02-01,2020-M02,CAT,CON_OCI,322486.6,Mensual,SS_Conocimiento
2020-03-01,2020-M03,CAT,CON_OCI,320498.7,Mensual,SS_Conocimiento
2020-04-01,2020-M04,CAT,CON_OCI,312924.4,Mensual,SS_Conocimiento
2020-05-01,2020-M05,CAT,CON_OCI,311626.8,Mensual,SS_Conocimiento
2020-06-01,2020-M06,CAT,CON_OCI,312605.4,Mensual,SS_Conocimiento
2020-07-01,2020-M07,CAT,CON_OCI,313766.4,Mensual,SS_Conocimiento
2020-08-01,2020-M08,CAT,CON_OCI,311244.5,Mensual,SS_Conocimiento
2020-09-01,2020-M09,CAT,CON_OCI,314112.4,Mensual,SS_Conocimiento
2020-10-01,2020-M10,CAT,CON_OCI,318056.69999999995,Mensual,SS_Conocimiento
2020-11-01,2020-M11,CAT,CON_OCI,320747.1,Mensual,SS_Conocimiento
2020-12-01,2020-M12,CAT,CON_OCI,322566.9,Mensual,SS_Conocimiento
2021-01-01,2021-M01,CAT,CON_OCI,321652.9,Mensual,SS_Conocimiento
2021-02-01,2021-M02,CAT,CON_OCI,323687.1,Mensual,SS_Conocimiento
2021-03-01,2021-M03,CAT,CON_OCI,326802.3,Mensual,SS_Conocimiento
2021-04-01,2021-M04,CAT,CON_OCI,329321.1,Mensual,SS_Conocimiento
2021-05-01,2021-M05,CAT,CON_OCI,331988.6,Mensual,SS_Conocimiento
2021-06-01,2021-M06,CAT,CON_OCI,334309.3,Mensual,SS_Conocimiento
2021-07-01,2021-M07,CAT,CON_OCI,336509.3,Mensual,SS_Conocimiento
2021-08-01,2021-M08,CAT,CON_OCI,333389.7,Mensual,SS_Conocimiento
2021-09-01,2021-M09,CAT,CON_OCI,336999.9,Mensual,SS_Conocimiento
2021-10-01,2021-M10,CAT,CON_OCI,341308.30000000005,Mensual,SS_Conocimiento
2021-11-01,2021-M11,CAT,CON_OCI,344680.1,Mensual,SS_Conocimiento
2021-12-01,2021-M12,CAT,CON_OCI,345731.6,Mensual,SS_Conocimiento
2022-01-01,2022-M01,CAT,CON_OCI,344908.9,Mensual,SS_Conocimiento
2022-02-01,2022-M02,CAT,CON_OCI,347969.6,Mensual,SS_Conocimiento
2022-03-01,2022-M03,CAT,CON_OCI,351984.80000000005,Mensual,SS_Conocimiento
2022-04-01,2022-M04,CAT,CON_OCI,355268.5,Mensual,SS_Conocimiento
2022-05-01,2022-M05,CAT,CON_OCI,357667.4,Mensual,SS_Conocimiento
2022-06-01,2022-M06,CAT,CON_OCI,360260.6,Mensual,SS_Conocimiento
2022-07-01,2022-M07,CAT,CON_OCI,362100.5,Mensual,SS_Conocimiento
2022-08-01,2022-M08,CAT,CON_OCI,358187.30000000005,Mensual,SS_Conocimiento
2022-09-01,2022-M09,CAT,CON_OCI,362401.2,Mensual,SS_Conocimiento
2022-10-01,2022-M10,CAT,CON_OCI,367162.6,Mensual,SS_Conocimiento
2022-11-01,2022-M11,CAT,CON_OCI,369750.0,Mensual,SS_Conocimiento
2022-12-01,2022-M12,CAT,CON_OCI,370186.1,Mensual,SS_Conocimiento
2023-01-01,2023-M01,CAT,CON_OCI,368969.6,Mensual,SS_Conocimiento
2023-02-01,2023-M02,CAT,CON_OCI,371858.0,Mensual,SS_Conocimiento
2023-03-01,2023-M03,CAT,CON_OCI,374660.5,Mensual,SS_Conocimiento
2023-04-01,2023-M04,CAT,CON_OCI,376559.5,Mensual,SS_Conocimiento
2023-05-01,2023-M05,CAT,CON_OCI,378073.4,Mensual,SS_Conocimiento
2023-06-01,2023-M06,CAT,CON_OCI,379986.1,Mensual,SS_Conocimiento
2023-07-01,2023-M07,CAT,CON_OCI,382019.1,Mensual,SS_Conocimiento
2023-08-01,2023-M08,CAT,CON_OCI,376974.3,Mensual,SS_Conocimiento
2023-09-01,2023-M09,CAT,CON_OCI,380163.0,Mensual,SS_Conocimiento
2023-10-01,2023-M10,CAT,CON_OCI,384016.8,Mensual,SS_Conocimiento
2023-11-01,2023-M11,CAT,CON_OCI,386556.7,Mensual,SS_Conocimiento
2023-12-01,2023-M12,CAT,CON_OCI,386527.8,Mensual,SS_Conocimiento
2024-01-01,2024-M01,CAT,CON_OCI,385519.1,Mensual,SS_Conocimiento
2024-02-01,2024-M02,CAT,CON_OCI,386590.3,Mensual,SS_Conocimiento
2024-03-01,2024-M03,CAT,CON_OCI,388816.1,Mensual,SS_Conocimiento
2024-04-01,2024-M04,CAT,CON_OCI,391025.5,Mensual,SS_Conocimiento
2024-05-01,2024-M05,CAT,CON_OCI,392667.8,Mensual,SS_Conocimiento
2024-06-01,2024-M06,CAT,CON_OCI,394551.4,Mensual,SS_Conocimiento
2024-07-01,2024-M07,CAT,CON_OCI,394734.19999999995,Mensual,SS_Conocimiento
2024-08-01,2024-M08,CAT,CON_OCI,389601.80000000005,Mensual,SS_Conocimiento
2024-09-01,2024-M09,CAT,CON_OCI,392708.5,Mensual,SS_Conocimiento
2024-10-01,2024-M10,CAT,CON_OCI,396261.3,Mensual,SS_Conocimiento
2024-11-01,2024-M11,CAT,CON_OCI,398641.89999999997,Mensual,SS_Conocimiento
2024-12-01,2024-M12,CAT,CON_OCI,398219.3,Mensual,SS_Conocimiento
2025-01-01,2025-M01,CAT,CON_OCI,397052.0,Mensual,SS_Conocimiento
2025-02-01,2025-M02,CAT,CON_OCI,400164.7,Mensual,SS_Conocimiento
2025-03-01,2025-M03,CAT,CON_OCI,403276.6,Mensual,SS_Conocimiento
2025-04-01,2025-M04,CAT,CON_OCI,404926.9,Mensual,SS_Conocimiento
2025-05-01,2025-M05,CAT,CON_OCI,406852.6,Mensual,SS_Conocimiento
2025-06-01,2025-M06,CAT,CON_OCI,408197.8,Mensual,SS_Conocimiento
2025-07-01,2025-M07,CAT,CON_OCI,408507.2,Mensual,SS_Conocimiento
2025-08-01,2025-M08,CAT,CON_OCI,403352.10000000003,Mensual,SS_Conocimiento
2025-09-01,2025-M09,CAT,CON_OCI,406958.3,Mensual,SS_Conocimiento
2025-10-01,2025-M10,CAT,CON_OCI,410586.6,Mensual,SS_Conocimiento
2025-11-01,2025-M11,CAT,CON_OCI,414272.0,Mensual,SS_Conocimiento
2025-12-01,2025-M12,CAT,CON_OCI,413751.8,Mensual,SS_Conocimiento
2026-01-01,2026-M01,CAT,CON_OCI,414964.4,Mensual,SS_Conocimiento
2026-02-01,2026-M02,CAT,CON_OCI,417805.55,Mensual,SS_Conocimiento
2026-03-01,2026-M03,CAT,CON_OCI,419490.5,Mensual,SS_Conocimiento
2026-04-01,2026-M04,CAT,CON_OCI,420243.05,Mensual,SS_Conocimiento
2009-01-01,2009-M01,CLM,CON_OCI,22714.7,Mensual,SS_Conocimiento
2009-02-01,2009-M02,CLM,CON_OCI,22651.3,Mensual,SS_Conocimiento
2009-03-01,2009-M03,CLM,CON_OCI,22793.5,Mensual,SS_Conocimiento
2009-04-01,2009-M04,CLM,CON_OCI,22772.9,Mensual,SS_Conocimiento
2009-05-01,2009-M05,CLM,CON_OCI,22782.0,Mensual,SS_Conocimiento
2009-06-01,2009-M06,CLM,CON_OCI,22824.9,Mensual,SS_Conocimiento
2009-07-01,2009-M07,CLM,CON_OCI,22833.3,Mensual,SS_Conocimiento
2009-08-01,2009-M08,CLM,CON_OCI,22680.9,Mensual,SS_Conocimiento
2009-09-01,2009-M09,CLM,CON_OCI,22641.600000000002,Mensual,SS_Conocimiento
2009-10-01,2009-M10,CLM,CON_OCI,22692.0,Mensual,SS_Conocimiento
2009-11-01,2009-M11,CLM,CON_OCI,22741.5,Mensual,SS_Conocimiento
2009-12-01,2009-M12,CLM,CON_OCI,22748.4,Mensual,SS_Conocimiento
2010-01-01,2010-M01,CLM,CON_OCI,22658.2,Mensual,SS_Conocimiento
2010-02-01,2010-M02,CLM,CON_OCI,22659.6,Mensual,SS_Conocimiento
2010-03-01,2010-M03,CLM,CON_OCI,22664.5,Mensual,SS_Conocimiento
2010-04-01,2010-M04,CLM,CON_OCI,22567.7,Mensual,SS_Conocimiento
2010-05-01,2010-M05,CLM,CON_OCI,22691.1,Mensual,SS_Conocimiento
2010-06-01,2010-M06,CLM,CON_OCI,22678.0,Mensual,SS_Conocimiento
2010-07-01,2010-M07,CLM,CON_OCI,22689.399999999998,Mensual,SS_Conocimiento
2010-08-01,2010-M08,CLM,CON_OCI,22590.1,Mensual,SS_Conocimiento
2010-09-01,2010-M09,CLM,CON_OCI,22580.2,Mensual,SS_Conocimiento
2010-10-01,2010-M10,CLM,CON_OCI,22627.7,Mensual,SS_Conocimiento
2010-11-01,2010-M11,CLM,CON_OCI,22659.199999999997,Mensual,SS_Conocimiento
2010-12-01,2010-M12,CLM,CON_OCI,22565.300000000003,Mensual,SS_Conocimiento
2011-01-01,2011-M01,CLM,CON_OCI,22355.399999999998,Mensual,SS_Conocimiento
2011-02-01,2011-M02,CLM,CON_OCI,22370.1,Mensual,SS_Conocimiento
2011-03-01,2011-M03,CLM,CON_OCI,22456.199999999997,Mensual,SS_Conocimiento
2011-04-01,2011-M04,CLM,CON_OCI,22476.399999999998,Mensual,SS_Conocimiento
2011-05-01,2011-M05,CLM,CON_OCI,22501.199999999997,Mensual,SS_Conocimiento
2011-06-01,2011-M06,CLM,CON_OCI,22537.8,Mensual,SS_Conocimiento
2011-07-01,2011-M07,CLM,CON_OCI,22482.3,Mensual,SS_Conocimiento
2011-08-01,2011-M08,CLM,CON_OCI,22351.800000000003,Mensual,SS_Conocimiento
2011-09-01,2011-M09,CLM,CON_OCI,22304.5,Mensual,SS_Conocimiento
2011-10-01,2011-M10,CLM,CON_OCI,22176.9,Mensual,SS_Conocimiento
2011-11-01,2011-M11,CLM,CON_OCI,22079.9,Mensual,SS_Conocimiento
2011-12-01,2011-M12,CLM,CON_OCI,22007.8,Mensual,SS_Conocimiento
2012-01-01,2012-M01,CLM,CON_OCI,21606.399999999998,Mensual,SS_Conocimiento
2012-02-01,2012-M02,CLM,CON_OCI,21552.6,Mensual,SS_Conocimiento
2012-03-01,2012-M03,CLM,CON_OCI,21551.399999999998,Mensual,SS_Conocimiento
2012-04-01,2012-M04,CLM,CON_OCI,21565.5,Mensual,SS_Conocimiento
2012-05-01,2012-M05,CLM,CON_OCI,21499.699999999997,Mensual,SS_Conocimiento
2012-06-01,2012-M06,CLM,CON_OCI,21312.0,Mensual,SS_Conocimiento
2012-07-01,2012-M07,CLM,CON_OCI,21279.3,Mensual,SS_Conocimiento
2012-08-01,2012-M08,CLM,CON_OCI,21051.6,Mensual,SS_Conocimiento
2012-09-01,2012-M09,CLM,CON_OCI,21020.5,Mensual,SS_Conocimiento
2012-10-01,2012-M10,CLM,CON_OCI,21018.8,Mensual,SS_Conocimiento
2012-11-01,2012-M11,CLM,CON_OCI,20940.399999999998,Mensual,SS_Conocimiento
2012-12-01,2012-M12,CLM,CON_OCI,20860.300000000003,Mensual,SS_Conocimiento
2013-01-01,2013-M01,CLM,CON_OCI,20722.300000000003,Mensual,SS_Conocimiento
2013-02-01,2013-M02,CLM,CON_OCI,20717.800000000003,Mensual,SS_Conocimiento
2013-03-01,2013-M03,CLM,CON_OCI,20697.5,Mensual,SS_Conocimiento
2013-04-01,2013-M04,CLM,CON_OCI,20829.3,Mensual,SS_Conocimiento
2013-05-01,2013-M05,CLM,CON_OCI,20754.3,Mensual,SS_Conocimiento
2013-06-01,2013-M06,CLM,CON_OCI,20838.9,Mensual,SS_Conocimiento
2013-07-01,2013-M07,CLM,CON_OCI,20773.5,Mensual,SS_Conocimiento
2013-08-01,2013-M08,CLM,CON_OCI,20674.100000000002,Mensual,SS_Conocimiento
2013-09-01,2013-M09,CLM,CON_OCI,20691.800000000003,Mensual,SS_Conocimiento
2013-10-01,2013-M10,CLM,CON_OCI,20875.3,Mensual,SS_Conocimiento
2013-11-01,2013-M11,CLM,CON_OCI,20950.9,Mensual,SS_Conocimiento
2013-12-01,2013-M12,CLM,CON_OCI,21148.2,Mensual,SS_Conocimiento
2014-01-01,2014-M01,CLM,CON_OCI,21094.7,Mensual,SS_Conocimiento
2014-02-01,2014-M02,CLM,CON_OCI,21149.7,Mensual,SS_Conocimiento
2014-03-01,2014-M03,CLM,CON_OCI,21203.5,Mensual,SS_Conocimiento
2014-04-01,2014-M04,CLM,CON_OCI,21326.8,Mensual,SS_Conocimiento
2014-05-01,2014-M05,CLM,CON_OCI,21318.1,Mensual,SS_Conocimiento
2014-06-01,2014-M06,CLM,CON_OCI,21381.8,Mensual,SS_Conocimiento
2014-07-01,2014-M07,CLM,CON_OCI,21530.6,Mensual,SS_Conocimiento
2014-08-01,2014-M08,CLM,CON_OCI,21392.5,Mensual,SS_Conocimiento
2014-09-01,2014-M09,CLM,CON_OCI,21431.4,Mensual,SS_Conocimiento
2014-10-01,2014-M10,CLM,CON_OCI,21648.5,Mensual,SS_Conocimiento
2014-11-01,2014-M11,CLM,CON_OCI,21748.5,Mensual,SS_Conocimiento
2014-12-01,2014-M12,CLM,CON_OCI,21761.9,Mensual,SS_Conocimiento
2015-01-01,2015-M01,CLM,CON_OCI,21789.300000000003,Mensual,SS_Conocimiento
2015-02-01,2015-M02,CLM,CON_OCI,21910.800000000003,Mensual,SS_Conocimiento
2015-03-01,2015-M03,CLM,CON_OCI,21941.4,Mensual,SS_Conocimiento
2015-04-01,2015-M04,CLM,CON_OCI,22071.4,Mensual,SS_Conocimiento
2015-05-01,2015-M05,CLM,CON_OCI,22304.8,Mensual,SS_Conocimiento
2015-06-01,2015-M06,CLM,CON_OCI,22337.5,Mensual,SS_Conocimiento
2015-07-01,2015-M07,CLM,CON_OCI,22431.7,Mensual,SS_Conocimiento
2015-08-01,2015-M08,CLM,CON_OCI,22173.0,Mensual,SS_Conocimiento
2015-09-01,2015-M09,CLM,CON_OCI,22134.100000000002,Mensual,SS_Conocimiento
2015-10-01,2015-M10,CLM,CON_OCI,22248.3,Mensual,SS_Conocimiento
2015-11-01,2015-M11,CLM,CON_OCI,22263.5,Mensual,SS_Conocimiento
2015-12-01,2015-M12,CLM,CON_OCI,22290.1,Mensual,SS_Conocimiento
2016-01-01,2016-M01,CLM,CON_OCI,22139.8,Mensual,SS_Conocimiento
2016-02-01,2016-M02,CLM,CON_OCI,22294.1,Mensual,SS_Conocimiento
2016-03-01,2016-M03,CLM,CON_OCI,22488.4,Mensual,SS_Conocimiento
2016-04-01,2016-M04,CLM,CON_OCI,22584.6,Mensual,SS_Conocimiento
2016-05-01,2016-M05,CLM,CON_OCI,22728.9,Mensual,SS_Conocimiento
2016-06-01,2016-M06,CLM,CON_OCI,22787.699999999997,Mensual,SS_Conocimiento
2016-07-01,2016-M07,CLM,CON_OCI,22928.9,Mensual,SS_Conocimiento
2016-08-01,2016-M08,CLM,CON_OCI,22753.2,Mensual,SS_Conocimiento
2016-09-01,2016-M09,CLM,CON_OCI,22712.699999999997,Mensual,SS_Conocimiento
2016-10-01,2016-M10,CLM,CON_OCI,22918.3,Mensual,SS_Conocimiento
2016-11-01,2016-M11,CLM,CON_OCI,22989.8,Mensual,SS_Conocimiento
2016-12-01,2016-M12,CLM,CON_OCI,23025.5,Mensual,SS_Conocimiento
2017-01-01,2017-M01,CLM,CON_OCI,22888.4,Mensual,SS_Conocimiento
2017-02-01,2017-M02,CLM,CON_OCI,23053.3,Mensual,SS_Conocimiento
2017-03-01,2017-M03,CLM,CON_OCI,23213.199999999997,Mensual,SS_Conocimiento
2017-04-01,2017-M04,CLM,CON_OCI,23280.3,Mensual,SS_Conocimiento
2017-05-01,2017-M05,CLM,CON_OCI,23368.4,Mensual,SS_Conocimiento
2017-06-01,2017-M06,CLM,CON_OCI,23320.5,Mensual,SS_Conocimiento
2017-07-01,2017-M07,CLM,CON_OCI,23354.7,Mensual,SS_Conocimiento
2017-08-01,2017-M08,CLM,CON_OCI,23159.2,Mensual,SS_Conocimiento
2017-09-01,2017-M09,CLM,CON_OCI,23154.6,Mensual,SS_Conocimiento
2017-10-01,2017-M10,CLM,CON_OCI,23420.9,Mensual,SS_Conocimiento
2017-11-01,2017-M11,CLM,CON_OCI,23547.9,Mensual,SS_Conocimiento
2017-12-01,2017-M12,CLM,CON_OCI,23632.3,Mensual,SS_Conocimiento
2018-01-01,2018-M01,CLM,CON_OCI,23552.6,Mensual,SS_Conocimiento
2018-02-01,2018-M02,CLM,CON_OCI,23850.0,Mensual,SS_Conocimiento
2018-03-01,2018-M03,CLM,CON_OCI,24041.199999999997,Mensual,SS_Conocimiento
2018-04-01,2018-M04,CLM,CON_OCI,24217.199999999997,Mensual,SS_Conocimiento
2018-05-01,2018-M05,CLM,CON_OCI,24475.300000000003,Mensual,SS_Conocimiento
2018-06-01,2018-M06,CLM,CON_OCI,24583.699999999997,Mensual,SS_Conocimiento
2018-07-01,2018-M07,CLM,CON_OCI,24684.3,Mensual,SS_Conocimiento
2018-08-01,2018-M08,CLM,CON_OCI,24578.6,Mensual,SS_Conocimiento
2018-09-01,2018-M09,CLM,CON_OCI,24524.0,Mensual,SS_Conocimiento
2018-10-01,2018-M10,CLM,CON_OCI,24667.6,Mensual,SS_Conocimiento
2018-11-01,2018-M11,CLM,CON_OCI,24700.2,Mensual,SS_Conocimiento
2018-12-01,2018-M12,CLM,CON_OCI,24788.9,Mensual,SS_Conocimiento
2019-01-01,2019-M01,CLM,CON_OCI,24543.4,Mensual,SS_Conocimiento
2019-02-01,2019-M02,CLM,CON_OCI,24636.0,Mensual,SS_Conocimiento
2019-03-01,2019-M03,CLM,CON_OCI,24889.7,Mensual,SS_Conocimiento
2019-04-01,2019-M04,CLM,CON_OCI,25014.4,Mensual,SS_Conocimiento
2019-05-01,2019-M05,CLM,CON_OCI,25094.6,Mensual,SS_Conocimiento
2019-06-01,2019-M06,CLM,CON_OCI,25225.300000000003,Mensual,SS_Conocimiento
2019-07-01,2019-M07,CLM,CON_OCI,25391.7,Mensual,SS_Conocimiento
2019-08-01,2019-M08,CLM,CON_OCI,25248.9,Mensual,SS_Conocimiento
2019-09-01,2019-M09,CLM,CON_OCI,25237.0,Mensual,SS_Conocimiento
2019-10-01,2019-M10,CLM,CON_OCI,25408.2,Mensual,SS_Conocimiento
2019-11-01,2019-M11,CLM,CON_OCI,25465.5,Mensual,SS_Conocimiento
2019-12-01,2019-M12,CLM,CON_OCI,25557.199999999997,Mensual,SS_Conocimiento
2020-01-01,2020-M01,CLM,CON_OCI,25477.8,Mensual,SS_Conocimiento
2020-02-01,2020-M02,CLM,CON_OCI,25602.600000000002,Mensual,SS_Conocimiento
2020-03-01,2020-M03,CLM,CON_OCI,25555.899999999998,Mensual,SS_Conocimiento
2020-04-01,2020-M04,CLM,CON_OCI,25005.8,Mensual,SS_Conocimiento
2020-05-01,2020-M05,CLM,CON_OCI,25027.4,Mensual,SS_Conocimiento
2020-06-01,2020-M06,CLM,CON_OCI,25261.2,Mensual,SS_Conocimiento
2020-07-01,2020-M07,CLM,CON_OCI,25617.1,Mensual,SS_Conocimiento
2020-08-01,2020-M08,CLM,CON_OCI,25678.100000000002,Mensual,SS_Conocimiento
2020-09-01,2020-M09,CLM,CON_OCI,25776.0,Mensual,SS_Conocimiento
2020-10-01,2020-M10,CLM,CON_OCI,26064.699999999997,Mensual,SS_Conocimiento
2020-11-01,2020-M11,CLM,CON_OCI,26227.699999999997,Mensual,SS_Conocimiento
2020-12-01,2020-M12,CLM,CON_OCI,26296.6,Mensual,SS_Conocimiento
2021-01-01,2021-M01,CLM,CON_OCI,26251.5,Mensual,SS_Conocimiento
2021-02-01,2021-M02,CLM,CON_OCI,26400.8,Mensual,SS_Conocimiento
2021-03-01,2021-M03,CLM,CON_OCI,26638.9,Mensual,SS_Conocimiento
2021-04-01,2021-M04,CLM,CON_OCI,26837.600000000002,Mensual,SS_Conocimiento
2021-05-01,2021-M05,CLM,CON_OCI,27059.6,Mensual,SS_Conocimiento
2021-06-01,2021-M06,CLM,CON_OCI,27159.7,Mensual,SS_Conocimiento
2021-07-01,2021-M07,CLM,CON_OCI,27377.9,Mensual,SS_Conocimiento
2021-08-01,2021-M08,CLM,CON_OCI,27318.9,Mensual,SS_Conocimiento
2021-09-01,2021-M09,CLM,CON_OCI,27438.9,Mensual,SS_Conocimiento
2021-10-01,2021-M10,CLM,CON_OCI,27649.600000000002,Mensual,SS_Conocimiento
2021-11-01,2021-M11,CLM,CON_OCI,27694.0,Mensual,SS_Conocimiento
2021-12-01,2021-M12,CLM,CON_OCI,27787.7,Mensual,SS_Conocimiento
2022-01-01,2022-M01,CLM,CON_OCI,27730.4,Mensual,SS_Conocimiento
2022-02-01,2022-M02,CLM,CON_OCI,27886.600000000002,Mensual,SS_Conocimiento
2022-03-01,2022-M03,CLM,CON_OCI,28109.9,Mensual,SS_Conocimiento
2022-04-01,2022-M04,CLM,CON_OCI,28308.100000000002,Mensual,SS_Conocimiento
2022-05-01,2022-M05,CLM,CON_OCI,28456.9,Mensual,SS_Conocimiento
2022-06-01,2022-M06,CLM,CON_OCI,28565.2,Mensual,SS_Conocimiento
2022-07-01,2022-M07,CLM,CON_OCI,28794.899999999998,Mensual,SS_Conocimiento
2022-08-01,2022-M08,CLM,CON_OCI,28660.1,Mensual,SS_Conocimiento
2022-09-01,2022-M09,CLM,CON_OCI,28740.0,Mensual,SS_Conocimiento
2022-10-01,2022-M10,CLM,CON_OCI,28935.1,Mensual,SS_Conocimiento
2022-11-01,2022-M11,CLM,CON_OCI,29004.3,Mensual,SS_Conocimiento
2022-12-01,2022-M12,CLM,CON_OCI,28997.4,Mensual,SS_Conocimiento
2023-01-01,2023-M01,CLM,CON_OCI,28905.6,Mensual,SS_Conocimiento
2023-02-01,2023-M02,CLM,CON_OCI,29043.600000000002,Mensual,SS_Conocimiento
2023-03-01,2023-M03,CLM,CON_OCI,29295.4,Mensual,SS_Conocimiento
2023-04-01,2023-M04,CLM,CON_OCI,29508.9,Mensual,SS_Conocimiento
2023-05-01,2023-M05,CLM,CON_OCI,29624.4,Mensual,SS_Conocimiento
2023-06-01,2023-M06,CLM,CON_OCI,29692.0,Mensual,SS_Conocimiento
2023-07-01,2023-M07,CLM,CON_OCI,30075.1,Mensual,SS_Conocimiento
2023-08-01,2023-M08,CLM,CON_OCI,29878.2,Mensual,SS_Conocimiento
2023-09-01,2023-M09,CLM,CON_OCI,29935.1,Mensual,SS_Conocimiento
2023-10-01,2023-M10,CLM,CON_OCI,30102.7,Mensual,SS_Conocimiento
2023-11-01,2023-M11,CLM,CON_OCI,30325.3,Mensual,SS_Conocimiento
2023-12-01,2023-M12,CLM,CON_OCI,30368.2,Mensual,SS_Conocimiento
2024-01-01,2024-M01,CLM,CON_OCI,30264.3,Mensual,SS_Conocimiento
2024-02-01,2024-M02,CLM,CON_OCI,30325.5,Mensual,SS_Conocimiento
2024-03-01,2024-M03,CLM,CON_OCI,30561.0,Mensual,SS_Conocimiento
2024-04-01,2024-M04,CLM,CON_OCI,30747.0,Mensual,SS_Conocimiento
2024-05-01,2024-M05,CLM,CON_OCI,30839.399999999998,Mensual,SS_Conocimiento
2024-06-01,2024-M06,CLM,CON_OCI,30997.300000000003,Mensual,SS_Conocimiento
2024-07-01,2024-M07,CLM,CON_OCI,31172.300000000003,Mensual,SS_Conocimiento
2024-08-01,2024-M08,CLM,CON_OCI,31204.2,Mensual,SS_Conocimiento
2024-09-01,2024-M09,CLM,CON_OCI,31300.1,Mensual,SS_Conocimiento
2024-10-01,2024-M10,CLM,CON_OCI,31436.800000000003,Mensual,SS_Conocimiento
2024-11-01,2024-M11,CLM,CON_OCI,31519.2,Mensual,SS_Conocimiento
2024-12-01,2024-M12,CLM,CON_OCI,31546.4,Mensual,SS_Conocimiento
2025-01-01,2025-M01,CLM,CON_OCI,31410.1,Mensual,SS_Conocimiento
2025-02-01,2025-M02,CLM,CON_OCI,31527.800000000003,Mensual,SS_Conocimiento
2025-03-01,2025-M03,CLM,CON_OCI,31692.0,Mensual,SS_Conocimiento
2025-04-01,2025-M04,CLM,CON_OCI,31877.800000000003,Mensual,SS_Conocimiento
2025-05-01,2025-M05,CLM,CON_OCI,32039.1,Mensual,SS_Conocimiento
2025-06-01,2025-M06,CLM,CON_OCI,32173.5,Mensual,SS_Conocimiento
2025-07-01,2025-M07,CLM,CON_OCI,32485.7,Mensual,SS_Conocimiento
2025-08-01,2025-M08,CLM,CON_OCI,32393.399999999998,Mensual,SS_Conocimiento
2025-09-01,2025-M09,CLM,CON_OCI,32321.699999999997,Mensual,SS_Conocimiento
2025-10-01,2025-M10,CLM,CON_OCI,32538.3,Mensual,SS_Conocimiento
2025-11-01,2025-M11,CLM,CON_OCI,32329.3,Mensual,SS_Conocimiento
2025-12-01,2025-M12,CLM,CON_OCI,32194.399999999998,Mensual,SS_Conocimiento
2026-01-01,2026-M01,CLM,CON_OCI,32334.0,Mensual,SS_Conocimiento
2026-02-01,2026-M02,CLM,CON_OCI,32431.05,Mensual,SS_Conocimiento
2026-03-01,2026-M03,CLM,CON_OCI,32608.95,Mensual,SS_Conocimiento
2026-04-01,2026-M04,CLM,CON_OCI,32521.45,Mensual,SS_Conocimiento
2009-01-01,2009-M01,CYL,CON_OCI,40665.9,Mensual,SS_Conocimiento
2009-02-01,2009-M02,CYL,CON_OCI,40977.1,Mensual,SS_Conocimiento
2009-03-01,2009-M03,CYL,CON_OCI,41303.8,Mensual,SS_Conocimiento
2009-04-01,2009-M04,CYL,CON_OCI,41277.3,Mensual,SS_Conocimiento
2009-05-01,2009-M05,CYL,CON_OCI,41393.299999999996,Mensual,SS_Conocimiento
2009-06-01,2009-M06,CYL,CON_OCI,41691.5,Mensual,SS_Conocimiento
2009-07-01,2009-M07,CYL,CON_OCI,41711.8,Mensual,SS_Conocimiento
2009-08-01,2009-M08,CYL,CON_OCI,41467.899999999994,Mensual,SS_Conocimiento
2009-09-01,2009-M09,CYL,CON_OCI,41420.4,Mensual,SS_Conocimiento
2009-10-01,2009-M10,CYL,CON_OCI,41681.5,Mensual,SS_Conocimiento
2009-11-01,2009-M11,CYL,CON_OCI,41855.0,Mensual,SS_Conocimiento
2009-12-01,2009-M12,CYL,CON_OCI,41929.700000000004,Mensual,SS_Conocimiento
2010-01-01,2010-M01,CYL,CON_OCI,41498.9,Mensual,SS_Conocimiento
2010-02-01,2010-M02,CYL,CON_OCI,41637.1,Mensual,SS_Conocimiento
2010-03-01,2010-M03,CYL,CON_OCI,41921.2,Mensual,SS_Conocimiento
2010-04-01,2010-M04,CYL,CON_OCI,42096.200000000004,Mensual,SS_Conocimiento
2010-05-01,2010-M05,CYL,CON_OCI,42199.899999999994,Mensual,SS_Conocimiento
2010-06-01,2010-M06,CYL,CON_OCI,42471.6,Mensual,SS_Conocimiento
2010-07-01,2010-M07,CYL,CON_OCI,42543.700000000004,Mensual,SS_Conocimiento
2010-08-01,2010-M08,CYL,CON_OCI,42259.0,Mensual,SS_Conocimiento
2010-09-01,2010-M09,CYL,CON_OCI,42433.5,Mensual,SS_Conocimiento
2010-10-01,2010-M10,CYL,CON_OCI,42424.2,Mensual,SS_Conocimiento
2010-11-01,2010-M11,CYL,CON_OCI,42499.2,Mensual,SS_Conocimiento
2010-12-01,2010-M12,CYL,CON_OCI,42425.6,Mensual,SS_Conocimiento
2011-01-01,2011-M01,CYL,CON_OCI,41441.0,Mensual,SS_Conocimiento
2011-02-01,2011-M02,CYL,CON_OCI,41589.600000000006,Mensual,SS_Conocimiento
2011-03-01,2011-M03,CYL,CON_OCI,41779.100000000006,Mensual,SS_Conocimiento
2011-04-01,2011-M04,CYL,CON_OCI,41943.4,Mensual,SS_Conocimiento
2011-05-01,2011-M05,CYL,CON_OCI,41997.6,Mensual,SS_Conocimiento
2011-06-01,2011-M06,CYL,CON_OCI,42176.6,Mensual,SS_Conocimiento
2011-07-01,2011-M07,CYL,CON_OCI,42349.8,Mensual,SS_Conocimiento
2011-08-01,2011-M08,CYL,CON_OCI,42136.5,Mensual,SS_Conocimiento
2011-09-01,2011-M09,CYL,CON_OCI,42362.6,Mensual,SS_Conocimiento
2011-10-01,2011-M10,CYL,CON_OCI,42498.5,Mensual,SS_Conocimiento
2011-11-01,2011-M11,CYL,CON_OCI,42533.5,Mensual,SS_Conocimiento
2011-12-01,2011-M12,CYL,CON_OCI,42365.2,Mensual,SS_Conocimiento
2012-01-01,2012-M01,CYL,CON_OCI,41626.4,Mensual,SS_Conocimiento
2012-02-01,2012-M02,CYL,CON_OCI,41597.6,Mensual,SS_Conocimiento
2012-03-01,2012-M03,CYL,CON_OCI,41577.1,Mensual,SS_Conocimiento
2012-04-01,2012-M04,CYL,CON_OCI,41717.2,Mensual,SS_Conocimiento
2012-05-01,2012-M05,CYL,CON_OCI,41389.0,Mensual,SS_Conocimiento
2012-06-01,2012-M06,CYL,CON_OCI,41413.3,Mensual,SS_Conocimiento
2012-07-01,2012-M07,CYL,CON_OCI,41298.2,Mensual,SS_Conocimiento
2012-08-01,2012-M08,CYL,CON_OCI,40806.5,Mensual,SS_Conocimiento
2012-09-01,2012-M09,CYL,CON_OCI,40798.8,Mensual,SS_Conocimiento
2012-10-01,2012-M10,CYL,CON_OCI,40823.3,Mensual,SS_Conocimiento
2012-11-01,2012-M11,CYL,CON_OCI,40829.7,Mensual,SS_Conocimiento
2012-12-01,2012-M12,CYL,CON_OCI,40668.9,Mensual,SS_Conocimiento
2013-01-01,2013-M01,CYL,CON_OCI,40249.4,Mensual,SS_Conocimiento
2013-02-01,2013-M02,CYL,CON_OCI,40165.3,Mensual,SS_Conocimiento
2013-03-01,2013-M03,CYL,CON_OCI,40218.9,Mensual,SS_Conocimiento
2013-04-01,2013-M04,CYL,CON_OCI,40218.0,Mensual,SS_Conocimiento
2013-05-01,2013-M05,CYL,CON_OCI,40144.4,Mensual,SS_Conocimiento
2013-06-01,2013-M06,CYL,CON_OCI,40144.7,Mensual,SS_Conocimiento
2013-07-01,2013-M07,CYL,CON_OCI,40164.8,Mensual,SS_Conocimiento
2013-08-01,2013-M08,CYL,CON_OCI,39918.2,Mensual,SS_Conocimiento
2013-09-01,2013-M09,CYL,CON_OCI,40042.0,Mensual,SS_Conocimiento
2013-10-01,2013-M10,CYL,CON_OCI,38932.2,Mensual,SS_Conocimiento
2013-11-01,2013-M11,CYL,CON_OCI,39036.5,Mensual,SS_Conocimiento
2013-12-01,2013-M12,CYL,CON_OCI,39061.6,Mensual,SS_Conocimiento
2014-01-01,2014-M01,CYL,CON_OCI,38734.4,Mensual,SS_Conocimiento
2014-02-01,2014-M02,CYL,CON_OCI,38597.9,Mensual,SS_Conocimiento
2014-03-01,2014-M03,CYL,CON_OCI,38296.1,Mensual,SS_Conocimiento
2014-04-01,2014-M04,CYL,CON_OCI,37940.5,Mensual,SS_Conocimiento
2014-05-01,2014-M05,CYL,CON_OCI,37753.3,Mensual,SS_Conocimiento
2014-06-01,2014-M06,CYL,CON_OCI,37862.7,Mensual,SS_Conocimiento
2014-07-01,2014-M07,CYL,CON_OCI,38150.8,Mensual,SS_Conocimiento
2014-08-01,2014-M08,CYL,CON_OCI,38068.6,Mensual,SS_Conocimiento
2014-09-01,2014-M09,CYL,CON_OCI,38262.1,Mensual,SS_Conocimiento
2014-10-01,2014-M10,CYL,CON_OCI,38398.8,Mensual,SS_Conocimiento
2014-11-01,2014-M11,CYL,CON_OCI,38635.2,Mensual,SS_Conocimiento
2014-12-01,2014-M12,CYL,CON_OCI,38539.3,Mensual,SS_Conocimiento
2015-01-01,2015-M01,CYL,CON_OCI,38211.7,Mensual,SS_Conocimiento
2015-02-01,2015-M02,CYL,CON_OCI,38226.6,Mensual,SS_Conocimiento
2015-03-01,2015-M03,CYL,CON_OCI,38440.799999999996,Mensual,SS_Conocimiento
2015-04-01,2015-M04,CYL,CON_OCI,38606.4,Mensual,SS_Conocimiento
2015-05-01,2015-M05,CYL,CON_OCI,38726.9,Mensual,SS_Conocimiento
2015-06-01,2015-M06,CYL,CON_OCI,38856.4,Mensual,SS_Conocimiento
2015-07-01,2015-M07,CYL,CON_OCI,38930.2,Mensual,SS_Conocimiento
2015-08-01,2015-M08,CYL,CON_OCI,38768.6,Mensual,SS_Conocimiento
2015-09-01,2015-M09,CYL,CON_OCI,38982.1,Mensual,SS_Conocimiento
2015-10-01,2015-M10,CYL,CON_OCI,39301.8,Mensual,SS_Conocimiento
2015-11-01,2015-M11,CYL,CON_OCI,39525.8,Mensual,SS_Conocimiento
2015-12-01,2015-M12,CYL,CON_OCI,39612.8,Mensual,SS_Conocimiento
2016-01-01,2016-M01,CYL,CON_OCI,39435.3,Mensual,SS_Conocimiento
2016-02-01,2016-M02,CYL,CON_OCI,39602.7,Mensual,SS_Conocimiento
2016-03-01,2016-M03,CYL,CON_OCI,39620.9,Mensual,SS_Conocimiento
2016-04-01,2016-M04,CYL,CON_OCI,39695.9,Mensual,SS_Conocimiento
2016-05-01,2016-M05,CYL,CON_OCI,39787.0,Mensual,SS_Conocimiento
2016-06-01,2016-M06,CYL,CON_OCI,39962.1,Mensual,SS_Conocimiento
2016-07-01,2016-M07,CYL,CON_OCI,40435.9,Mensual,SS_Conocimiento
2016-08-01,2016-M08,CYL,CON_OCI,39813.8,Mensual,SS_Conocimiento
2016-09-01,2016-M09,CYL,CON_OCI,39936.8,Mensual,SS_Conocimiento
2016-10-01,2016-M10,CYL,CON_OCI,40229.8,Mensual,SS_Conocimiento
2016-11-01,2016-M11,CYL,CON_OCI,40369.8,Mensual,SS_Conocimiento
2016-12-01,2016-M12,CYL,CON_OCI,40226.600000000006,Mensual,SS_Conocimiento
2017-01-01,2017-M01,CYL,CON_OCI,39989.4,Mensual,SS_Conocimiento
2017-02-01,2017-M02,CYL,CON_OCI,40207.1,Mensual,SS_Conocimiento
2017-03-01,2017-M03,CYL,CON_OCI,40368.200000000004,Mensual,SS_Conocimiento
2017-04-01,2017-M04,CYL,CON_OCI,40459.7,Mensual,SS_Conocimiento
2017-05-01,2017-M05,CYL,CON_OCI,40601.899999999994,Mensual,SS_Conocimiento
2017-06-01,2017-M06,CYL,CON_OCI,40706.6,Mensual,SS_Conocimiento
2017-07-01,2017-M07,CYL,CON_OCI,40858.9,Mensual,SS_Conocimiento
2017-08-01,2017-M08,CYL,CON_OCI,40662.7,Mensual,SS_Conocimiento
2017-09-01,2017-M09,CYL,CON_OCI,40866.0,Mensual,SS_Conocimiento
2017-10-01,2017-M10,CYL,CON_OCI,41196.2,Mensual,SS_Conocimiento
2017-11-01,2017-M11,CYL,CON_OCI,41376.100000000006,Mensual,SS_Conocimiento
2017-12-01,2017-M12,CYL,CON_OCI,41221.9,Mensual,SS_Conocimiento
2018-01-01,2018-M01,CYL,CON_OCI,40628.6,Mensual,SS_Conocimiento
2018-02-01,2018-M02,CYL,CON_OCI,40927.6,Mensual,SS_Conocimiento
2018-03-01,2018-M03,CYL,CON_OCI,41121.6,Mensual,SS_Conocimiento
2018-04-01,2018-M04,CYL,CON_OCI,41147.2,Mensual,SS_Conocimiento
2018-05-01,2018-M05,CYL,CON_OCI,41291.399999999994,Mensual,SS_Conocimiento
2018-06-01,2018-M06,CYL,CON_OCI,41648.4,Mensual,SS_Conocimiento
2018-07-01,2018-M07,CYL,CON_OCI,41914.4,Mensual,SS_Conocimiento
2018-08-01,2018-M08,CYL,CON_OCI,41740.3,Mensual,SS_Conocimiento
2018-09-01,2018-M09,CYL,CON_OCI,41779.899999999994,Mensual,SS_Conocimiento
2018-10-01,2018-M10,CYL,CON_OCI,42093.899999999994,Mensual,SS_Conocimiento
2018-11-01,2018-M11,CYL,CON_OCI,42202.9,Mensual,SS_Conocimiento
2018-12-01,2018-M12,CYL,CON_OCI,42176.5,Mensual,SS_Conocimiento
2019-01-01,2019-M01,CYL,CON_OCI,41960.200000000004,Mensual,SS_Conocimiento
2019-02-01,2019-M02,CYL,CON_OCI,42189.0,Mensual,SS_Conocimiento
2019-03-01,2019-M03,CYL,CON_OCI,42385.8,Mensual,SS_Conocimiento
2019-04-01,2019-M04,CYL,CON_OCI,42537.299999999996,Mensual,SS_Conocimiento
2019-05-01,2019-M05,CYL,CON_OCI,42709.5,Mensual,SS_Conocimiento
2019-06-01,2019-M06,CYL,CON_OCI,42986.8,Mensual,SS_Conocimiento
2019-07-01,2019-M07,CYL,CON_OCI,43198.799999999996,Mensual,SS_Conocimiento
2019-08-01,2019-M08,CYL,CON_OCI,42931.3,Mensual,SS_Conocimiento
2019-09-01,2019-M09,CYL,CON_OCI,42919.6,Mensual,SS_Conocimiento
2019-10-01,2019-M10,CYL,CON_OCI,43426.5,Mensual,SS_Conocimiento
2019-11-01,2019-M11,CYL,CON_OCI,43399.5,Mensual,SS_Conocimiento
2019-12-01,2019-M12,CYL,CON_OCI,43340.600000000006,Mensual,SS_Conocimiento
2020-01-01,2020-M01,CYL,CON_OCI,43135.100000000006,Mensual,SS_Conocimiento
2020-02-01,2020-M02,CYL,CON_OCI,43237.1,Mensual,SS_Conocimiento
2020-03-01,2020-M03,CYL,CON_OCI,43072.600000000006,Mensual,SS_Conocimiento
2020-04-01,2020-M04,CYL,CON_OCI,42197.9,Mensual,SS_Conocimiento
2020-05-01,2020-M05,CYL,CON_OCI,42183.9,Mensual,SS_Conocimiento
2020-06-01,2020-M06,CYL,CON_OCI,42462.6,Mensual,SS_Conocimiento
2020-07-01,2020-M07,CYL,CON_OCI,42726.6,Mensual,SS_Conocimiento
2020-08-01,2020-M08,CYL,CON_OCI,42722.8,Mensual,SS_Conocimiento
2020-09-01,2020-M09,CYL,CON_OCI,42841.100000000006,Mensual,SS_Conocimiento
2020-10-01,2020-M10,CYL,CON_OCI,43049.4,Mensual,SS_Conocimiento
2020-11-01,2020-M11,CYL,CON_OCI,43306.7,Mensual,SS_Conocimiento
2020-12-01,2020-M12,CYL,CON_OCI,43439.3,Mensual,SS_Conocimiento
2021-01-01,2021-M01,CYL,CON_OCI,43272.600000000006,Mensual,SS_Conocimiento
2021-02-01,2021-M02,CYL,CON_OCI,43394.7,Mensual,SS_Conocimiento
2021-03-01,2021-M03,CYL,CON_OCI,43598.1,Mensual,SS_Conocimiento
2021-04-01,2021-M04,CYL,CON_OCI,44033.7,Mensual,SS_Conocimiento
2021-05-01,2021-M05,CYL,CON_OCI,44227.0,Mensual,SS_Conocimiento
2021-06-01,2021-M06,CYL,CON_OCI,44537.2,Mensual,SS_Conocimiento
2021-07-01,2021-M07,CYL,CON_OCI,44760.5,Mensual,SS_Conocimiento
2021-08-01,2021-M08,CYL,CON_OCI,44565.2,Mensual,SS_Conocimiento
2021-09-01,2021-M09,CYL,CON_OCI,44498.5,Mensual,SS_Conocimiento
2021-10-01,2021-M10,CYL,CON_OCI,44852.6,Mensual,SS_Conocimiento
2021-11-01,2021-M11,CYL,CON_OCI,45140.9,Mensual,SS_Conocimiento
2021-12-01,2021-M12,CYL,CON_OCI,45190.2,Mensual,SS_Conocimiento
2022-01-01,2022-M01,CYL,CON_OCI,45001.4,Mensual,SS_Conocimiento
2022-02-01,2022-M02,CYL,CON_OCI,45138.9,Mensual,SS_Conocimiento
2022-03-01,2022-M03,CYL,CON_OCI,45303.4,Mensual,SS_Conocimiento
2022-04-01,2022-M04,CYL,CON_OCI,45386.200000000004,Mensual,SS_Conocimiento
2022-05-01,2022-M05,CYL,CON_OCI,45513.1,Mensual,SS_Conocimiento
2022-06-01,2022-M06,CYL,CON_OCI,45807.100000000006,Mensual,SS_Conocimiento
2022-07-01,2022-M07,CYL,CON_OCI,46002.3,Mensual,SS_Conocimiento
2022-08-01,2022-M08,CYL,CON_OCI,45858.799999999996,Mensual,SS_Conocimiento
2022-09-01,2022-M09,CYL,CON_OCI,46033.600000000006,Mensual,SS_Conocimiento
2022-10-01,2022-M10,CYL,CON_OCI,46313.6,Mensual,SS_Conocimiento
2022-11-01,2022-M11,CYL,CON_OCI,46509.5,Mensual,SS_Conocimiento
2022-12-01,2022-M12,CYL,CON_OCI,46558.2,Mensual,SS_Conocimiento
2023-01-01,2023-M01,CYL,CON_OCI,46598.700000000004,Mensual,SS_Conocimiento
2023-02-01,2023-M02,CYL,CON_OCI,46777.8,Mensual,SS_Conocimiento
2023-03-01,2023-M03,CYL,CON_OCI,47214.1,Mensual,SS_Conocimiento
2023-04-01,2023-M04,CYL,CON_OCI,47583.7,Mensual,SS_Conocimiento
2023-05-01,2023-M05,CYL,CON_OCI,47848.399999999994,Mensual,SS_Conocimiento
2023-06-01,2023-M06,CYL,CON_OCI,48049.6,Mensual,SS_Conocimiento
2023-07-01,2023-M07,CYL,CON_OCI,48401.6,Mensual,SS_Conocimiento
2023-08-01,2023-M08,CYL,CON_OCI,48220.1,Mensual,SS_Conocimiento
2023-09-01,2023-M09,CYL,CON_OCI,48318.899999999994,Mensual,SS_Conocimiento
2023-10-01,2023-M10,CYL,CON_OCI,48663.7,Mensual,SS_Conocimiento
2023-11-01,2023-M11,CYL,CON_OCI,48786.4,Mensual,SS_Conocimiento
2023-12-01,2023-M12,CYL,CON_OCI,48697.9,Mensual,SS_Conocimiento
2024-01-01,2024-M01,CYL,CON_OCI,48731.2,Mensual,SS_Conocimiento
2024-02-01,2024-M02,CYL,CON_OCI,49024.0,Mensual,SS_Conocimiento
2024-03-01,2024-M03,CYL,CON_OCI,49212.9,Mensual,SS_Conocimiento
2024-04-01,2024-M04,CYL,CON_OCI,49513.3,Mensual,SS_Conocimiento
2024-05-01,2024-M05,CYL,CON_OCI,49769.3,Mensual,SS_Conocimiento
2024-06-01,2024-M06,CYL,CON_OCI,49897.5,Mensual,SS_Conocimiento
2024-07-01,2024-M07,CYL,CON_OCI,49995.5,Mensual,SS_Conocimiento
2024-08-01,2024-M08,CYL,CON_OCI,49766.6,Mensual,SS_Conocimiento
2024-09-01,2024-M09,CYL,CON_OCI,50207.5,Mensual,SS_Conocimiento
2024-10-01,2024-M10,CYL,CON_OCI,50651.8,Mensual,SS_Conocimiento
2024-11-01,2024-M11,CYL,CON_OCI,50846.5,Mensual,SS_Conocimiento
2024-12-01,2024-M12,CYL,CON_OCI,50669.100000000006,Mensual,SS_Conocimiento
2025-01-01,2025-M01,CYL,CON_OCI,50392.399999999994,Mensual,SS_Conocimiento
2025-02-01,2025-M02,CYL,CON_OCI,50800.799999999996,Mensual,SS_Conocimiento
2025-03-01,2025-M03,CYL,CON_OCI,51166.399999999994,Mensual,SS_Conocimiento
2025-04-01,2025-M04,CYL,CON_OCI,51380.7,Mensual,SS_Conocimiento
2025-05-01,2025-M05,CYL,CON_OCI,51435.0,Mensual,SS_Conocimiento
2025-06-01,2025-M06,CYL,CON_OCI,51483.6,Mensual,SS_Conocimiento
2025-07-01,2025-M07,CYL,CON_OCI,51065.1,Mensual,SS_Conocimiento
2025-08-01,2025-M08,CYL,CON_OCI,50815.9,Mensual,SS_Conocimiento
2025-09-01,2025-M09,CYL,CON_OCI,51611.5,Mensual,SS_Conocimiento
2025-10-01,2025-M10,CYL,CON_OCI,51840.3,Mensual,SS_Conocimiento
2025-11-01,2025-M11,CYL,CON_OCI,52089.4,Mensual,SS_Conocimiento
2025-12-01,2025-M12,CYL,CON_OCI,51668.9,Mensual,SS_Conocimiento
2026-01-01,2026-M01,CYL,CON_OCI,51952.5,Mensual,SS_Conocimiento
2026-02-01,2026-M02,CYL,CON_OCI,52314.950000000004,Mensual,SS_Conocimiento
2026-03-01,2026-M03,CYL,CON_OCI,52133.82,Mensual,SS_Conocimiento
2026-04-01,2026-M04,CYL,CON_OCI,51864.2,Mensual,SS_Conocimiento
2009-01-01,2009-M01,ESP,CON_OCI,1177522.5,Mensual,SS_Conocimiento
2009-02-01,2009-M02,ESP,CON_OCI,1181278.3,Mensual,SS_Conocimiento
2009-03-01,2009-M03,ESP,CON_OCI,1184842.6,Mensual,SS_Conocimiento
2009-04-01,2009-M04,ESP,CON_OCI,1182759.9,Mensual,SS_Conocimiento
2009-05-01,2009-M05,ESP,CON_OCI,1186023.7000000002,Mensual,SS_Conocimiento
2009-06-01,2009-M06,ESP,CON_OCI,1185086.3,Mensual,SS_Conocimiento
2009-07-01,2009-M07,ESP,CON_OCI,1184084.2,Mensual,SS_Conocimiento
2009-08-01,2009-M08,ESP,CON_OCI,1170241.4,Mensual,SS_Conocimiento
2009-09-01,2009-M09,ESP,CON_OCI,1174236.9,Mensual,SS_Conocimiento
2009-10-01,2009-M10,ESP,CON_OCI,1178697.5,Mensual,SS_Conocimiento
2009-11-01,2009-M11,ESP,CON_OCI,1182648.0,Mensual,SS_Conocimiento
2009-12-01,2009-M12,ESP,CON_OCI,1183170.0,Mensual,SS_Conocimiento
2010-01-01,2010-M01,ESP,CON_OCI,1171107.2000000002,Mensual,SS_Conocimiento
2010-02-01,2010-M02,ESP,CON_OCI,1174799.0,Mensual,SS_Conocimiento
2010-03-01,2010-M03,ESP,CON_OCI,1179496.2999999998,Mensual,SS_Conocimiento
2010-04-01,2010-M04,ESP,CON_OCI,1182266.9,Mensual,SS_Conocimiento
2010-05-01,2010-M05,ESP,CON_OCI,1188583.2999999998,Mensual,SS_Conocimiento
2010-06-01,2010-M06,ESP,CON_OCI,1189788.8,Mensual,SS_Conocimiento
2010-07-01,2010-M07,ESP,CON_OCI,1190130.4,Mensual,SS_Conocimiento
2010-08-01,2010-M08,ESP,CON_OCI,1175642.6,Mensual,SS_Conocimiento
2010-09-01,2010-M09,ESP,CON_OCI,1183284.5,Mensual,SS_Conocimiento
2010-10-01,2010-M10,ESP,CON_OCI,1189469.4,Mensual,SS_Conocimiento
2010-11-01,2010-M11,ESP,CON_OCI,1193309.2999999998,Mensual,SS_Conocimiento
2010-12-01,2010-M12,ESP,CON_OCI,1192453.7999999998,Mensual,SS_Conocimiento
2011-01-01,2011-M01,ESP,CON_OCI,1180571.4,Mensual,SS_Conocimiento
2011-02-01,2011-M02,ESP,CON_OCI,1181308.1,Mensual,SS_Conocimiento
2011-03-01,2011-M03,ESP,CON_OCI,1185538.7000000002,Mensual,SS_Conocimiento
2011-04-01,2011-M04,ESP,CON_OCI,1187672.6,Mensual,SS_Conocimiento
2011-05-01,2011-M05,ESP,CON_OCI,1189679.5,Mensual,SS_Conocimiento
2011-06-01,2011-M06,ESP,CON_OCI,1189845.0,Mensual,SS_Conocimiento
2011-07-01,2011-M07,ESP,CON_OCI,1188893.9,Mensual,SS_Conocimiento
2011-08-01,2011-M08,ESP,CON_OCI,1175157.2000000002,Mensual,SS_Conocimiento
2011-09-01,2011-M09,ESP,CON_OCI,1181692.5,Mensual,SS_Conocimiento
2011-10-01,2011-M10,ESP,CON_OCI,1185368.0,Mensual,SS_Conocimiento
2011-11-01,2011-M11,ESP,CON_OCI,1187248.7,Mensual,SS_Conocimiento
2011-12-01,2011-M12,ESP,CON_OCI,1191854.7,Mensual,SS_Conocimiento
2012-01-01,2012-M01,ESP,CON_OCI,1173402.6,Mensual,SS_Conocimiento
2012-02-01,2012-M02,ESP,CON_OCI,1172052.5,Mensual,SS_Conocimiento
2012-03-01,2012-M03,ESP,CON_OCI,1173022.5,Mensual,SS_Conocimiento
2012-04-01,2012-M04,ESP,CON_OCI,1171432.4,Mensual,SS_Conocimiento
2012-05-01,2012-M05,ESP,CON_OCI,1171387.1,Mensual,SS_Conocimiento
2012-06-01,2012-M06,ESP,CON_OCI,1170773.5,Mensual,SS_Conocimiento
2012-07-01,2012-M07,ESP,CON_OCI,1165493.4,Mensual,SS_Conocimiento
2012-08-01,2012-M08,ESP,CON_OCI,1151746.1,Mensual,SS_Conocimiento
2012-09-01,2012-M09,ESP,CON_OCI,1155166.0,Mensual,SS_Conocimiento
2012-10-01,2012-M10,ESP,CON_OCI,1155970.2,Mensual,SS_Conocimiento
2012-11-01,2012-M11,ESP,CON_OCI,1155410.5,Mensual,SS_Conocimiento
2012-12-01,2012-M12,ESP,CON_OCI,1153262.3,Mensual,SS_Conocimiento
2013-01-01,2013-M01,ESP,CON_OCI,1139842.3,Mensual,SS_Conocimiento
2013-02-01,2013-M02,ESP,CON_OCI,1139438.8,Mensual,SS_Conocimiento
2013-03-01,2013-M03,ESP,CON_OCI,1142172.4,Mensual,SS_Conocimiento
2013-04-01,2013-M04,ESP,CON_OCI,1144225.8,Mensual,SS_Conocimiento
2013-05-01,2013-M05,ESP,CON_OCI,1146165.4,Mensual,SS_Conocimiento
2013-06-01,2013-M06,ESP,CON_OCI,1149081.6,Mensual,SS_Conocimiento
2013-07-01,2013-M07,ESP,CON_OCI,1147792.8,Mensual,SS_Conocimiento
2013-08-01,2013-M08,ESP,CON_OCI,1136998.7,Mensual,SS_Conocimiento
2013-09-01,2013-M09,ESP,CON_OCI,1145035.4,Mensual,SS_Conocimiento
2013-10-01,2013-M10,ESP,CON_OCI,1155353.3,Mensual,SS_Conocimiento
2013-11-01,2013-M11,ESP,CON_OCI,1161924.1,Mensual,SS_Conocimiento
2013-12-01,2013-M12,ESP,CON_OCI,1164729.6,Mensual,SS_Conocimiento
2014-01-01,2014-M01,ESP,CON_OCI,1154869.1,Mensual,SS_Conocimiento
2014-02-01,2014-M02,ESP,CON_OCI,1160454.0,Mensual,SS_Conocimiento
2014-03-01,2014-M03,ESP,CON_OCI,1165082.7,Mensual,SS_Conocimiento
2014-04-01,2014-M04,ESP,CON_OCI,1170998.3,Mensual,SS_Conocimiento
2014-05-01,2014-M05,ESP,CON_OCI,1176835.2999999998,Mensual,SS_Conocimiento
2014-06-01,2014-M06,ESP,CON_OCI,1181035.6,Mensual,SS_Conocimiento
2014-07-01,2014-M07,ESP,CON_OCI,1183224.0,Mensual,SS_Conocimiento
2014-08-01,2014-M08,ESP,CON_OCI,1172145.6,Mensual,SS_Conocimiento
2014-09-01,2014-M09,ESP,CON_OCI,1181956.6,Mensual,SS_Conocimiento
2014-10-01,2014-M10,ESP,CON_OCI,1193710.4,Mensual,SS_Conocimiento
2014-11-01,2014-M11,ESP,CON_OCI,1202091.4,Mensual,SS_Conocimiento
2014-12-01,2014-M12,ESP,CON_OCI,1205954.7,Mensual,SS_Conocimiento
2015-01-01,2015-M01,ESP,CON_OCI,1199132.0,Mensual,SS_Conocimiento
2015-02-01,2015-M02,ESP,CON_OCI,1209029.1,Mensual,SS_Conocimiento
2015-03-01,2015-M03,ESP,CON_OCI,1219154.7,Mensual,SS_Conocimiento
2015-04-01,2015-M04,ESP,CON_OCI,1227958.0,Mensual,SS_Conocimiento
2015-05-01,2015-M05,ESP,CON_OCI,1237005.8,Mensual,SS_Conocimiento
2015-06-01,2015-M06,ESP,CON_OCI,1244759.2,Mensual,SS_Conocimiento
2015-07-01,2015-M07,ESP,CON_OCI,1248540.1,Mensual,SS_Conocimiento
2015-08-01,2015-M08,ESP,CON_OCI,1235778.7999999998,Mensual,SS_Conocimiento
2015-09-01,2015-M09,ESP,CON_OCI,1246927.7000000002,Mensual,SS_Conocimiento
2015-10-01,2015-M10,ESP,CON_OCI,1258728.4,Mensual,SS_Conocimiento
2015-11-01,2015-M11,ESP,CON_OCI,1268960.9,Mensual,SS_Conocimiento
2015-12-01,2015-M12,ESP,CON_OCI,1274949.0,Mensual,SS_Conocimiento
2016-01-01,2016-M01,ESP,CON_OCI,1266834.4,Mensual,SS_Conocimiento
2016-02-01,2016-M02,ESP,CON_OCI,1274124.6,Mensual,SS_Conocimiento
2016-03-01,2016-M03,ESP,CON_OCI,1280697.4,Mensual,SS_Conocimiento
2016-04-01,2016-M04,ESP,CON_OCI,1288464.7,Mensual,SS_Conocimiento
2016-05-01,2016-M05,ESP,CON_OCI,1295567.1,Mensual,SS_Conocimiento
2016-06-01,2016-M06,ESP,CON_OCI,1303591.7,Mensual,SS_Conocimiento
2016-07-01,2016-M07,ESP,CON_OCI,1307455.4,Mensual,SS_Conocimiento
2016-08-01,2016-M08,ESP,CON_OCI,1293566.6,Mensual,SS_Conocimiento
2016-09-01,2016-M09,ESP,CON_OCI,1304221.7,Mensual,SS_Conocimiento
2016-10-01,2016-M10,ESP,CON_OCI,1316040.8,Mensual,SS_Conocimiento
2016-11-01,2016-M11,ESP,CON_OCI,1323664.2000000002,Mensual,SS_Conocimiento
2016-12-01,2016-M12,ESP,CON_OCI,1325448.5,Mensual,SS_Conocimiento
2017-01-01,2017-M01,ESP,CON_OCI,1316693.9,Mensual,SS_Conocimiento
2017-02-01,2017-M02,ESP,CON_OCI,1327432.3,Mensual,SS_Conocimiento
2017-03-01,2017-M03,ESP,CON_OCI,1339099.2,Mensual,SS_Conocimiento
2017-04-01,2017-M04,ESP,CON_OCI,1346478.1,Mensual,SS_Conocimiento
2017-05-01,2017-M05,ESP,CON_OCI,1355053.0,Mensual,SS_Conocimiento
2017-06-01,2017-M06,ESP,CON_OCI,1362528.9,Mensual,SS_Conocimiento
2017-07-01,2017-M07,ESP,CON_OCI,1365136.3,Mensual,SS_Conocimiento
2017-08-01,2017-M08,ESP,CON_OCI,1350089.9,Mensual,SS_Conocimiento
2017-09-01,2017-M09,ESP,CON_OCI,1359387.0,Mensual,SS_Conocimiento
2017-10-01,2017-M10,ESP,CON_OCI,1370729.3,Mensual,SS_Conocimiento
2017-11-01,2017-M11,ESP,CON_OCI,1379657.1,Mensual,SS_Conocimiento
2017-12-01,2017-M12,ESP,CON_OCI,1379775.5,Mensual,SS_Conocimiento
2018-01-01,2018-M01,ESP,CON_OCI,1373255.8,Mensual,SS_Conocimiento
2018-02-01,2018-M02,ESP,CON_OCI,1386662.8,Mensual,SS_Conocimiento
2018-03-01,2018-M03,ESP,CON_OCI,1398345.7000000002,Mensual,SS_Conocimiento
2018-04-01,2018-M04,ESP,CON_OCI,1407062.1,Mensual,SS_Conocimiento
2018-05-01,2018-M05,ESP,CON_OCI,1420107.2,Mensual,SS_Conocimiento
2018-06-01,2018-M06,ESP,CON_OCI,1429446.9,Mensual,SS_Conocimiento
2018-07-01,2018-M07,ESP,CON_OCI,1434685.9,Mensual,SS_Conocimiento
2018-08-01,2018-M08,ESP,CON_OCI,1419501.2,Mensual,SS_Conocimiento
2018-09-01,2018-M09,ESP,CON_OCI,1433041.5,Mensual,SS_Conocimiento
2018-10-01,2018-M10,ESP,CON_OCI,1447255.3,Mensual,SS_Conocimiento
2018-11-01,2018-M11,ESP,CON_OCI,1457374.2999999998,Mensual,SS_Conocimiento
2018-12-01,2018-M12,ESP,CON_OCI,1459081.2,Mensual,SS_Conocimiento
2019-01-01,2019-M01,ESP,CON_OCI,1450298.6,Mensual,SS_Conocimiento
2019-02-01,2019-M02,ESP,CON_OCI,1461811.7,Mensual,SS_Conocimiento
2019-03-01,2019-M03,ESP,CON_OCI,1473234.0,Mensual,SS_Conocimiento
2019-04-01,2019-M04,ESP,CON_OCI,1480863.9,Mensual,SS_Conocimiento
2019-05-01,2019-M05,ESP,CON_OCI,1487003.4,Mensual,SS_Conocimiento
2019-06-01,2019-M06,ESP,CON_OCI,1495885.6,Mensual,SS_Conocimiento
2019-07-01,2019-M07,ESP,CON_OCI,1497992.2,Mensual,SS_Conocimiento
2019-08-01,2019-M08,ESP,CON_OCI,1480651.1,Mensual,SS_Conocimiento
2019-09-01,2019-M09,ESP,CON_OCI,1492187.3,Mensual,SS_Conocimiento
2019-10-01,2019-M10,ESP,CON_OCI,1507039.1,Mensual,SS_Conocimiento
2019-11-01,2019-M11,ESP,CON_OCI,1514908.7000000002,Mensual,SS_Conocimiento
2019-12-01,2019-M12,ESP,CON_OCI,1515041.2,Mensual,SS_Conocimiento
2020-01-01,2020-M01,ESP,CON_OCI,1507274.9,Mensual,SS_Conocimiento
2020-02-01,2020-M02,ESP,CON_OCI,1518072.5,Mensual,SS_Conocimiento
2020-03-01,2020-M03,ESP,CON_OCI,1508168.6,Mensual,SS_Conocimiento
2020-04-01,2020-M04,ESP,CON_OCI,1470812.6,Mensual,SS_Conocimiento
2020-05-01,2020-M05,ESP,CON_OCI,1466394.0,Mensual,SS_Conocimiento
2020-06-01,2020-M06,ESP,CON_OCI,1472701.4,Mensual,SS_Conocimiento
2020-07-01,2020-M07,ESP,CON_OCI,1482614.1,Mensual,SS_Conocimiento
2020-08-01,2020-M08,ESP,CON_OCI,1477881.9,Mensual,SS_Conocimiento
2020-09-01,2020-M09,ESP,CON_OCI,1489444.8,Mensual,SS_Conocimiento
2020-10-01,2020-M10,ESP,CON_OCI,1504013.7999999998,Mensual,SS_Conocimiento
2020-11-01,2020-M11,ESP,CON_OCI,1514095.4,Mensual,SS_Conocimiento
2020-12-01,2020-M12,ESP,CON_OCI,1519139.7000000002,Mensual,SS_Conocimiento
2021-01-01,2021-M01,ESP,CON_OCI,1513155.0,Mensual,SS_Conocimiento
2021-02-01,2021-M02,ESP,CON_OCI,1523623.8,Mensual,SS_Conocimiento
2021-03-01,2021-M03,ESP,CON_OCI,1537116.8,Mensual,SS_Conocimiento
2021-04-01,2021-M04,ESP,CON_OCI,1550747.2000000002,Mensual,SS_Conocimiento
2021-05-01,2021-M05,ESP,CON_OCI,1562076.7,Mensual,SS_Conocimiento
2021-06-01,2021-M06,ESP,CON_OCI,1573572.2,Mensual,SS_Conocimiento
2021-07-01,2021-M07,ESP,CON_OCI,1582810.5999999999,Mensual,SS_Conocimiento
2021-08-01,2021-M08,ESP,CON_OCI,1573046.5,Mensual,SS_Conocimiento
2021-09-01,2021-M09,ESP,CON_OCI,1587435.4,Mensual,SS_Conocimiento
2021-10-01,2021-M10,ESP,CON_OCI,1605475.5,Mensual,SS_Conocimiento
2021-11-01,2021-M11,ESP,CON_OCI,1619418.6,Mensual,SS_Conocimiento
2021-12-01,2021-M12,ESP,CON_OCI,1625294.6,Mensual,SS_Conocimiento
2022-01-01,2022-M01,ESP,CON_OCI,1622349.4,Mensual,SS_Conocimiento
2022-02-01,2022-M02,ESP,CON_OCI,1636539.9,Mensual,SS_Conocimiento
2022-03-01,2022-M03,ESP,CON_OCI,1654535.9,Mensual,SS_Conocimiento
2022-04-01,2022-M04,ESP,CON_OCI,1667055.5999999999,Mensual,SS_Conocimiento
2022-05-01,2022-M05,ESP,CON_OCI,1678099.3,Mensual,SS_Conocimiento
2022-06-01,2022-M06,ESP,CON_OCI,1690272.2999999998,Mensual,SS_Conocimiento
2022-07-01,2022-M07,ESP,CON_OCI,1697133.0999999999,Mensual,SS_Conocimiento
2022-08-01,2022-M08,ESP,CON_OCI,1683204.7999999998,Mensual,SS_Conocimiento
2022-09-01,2022-M09,ESP,CON_OCI,1699599.3,Mensual,SS_Conocimiento
2022-10-01,2022-M10,ESP,CON_OCI,1716978.3,Mensual,SS_Conocimiento
2022-11-01,2022-M11,ESP,CON_OCI,1727115.7,Mensual,SS_Conocimiento
2022-12-01,2022-M12,ESP,CON_OCI,1728656.5,Mensual,SS_Conocimiento
2023-01-01,2023-M01,ESP,CON_OCI,1724187.0999999999,Mensual,SS_Conocimiento
2023-02-01,2023-M02,ESP,CON_OCI,1737127.7000000002,Mensual,SS_Conocimiento
2023-03-01,2023-M03,ESP,CON_OCI,1752541.2000000002,Mensual,SS_Conocimiento
2023-04-01,2023-M04,ESP,CON_OCI,1763851.0999999999,Mensual,SS_Conocimiento
2023-05-01,2023-M05,ESP,CON_OCI,1772453.6,Mensual,SS_Conocimiento
2023-06-01,2023-M06,ESP,CON_OCI,1780639.5,Mensual,SS_Conocimiento
2023-07-01,2023-M07,ESP,CON_OCI,1789385.4,Mensual,SS_Conocimiento
2023-08-01,2023-M08,ESP,CON_OCI,1770677.3,Mensual,SS_Conocimiento
2023-09-01,2023-M09,ESP,CON_OCI,1784866.1,Mensual,SS_Conocimiento
2023-10-01,2023-M10,ESP,CON_OCI,1799541.3,Mensual,SS_Conocimiento
2023-11-01,2023-M11,ESP,CON_OCI,1810216.6,Mensual,SS_Conocimiento
2023-12-01,2023-M12,ESP,CON_OCI,1810500.2000000002,Mensual,SS_Conocimiento
2024-01-01,2024-M01,ESP,CON_OCI,1804574.6,Mensual,SS_Conocimiento
2024-02-01,2024-M02,ESP,CON_OCI,1815471.4,Mensual,SS_Conocimiento
2024-03-01,2024-M03,ESP,CON_OCI,1825067.2999999998,Mensual,SS_Conocimiento
2024-04-01,2024-M04,ESP,CON_OCI,1834980.2000000002,Mensual,SS_Conocimiento
2024-05-01,2024-M05,ESP,CON_OCI,1842608.0,Mensual,SS_Conocimiento
2024-06-01,2024-M06,ESP,CON_OCI,1850287.4,Mensual,SS_Conocimiento
2024-07-01,2024-M07,ESP,CON_OCI,1851144.4,Mensual,SS_Conocimiento
2024-08-01,2024-M08,ESP,CON_OCI,1835891.4,Mensual,SS_Conocimiento
2024-09-01,2024-M09,ESP,CON_OCI,1850045.5,Mensual,SS_Conocimiento
2024-10-01,2024-M10,ESP,CON_OCI,1867372.9,Mensual,SS_Conocimiento
2024-11-01,2024-M11,ESP,CON_OCI,1877594.3,Mensual,SS_Conocimiento
2024-12-01,2024-M12,ESP,CON_OCI,1876407.7,Mensual,SS_Conocimiento
2025-01-01,2025-M01,ESP,CON_OCI,1868727.1,Mensual,SS_Conocimiento
2025-02-01,2025-M02,ESP,CON_OCI,1882800.7,Mensual,SS_Conocimiento
2025-03-01,2025-M03,ESP,CON_OCI,1895964.0999999999,Mensual,SS_Conocimiento
2025-04-01,2025-M04,ESP,CON_OCI,1904725.1,Mensual,SS_Conocimiento
2025-05-01,2025-M05,ESP,CON_OCI,1912588.2,Mensual,SS_Conocimiento
2025-06-01,2025-M06,ESP,CON_OCI,1921333.9000000001,Mensual,SS_Conocimiento
2025-07-01,2025-M07,ESP,CON_OCI,1923493.9000000001,Mensual,SS_Conocimiento
2025-08-01,2025-M08,ESP,CON_OCI,1903426.9,Mensual,SS_Conocimiento
2025-09-01,2025-M09,ESP,CON_OCI,1917705.7999999998,Mensual,SS_Conocimiento
2025-10-01,2025-M10,ESP,CON_OCI,1935050.6,Mensual,SS_Conocimiento
2025-11-01,2025-M11,ESP,CON_OCI,1946670.5,Mensual,SS_Conocimiento
2025-12-01,2025-M12,ESP,CON_OCI,1944083.9,Mensual,SS_Conocimiento
2026-01-01,2026-M01,ESP,CON_OCI,1952070.6,Mensual,SS_Conocimiento
2026-02-01,2026-M02,ESP,CON_OCI,1966261.75,Mensual,SS_Conocimiento
2026-03-01,2026-M03,ESP,CON_OCI,1975459.6400000001,Mensual,SS_Conocimiento
2026-04-01,2026-M04,ESP,CON_OCI,1979474.4,Mensual,SS_Conocimiento
2009-01-01,2009-M01,EXT,CON_OCI,12625.4,Mensual,SS_Conocimiento
2009-02-01,2009-M02,EXT,CON_OCI,12653.7,Mensual,SS_Conocimiento
2009-03-01,2009-M03,EXT,CON_OCI,12724.6,Mensual,SS_Conocimiento
2009-04-01,2009-M04,EXT,CON_OCI,12900.5,Mensual,SS_Conocimiento
2009-05-01,2009-M05,EXT,CON_OCI,12918.5,Mensual,SS_Conocimiento
2009-06-01,2009-M06,EXT,CON_OCI,12891.8,Mensual,SS_Conocimiento
2009-07-01,2009-M07,EXT,CON_OCI,12877.3,Mensual,SS_Conocimiento
2009-08-01,2009-M08,EXT,CON_OCI,12959.9,Mensual,SS_Conocimiento
2009-09-01,2009-M09,EXT,CON_OCI,12939.900000000001,Mensual,SS_Conocimiento
2009-10-01,2009-M10,EXT,CON_OCI,13129.8,Mensual,SS_Conocimiento
2009-11-01,2009-M11,EXT,CON_OCI,13170.300000000001,Mensual,SS_Conocimiento
2009-12-01,2009-M12,EXT,CON_OCI,13177.099999999999,Mensual,SS_Conocimiento
2010-01-01,2010-M01,EXT,CON_OCI,12860.1,Mensual,SS_Conocimiento
2010-02-01,2010-M02,EXT,CON_OCI,12922.7,Mensual,SS_Conocimiento
2010-03-01,2010-M03,EXT,CON_OCI,13136.1,Mensual,SS_Conocimiento
2010-04-01,2010-M04,EXT,CON_OCI,13200.199999999999,Mensual,SS_Conocimiento
2010-05-01,2010-M05,EXT,CON_OCI,13278.9,Mensual,SS_Conocimiento
2010-06-01,2010-M06,EXT,CON_OCI,13327.3,Mensual,SS_Conocimiento
2010-07-01,2010-M07,EXT,CON_OCI,13267.4,Mensual,SS_Conocimiento
2010-08-01,2010-M08,EXT,CON_OCI,13189.900000000001,Mensual,SS_Conocimiento
2010-09-01,2010-M09,EXT,CON_OCI,13171.4,Mensual,SS_Conocimiento
2010-10-01,2010-M10,EXT,CON_OCI,13137.1,Mensual,SS_Conocimiento
2010-11-01,2010-M11,EXT,CON_OCI,13263.900000000001,Mensual,SS_Conocimiento
2010-12-01,2010-M12,EXT,CON_OCI,13289.8,Mensual,SS_Conocimiento
2011-01-01,2011-M01,EXT,CON_OCI,13059.8,Mensual,SS_Conocimiento
2011-02-01,2011-M02,EXT,CON_OCI,13123.3,Mensual,SS_Conocimiento
2011-03-01,2011-M03,EXT,CON_OCI,13210.400000000001,Mensual,SS_Conocimiento
2011-04-01,2011-M04,EXT,CON_OCI,13430.2,Mensual,SS_Conocimiento
2011-05-01,2011-M05,EXT,CON_OCI,13466.599999999999,Mensual,SS_Conocimiento
2011-06-01,2011-M06,EXT,CON_OCI,13505.8,Mensual,SS_Conocimiento
2011-07-01,2011-M07,EXT,CON_OCI,13452.1,Mensual,SS_Conocimiento
2011-08-01,2011-M08,EXT,CON_OCI,13287.699999999999,Mensual,SS_Conocimiento
2011-09-01,2011-M09,EXT,CON_OCI,13173.0,Mensual,SS_Conocimiento
2011-10-01,2011-M10,EXT,CON_OCI,13165.699999999999,Mensual,SS_Conocimiento
2011-11-01,2011-M11,EXT,CON_OCI,13171.4,Mensual,SS_Conocimiento
2011-12-01,2011-M12,EXT,CON_OCI,13068.3,Mensual,SS_Conocimiento
2012-01-01,2012-M01,EXT,CON_OCI,12695.900000000001,Mensual,SS_Conocimiento
2012-02-01,2012-M02,EXT,CON_OCI,12726.5,Mensual,SS_Conocimiento
2012-03-01,2012-M03,EXT,CON_OCI,12670.9,Mensual,SS_Conocimiento
2012-04-01,2012-M04,EXT,CON_OCI,12655.7,Mensual,SS_Conocimiento
2012-05-01,2012-M05,EXT,CON_OCI,12636.300000000001,Mensual,SS_Conocimiento
2012-06-01,2012-M06,EXT,CON_OCI,12518.099999999999,Mensual,SS_Conocimiento
2012-07-01,2012-M07,EXT,CON_OCI,12527.6,Mensual,SS_Conocimiento
2012-08-01,2012-M08,EXT,CON_OCI,12431.300000000001,Mensual,SS_Conocimiento
2012-09-01,2012-M09,EXT,CON_OCI,12437.699999999999,Mensual,SS_Conocimiento
2012-10-01,2012-M10,EXT,CON_OCI,12456.900000000001,Mensual,SS_Conocimiento
2012-11-01,2012-M11,EXT,CON_OCI,12548.900000000001,Mensual,SS_Conocimiento
2012-12-01,2012-M12,EXT,CON_OCI,12501.5,Mensual,SS_Conocimiento
2013-01-01,2013-M01,EXT,CON_OCI,12202.599999999999,Mensual,SS_Conocimiento
2013-02-01,2013-M02,EXT,CON_OCI,12217.4,Mensual,SS_Conocimiento
2013-03-01,2013-M03,EXT,CON_OCI,12262.4,Mensual,SS_Conocimiento
2013-04-01,2013-M04,EXT,CON_OCI,12349.599999999999,Mensual,SS_Conocimiento
2013-05-01,2013-M05,EXT,CON_OCI,12401.5,Mensual,SS_Conocimiento
2013-06-01,2013-M06,EXT,CON_OCI,12440.800000000001,Mensual,SS_Conocimiento
2013-07-01,2013-M07,EXT,CON_OCI,12491.099999999999,Mensual,SS_Conocimiento
2013-08-01,2013-M08,EXT,CON_OCI,12438.8,Mensual,SS_Conocimiento
2013-09-01,2013-M09,EXT,CON_OCI,12426.4,Mensual,SS_Conocimiento
2013-10-01,2013-M10,EXT,CON_OCI,12442.5,Mensual,SS_Conocimiento
2013-11-01,2013-M11,EXT,CON_OCI,12630.699999999999,Mensual,SS_Conocimiento
2013-12-01,2013-M12,EXT,CON_OCI,12695.9,Mensual,SS_Conocimiento
2014-01-01,2014-M01,EXT,CON_OCI,12710.900000000001,Mensual,SS_Conocimiento
2014-02-01,2014-M02,EXT,CON_OCI,12726.7,Mensual,SS_Conocimiento
2014-03-01,2014-M03,EXT,CON_OCI,12817.099999999999,Mensual,SS_Conocimiento
2014-04-01,2014-M04,EXT,CON_OCI,12894.5,Mensual,SS_Conocimiento
2014-05-01,2014-M05,EXT,CON_OCI,13041.4,Mensual,SS_Conocimiento
2014-06-01,2014-M06,EXT,CON_OCI,13123.199999999999,Mensual,SS_Conocimiento
2014-07-01,2014-M07,EXT,CON_OCI,13237.9,Mensual,SS_Conocimiento
2014-08-01,2014-M08,EXT,CON_OCI,13159.5,Mensual,SS_Conocimiento
2014-09-01,2014-M09,EXT,CON_OCI,13188.2,Mensual,SS_Conocimiento
2014-10-01,2014-M10,EXT,CON_OCI,13240.7,Mensual,SS_Conocimiento
2014-11-01,2014-M11,EXT,CON_OCI,13326.1,Mensual,SS_Conocimiento
2014-12-01,2014-M12,EXT,CON_OCI,13411.1,Mensual,SS_Conocimiento
2015-01-01,2015-M01,EXT,CON_OCI,13435.2,Mensual,SS_Conocimiento
2015-02-01,2015-M02,EXT,CON_OCI,13585.300000000001,Mensual,SS_Conocimiento
2015-03-01,2015-M03,EXT,CON_OCI,13987.1,Mensual,SS_Conocimiento
2015-04-01,2015-M04,EXT,CON_OCI,14149.5,Mensual,SS_Conocimiento
2015-05-01,2015-M05,EXT,CON_OCI,14302.0,Mensual,SS_Conocimiento
2015-06-01,2015-M06,EXT,CON_OCI,14470.2,Mensual,SS_Conocimiento
2015-07-01,2015-M07,EXT,CON_OCI,14418.0,Mensual,SS_Conocimiento
2015-08-01,2015-M08,EXT,CON_OCI,14359.7,Mensual,SS_Conocimiento
2015-09-01,2015-M09,EXT,CON_OCI,14395.6,Mensual,SS_Conocimiento
2015-10-01,2015-M10,EXT,CON_OCI,14478.6,Mensual,SS_Conocimiento
2015-11-01,2015-M11,EXT,CON_OCI,14582.599999999999,Mensual,SS_Conocimiento
2015-12-01,2015-M12,EXT,CON_OCI,14513.3,Mensual,SS_Conocimiento
2016-01-01,2016-M01,EXT,CON_OCI,14284.099999999999,Mensual,SS_Conocimiento
2016-02-01,2016-M02,EXT,CON_OCI,14307.699999999999,Mensual,SS_Conocimiento
2016-03-01,2016-M03,EXT,CON_OCI,14310.0,Mensual,SS_Conocimiento
2016-04-01,2016-M04,EXT,CON_OCI,14382.599999999999,Mensual,SS_Conocimiento
2016-05-01,2016-M05,EXT,CON_OCI,14441.9,Mensual,SS_Conocimiento
2016-06-01,2016-M06,EXT,CON_OCI,14485.699999999999,Mensual,SS_Conocimiento
2016-07-01,2016-M07,EXT,CON_OCI,14477.900000000001,Mensual,SS_Conocimiento
2016-08-01,2016-M08,EXT,CON_OCI,14425.5,Mensual,SS_Conocimiento
2016-09-01,2016-M09,EXT,CON_OCI,14459.0,Mensual,SS_Conocimiento
2016-10-01,2016-M10,EXT,CON_OCI,14603.699999999999,Mensual,SS_Conocimiento
2016-11-01,2016-M11,EXT,CON_OCI,14688.9,Mensual,SS_Conocimiento
2016-12-01,2016-M12,EXT,CON_OCI,14582.0,Mensual,SS_Conocimiento
2017-01-01,2017-M01,EXT,CON_OCI,14502.400000000001,Mensual,SS_Conocimiento
2017-02-01,2017-M02,EXT,CON_OCI,14584.0,Mensual,SS_Conocimiento
2017-03-01,2017-M03,EXT,CON_OCI,14670.0,Mensual,SS_Conocimiento
2017-04-01,2017-M04,EXT,CON_OCI,14798.900000000001,Mensual,SS_Conocimiento
2017-05-01,2017-M05,EXT,CON_OCI,14925.6,Mensual,SS_Conocimiento
2017-06-01,2017-M06,EXT,CON_OCI,15031.2,Mensual,SS_Conocimiento
2017-07-01,2017-M07,EXT,CON_OCI,15025.2,Mensual,SS_Conocimiento
2017-08-01,2017-M08,EXT,CON_OCI,14910.5,Mensual,SS_Conocimiento
2017-09-01,2017-M09,EXT,CON_OCI,14970.7,Mensual,SS_Conocimiento
2017-10-01,2017-M10,EXT,CON_OCI,15038.1,Mensual,SS_Conocimiento
2017-11-01,2017-M11,EXT,CON_OCI,15064.5,Mensual,SS_Conocimiento
2017-12-01,2017-M12,EXT,CON_OCI,15039.5,Mensual,SS_Conocimiento
2018-01-01,2018-M01,EXT,CON_OCI,14970.400000000001,Mensual,SS_Conocimiento
2018-02-01,2018-M02,EXT,CON_OCI,15158.6,Mensual,SS_Conocimiento
2018-03-01,2018-M03,EXT,CON_OCI,15250.900000000001,Mensual,SS_Conocimiento
2018-04-01,2018-M04,EXT,CON_OCI,15340.6,Mensual,SS_Conocimiento
2018-05-01,2018-M05,EXT,CON_OCI,15386.8,Mensual,SS_Conocimiento
2018-06-01,2018-M06,EXT,CON_OCI,15443.400000000001,Mensual,SS_Conocimiento
2018-07-01,2018-M07,EXT,CON_OCI,15497.099999999999,Mensual,SS_Conocimiento
2018-08-01,2018-M08,EXT,CON_OCI,15448.599999999999,Mensual,SS_Conocimiento
2018-09-01,2018-M09,EXT,CON_OCI,15538.900000000001,Mensual,SS_Conocimiento
2018-10-01,2018-M10,EXT,CON_OCI,15601.199999999999,Mensual,SS_Conocimiento
2018-11-01,2018-M11,EXT,CON_OCI,15662.599999999999,Mensual,SS_Conocimiento
2018-12-01,2018-M12,EXT,CON_OCI,15624.7,Mensual,SS_Conocimiento
2019-01-01,2019-M01,EXT,CON_OCI,15585.8,Mensual,SS_Conocimiento
2019-02-01,2019-M02,EXT,CON_OCI,15746.599999999999,Mensual,SS_Conocimiento
2019-03-01,2019-M03,EXT,CON_OCI,15900.7,Mensual,SS_Conocimiento
2019-04-01,2019-M04,EXT,CON_OCI,15952.8,Mensual,SS_Conocimiento
2019-05-01,2019-M05,EXT,CON_OCI,16052.4,Mensual,SS_Conocimiento
2019-06-01,2019-M06,EXT,CON_OCI,16254.1,Mensual,SS_Conocimiento
2019-07-01,2019-M07,EXT,CON_OCI,16285.3,Mensual,SS_Conocimiento
2019-08-01,2019-M08,EXT,CON_OCI,16221.6,Mensual,SS_Conocimiento
2019-09-01,2019-M09,EXT,CON_OCI,16254.1,Mensual,SS_Conocimiento
2019-10-01,2019-M10,EXT,CON_OCI,16381.9,Mensual,SS_Conocimiento
2019-11-01,2019-M11,EXT,CON_OCI,16266.6,Mensual,SS_Conocimiento
2019-12-01,2019-M12,EXT,CON_OCI,16217.900000000001,Mensual,SS_Conocimiento
2020-01-01,2020-M01,EXT,CON_OCI,16035.2,Mensual,SS_Conocimiento
2020-02-01,2020-M02,EXT,CON_OCI,16113.5,Mensual,SS_Conocimiento
2020-03-01,2020-M03,EXT,CON_OCI,16072.5,Mensual,SS_Conocimiento
2020-04-01,2020-M04,EXT,CON_OCI,15758.6,Mensual,SS_Conocimiento
2020-05-01,2020-M05,EXT,CON_OCI,15881.5,Mensual,SS_Conocimiento
2020-06-01,2020-M06,EXT,CON_OCI,15934.699999999999,Mensual,SS_Conocimiento
2020-07-01,2020-M07,EXT,CON_OCI,16016.9,Mensual,SS_Conocimiento
2020-08-01,2020-M08,EXT,CON_OCI,16071.9,Mensual,SS_Conocimiento
2020-09-01,2020-M09,EXT,CON_OCI,16177.699999999999,Mensual,SS_Conocimiento
2020-10-01,2020-M10,EXT,CON_OCI,16282.099999999999,Mensual,SS_Conocimiento
2020-11-01,2020-M11,EXT,CON_OCI,16330.9,Mensual,SS_Conocimiento
2020-12-01,2020-M12,EXT,CON_OCI,16265.9,Mensual,SS_Conocimiento
2021-01-01,2021-M01,EXT,CON_OCI,16140.6,Mensual,SS_Conocimiento
2021-02-01,2021-M02,EXT,CON_OCI,16243.400000000001,Mensual,SS_Conocimiento
2021-03-01,2021-M03,EXT,CON_OCI,16396.3,Mensual,SS_Conocimiento
2021-04-01,2021-M04,EXT,CON_OCI,16598.4,Mensual,SS_Conocimiento
2021-05-01,2021-M05,EXT,CON_OCI,16655.4,Mensual,SS_Conocimiento
2021-06-01,2021-M06,EXT,CON_OCI,16763.6,Mensual,SS_Conocimiento
2021-07-01,2021-M07,EXT,CON_OCI,16789.5,Mensual,SS_Conocimiento
2021-08-01,2021-M08,EXT,CON_OCI,16808.9,Mensual,SS_Conocimiento
2021-09-01,2021-M09,EXT,CON_OCI,16946.0,Mensual,SS_Conocimiento
2021-10-01,2021-M10,EXT,CON_OCI,17164.2,Mensual,SS_Conocimiento
2021-11-01,2021-M11,EXT,CON_OCI,17285.8,Mensual,SS_Conocimiento
2021-12-01,2021-M12,EXT,CON_OCI,17418.2,Mensual,SS_Conocimiento
2022-01-01,2022-M01,EXT,CON_OCI,17363.2,Mensual,SS_Conocimiento
2022-02-01,2022-M02,EXT,CON_OCI,17387.2,Mensual,SS_Conocimiento
2022-03-01,2022-M03,EXT,CON_OCI,17547.4,Mensual,SS_Conocimiento
2022-04-01,2022-M04,EXT,CON_OCI,17662.1,Mensual,SS_Conocimiento
2022-05-01,2022-M05,EXT,CON_OCI,17774.5,Mensual,SS_Conocimiento
2022-06-01,2022-M06,EXT,CON_OCI,17914.5,Mensual,SS_Conocimiento
2022-07-01,2022-M07,EXT,CON_OCI,18096.1,Mensual,SS_Conocimiento
2022-08-01,2022-M08,EXT,CON_OCI,18129.4,Mensual,SS_Conocimiento
2022-09-01,2022-M09,EXT,CON_OCI,18251.100000000002,Mensual,SS_Conocimiento
2022-10-01,2022-M10,EXT,CON_OCI,18418.0,Mensual,SS_Conocimiento
2022-11-01,2022-M11,EXT,CON_OCI,18439.8,Mensual,SS_Conocimiento
2022-12-01,2022-M12,EXT,CON_OCI,18459.1,Mensual,SS_Conocimiento
2023-01-01,2023-M01,EXT,CON_OCI,18344.1,Mensual,SS_Conocimiento
2023-02-01,2023-M02,EXT,CON_OCI,18362.8,Mensual,SS_Conocimiento
2023-03-01,2023-M03,EXT,CON_OCI,18501.4,Mensual,SS_Conocimiento
2023-04-01,2023-M04,EXT,CON_OCI,18676.4,Mensual,SS_Conocimiento
2023-05-01,2023-M05,EXT,CON_OCI,18775.7,Mensual,SS_Conocimiento
2023-06-01,2023-M06,EXT,CON_OCI,18862.9,Mensual,SS_Conocimiento
2023-07-01,2023-M07,EXT,CON_OCI,18934.7,Mensual,SS_Conocimiento
2023-08-01,2023-M08,EXT,CON_OCI,18819.4,Mensual,SS_Conocimiento
2023-09-01,2023-M09,EXT,CON_OCI,18812.2,Mensual,SS_Conocimiento
2023-10-01,2023-M10,EXT,CON_OCI,18706.4,Mensual,SS_Conocimiento
2023-11-01,2023-M11,EXT,CON_OCI,18708.7,Mensual,SS_Conocimiento
2023-12-01,2023-M12,EXT,CON_OCI,18629.7,Mensual,SS_Conocimiento
2024-01-01,2024-M01,EXT,CON_OCI,18546.9,Mensual,SS_Conocimiento
2024-02-01,2024-M02,EXT,CON_OCI,18747.5,Mensual,SS_Conocimiento
2024-03-01,2024-M03,EXT,CON_OCI,18814.1,Mensual,SS_Conocimiento
2024-04-01,2024-M04,EXT,CON_OCI,18841.3,Mensual,SS_Conocimiento
2024-05-01,2024-M05,EXT,CON_OCI,18853.5,Mensual,SS_Conocimiento
2024-06-01,2024-M06,EXT,CON_OCI,18897.899999999998,Mensual,SS_Conocimiento
2024-07-01,2024-M07,EXT,CON_OCI,18983.7,Mensual,SS_Conocimiento
2024-08-01,2024-M08,EXT,CON_OCI,18909.4,Mensual,SS_Conocimiento
2024-09-01,2024-M09,EXT,CON_OCI,19096.2,Mensual,SS_Conocimiento
2024-10-01,2024-M10,EXT,CON_OCI,19322.7,Mensual,SS_Conocimiento
2024-11-01,2024-M11,EXT,CON_OCI,19383.8,Mensual,SS_Conocimiento
2024-12-01,2024-M12,EXT,CON_OCI,19411.0,Mensual,SS_Conocimiento
2025-01-01,2025-M01,EXT,CON_OCI,19326.5,Mensual,SS_Conocimiento
2025-02-01,2025-M02,EXT,CON_OCI,19355.4,Mensual,SS_Conocimiento
2025-03-01,2025-M03,EXT,CON_OCI,19455.8,Mensual,SS_Conocimiento
2025-04-01,2025-M04,EXT,CON_OCI,19524.3,Mensual,SS_Conocimiento
2025-05-01,2025-M05,EXT,CON_OCI,19590.3,Mensual,SS_Conocimiento
2025-06-01,2025-M06,EXT,CON_OCI,19719.1,Mensual,SS_Conocimiento
2025-07-01,2025-M07,EXT,CON_OCI,19636.8,Mensual,SS_Conocimiento
2025-08-01,2025-M08,EXT,CON_OCI,19555.1,Mensual,SS_Conocimiento
2025-09-01,2025-M09,EXT,CON_OCI,19860.7,Mensual,SS_Conocimiento
2025-10-01,2025-M10,EXT,CON_OCI,20138.5,Mensual,SS_Conocimiento
2025-11-01,2025-M11,EXT,CON_OCI,20143.6,Mensual,SS_Conocimiento
2025-12-01,2025-M12,EXT,CON_OCI,20144.6,Mensual,SS_Conocimiento
2026-01-01,2026-M01,EXT,CON_OCI,20233.25,Mensual,SS_Conocimiento
2026-02-01,2026-M02,EXT,CON_OCI,20261.2,Mensual,SS_Conocimiento
2026-03-01,2026-M03,EXT,CON_OCI,20371.82,Mensual,SS_Conocimiento
2026-04-01,2026-M04,EXT,CON_OCI,20405.399999999998,Mensual,SS_Conocimiento
2009-01-01,2009-M01,GAL,CON_OCI,53509.4,Mensual,SS_Conocimiento
2009-02-01,2009-M02,GAL,CON_OCI,53874.7,Mensual,SS_Conocimiento
2009-03-01,2009-M03,GAL,CON_OCI,54052.399999999994,Mensual,SS_Conocimiento
2009-04-01,2009-M04,GAL,CON_OCI,54058.9,Mensual,SS_Conocimiento
2009-05-01,2009-M05,GAL,CON_OCI,53972.2,Mensual,SS_Conocimiento
2009-06-01,2009-M06,GAL,CON_OCI,53836.3,Mensual,SS_Conocimiento
2009-07-01,2009-M07,GAL,CON_OCI,53700.100000000006,Mensual,SS_Conocimiento
2009-08-01,2009-M08,GAL,CON_OCI,53165.7,Mensual,SS_Conocimiento
2009-09-01,2009-M09,GAL,CON_OCI,53072.399999999994,Mensual,SS_Conocimiento
2009-10-01,2009-M10,GAL,CON_OCI,52953.9,Mensual,SS_Conocimiento
2009-11-01,2009-M11,GAL,CON_OCI,53256.2,Mensual,SS_Conocimiento
2009-12-01,2009-M12,GAL,CON_OCI,53193.7,Mensual,SS_Conocimiento
2010-01-01,2010-M01,GAL,CON_OCI,52645.0,Mensual,SS_Conocimiento
2010-02-01,2010-M02,GAL,CON_OCI,52911.9,Mensual,SS_Conocimiento
2010-03-01,2010-M03,GAL,CON_OCI,53402.2,Mensual,SS_Conocimiento
2010-04-01,2010-M04,GAL,CON_OCI,53663.5,Mensual,SS_Conocimiento
2010-05-01,2010-M05,GAL,CON_OCI,53832.2,Mensual,SS_Conocimiento
2010-06-01,2010-M06,GAL,CON_OCI,53878.2,Mensual,SS_Conocimiento
2010-07-01,2010-M07,GAL,CON_OCI,53857.899999999994,Mensual,SS_Conocimiento
2010-08-01,2010-M08,GAL,CON_OCI,53450.9,Mensual,SS_Conocimiento
2010-09-01,2010-M09,GAL,CON_OCI,53456.7,Mensual,SS_Conocimiento
2010-10-01,2010-M10,GAL,CON_OCI,53481.1,Mensual,SS_Conocimiento
2010-11-01,2010-M11,GAL,CON_OCI,53476.100000000006,Mensual,SS_Conocimiento
2010-12-01,2010-M12,GAL,CON_OCI,53472.600000000006,Mensual,SS_Conocimiento
2011-01-01,2011-M01,GAL,CON_OCI,52895.2,Mensual,SS_Conocimiento
2011-02-01,2011-M02,GAL,CON_OCI,52981.9,Mensual,SS_Conocimiento
2011-03-01,2011-M03,GAL,CON_OCI,53099.5,Mensual,SS_Conocimiento
2011-04-01,2011-M04,GAL,CON_OCI,53114.2,Mensual,SS_Conocimiento
2011-05-01,2011-M05,GAL,CON_OCI,53175.5,Mensual,SS_Conocimiento
2011-06-01,2011-M06,GAL,CON_OCI,53111.9,Mensual,SS_Conocimiento
2011-07-01,2011-M07,GAL,CON_OCI,53339.299999999996,Mensual,SS_Conocimiento
2011-08-01,2011-M08,GAL,CON_OCI,53005.0,Mensual,SS_Conocimiento
2011-09-01,2011-M09,GAL,CON_OCI,53212.200000000004,Mensual,SS_Conocimiento
2011-10-01,2011-M10,GAL,CON_OCI,53191.100000000006,Mensual,SS_Conocimiento
2011-11-01,2011-M11,GAL,CON_OCI,53138.7,Mensual,SS_Conocimiento
2011-12-01,2011-M12,GAL,CON_OCI,53563.0,Mensual,SS_Conocimiento
2012-01-01,2012-M01,GAL,CON_OCI,52693.1,Mensual,SS_Conocimiento
2012-02-01,2012-M02,GAL,CON_OCI,52533.1,Mensual,SS_Conocimiento
2012-03-01,2012-M03,GAL,CON_OCI,52672.2,Mensual,SS_Conocimiento
2012-04-01,2012-M04,GAL,CON_OCI,52771.2,Mensual,SS_Conocimiento
2012-05-01,2012-M05,GAL,CON_OCI,52788.2,Mensual,SS_Conocimiento
2012-06-01,2012-M06,GAL,CON_OCI,52789.0,Mensual,SS_Conocimiento
2012-07-01,2012-M07,GAL,CON_OCI,52681.0,Mensual,SS_Conocimiento
2012-08-01,2012-M08,GAL,CON_OCI,52491.5,Mensual,SS_Conocimiento
2012-09-01,2012-M09,GAL,CON_OCI,52850.700000000004,Mensual,SS_Conocimiento
2012-10-01,2012-M10,GAL,CON_OCI,53007.7,Mensual,SS_Conocimiento
2012-11-01,2012-M11,GAL,CON_OCI,52732.4,Mensual,SS_Conocimiento
2012-12-01,2012-M12,GAL,CON_OCI,52694.399999999994,Mensual,SS_Conocimiento
2013-01-01,2013-M01,GAL,CON_OCI,51842.1,Mensual,SS_Conocimiento
2013-02-01,2013-M02,GAL,CON_OCI,51855.2,Mensual,SS_Conocimiento
2013-03-01,2013-M03,GAL,CON_OCI,51993.6,Mensual,SS_Conocimiento
2013-04-01,2013-M04,GAL,CON_OCI,52039.0,Mensual,SS_Conocimiento
2013-05-01,2013-M05,GAL,CON_OCI,52122.5,Mensual,SS_Conocimiento
2013-06-01,2013-M06,GAL,CON_OCI,52176.799999999996,Mensual,SS_Conocimiento
2013-07-01,2013-M07,GAL,CON_OCI,51981.1,Mensual,SS_Conocimiento
2013-08-01,2013-M08,GAL,CON_OCI,51780.9,Mensual,SS_Conocimiento
2013-09-01,2013-M09,GAL,CON_OCI,52077.9,Mensual,SS_Conocimiento
2013-10-01,2013-M10,GAL,CON_OCI,52396.9,Mensual,SS_Conocimiento
2013-11-01,2013-M11,GAL,CON_OCI,52583.3,Mensual,SS_Conocimiento
2013-12-01,2013-M12,GAL,CON_OCI,52840.100000000006,Mensual,SS_Conocimiento
2014-01-01,2014-M01,GAL,CON_OCI,52015.3,Mensual,SS_Conocimiento
2014-02-01,2014-M02,GAL,CON_OCI,52191.0,Mensual,SS_Conocimiento
2014-03-01,2014-M03,GAL,CON_OCI,52100.100000000006,Mensual,SS_Conocimiento
2014-04-01,2014-M04,GAL,CON_OCI,52385.4,Mensual,SS_Conocimiento
2014-05-01,2014-M05,GAL,CON_OCI,52725.0,Mensual,SS_Conocimiento
2014-06-01,2014-M06,GAL,CON_OCI,52290.600000000006,Mensual,SS_Conocimiento
2014-07-01,2014-M07,GAL,CON_OCI,52452.6,Mensual,SS_Conocimiento
2014-08-01,2014-M08,GAL,CON_OCI,52310.399999999994,Mensual,SS_Conocimiento
2014-09-01,2014-M09,GAL,CON_OCI,52905.899999999994,Mensual,SS_Conocimiento
2014-10-01,2014-M10,GAL,CON_OCI,53229.1,Mensual,SS_Conocimiento
2014-11-01,2014-M11,GAL,CON_OCI,53478.8,Mensual,SS_Conocimiento
2014-12-01,2014-M12,GAL,CON_OCI,53720.1,Mensual,SS_Conocimiento
2015-01-01,2015-M01,GAL,CON_OCI,53278.799999999996,Mensual,SS_Conocimiento
2015-02-01,2015-M02,GAL,CON_OCI,53651.5,Mensual,SS_Conocimiento
2015-03-01,2015-M03,GAL,CON_OCI,53930.6,Mensual,SS_Conocimiento
2015-04-01,2015-M04,GAL,CON_OCI,54307.6,Mensual,SS_Conocimiento
2015-05-01,2015-M05,GAL,CON_OCI,54490.200000000004,Mensual,SS_Conocimiento
2015-06-01,2015-M06,GAL,CON_OCI,54597.600000000006,Mensual,SS_Conocimiento
2015-07-01,2015-M07,GAL,CON_OCI,54726.100000000006,Mensual,SS_Conocimiento
2015-08-01,2015-M08,GAL,CON_OCI,54590.600000000006,Mensual,SS_Conocimiento
2015-09-01,2015-M09,GAL,CON_OCI,54915.899999999994,Mensual,SS_Conocimiento
2015-10-01,2015-M10,GAL,CON_OCI,55258.600000000006,Mensual,SS_Conocimiento
2015-11-01,2015-M11,GAL,CON_OCI,55449.600000000006,Mensual,SS_Conocimiento
2015-12-01,2015-M12,GAL,CON_OCI,55617.399999999994,Mensual,SS_Conocimiento
2016-01-01,2016-M01,GAL,CON_OCI,55097.0,Mensual,SS_Conocimiento
2016-02-01,2016-M02,GAL,CON_OCI,55320.1,Mensual,SS_Conocimiento
2016-03-01,2016-M03,GAL,CON_OCI,55473.3,Mensual,SS_Conocimiento
2016-04-01,2016-M04,GAL,CON_OCI,55725.0,Mensual,SS_Conocimiento
2016-05-01,2016-M05,GAL,CON_OCI,56073.9,Mensual,SS_Conocimiento
2016-06-01,2016-M06,GAL,CON_OCI,56309.899999999994,Mensual,SS_Conocimiento
2016-07-01,2016-M07,GAL,CON_OCI,56606.3,Mensual,SS_Conocimiento
2016-08-01,2016-M08,GAL,CON_OCI,56585.7,Mensual,SS_Conocimiento
2016-09-01,2016-M09,GAL,CON_OCI,56831.0,Mensual,SS_Conocimiento
2016-10-01,2016-M10,GAL,CON_OCI,57258.899999999994,Mensual,SS_Conocimiento
2016-11-01,2016-M11,GAL,CON_OCI,57605.100000000006,Mensual,SS_Conocimiento
2016-12-01,2016-M12,GAL,CON_OCI,57724.600000000006,Mensual,SS_Conocimiento
2017-01-01,2017-M01,GAL,CON_OCI,57262.100000000006,Mensual,SS_Conocimiento
2017-02-01,2017-M02,GAL,CON_OCI,57645.2,Mensual,SS_Conocimiento
2017-03-01,2017-M03,GAL,CON_OCI,58030.9,Mensual,SS_Conocimiento
2017-04-01,2017-M04,GAL,CON_OCI,58443.0,Mensual,SS_Conocimiento
2017-05-01,2017-M05,GAL,CON_OCI,58733.7,Mensual,SS_Conocimiento
2017-06-01,2017-M06,GAL,CON_OCI,59036.7,Mensual,SS_Conocimiento
2017-07-01,2017-M07,GAL,CON_OCI,59506.7,Mensual,SS_Conocimiento
2017-08-01,2017-M08,GAL,CON_OCI,59441.7,Mensual,SS_Conocimiento
2017-09-01,2017-M09,GAL,CON_OCI,59509.7,Mensual,SS_Conocimiento
2017-10-01,2017-M10,GAL,CON_OCI,59785.2,Mensual,SS_Conocimiento
2017-11-01,2017-M11,GAL,CON_OCI,60136.1,Mensual,SS_Conocimiento
2017-12-01,2017-M12,GAL,CON_OCI,59920.4,Mensual,SS_Conocimiento
2018-01-01,2018-M01,GAL,CON_OCI,59578.6,Mensual,SS_Conocimiento
2018-02-01,2018-M02,GAL,CON_OCI,60147.899999999994,Mensual,SS_Conocimiento
2018-03-01,2018-M03,GAL,CON_OCI,60558.6,Mensual,SS_Conocimiento
2018-04-01,2018-M04,GAL,CON_OCI,60847.4,Mensual,SS_Conocimiento
2018-05-01,2018-M05,GAL,CON_OCI,61456.8,Mensual,SS_Conocimiento
2018-06-01,2018-M06,GAL,CON_OCI,61808.3,Mensual,SS_Conocimiento
2018-07-01,2018-M07,GAL,CON_OCI,62460.4,Mensual,SS_Conocimiento
2018-08-01,2018-M08,GAL,CON_OCI,62304.399999999994,Mensual,SS_Conocimiento
2018-09-01,2018-M09,GAL,CON_OCI,62536.299999999996,Mensual,SS_Conocimiento
2018-10-01,2018-M10,GAL,CON_OCI,62899.2,Mensual,SS_Conocimiento
2018-11-01,2018-M11,GAL,CON_OCI,63167.799999999996,Mensual,SS_Conocimiento
2018-12-01,2018-M12,GAL,CON_OCI,62977.3,Mensual,SS_Conocimiento
2019-01-01,2019-M01,GAL,CON_OCI,62566.8,Mensual,SS_Conocimiento
2019-02-01,2019-M02,GAL,CON_OCI,62888.9,Mensual,SS_Conocimiento
2019-03-01,2019-M03,GAL,CON_OCI,63490.7,Mensual,SS_Conocimiento
2019-04-01,2019-M04,GAL,CON_OCI,64170.9,Mensual,SS_Conocimiento
2019-05-01,2019-M05,GAL,CON_OCI,64428.600000000006,Mensual,SS_Conocimiento
2019-06-01,2019-M06,GAL,CON_OCI,64644.9,Mensual,SS_Conocimiento
2019-07-01,2019-M07,GAL,CON_OCI,64869.5,Mensual,SS_Conocimiento
2019-08-01,2019-M08,GAL,CON_OCI,64552.799999999996,Mensual,SS_Conocimiento
2019-09-01,2019-M09,GAL,CON_OCI,64375.100000000006,Mensual,SS_Conocimiento
2019-10-01,2019-M10,GAL,CON_OCI,64714.9,Mensual,SS_Conocimiento
2019-11-01,2019-M11,GAL,CON_OCI,65152.3,Mensual,SS_Conocimiento
2019-12-01,2019-M12,GAL,CON_OCI,65215.2,Mensual,SS_Conocimiento
2020-01-01,2020-M01,GAL,CON_OCI,64903.3,Mensual,SS_Conocimiento
2020-02-01,2020-M02,GAL,CON_OCI,65348.6,Mensual,SS_Conocimiento
2020-03-01,2020-M03,GAL,CON_OCI,65121.0,Mensual,SS_Conocimiento
2020-04-01,2020-M04,GAL,CON_OCI,63412.6,Mensual,SS_Conocimiento
2020-05-01,2020-M05,GAL,CON_OCI,63315.100000000006,Mensual,SS_Conocimiento
2020-06-01,2020-M06,GAL,CON_OCI,63712.0,Mensual,SS_Conocimiento
2020-07-01,2020-M07,GAL,CON_OCI,64209.700000000004,Mensual,SS_Conocimiento
2020-08-01,2020-M08,GAL,CON_OCI,64251.2,Mensual,SS_Conocimiento
2020-09-01,2020-M09,GAL,CON_OCI,64672.200000000004,Mensual,SS_Conocimiento
2020-10-01,2020-M10,GAL,CON_OCI,64887.0,Mensual,SS_Conocimiento
2020-11-01,2020-M11,GAL,CON_OCI,65155.200000000004,Mensual,SS_Conocimiento
2020-12-01,2020-M12,GAL,CON_OCI,65287.8,Mensual,SS_Conocimiento
2021-01-01,2021-M01,GAL,CON_OCI,65196.0,Mensual,SS_Conocimiento
2021-02-01,2021-M02,GAL,CON_OCI,65659.0,Mensual,SS_Conocimiento
2021-03-01,2021-M03,GAL,CON_OCI,66495.29999999999,Mensual,SS_Conocimiento
2021-04-01,2021-M04,GAL,CON_OCI,66938.9,Mensual,SS_Conocimiento
2021-05-01,2021-M05,GAL,CON_OCI,67267.2,Mensual,SS_Conocimiento
2021-06-01,2021-M06,GAL,CON_OCI,67826.7,Mensual,SS_Conocimiento
2021-07-01,2021-M07,GAL,CON_OCI,68380.5,Mensual,SS_Conocimiento
2021-08-01,2021-M08,GAL,CON_OCI,68177.5,Mensual,SS_Conocimiento
2021-09-01,2021-M09,GAL,CON_OCI,67921.1,Mensual,SS_Conocimiento
2021-10-01,2021-M10,GAL,CON_OCI,68550.29999999999,Mensual,SS_Conocimiento
2021-11-01,2021-M11,GAL,CON_OCI,69033.4,Mensual,SS_Conocimiento
2021-12-01,2021-M12,GAL,CON_OCI,69284.4,Mensual,SS_Conocimiento
2022-01-01,2022-M01,GAL,CON_OCI,69051.0,Mensual,SS_Conocimiento
2022-02-01,2022-M02,GAL,CON_OCI,69647.4,Mensual,SS_Conocimiento
2022-03-01,2022-M03,GAL,CON_OCI,70406.2,Mensual,SS_Conocimiento
2022-04-01,2022-M04,GAL,CON_OCI,71232.6,Mensual,SS_Conocimiento
2022-05-01,2022-M05,GAL,CON_OCI,71745.1,Mensual,SS_Conocimiento
2022-06-01,2022-M06,GAL,CON_OCI,72065.9,Mensual,SS_Conocimiento
2022-07-01,2022-M07,GAL,CON_OCI,72490.2,Mensual,SS_Conocimiento
2022-08-01,2022-M08,GAL,CON_OCI,72246.5,Mensual,SS_Conocimiento
2022-09-01,2022-M09,GAL,CON_OCI,71750.0,Mensual,SS_Conocimiento
2022-10-01,2022-M10,GAL,CON_OCI,72175.4,Mensual,SS_Conocimiento
2022-11-01,2022-M11,GAL,CON_OCI,72375.5,Mensual,SS_Conocimiento
2022-12-01,2022-M12,GAL,CON_OCI,72319.9,Mensual,SS_Conocimiento
2023-01-01,2023-M01,GAL,CON_OCI,72256.9,Mensual,SS_Conocimiento
2023-02-01,2023-M02,GAL,CON_OCI,72852.8,Mensual,SS_Conocimiento
2023-03-01,2023-M03,GAL,CON_OCI,73848.9,Mensual,SS_Conocimiento
2023-04-01,2023-M04,GAL,CON_OCI,74637.1,Mensual,SS_Conocimiento
2023-05-01,2023-M05,GAL,CON_OCI,75158.0,Mensual,SS_Conocimiento
2023-06-01,2023-M06,GAL,CON_OCI,75783.8,Mensual,SS_Conocimiento
2023-07-01,2023-M07,GAL,CON_OCI,76755.3,Mensual,SS_Conocimiento
2023-08-01,2023-M08,GAL,CON_OCI,76367.7,Mensual,SS_Conocimiento
2023-09-01,2023-M09,GAL,CON_OCI,75746.0,Mensual,SS_Conocimiento
2023-10-01,2023-M10,GAL,CON_OCI,76189.7,Mensual,SS_Conocimiento
2023-11-01,2023-M11,GAL,CON_OCI,76546.4,Mensual,SS_Conocimiento
2023-12-01,2023-M12,GAL,CON_OCI,76624.8,Mensual,SS_Conocimiento
2024-01-01,2024-M01,GAL,CON_OCI,76462.6,Mensual,SS_Conocimiento
2024-02-01,2024-M02,GAL,CON_OCI,77207.6,Mensual,SS_Conocimiento
2024-03-01,2024-M03,GAL,CON_OCI,77911.6,Mensual,SS_Conocimiento
2024-04-01,2024-M04,GAL,CON_OCI,78835.3,Mensual,SS_Conocimiento
2024-05-01,2024-M05,GAL,CON_OCI,79204.9,Mensual,SS_Conocimiento
2024-06-01,2024-M06,GAL,CON_OCI,79193.0,Mensual,SS_Conocimiento
2024-07-01,2024-M07,GAL,CON_OCI,79041.1,Mensual,SS_Conocimiento
2024-08-01,2024-M08,GAL,CON_OCI,78854.4,Mensual,SS_Conocimiento
2024-09-01,2024-M09,GAL,CON_OCI,78145.2,Mensual,SS_Conocimiento
2024-10-01,2024-M10,GAL,CON_OCI,78851.5,Mensual,SS_Conocimiento
2024-11-01,2024-M11,GAL,CON_OCI,79058.2,Mensual,SS_Conocimiento
2024-12-01,2024-M12,GAL,CON_OCI,78998.4,Mensual,SS_Conocimiento
2025-01-01,2025-M01,GAL,CON_OCI,78601.9,Mensual,SS_Conocimiento
2025-02-01,2025-M02,GAL,CON_OCI,79279.29999999999,Mensual,SS_Conocimiento
2025-03-01,2025-M03,GAL,CON_OCI,80148.7,Mensual,SS_Conocimiento
2025-04-01,2025-M04,GAL,CON_OCI,81100.5,Mensual,SS_Conocimiento
2025-05-01,2025-M05,GAL,CON_OCI,81663.4,Mensual,SS_Conocimiento
2025-06-01,2025-M06,GAL,CON_OCI,82011.6,Mensual,SS_Conocimiento
2025-07-01,2025-M07,GAL,CON_OCI,82552.6,Mensual,SS_Conocimiento
2025-08-01,2025-M08,GAL,CON_OCI,81402.6,Mensual,SS_Conocimiento
2025-09-01,2025-M09,GAL,CON_OCI,80738.4,Mensual,SS_Conocimiento
2025-10-01,2025-M10,GAL,CON_OCI,81400.6,Mensual,SS_Conocimiento
2025-11-01,2025-M11,GAL,CON_OCI,81850.8,Mensual,SS_Conocimiento
2025-12-01,2025-M12,GAL,CON_OCI,81798.6,Mensual,SS_Conocimiento
2026-01-01,2026-M01,GAL,CON_OCI,82212.1,Mensual,SS_Conocimiento
2026-02-01,2026-M02,GAL,CON_OCI,82745.9,Mensual,SS_Conocimiento
2026-03-01,2026-M03,GAL,CON_OCI,83627.96,Mensual,SS_Conocimiento
2026-04-01,2026-M04,GAL,CON_OCI,84351.25,Mensual,SS_Conocimiento
2009-01-01,2009-M01,MAD,CON_OCI,373340.2,Mensual,SS_Conocimiento
2009-02-01,2009-M02,MAD,CON_OCI,373763.19999999995,Mensual,SS_Conocimiento
2009-03-01,2009-M03,MAD,CON_OCI,374845.19999999995,Mensual,SS_Conocimiento
2009-04-01,2009-M04,MAD,CON_OCI,374030.9,Mensual,SS_Conocimiento
2009-05-01,2009-M05,MAD,CON_OCI,375976.4,Mensual,SS_Conocimiento
2009-06-01,2009-M06,MAD,CON_OCI,374903.8,Mensual,SS_Conocimiento
2009-07-01,2009-M07,MAD,CON_OCI,373369.2,Mensual,SS_Conocimiento
2009-08-01,2009-M08,MAD,CON_OCI,369166.2,Mensual,SS_Conocimiento
2009-09-01,2009-M09,MAD,CON_OCI,371261.5,Mensual,SS_Conocimiento
2009-10-01,2009-M10,MAD,CON_OCI,372758.8,Mensual,SS_Conocimiento
2009-11-01,2009-M11,MAD,CON_OCI,373080.9,Mensual,SS_Conocimiento
2009-12-01,2009-M12,MAD,CON_OCI,372554.0,Mensual,SS_Conocimiento
2010-01-01,2010-M01,MAD,CON_OCI,370020.5,Mensual,SS_Conocimiento
2010-02-01,2010-M02,MAD,CON_OCI,371490.5,Mensual,SS_Conocimiento
2010-03-01,2010-M03,MAD,CON_OCI,372874.9,Mensual,SS_Conocimiento
2010-04-01,2010-M04,MAD,CON_OCI,374161.9,Mensual,SS_Conocimiento
2010-05-01,2010-M05,MAD,CON_OCI,376309.8,Mensual,SS_Conocimiento
2010-06-01,2010-M06,MAD,CON_OCI,376138.6,Mensual,SS_Conocimiento
2010-07-01,2010-M07,MAD,CON_OCI,376825.5,Mensual,SS_Conocimiento
2010-08-01,2010-M08,MAD,CON_OCI,373071.8,Mensual,SS_Conocimiento
2010-09-01,2010-M09,MAD,CON_OCI,376797.8,Mensual,SS_Conocimiento
2010-10-01,2010-M10,MAD,CON_OCI,379617.1,Mensual,SS_Conocimiento
2010-11-01,2010-M11,MAD,CON_OCI,380658.6,Mensual,SS_Conocimiento
2010-12-01,2010-M12,MAD,CON_OCI,380008.9,Mensual,SS_Conocimiento
2011-01-01,2011-M01,MAD,CON_OCI,376444.6,Mensual,SS_Conocimiento
2011-02-01,2011-M02,MAD,CON_OCI,377477.5,Mensual,SS_Conocimiento
2011-03-01,2011-M03,MAD,CON_OCI,378940.4,Mensual,SS_Conocimiento
2011-04-01,2011-M04,MAD,CON_OCI,379150.9,Mensual,SS_Conocimiento
2011-05-01,2011-M05,MAD,CON_OCI,379781.1,Mensual,SS_Conocimiento
2011-06-01,2011-M06,MAD,CON_OCI,380097.5,Mensual,SS_Conocimiento
2011-07-01,2011-M07,MAD,CON_OCI,380204.30000000005,Mensual,SS_Conocimiento
2011-08-01,2011-M08,MAD,CON_OCI,376273.1,Mensual,SS_Conocimiento
2011-09-01,2011-M09,MAD,CON_OCI,379646.9,Mensual,SS_Conocimiento
2011-10-01,2011-M10,MAD,CON_OCI,381086.3,Mensual,SS_Conocimiento
2011-11-01,2011-M11,MAD,CON_OCI,382889.3,Mensual,SS_Conocimiento
2011-12-01,2011-M12,MAD,CON_OCI,385944.5,Mensual,SS_Conocimiento
2012-01-01,2012-M01,MAD,CON_OCI,381187.30000000005,Mensual,SS_Conocimiento
2012-02-01,2012-M02,MAD,CON_OCI,381060.7,Mensual,SS_Conocimiento
2012-03-01,2012-M03,MAD,CON_OCI,381488.7,Mensual,SS_Conocimiento
2012-04-01,2012-M04,MAD,CON_OCI,380656.5,Mensual,SS_Conocimiento
2012-05-01,2012-M05,MAD,CON_OCI,380611.1,Mensual,SS_Conocimiento
2012-06-01,2012-M06,MAD,CON_OCI,380374.0,Mensual,SS_Conocimiento
2012-07-01,2012-M07,MAD,CON_OCI,378423.2,Mensual,SS_Conocimiento
2012-08-01,2012-M08,MAD,CON_OCI,374425.2,Mensual,SS_Conocimiento
2012-09-01,2012-M09,MAD,CON_OCI,376482.7,Mensual,SS_Conocimiento
2012-10-01,2012-M10,MAD,CON_OCI,376280.2,Mensual,SS_Conocimiento
2012-11-01,2012-M11,MAD,CON_OCI,376290.6,Mensual,SS_Conocimiento
2012-12-01,2012-M12,MAD,CON_OCI,375614.5,Mensual,SS_Conocimiento
2013-01-01,2013-M01,MAD,CON_OCI,371053.4,Mensual,SS_Conocimiento
2013-02-01,2013-M02,MAD,CON_OCI,370659.9,Mensual,SS_Conocimiento
2013-03-01,2013-M03,MAD,CON_OCI,371689.5,Mensual,SS_Conocimiento
2013-04-01,2013-M04,MAD,CON_OCI,372036.5,Mensual,SS_Conocimiento
2013-05-01,2013-M05,MAD,CON_OCI,371930.69999999995,Mensual,SS_Conocimiento
2013-06-01,2013-M06,MAD,CON_OCI,372959.1,Mensual,SS_Conocimiento
2013-07-01,2013-M07,MAD,CON_OCI,372420.4,Mensual,SS_Conocimiento
2013-08-01,2013-M08,MAD,CON_OCI,368969.6,Mensual,SS_Conocimiento
2013-09-01,2013-M09,MAD,CON_OCI,373212.30000000005,Mensual,SS_Conocimiento
2013-10-01,2013-M10,MAD,CON_OCI,377315.1,Mensual,SS_Conocimiento
2013-11-01,2013-M11,MAD,CON_OCI,380110.6,Mensual,SS_Conocimiento
2013-12-01,2013-M12,MAD,CON_OCI,380348.1,Mensual,SS_Conocimiento
2014-01-01,2014-M01,MAD,CON_OCI,376850.8,Mensual,SS_Conocimiento
2014-02-01,2014-M02,MAD,CON_OCI,378526.4,Mensual,SS_Conocimiento
2014-03-01,2014-M03,MAD,CON_OCI,379743.1,Mensual,SS_Conocimiento
2014-04-01,2014-M04,MAD,CON_OCI,381122.5,Mensual,SS_Conocimiento
2014-05-01,2014-M05,MAD,CON_OCI,382999.0,Mensual,SS_Conocimiento
2014-06-01,2014-M06,MAD,CON_OCI,384225.19999999995,Mensual,SS_Conocimiento
2014-07-01,2014-M07,MAD,CON_OCI,384321.6,Mensual,SS_Conocimiento
2014-08-01,2014-M08,MAD,CON_OCI,380860.8,Mensual,SS_Conocimiento
2014-09-01,2014-M09,MAD,CON_OCI,384791.6,Mensual,SS_Conocimiento
2014-10-01,2014-M10,MAD,CON_OCI,388294.6,Mensual,SS_Conocimiento
2014-11-01,2014-M11,MAD,CON_OCI,390890.80000000005,Mensual,SS_Conocimiento
2014-12-01,2014-M12,MAD,CON_OCI,392382.7,Mensual,SS_Conocimiento
2015-01-01,2015-M01,MAD,CON_OCI,390054.3,Mensual,SS_Conocimiento
2015-02-01,2015-M02,MAD,CON_OCI,392887.9,Mensual,SS_Conocimiento
2015-03-01,2015-M03,MAD,CON_OCI,396005.30000000005,Mensual,SS_Conocimiento
2015-04-01,2015-M04,MAD,CON_OCI,398505.80000000005,Mensual,SS_Conocimiento
2015-05-01,2015-M05,MAD,CON_OCI,400809.9,Mensual,SS_Conocimiento
2015-06-01,2015-M06,MAD,CON_OCI,403114.19999999995,Mensual,SS_Conocimiento
2015-07-01,2015-M07,MAD,CON_OCI,404782.8,Mensual,SS_Conocimiento
2015-08-01,2015-M08,MAD,CON_OCI,401402.0,Mensual,SS_Conocimiento
2015-09-01,2015-M09,MAD,CON_OCI,406315.6,Mensual,SS_Conocimiento
2015-10-01,2015-M10,MAD,CON_OCI,411222.6,Mensual,SS_Conocimiento
2015-11-01,2015-M11,MAD,CON_OCI,415423.5,Mensual,SS_Conocimiento
2015-12-01,2015-M12,MAD,CON_OCI,417152.0,Mensual,SS_Conocimiento
2016-01-01,2016-M01,MAD,CON_OCI,414084.0,Mensual,SS_Conocimiento
2016-02-01,2016-M02,MAD,CON_OCI,416554.30000000005,Mensual,SS_Conocimiento
2016-03-01,2016-M03,MAD,CON_OCI,418876.2,Mensual,SS_Conocimiento
2016-04-01,2016-M04,MAD,CON_OCI,421795.2,Mensual,SS_Conocimiento
2016-05-01,2016-M05,MAD,CON_OCI,423558.1,Mensual,SS_Conocimiento
2016-06-01,2016-M06,MAD,CON_OCI,425622.30000000005,Mensual,SS_Conocimiento
2016-07-01,2016-M07,MAD,CON_OCI,426215.5,Mensual,SS_Conocimiento
2016-08-01,2016-M08,MAD,CON_OCI,422615.6,Mensual,SS_Conocimiento
2016-09-01,2016-M09,MAD,CON_OCI,427226.2,Mensual,SS_Conocimiento
2016-10-01,2016-M10,MAD,CON_OCI,430334.2,Mensual,SS_Conocimiento
2016-11-01,2016-M11,MAD,CON_OCI,432617.80000000005,Mensual,SS_Conocimiento
2016-12-01,2016-M12,MAD,CON_OCI,433136.6,Mensual,SS_Conocimiento
2017-01-01,2017-M01,MAD,CON_OCI,429821.10000000003,Mensual,SS_Conocimiento
2017-02-01,2017-M02,MAD,CON_OCI,432783.1,Mensual,SS_Conocimiento
2017-03-01,2017-M03,MAD,CON_OCI,436335.89999999997,Mensual,SS_Conocimiento
2017-04-01,2017-M04,MAD,CON_OCI,438147.5,Mensual,SS_Conocimiento
2017-05-01,2017-M05,MAD,CON_OCI,440596.6,Mensual,SS_Conocimiento
2017-06-01,2017-M06,MAD,CON_OCI,443326.7,Mensual,SS_Conocimiento
2017-07-01,2017-M07,MAD,CON_OCI,442813.30000000005,Mensual,SS_Conocimiento
2017-08-01,2017-M08,MAD,CON_OCI,437971.6,Mensual,SS_Conocimiento
2017-09-01,2017-M09,MAD,CON_OCI,442712.19999999995,Mensual,SS_Conocimiento
2017-10-01,2017-M10,MAD,CON_OCI,446966.2,Mensual,SS_Conocimiento
2017-11-01,2017-M11,MAD,CON_OCI,450391.7,Mensual,SS_Conocimiento
2017-12-01,2017-M12,MAD,CON_OCI,450553.7,Mensual,SS_Conocimiento
2018-01-01,2018-M01,MAD,CON_OCI,448377.0,Mensual,SS_Conocimiento
2018-02-01,2018-M02,MAD,CON_OCI,452417.30000000005,Mensual,SS_Conocimiento
2018-03-01,2018-M03,MAD,CON_OCI,456355.80000000005,Mensual,SS_Conocimiento
2018-04-01,2018-M04,MAD,CON_OCI,458850.60000000003,Mensual,SS_Conocimiento
2018-05-01,2018-M05,MAD,CON_OCI,464554.9,Mensual,SS_Conocimiento
2018-06-01,2018-M06,MAD,CON_OCI,467381.6,Mensual,SS_Conocimiento
2018-07-01,2018-M07,MAD,CON_OCI,467624.9,Mensual,SS_Conocimiento
2018-08-01,2018-M08,MAD,CON_OCI,462616.7,Mensual,SS_Conocimiento
2018-09-01,2018-M09,MAD,CON_OCI,468488.39999999997,Mensual,SS_Conocimiento
2018-10-01,2018-M10,MAD,CON_OCI,473714.80000000005,Mensual,SS_Conocimiento
2018-11-01,2018-M11,MAD,CON_OCI,478643.9,Mensual,SS_Conocimiento
2018-12-01,2018-M12,MAD,CON_OCI,479472.89999999997,Mensual,SS_Conocimiento
2019-01-01,2019-M01,MAD,CON_OCI,475934.2,Mensual,SS_Conocimiento
2019-02-01,2019-M02,MAD,CON_OCI,479597.5,Mensual,SS_Conocimiento
2019-03-01,2019-M03,MAD,CON_OCI,482947.4,Mensual,SS_Conocimiento
2019-04-01,2019-M04,MAD,CON_OCI,485069.9,Mensual,SS_Conocimiento
2019-05-01,2019-M05,MAD,CON_OCI,486125.1,Mensual,SS_Conocimiento
2019-06-01,2019-M06,MAD,CON_OCI,490219.4,Mensual,SS_Conocimiento
2019-07-01,2019-M07,MAD,CON_OCI,489604.80000000005,Mensual,SS_Conocimiento
2019-08-01,2019-M08,MAD,CON_OCI,483189.10000000003,Mensual,SS_Conocimiento
2019-09-01,2019-M09,MAD,CON_OCI,489028.3,Mensual,SS_Conocimiento
2019-10-01,2019-M10,MAD,CON_OCI,494561.4,Mensual,SS_Conocimiento
2019-11-01,2019-M11,MAD,CON_OCI,497620.7,Mensual,SS_Conocimiento
2019-12-01,2019-M12,MAD,CON_OCI,497878.19999999995,Mensual,SS_Conocimiento
2020-01-01,2020-M01,MAD,CON_OCI,494396.60000000003,Mensual,SS_Conocimiento
2020-02-01,2020-M02,MAD,CON_OCI,498183.19999999995,Mensual,SS_Conocimiento
2020-03-01,2020-M03,MAD,CON_OCI,494310.9,Mensual,SS_Conocimiento
2020-04-01,2020-M04,MAD,CON_OCI,482729.5,Mensual,SS_Conocimiento
2020-05-01,2020-M05,MAD,CON_OCI,480635.6,Mensual,SS_Conocimiento
2020-06-01,2020-M06,MAD,CON_OCI,481663.4,Mensual,SS_Conocimiento
2020-07-01,2020-M07,MAD,CON_OCI,484045.0,Mensual,SS_Conocimiento
2020-08-01,2020-M08,MAD,CON_OCI,482250.6,Mensual,SS_Conocimiento
2020-09-01,2020-M09,MAD,CON_OCI,486919.8,Mensual,SS_Conocimiento
2020-10-01,2020-M10,MAD,CON_OCI,491690.2,Mensual,SS_Conocimiento
2020-11-01,2020-M11,MAD,CON_OCI,494854.30000000005,Mensual,SS_Conocimiento
2020-12-01,2020-M12,MAD,CON_OCI,496076.7,Mensual,SS_Conocimiento
2021-01-01,2021-M01,MAD,CON_OCI,493509.69999999995,Mensual,SS_Conocimiento
2021-02-01,2021-M02,MAD,CON_OCI,496594.4,Mensual,SS_Conocimiento
2021-03-01,2021-M03,MAD,CON_OCI,500234.4,Mensual,SS_Conocimiento
2021-04-01,2021-M04,MAD,CON_OCI,504784.60000000003,Mensual,SS_Conocimiento
2021-05-01,2021-M05,MAD,CON_OCI,508333.3,Mensual,SS_Conocimiento
2021-06-01,2021-M06,MAD,CON_OCI,511367.1,Mensual,SS_Conocimiento
2021-07-01,2021-M07,MAD,CON_OCI,512862.5,Mensual,SS_Conocimiento
2021-08-01,2021-M08,MAD,CON_OCI,509729.30000000005,Mensual,SS_Conocimiento
2021-09-01,2021-M09,MAD,CON_OCI,517619.4,Mensual,SS_Conocimiento
2021-10-01,2021-M10,MAD,CON_OCI,523887.3,Mensual,SS_Conocimiento
2021-11-01,2021-M11,MAD,CON_OCI,528787.8999999999,Mensual,SS_Conocimiento
2021-12-01,2021-M12,MAD,CON_OCI,531407.9,Mensual,SS_Conocimiento
2022-01-01,2022-M01,MAD,CON_OCI,531551.1,Mensual,SS_Conocimiento
2022-02-01,2022-M02,MAD,CON_OCI,536349.3,Mensual,SS_Conocimiento
2022-03-01,2022-M03,MAD,CON_OCI,542730.1,Mensual,SS_Conocimiento
2022-04-01,2022-M04,MAD,CON_OCI,546393.5,Mensual,SS_Conocimiento
2022-05-01,2022-M05,MAD,CON_OCI,550229.0,Mensual,SS_Conocimiento
2022-06-01,2022-M06,MAD,CON_OCI,554128.8999999999,Mensual,SS_Conocimiento
2022-07-01,2022-M07,MAD,CON_OCI,554395.5,Mensual,SS_Conocimiento
2022-08-01,2022-M08,MAD,CON_OCI,548991.1,Mensual,SS_Conocimiento
2022-09-01,2022-M09,MAD,CON_OCI,556753.4,Mensual,SS_Conocimiento
2022-10-01,2022-M10,MAD,CON_OCI,563016.6,Mensual,SS_Conocimiento
2022-11-01,2022-M11,MAD,CON_OCI,567104.0,Mensual,SS_Conocimiento
2022-12-01,2022-M12,MAD,CON_OCI,567647.4,Mensual,SS_Conocimiento
2023-01-01,2023-M01,MAD,CON_OCI,566470.2,Mensual,SS_Conocimiento
2023-02-01,2023-M02,MAD,CON_OCI,570797.5,Mensual,SS_Conocimiento
2023-03-01,2023-M03,MAD,CON_OCI,575264.7,Mensual,SS_Conocimiento
2023-04-01,2023-M04,MAD,CON_OCI,579295.8,Mensual,SS_Conocimiento
2023-05-01,2023-M05,MAD,CON_OCI,581283.4,Mensual,SS_Conocimiento
2023-06-01,2023-M06,MAD,CON_OCI,583498.3,Mensual,SS_Conocimiento
2023-07-01,2023-M07,MAD,CON_OCI,583812.1,Mensual,SS_Conocimiento
2023-08-01,2023-M08,MAD,CON_OCI,577282.3,Mensual,SS_Conocimiento
2023-09-01,2023-M09,MAD,CON_OCI,585529.0,Mensual,SS_Conocimiento
2023-10-01,2023-M10,MAD,CON_OCI,591407.2,Mensual,SS_Conocimiento
2023-11-01,2023-M11,MAD,CON_OCI,595659.1000000001,Mensual,SS_Conocimiento
2023-12-01,2023-M12,MAD,CON_OCI,596034.2,Mensual,SS_Conocimiento
2024-01-01,2024-M01,MAD,CON_OCI,593610.2,Mensual,SS_Conocimiento
2024-02-01,2024-M02,MAD,CON_OCI,597159.3999999999,Mensual,SS_Conocimiento
2024-03-01,2024-M03,MAD,CON_OCI,600140.9,Mensual,SS_Conocimiento
2024-04-01,2024-M04,MAD,CON_OCI,602852.3,Mensual,SS_Conocimiento
2024-05-01,2024-M05,MAD,CON_OCI,604842.6000000001,Mensual,SS_Conocimiento
2024-06-01,2024-M06,MAD,CON_OCI,607160.8,Mensual,SS_Conocimiento
2024-07-01,2024-M07,MAD,CON_OCI,605449.0,Mensual,SS_Conocimiento
2024-08-01,2024-M08,MAD,CON_OCI,599959.8,Mensual,SS_Conocimiento
2024-09-01,2024-M09,MAD,CON_OCI,606620.1000000001,Mensual,SS_Conocimiento
2024-10-01,2024-M10,MAD,CON_OCI,612372.0,Mensual,SS_Conocimiento
2024-11-01,2024-M11,MAD,CON_OCI,616247.4,Mensual,SS_Conocimiento
2024-12-01,2024-M12,MAD,CON_OCI,616147.2,Mensual,SS_Conocimiento
2025-01-01,2025-M01,MAD,CON_OCI,613662.2,Mensual,SS_Conocimiento
2025-02-01,2025-M02,MAD,CON_OCI,617893.0,Mensual,SS_Conocimiento
2025-03-01,2025-M03,MAD,CON_OCI,621215.5,Mensual,SS_Conocimiento
2025-04-01,2025-M04,MAD,CON_OCI,623245.2,Mensual,SS_Conocimiento
2025-05-01,2025-M05,MAD,CON_OCI,624950.6,Mensual,SS_Conocimiento
2025-06-01,2025-M06,MAD,CON_OCI,627361.7,Mensual,SS_Conocimiento
2025-07-01,2025-M07,MAD,CON_OCI,626818.5,Mensual,SS_Conocimiento
2025-08-01,2025-M08,MAD,CON_OCI,618815.7,Mensual,SS_Conocimiento
2025-09-01,2025-M09,MAD,CON_OCI,625072.3,Mensual,SS_Conocimiento
2025-10-01,2025-M10,MAD,CON_OCI,631672.8,Mensual,SS_Conocimiento
2025-11-01,2025-M11,MAD,CON_OCI,634096.9,Mensual,SS_Conocimiento
2025-12-01,2025-M12,MAD,CON_OCI,633071.2,Mensual,SS_Conocimiento
2026-01-01,2026-M01,MAD,CON_OCI,635634.6000000001,Mensual,SS_Conocimiento
2026-02-01,2026-M02,MAD,CON_OCI,639991.3,Mensual,SS_Conocimiento
2026-03-01,2026-M03,MAD,CON_OCI,642234.73,Mensual,SS_Conocimiento
2026-04-01,2026-M04,MAD,CON_OCI,643758.7,Mensual,SS_Conocimiento
2009-01-01,2009-M01,MUR,CON_OCI,22326.399999999998,Mensual,SS_Conocimiento
2009-02-01,2009-M02,MUR,CON_OCI,22390.5,Mensual,SS_Conocimiento
2009-03-01,2009-M03,MUR,CON_OCI,22423.6,Mensual,SS_Conocimiento
2009-04-01,2009-M04,MUR,CON_OCI,22385.699999999997,Mensual,SS_Conocimiento
2009-05-01,2009-M05,MUR,CON_OCI,22334.5,Mensual,SS_Conocimiento
2009-06-01,2009-M06,MUR,CON_OCI,22443.1,Mensual,SS_Conocimiento
2009-07-01,2009-M07,MUR,CON_OCI,22619.8,Mensual,SS_Conocimiento
2009-08-01,2009-M08,MUR,CON_OCI,22271.4,Mensual,SS_Conocimiento
2009-09-01,2009-M09,MUR,CON_OCI,22270.5,Mensual,SS_Conocimiento
2009-10-01,2009-M10,MUR,CON_OCI,22231.7,Mensual,SS_Conocimiento
2009-11-01,2009-M11,MUR,CON_OCI,22302.399999999998,Mensual,SS_Conocimiento
2009-12-01,2009-M12,MUR,CON_OCI,22334.6,Mensual,SS_Conocimiento
2010-01-01,2010-M01,MUR,CON_OCI,22047.800000000003,Mensual,SS_Conocimiento
2010-02-01,2010-M02,MUR,CON_OCI,22029.4,Mensual,SS_Conocimiento
2010-03-01,2010-M03,MUR,CON_OCI,22096.300000000003,Mensual,SS_Conocimiento
2010-04-01,2010-M04,MUR,CON_OCI,22131.1,Mensual,SS_Conocimiento
2010-05-01,2010-M05,MUR,CON_OCI,22208.800000000003,Mensual,SS_Conocimiento
2010-06-01,2010-M06,MUR,CON_OCI,22223.8,Mensual,SS_Conocimiento
2010-07-01,2010-M07,MUR,CON_OCI,22199.1,Mensual,SS_Conocimiento
2010-08-01,2010-M08,MUR,CON_OCI,21906.6,Mensual,SS_Conocimiento
2010-09-01,2010-M09,MUR,CON_OCI,21916.0,Mensual,SS_Conocimiento
2010-10-01,2010-M10,MUR,CON_OCI,21953.6,Mensual,SS_Conocimiento
2010-11-01,2010-M11,MUR,CON_OCI,22080.300000000003,Mensual,SS_Conocimiento
2010-12-01,2010-M12,MUR,CON_OCI,22091.9,Mensual,SS_Conocimiento
2011-01-01,2011-M01,MUR,CON_OCI,21874.9,Mensual,SS_Conocimiento
2011-02-01,2011-M02,MUR,CON_OCI,21837.699999999997,Mensual,SS_Conocimiento
2011-03-01,2011-M03,MUR,CON_OCI,21865.199999999997,Mensual,SS_Conocimiento
2011-04-01,2011-M04,MUR,CON_OCI,21786.100000000002,Mensual,SS_Conocimiento
2011-05-01,2011-M05,MUR,CON_OCI,21661.8,Mensual,SS_Conocimiento
2011-06-01,2011-M06,MUR,CON_OCI,21573.0,Mensual,SS_Conocimiento
2011-07-01,2011-M07,MUR,CON_OCI,21596.6,Mensual,SS_Conocimiento
2011-08-01,2011-M08,MUR,CON_OCI,21335.7,Mensual,SS_Conocimiento
2011-09-01,2011-M09,MUR,CON_OCI,21409.699999999997,Mensual,SS_Conocimiento
2011-10-01,2011-M10,MUR,CON_OCI,21489.699999999997,Mensual,SS_Conocimiento
2011-11-01,2011-M11,MUR,CON_OCI,21548.4,Mensual,SS_Conocimiento
2011-12-01,2011-M12,MUR,CON_OCI,21535.300000000003,Mensual,SS_Conocimiento
2012-01-01,2012-M01,MUR,CON_OCI,21201.5,Mensual,SS_Conocimiento
2012-02-01,2012-M02,MUR,CON_OCI,21204.1,Mensual,SS_Conocimiento
2012-03-01,2012-M03,MUR,CON_OCI,21210.0,Mensual,SS_Conocimiento
2012-04-01,2012-M04,MUR,CON_OCI,21189.1,Mensual,SS_Conocimiento
2012-05-01,2012-M05,MUR,CON_OCI,21205.4,Mensual,SS_Conocimiento
2012-06-01,2012-M06,MUR,CON_OCI,21149.6,Mensual,SS_Conocimiento
2012-07-01,2012-M07,MUR,CON_OCI,21089.4,Mensual,SS_Conocimiento
2012-08-01,2012-M08,MUR,CON_OCI,20820.4,Mensual,SS_Conocimiento
2012-09-01,2012-M09,MUR,CON_OCI,20882.8,Mensual,SS_Conocimiento
2012-10-01,2012-M10,MUR,CON_OCI,20737.600000000002,Mensual,SS_Conocimiento
2012-11-01,2012-M11,MUR,CON_OCI,20646.5,Mensual,SS_Conocimiento
2012-12-01,2012-M12,MUR,CON_OCI,20640.0,Mensual,SS_Conocimiento
2013-01-01,2013-M01,MUR,CON_OCI,20487.5,Mensual,SS_Conocimiento
2013-02-01,2013-M02,MUR,CON_OCI,20469.3,Mensual,SS_Conocimiento
2013-03-01,2013-M03,MUR,CON_OCI,20630.3,Mensual,SS_Conocimiento
2013-04-01,2013-M04,MUR,CON_OCI,20738.8,Mensual,SS_Conocimiento
2013-05-01,2013-M05,MUR,CON_OCI,20893.8,Mensual,SS_Conocimiento
2013-06-01,2013-M06,MUR,CON_OCI,21023.9,Mensual,SS_Conocimiento
2013-07-01,2013-M07,MUR,CON_OCI,21064.0,Mensual,SS_Conocimiento
2013-08-01,2013-M08,MUR,CON_OCI,20912.5,Mensual,SS_Conocimiento
2013-09-01,2013-M09,MUR,CON_OCI,20994.7,Mensual,SS_Conocimiento
2013-10-01,2013-M10,MUR,CON_OCI,21120.0,Mensual,SS_Conocimiento
2013-11-01,2013-M11,MUR,CON_OCI,21230.4,Mensual,SS_Conocimiento
2013-12-01,2013-M12,MUR,CON_OCI,21444.300000000003,Mensual,SS_Conocimiento
2014-01-01,2014-M01,MUR,CON_OCI,21335.1,Mensual,SS_Conocimiento
2014-02-01,2014-M02,MUR,CON_OCI,21551.9,Mensual,SS_Conocimiento
2014-03-01,2014-M03,MUR,CON_OCI,21717.100000000002,Mensual,SS_Conocimiento
2014-04-01,2014-M04,MUR,CON_OCI,21893.7,Mensual,SS_Conocimiento
2014-05-01,2014-M05,MUR,CON_OCI,21969.6,Mensual,SS_Conocimiento
2014-06-01,2014-M06,MUR,CON_OCI,22045.8,Mensual,SS_Conocimiento
2014-07-01,2014-M07,MUR,CON_OCI,22142.9,Mensual,SS_Conocimiento
2014-08-01,2014-M08,MUR,CON_OCI,22040.0,Mensual,SS_Conocimiento
2014-09-01,2014-M09,MUR,CON_OCI,22131.300000000003,Mensual,SS_Conocimiento
2014-10-01,2014-M10,MUR,CON_OCI,22371.4,Mensual,SS_Conocimiento
2014-11-01,2014-M11,MUR,CON_OCI,22547.8,Mensual,SS_Conocimiento
2014-12-01,2014-M12,MUR,CON_OCI,22594.1,Mensual,SS_Conocimiento
2015-01-01,2015-M01,MUR,CON_OCI,22335.600000000002,Mensual,SS_Conocimiento
2015-02-01,2015-M02,MUR,CON_OCI,22607.4,Mensual,SS_Conocimiento
2015-03-01,2015-M03,MUR,CON_OCI,22799.199999999997,Mensual,SS_Conocimiento
2015-04-01,2015-M04,MUR,CON_OCI,22918.1,Mensual,SS_Conocimiento
2015-05-01,2015-M05,MUR,CON_OCI,23074.8,Mensual,SS_Conocimiento
2015-06-01,2015-M06,MUR,CON_OCI,23237.4,Mensual,SS_Conocimiento
2015-07-01,2015-M07,MUR,CON_OCI,23391.600000000002,Mensual,SS_Conocimiento
2015-08-01,2015-M08,MUR,CON_OCI,23172.8,Mensual,SS_Conocimiento
2015-09-01,2015-M09,MUR,CON_OCI,23271.5,Mensual,SS_Conocimiento
2015-10-01,2015-M10,MUR,CON_OCI,23451.1,Mensual,SS_Conocimiento
2015-11-01,2015-M11,MUR,CON_OCI,23752.0,Mensual,SS_Conocimiento
2015-12-01,2015-M12,MUR,CON_OCI,23764.5,Mensual,SS_Conocimiento
2016-01-01,2016-M01,MUR,CON_OCI,23648.7,Mensual,SS_Conocimiento
2016-02-01,2016-M02,MUR,CON_OCI,23742.4,Mensual,SS_Conocimiento
2016-03-01,2016-M03,MUR,CON_OCI,23837.2,Mensual,SS_Conocimiento
2016-04-01,2016-M04,MUR,CON_OCI,23954.300000000003,Mensual,SS_Conocimiento
2016-05-01,2016-M05,MUR,CON_OCI,23978.6,Mensual,SS_Conocimiento
2016-06-01,2016-M06,MUR,CON_OCI,24041.3,Mensual,SS_Conocimiento
2016-07-01,2016-M07,MUR,CON_OCI,24148.7,Mensual,SS_Conocimiento
2016-08-01,2016-M08,MUR,CON_OCI,23941.699999999997,Mensual,SS_Conocimiento
2016-09-01,2016-M09,MUR,CON_OCI,24076.0,Mensual,SS_Conocimiento
2016-10-01,2016-M10,MUR,CON_OCI,23683.3,Mensual,SS_Conocimiento
2016-11-01,2016-M11,MUR,CON_OCI,23620.7,Mensual,SS_Conocimiento
2016-12-01,2016-M12,MUR,CON_OCI,23643.300000000003,Mensual,SS_Conocimiento
2017-01-01,2017-M01,MUR,CON_OCI,23518.2,Mensual,SS_Conocimiento
2017-02-01,2017-M02,MUR,CON_OCI,23708.4,Mensual,SS_Conocimiento
2017-03-01,2017-M03,MUR,CON_OCI,23958.800000000003,Mensual,SS_Conocimiento
2017-04-01,2017-M04,MUR,CON_OCI,24184.8,Mensual,SS_Conocimiento
2017-05-01,2017-M05,MUR,CON_OCI,24357.1,Mensual,SS_Conocimiento
2017-06-01,2017-M06,MUR,CON_OCI,24429.800000000003,Mensual,SS_Conocimiento
2017-07-01,2017-M07,MUR,CON_OCI,24577.800000000003,Mensual,SS_Conocimiento
2017-08-01,2017-M08,MUR,CON_OCI,24348.5,Mensual,SS_Conocimiento
2017-09-01,2017-M09,MUR,CON_OCI,24451.800000000003,Mensual,SS_Conocimiento
2017-10-01,2017-M10,MUR,CON_OCI,24611.300000000003,Mensual,SS_Conocimiento
2017-11-01,2017-M11,MUR,CON_OCI,24854.6,Mensual,SS_Conocimiento
2017-12-01,2017-M12,MUR,CON_OCI,24922.199999999997,Mensual,SS_Conocimiento
2018-01-01,2018-M01,MUR,CON_OCI,24812.0,Mensual,SS_Conocimiento
2018-02-01,2018-M02,MUR,CON_OCI,25119.0,Mensual,SS_Conocimiento
2018-03-01,2018-M03,MUR,CON_OCI,25387.0,Mensual,SS_Conocimiento
2018-04-01,2018-M04,MUR,CON_OCI,25520.2,Mensual,SS_Conocimiento
2018-05-01,2018-M05,MUR,CON_OCI,25860.3,Mensual,SS_Conocimiento
2018-06-01,2018-M06,MUR,CON_OCI,26026.7,Mensual,SS_Conocimiento
2018-07-01,2018-M07,MUR,CON_OCI,26197.0,Mensual,SS_Conocimiento
2018-08-01,2018-M08,MUR,CON_OCI,25934.600000000002,Mensual,SS_Conocimiento
2018-09-01,2018-M09,MUR,CON_OCI,26113.9,Mensual,SS_Conocimiento
2018-10-01,2018-M10,MUR,CON_OCI,26311.199999999997,Mensual,SS_Conocimiento
2018-11-01,2018-M11,MUR,CON_OCI,26545.3,Mensual,SS_Conocimiento
2018-12-01,2018-M12,MUR,CON_OCI,26670.300000000003,Mensual,SS_Conocimiento
2019-01-01,2019-M01,MUR,CON_OCI,26643.3,Mensual,SS_Conocimiento
2019-02-01,2019-M02,MUR,CON_OCI,26812.2,Mensual,SS_Conocimiento
2019-03-01,2019-M03,MUR,CON_OCI,27073.6,Mensual,SS_Conocimiento
2019-04-01,2019-M04,MUR,CON_OCI,27319.7,Mensual,SS_Conocimiento
2019-05-01,2019-M05,MUR,CON_OCI,27505.9,Mensual,SS_Conocimiento
2019-06-01,2019-M06,MUR,CON_OCI,27600.9,Mensual,SS_Conocimiento
2019-07-01,2019-M07,MUR,CON_OCI,27689.9,Mensual,SS_Conocimiento
2019-08-01,2019-M08,MUR,CON_OCI,27440.0,Mensual,SS_Conocimiento
2019-09-01,2019-M09,MUR,CON_OCI,27622.399999999998,Mensual,SS_Conocimiento
2019-10-01,2019-M10,MUR,CON_OCI,27825.2,Mensual,SS_Conocimiento
2019-11-01,2019-M11,MUR,CON_OCI,27911.8,Mensual,SS_Conocimiento
2019-12-01,2019-M12,MUR,CON_OCI,27969.8,Mensual,SS_Conocimiento
2020-01-01,2020-M01,MUR,CON_OCI,27888.199999999997,Mensual,SS_Conocimiento
2020-02-01,2020-M02,MUR,CON_OCI,28097.2,Mensual,SS_Conocimiento
2020-03-01,2020-M03,MUR,CON_OCI,28001.6,Mensual,SS_Conocimiento
2020-04-01,2020-M04,MUR,CON_OCI,27238.9,Mensual,SS_Conocimiento
2020-05-01,2020-M05,MUR,CON_OCI,27262.5,Mensual,SS_Conocimiento
2020-06-01,2020-M06,MUR,CON_OCI,27475.0,Mensual,SS_Conocimiento
2020-07-01,2020-M07,MUR,CON_OCI,27797.2,Mensual,SS_Conocimiento
2020-08-01,2020-M08,MUR,CON_OCI,27714.100000000002,Mensual,SS_Conocimiento
2020-09-01,2020-M09,MUR,CON_OCI,27859.699999999997,Mensual,SS_Conocimiento
2020-10-01,2020-M10,MUR,CON_OCI,28197.800000000003,Mensual,SS_Conocimiento
2020-11-01,2020-M11,MUR,CON_OCI,28455.3,Mensual,SS_Conocimiento
2020-12-01,2020-M12,MUR,CON_OCI,28569.300000000003,Mensual,SS_Conocimiento
2021-01-01,2021-M01,MUR,CON_OCI,28642.800000000003,Mensual,SS_Conocimiento
2021-02-01,2021-M02,MUR,CON_OCI,28871.899999999998,Mensual,SS_Conocimiento
2021-03-01,2021-M03,MUR,CON_OCI,29296.5,Mensual,SS_Conocimiento
2021-04-01,2021-M04,MUR,CON_OCI,29592.3,Mensual,SS_Conocimiento
2021-05-01,2021-M05,MUR,CON_OCI,29842.0,Mensual,SS_Conocimiento
2021-06-01,2021-M06,MUR,CON_OCI,30180.800000000003,Mensual,SS_Conocimiento
2021-07-01,2021-M07,MUR,CON_OCI,30555.0,Mensual,SS_Conocimiento
2021-08-01,2021-M08,MUR,CON_OCI,30404.0,Mensual,SS_Conocimiento
2021-09-01,2021-M09,MUR,CON_OCI,30586.300000000003,Mensual,SS_Conocimiento
2021-10-01,2021-M10,MUR,CON_OCI,31016.0,Mensual,SS_Conocimiento
2021-11-01,2021-M11,MUR,CON_OCI,31293.1,Mensual,SS_Conocimiento
2021-12-01,2021-M12,MUR,CON_OCI,31363.9,Mensual,SS_Conocimiento
2022-01-01,2022-M01,MUR,CON_OCI,31225.5,Mensual,SS_Conocimiento
2022-02-01,2022-M02,MUR,CON_OCI,31474.9,Mensual,SS_Conocimiento
2022-03-01,2022-M03,MUR,CON_OCI,31592.6,Mensual,SS_Conocimiento
2022-04-01,2022-M04,MUR,CON_OCI,31730.5,Mensual,SS_Conocimiento
2022-05-01,2022-M05,MUR,CON_OCI,31942.8,Mensual,SS_Conocimiento
2022-06-01,2022-M06,MUR,CON_OCI,32132.9,Mensual,SS_Conocimiento
2022-07-01,2022-M07,MUR,CON_OCI,32352.300000000003,Mensual,SS_Conocimiento
2022-08-01,2022-M08,MUR,CON_OCI,32096.8,Mensual,SS_Conocimiento
2022-09-01,2022-M09,MUR,CON_OCI,32224.899999999998,Mensual,SS_Conocimiento
2022-10-01,2022-M10,MUR,CON_OCI,32330.800000000003,Mensual,SS_Conocimiento
2022-11-01,2022-M11,MUR,CON_OCI,32496.8,Mensual,SS_Conocimiento
2022-12-01,2022-M12,MUR,CON_OCI,32475.1,Mensual,SS_Conocimiento
2023-01-01,2023-M01,MUR,CON_OCI,32370.899999999998,Mensual,SS_Conocimiento
2023-02-01,2023-M02,MUR,CON_OCI,32435.9,Mensual,SS_Conocimiento
2023-03-01,2023-M03,MUR,CON_OCI,32709.1,Mensual,SS_Conocimiento
2023-04-01,2023-M04,MUR,CON_OCI,32891.3,Mensual,SS_Conocimiento
2023-05-01,2023-M05,MUR,CON_OCI,33110.0,Mensual,SS_Conocimiento
2023-06-01,2023-M06,MUR,CON_OCI,33229.6,Mensual,SS_Conocimiento
2023-07-01,2023-M07,MUR,CON_OCI,33591.3,Mensual,SS_Conocimiento
2023-08-01,2023-M08,MUR,CON_OCI,33158.5,Mensual,SS_Conocimiento
2023-09-01,2023-M09,MUR,CON_OCI,33238.6,Mensual,SS_Conocimiento
2023-10-01,2023-M10,MUR,CON_OCI,33467.0,Mensual,SS_Conocimiento
2023-11-01,2023-M11,MUR,CON_OCI,33684.0,Mensual,SS_Conocimiento
2023-12-01,2023-M12,MUR,CON_OCI,33799.600000000006,Mensual,SS_Conocimiento
2024-01-01,2024-M01,MUR,CON_OCI,33710.9,Mensual,SS_Conocimiento
2024-02-01,2024-M02,MUR,CON_OCI,33863.9,Mensual,SS_Conocimiento
2024-03-01,2024-M03,MUR,CON_OCI,33975.7,Mensual,SS_Conocimiento
2024-04-01,2024-M04,MUR,CON_OCI,34102.3,Mensual,SS_Conocimiento
2024-05-01,2024-M05,MUR,CON_OCI,34125.6,Mensual,SS_Conocimiento
2024-06-01,2024-M06,MUR,CON_OCI,34233.399999999994,Mensual,SS_Conocimiento
2024-07-01,2024-M07,MUR,CON_OCI,34333.9,Mensual,SS_Conocimiento
2024-08-01,2024-M08,MUR,CON_OCI,34097.3,Mensual,SS_Conocimiento
2024-09-01,2024-M09,MUR,CON_OCI,34220.0,Mensual,SS_Conocimiento
2024-10-01,2024-M10,MUR,CON_OCI,34604.5,Mensual,SS_Conocimiento
2024-11-01,2024-M11,MUR,CON_OCI,34786.8,Mensual,SS_Conocimiento
2024-12-01,2024-M12,MUR,CON_OCI,34870.3,Mensual,SS_Conocimiento
2025-01-01,2025-M01,MUR,CON_OCI,34635.4,Mensual,SS_Conocimiento
2025-02-01,2025-M02,MUR,CON_OCI,34807.8,Mensual,SS_Conocimiento
2025-03-01,2025-M03,MUR,CON_OCI,34956.0,Mensual,SS_Conocimiento
2025-04-01,2025-M04,MUR,CON_OCI,35085.0,Mensual,SS_Conocimiento
2025-05-01,2025-M05,MUR,CON_OCI,35243.9,Mensual,SS_Conocimiento
2025-06-01,2025-M06,MUR,CON_OCI,35449.1,Mensual,SS_Conocimiento
2025-07-01,2025-M07,MUR,CON_OCI,35705.4,Mensual,SS_Conocimiento
2025-08-01,2025-M08,MUR,CON_OCI,35529.2,Mensual,SS_Conocimiento
2025-09-01,2025-M09,MUR,CON_OCI,35543.7,Mensual,SS_Conocimiento
2025-10-01,2025-M10,MUR,CON_OCI,35885.0,Mensual,SS_Conocimiento
2025-11-01,2025-M11,MUR,CON_OCI,36119.3,Mensual,SS_Conocimiento
2025-12-01,2025-M12,MUR,CON_OCI,36172.8,Mensual,SS_Conocimiento
2026-01-01,2026-M01,MUR,CON_OCI,36418.4,Mensual,SS_Conocimiento
2026-02-01,2026-M02,MUR,CON_OCI,36635.75,Mensual,SS_Conocimiento
2026-03-01,2026-M03,MUR,CON_OCI,36781.54,Mensual,SS_Conocimiento
2026-04-01,2026-M04,MUR,CON_OCI,36803.0,Mensual,SS_Conocimiento
2009-01-01,2009-M01,NAV,CON_OCI,13766.0,Mensual,SS_Conocimiento
2009-02-01,2009-M02,NAV,CON_OCI,13799.4,Mensual,SS_Conocimiento
2009-03-01,2009-M03,NAV,CON_OCI,13847.300000000001,Mensual,SS_Conocimiento
2009-04-01,2009-M04,NAV,CON_OCI,13883.2,Mensual,SS_Conocimiento
2009-05-01,2009-M05,NAV,CON_OCI,13889.9,Mensual,SS_Conocimiento
2009-06-01,2009-M06,NAV,CON_OCI,13893.8,Mensual,SS_Conocimiento
2009-07-01,2009-M07,NAV,CON_OCI,13898.699999999999,Mensual,SS_Conocimiento
2009-08-01,2009-M08,NAV,CON_OCI,13846.6,Mensual,SS_Conocimiento
2009-09-01,2009-M09,NAV,CON_OCI,13823.1,Mensual,SS_Conocimiento
2009-10-01,2009-M10,NAV,CON_OCI,13837.7,Mensual,SS_Conocimiento
2009-11-01,2009-M11,NAV,CON_OCI,13881.6,Mensual,SS_Conocimiento
2009-12-01,2009-M12,NAV,CON_OCI,13875.9,Mensual,SS_Conocimiento
2010-01-01,2010-M01,NAV,CON_OCI,13756.1,Mensual,SS_Conocimiento
2010-02-01,2010-M02,NAV,CON_OCI,13719.400000000001,Mensual,SS_Conocimiento
2010-03-01,2010-M03,NAV,CON_OCI,13787.9,Mensual,SS_Conocimiento
2010-04-01,2010-M04,NAV,CON_OCI,13786.599999999999,Mensual,SS_Conocimiento
2010-05-01,2010-M05,NAV,CON_OCI,13935.7,Mensual,SS_Conocimiento
2010-06-01,2010-M06,NAV,CON_OCI,13950.199999999999,Mensual,SS_Conocimiento
2010-07-01,2010-M07,NAV,CON_OCI,13981.7,Mensual,SS_Conocimiento
2010-08-01,2010-M08,NAV,CON_OCI,13976.3,Mensual,SS_Conocimiento
2010-09-01,2010-M09,NAV,CON_OCI,14002.7,Mensual,SS_Conocimiento
2010-10-01,2010-M10,NAV,CON_OCI,14055.5,Mensual,SS_Conocimiento
2010-11-01,2010-M11,NAV,CON_OCI,14103.800000000001,Mensual,SS_Conocimiento
2010-12-01,2010-M12,NAV,CON_OCI,14126.7,Mensual,SS_Conocimiento
2011-01-01,2011-M01,NAV,CON_OCI,14075.9,Mensual,SS_Conocimiento
2011-02-01,2011-M02,NAV,CON_OCI,14122.2,Mensual,SS_Conocimiento
2011-03-01,2011-M03,NAV,CON_OCI,14165.599999999999,Mensual,SS_Conocimiento
2011-04-01,2011-M04,NAV,CON_OCI,14228.3,Mensual,SS_Conocimiento
2011-05-01,2011-M05,NAV,CON_OCI,14220.7,Mensual,SS_Conocimiento
2011-06-01,2011-M06,NAV,CON_OCI,14264.2,Mensual,SS_Conocimiento
2011-07-01,2011-M07,NAV,CON_OCI,14235.7,Mensual,SS_Conocimiento
2011-08-01,2011-M08,NAV,CON_OCI,14202.599999999999,Mensual,SS_Conocimiento
2011-09-01,2011-M09,NAV,CON_OCI,14166.4,Mensual,SS_Conocimiento
2011-10-01,2011-M10,NAV,CON_OCI,14137.3,Mensual,SS_Conocimiento
2011-11-01,2011-M11,NAV,CON_OCI,14184.1,Mensual,SS_Conocimiento
2011-12-01,2011-M12,NAV,CON_OCI,14421.7,Mensual,SS_Conocimiento
2012-01-01,2012-M01,NAV,CON_OCI,14248.0,Mensual,SS_Conocimiento
2012-02-01,2012-M02,NAV,CON_OCI,14193.5,Mensual,SS_Conocimiento
2012-03-01,2012-M03,NAV,CON_OCI,14148.400000000001,Mensual,SS_Conocimiento
2012-04-01,2012-M04,NAV,CON_OCI,13955.4,Mensual,SS_Conocimiento
2012-05-01,2012-M05,NAV,CON_OCI,13926.5,Mensual,SS_Conocimiento
2012-06-01,2012-M06,NAV,CON_OCI,13887.900000000001,Mensual,SS_Conocimiento
2012-07-01,2012-M07,NAV,CON_OCI,13848.4,Mensual,SS_Conocimiento
2012-08-01,2012-M08,NAV,CON_OCI,13760.3,Mensual,SS_Conocimiento
2012-09-01,2012-M09,NAV,CON_OCI,13695.1,Mensual,SS_Conocimiento
2012-10-01,2012-M10,NAV,CON_OCI,13638.6,Mensual,SS_Conocimiento
2012-11-01,2012-M11,NAV,CON_OCI,13689.199999999999,Mensual,SS_Conocimiento
2012-12-01,2012-M12,NAV,CON_OCI,13618.2,Mensual,SS_Conocimiento
2013-01-01,2013-M01,NAV,CON_OCI,13463.9,Mensual,SS_Conocimiento
2013-02-01,2013-M02,NAV,CON_OCI,13470.3,Mensual,SS_Conocimiento
2013-03-01,2013-M03,NAV,CON_OCI,13417.8,Mensual,SS_Conocimiento
2013-04-01,2013-M04,NAV,CON_OCI,13408.400000000001,Mensual,SS_Conocimiento
2013-05-01,2013-M05,NAV,CON_OCI,13378.699999999999,Mensual,SS_Conocimiento
2013-06-01,2013-M06,NAV,CON_OCI,13446.3,Mensual,SS_Conocimiento
2013-07-01,2013-M07,NAV,CON_OCI,13402.5,Mensual,SS_Conocimiento
2013-08-01,2013-M08,NAV,CON_OCI,13321.5,Mensual,SS_Conocimiento
2013-09-01,2013-M09,NAV,CON_OCI,13309.6,Mensual,SS_Conocimiento
2013-10-01,2013-M10,NAV,CON_OCI,13399.8,Mensual,SS_Conocimiento
2013-11-01,2013-M11,NAV,CON_OCI,13386.099999999999,Mensual,SS_Conocimiento
2013-12-01,2013-M12,NAV,CON_OCI,13341.599999999999,Mensual,SS_Conocimiento
2014-01-01,2014-M01,NAV,CON_OCI,13154.3,Mensual,SS_Conocimiento
2014-02-01,2014-M02,NAV,CON_OCI,13199.5,Mensual,SS_Conocimiento
2014-03-01,2014-M03,NAV,CON_OCI,13240.2,Mensual,SS_Conocimiento
2014-04-01,2014-M04,NAV,CON_OCI,13296.1,Mensual,SS_Conocimiento
2014-05-01,2014-M05,NAV,CON_OCI,13333.400000000001,Mensual,SS_Conocimiento
2014-06-01,2014-M06,NAV,CON_OCI,13413.8,Mensual,SS_Conocimiento
2014-07-01,2014-M07,NAV,CON_OCI,13430.099999999999,Mensual,SS_Conocimiento
2014-08-01,2014-M08,NAV,CON_OCI,13399.1,Mensual,SS_Conocimiento
2014-09-01,2014-M09,NAV,CON_OCI,13396.0,Mensual,SS_Conocimiento
2014-10-01,2014-M10,NAV,CON_OCI,13494.7,Mensual,SS_Conocimiento
2014-11-01,2014-M11,NAV,CON_OCI,13544.400000000001,Mensual,SS_Conocimiento
2014-12-01,2014-M12,NAV,CON_OCI,13568.199999999999,Mensual,SS_Conocimiento
2015-01-01,2015-M01,NAV,CON_OCI,13479.1,Mensual,SS_Conocimiento
2015-02-01,2015-M02,NAV,CON_OCI,13540.5,Mensual,SS_Conocimiento
2015-03-01,2015-M03,NAV,CON_OCI,13683.2,Mensual,SS_Conocimiento
2015-04-01,2015-M04,NAV,CON_OCI,13742.2,Mensual,SS_Conocimiento
2015-05-01,2015-M05,NAV,CON_OCI,13833.7,Mensual,SS_Conocimiento
2015-06-01,2015-M06,NAV,CON_OCI,13907.400000000001,Mensual,SS_Conocimiento
2015-07-01,2015-M07,NAV,CON_OCI,13963.5,Mensual,SS_Conocimiento
2015-08-01,2015-M08,NAV,CON_OCI,13954.5,Mensual,SS_Conocimiento
2015-09-01,2015-M09,NAV,CON_OCI,13975.8,Mensual,SS_Conocimiento
2015-10-01,2015-M10,NAV,CON_OCI,14103.7,Mensual,SS_Conocimiento
2015-11-01,2015-M11,NAV,CON_OCI,14178.9,Mensual,SS_Conocimiento
2015-12-01,2015-M12,NAV,CON_OCI,14189.5,Mensual,SS_Conocimiento
2016-01-01,2016-M01,NAV,CON_OCI,14338.099999999999,Mensual,SS_Conocimiento
2016-02-01,2016-M02,NAV,CON_OCI,14456.900000000001,Mensual,SS_Conocimiento
2016-03-01,2016-M03,NAV,CON_OCI,14514.8,Mensual,SS_Conocimiento
2016-04-01,2016-M04,NAV,CON_OCI,14482.900000000001,Mensual,SS_Conocimiento
2016-05-01,2016-M05,NAV,CON_OCI,14470.2,Mensual,SS_Conocimiento
2016-06-01,2016-M06,NAV,CON_OCI,14537.6,Mensual,SS_Conocimiento
2016-07-01,2016-M07,NAV,CON_OCI,14535.9,Mensual,SS_Conocimiento
2016-08-01,2016-M08,NAV,CON_OCI,14506.0,Mensual,SS_Conocimiento
2016-09-01,2016-M09,NAV,CON_OCI,14521.4,Mensual,SS_Conocimiento
2016-10-01,2016-M10,NAV,CON_OCI,14631.800000000001,Mensual,SS_Conocimiento
2016-11-01,2016-M11,NAV,CON_OCI,14691.3,Mensual,SS_Conocimiento
2016-12-01,2016-M12,NAV,CON_OCI,14643.0,Mensual,SS_Conocimiento
2017-01-01,2017-M01,NAV,CON_OCI,14494.0,Mensual,SS_Conocimiento
2017-02-01,2017-M02,NAV,CON_OCI,14597.1,Mensual,SS_Conocimiento
2017-03-01,2017-M03,NAV,CON_OCI,14720.400000000001,Mensual,SS_Conocimiento
2017-04-01,2017-M04,NAV,CON_OCI,14876.1,Mensual,SS_Conocimiento
2017-05-01,2017-M05,NAV,CON_OCI,14923.0,Mensual,SS_Conocimiento
2017-06-01,2017-M06,NAV,CON_OCI,14842.4,Mensual,SS_Conocimiento
2017-07-01,2017-M07,NAV,CON_OCI,14821.4,Mensual,SS_Conocimiento
2017-08-01,2017-M08,NAV,CON_OCI,14680.4,Mensual,SS_Conocimiento
2017-09-01,2017-M09,NAV,CON_OCI,14693.8,Mensual,SS_Conocimiento
2017-10-01,2017-M10,NAV,CON_OCI,14810.7,Mensual,SS_Conocimiento
2017-11-01,2017-M11,NAV,CON_OCI,14871.3,Mensual,SS_Conocimiento
2017-12-01,2017-M12,NAV,CON_OCI,14878.400000000001,Mensual,SS_Conocimiento
2018-01-01,2018-M01,NAV,CON_OCI,14880.5,Mensual,SS_Conocimiento
2018-02-01,2018-M02,NAV,CON_OCI,15057.8,Mensual,SS_Conocimiento
2018-03-01,2018-M03,NAV,CON_OCI,15116.6,Mensual,SS_Conocimiento
2018-04-01,2018-M04,NAV,CON_OCI,15132.0,Mensual,SS_Conocimiento
2018-05-01,2018-M05,NAV,CON_OCI,15191.699999999999,Mensual,SS_Conocimiento
2018-06-01,2018-M06,NAV,CON_OCI,15327.6,Mensual,SS_Conocimiento
2018-07-01,2018-M07,NAV,CON_OCI,15360.9,Mensual,SS_Conocimiento
2018-08-01,2018-M08,NAV,CON_OCI,15352.7,Mensual,SS_Conocimiento
2018-09-01,2018-M09,NAV,CON_OCI,15464.6,Mensual,SS_Conocimiento
2018-10-01,2018-M10,NAV,CON_OCI,15723.900000000001,Mensual,SS_Conocimiento
2018-11-01,2018-M11,NAV,CON_OCI,15783.199999999999,Mensual,SS_Conocimiento
2018-12-01,2018-M12,NAV,CON_OCI,15698.3,Mensual,SS_Conocimiento
2019-01-01,2019-M01,NAV,CON_OCI,15576.5,Mensual,SS_Conocimiento
2019-02-01,2019-M02,NAV,CON_OCI,15632.6,Mensual,SS_Conocimiento
2019-03-01,2019-M03,NAV,CON_OCI,15741.7,Mensual,SS_Conocimiento
2019-04-01,2019-M04,NAV,CON_OCI,15784.400000000001,Mensual,SS_Conocimiento
2019-05-01,2019-M05,NAV,CON_OCI,15804.3,Mensual,SS_Conocimiento
2019-06-01,2019-M06,NAV,CON_OCI,15924.9,Mensual,SS_Conocimiento
2019-07-01,2019-M07,NAV,CON_OCI,15954.1,Mensual,SS_Conocimiento
2019-08-01,2019-M08,NAV,CON_OCI,15931.7,Mensual,SS_Conocimiento
2019-09-01,2019-M09,NAV,CON_OCI,15960.2,Mensual,SS_Conocimiento
2019-10-01,2019-M10,NAV,CON_OCI,16141.3,Mensual,SS_Conocimiento
2019-11-01,2019-M11,NAV,CON_OCI,16173.3,Mensual,SS_Conocimiento
2019-12-01,2019-M12,NAV,CON_OCI,16150.9,Mensual,SS_Conocimiento
2020-01-01,2020-M01,NAV,CON_OCI,16105.300000000001,Mensual,SS_Conocimiento
2020-02-01,2020-M02,NAV,CON_OCI,16215.0,Mensual,SS_Conocimiento
2020-03-01,2020-M03,NAV,CON_OCI,16261.5,Mensual,SS_Conocimiento
2020-04-01,2020-M04,NAV,CON_OCI,16041.599999999999,Mensual,SS_Conocimiento
2020-05-01,2020-M05,NAV,CON_OCI,16026.4,Mensual,SS_Conocimiento
2020-06-01,2020-M06,NAV,CON_OCI,16148.599999999999,Mensual,SS_Conocimiento
2020-07-01,2020-M07,NAV,CON_OCI,16268.099999999999,Mensual,SS_Conocimiento
2020-08-01,2020-M08,NAV,CON_OCI,16269.900000000001,Mensual,SS_Conocimiento
2020-09-01,2020-M09,NAV,CON_OCI,16366.0,Mensual,SS_Conocimiento
2020-10-01,2020-M10,NAV,CON_OCI,16506.399999999998,Mensual,SS_Conocimiento
2020-11-01,2020-M11,NAV,CON_OCI,16540.5,Mensual,SS_Conocimiento
2020-12-01,2020-M12,NAV,CON_OCI,16566.0,Mensual,SS_Conocimiento
2021-01-01,2021-M01,NAV,CON_OCI,16554.0,Mensual,SS_Conocimiento
2021-02-01,2021-M02,NAV,CON_OCI,16658.7,Mensual,SS_Conocimiento
2021-03-01,2021-M03,NAV,CON_OCI,16693.2,Mensual,SS_Conocimiento
2021-04-01,2021-M04,NAV,CON_OCI,16785.1,Mensual,SS_Conocimiento
2021-05-01,2021-M05,NAV,CON_OCI,16875.1,Mensual,SS_Conocimiento
2021-06-01,2021-M06,NAV,CON_OCI,17037.399999999998,Mensual,SS_Conocimiento
2021-07-01,2021-M07,NAV,CON_OCI,17107.6,Mensual,SS_Conocimiento
2021-08-01,2021-M08,NAV,CON_OCI,17128.0,Mensual,SS_Conocimiento
2021-09-01,2021-M09,NAV,CON_OCI,17097.7,Mensual,SS_Conocimiento
2021-10-01,2021-M10,NAV,CON_OCI,17227.899999999998,Mensual,SS_Conocimiento
2021-11-01,2021-M11,NAV,CON_OCI,17303.6,Mensual,SS_Conocimiento
2021-12-01,2021-M12,NAV,CON_OCI,17267.5,Mensual,SS_Conocimiento
2022-01-01,2022-M01,NAV,CON_OCI,17171.3,Mensual,SS_Conocimiento
2022-02-01,2022-M02,NAV,CON_OCI,17283.0,Mensual,SS_Conocimiento
2022-03-01,2022-M03,NAV,CON_OCI,17358.899999999998,Mensual,SS_Conocimiento
2022-04-01,2022-M04,NAV,CON_OCI,17453.2,Mensual,SS_Conocimiento
2022-05-01,2022-M05,NAV,CON_OCI,17471.1,Mensual,SS_Conocimiento
2022-06-01,2022-M06,NAV,CON_OCI,17546.0,Mensual,SS_Conocimiento
2022-07-01,2022-M07,NAV,CON_OCI,17589.2,Mensual,SS_Conocimiento
2022-08-01,2022-M08,NAV,CON_OCI,17619.2,Mensual,SS_Conocimiento
2022-09-01,2022-M09,NAV,CON_OCI,17667.5,Mensual,SS_Conocimiento
2022-10-01,2022-M10,NAV,CON_OCI,17799.3,Mensual,SS_Conocimiento
2022-11-01,2022-M11,NAV,CON_OCI,17843.1,Mensual,SS_Conocimiento
2022-12-01,2022-M12,NAV,CON_OCI,17802.2,Mensual,SS_Conocimiento
2023-01-01,2023-M01,NAV,CON_OCI,17744.3,Mensual,SS_Conocimiento
2023-02-01,2023-M02,NAV,CON_OCI,17886.5,Mensual,SS_Conocimiento
2023-03-01,2023-M03,NAV,CON_OCI,17961.8,Mensual,SS_Conocimiento
2023-04-01,2023-M04,NAV,CON_OCI,17972.0,Mensual,SS_Conocimiento
2023-05-01,2023-M05,NAV,CON_OCI,18019.7,Mensual,SS_Conocimiento
2023-06-01,2023-M06,NAV,CON_OCI,18139.2,Mensual,SS_Conocimiento
2023-07-01,2023-M07,NAV,CON_OCI,18297.8,Mensual,SS_Conocimiento
2023-08-01,2023-M08,NAV,CON_OCI,18189.8,Mensual,SS_Conocimiento
2023-09-01,2023-M09,NAV,CON_OCI,18174.3,Mensual,SS_Conocimiento
2023-10-01,2023-M10,NAV,CON_OCI,18249.2,Mensual,SS_Conocimiento
2023-11-01,2023-M11,NAV,CON_OCI,18295.7,Mensual,SS_Conocimiento
2023-12-01,2023-M12,NAV,CON_OCI,18204.0,Mensual,SS_Conocimiento
2024-01-01,2024-M01,NAV,CON_OCI,18159.2,Mensual,SS_Conocimiento
2024-02-01,2024-M02,NAV,CON_OCI,18224.100000000002,Mensual,SS_Conocimiento
2024-03-01,2024-M03,NAV,CON_OCI,18289.9,Mensual,SS_Conocimiento
2024-04-01,2024-M04,NAV,CON_OCI,18243.7,Mensual,SS_Conocimiento
2024-05-01,2024-M05,NAV,CON_OCI,18322.8,Mensual,SS_Conocimiento
2024-06-01,2024-M06,NAV,CON_OCI,18397.4,Mensual,SS_Conocimiento
2024-07-01,2024-M07,NAV,CON_OCI,18433.1,Mensual,SS_Conocimiento
2024-08-01,2024-M08,NAV,CON_OCI,18501.3,Mensual,SS_Conocimiento
2024-09-01,2024-M09,NAV,CON_OCI,18632.399999999998,Mensual,SS_Conocimiento
2024-10-01,2024-M10,NAV,CON_OCI,18716.2,Mensual,SS_Conocimiento
2024-11-01,2024-M11,NAV,CON_OCI,18715.0,Mensual,SS_Conocimiento
2024-12-01,2024-M12,NAV,CON_OCI,18638.7,Mensual,SS_Conocimiento
2025-01-01,2025-M01,NAV,CON_OCI,18569.6,Mensual,SS_Conocimiento
2025-02-01,2025-M02,NAV,CON_OCI,18659.4,Mensual,SS_Conocimiento
2025-03-01,2025-M03,NAV,CON_OCI,18793.1,Mensual,SS_Conocimiento
2025-04-01,2025-M04,NAV,CON_OCI,18879.2,Mensual,SS_Conocimiento
2025-05-01,2025-M05,NAV,CON_OCI,18982.0,Mensual,SS_Conocimiento
2025-06-01,2025-M06,NAV,CON_OCI,19089.0,Mensual,SS_Conocimiento
2025-07-01,2025-M07,NAV,CON_OCI,19289.3,Mensual,SS_Conocimiento
2025-08-01,2025-M08,NAV,CON_OCI,19375.699999999997,Mensual,SS_Conocimiento
2025-09-01,2025-M09,NAV,CON_OCI,19383.199999999997,Mensual,SS_Conocimiento
2025-10-01,2025-M10,NAV,CON_OCI,19481.9,Mensual,SS_Conocimiento
2025-11-01,2025-M11,NAV,CON_OCI,19534.2,Mensual,SS_Conocimiento
2025-12-01,2025-M12,NAV,CON_OCI,19578.399999999998,Mensual,SS_Conocimiento
2026-01-01,2026-M01,NAV,CON_OCI,19656.15,Mensual,SS_Conocimiento
2026-02-01,2026-M02,NAV,CON_OCI,19818.699999999997,Mensual,SS_Conocimiento
2026-03-01,2026-M03,NAV,CON_OCI,19930.36,Mensual,SS_Conocimiento
2026-04-01,2026-M04,NAV,CON_OCI,19946.05,Mensual,SS_Conocimiento
2009-01-01,2009-M01,PV,CON_OCI,63077.8,Mensual,SS_Conocimiento
2009-02-01,2009-M02,PV,CON_OCI,63533.9,Mensual,SS_Conocimiento
2009-03-01,2009-M03,PV,CON_OCI,64258.200000000004,Mensual,SS_Conocimiento
2009-04-01,2009-M04,PV,CON_OCI,64082.899999999994,Mensual,SS_Conocimiento
2009-05-01,2009-M05,PV,CON_OCI,64454.0,Mensual,SS_Conocimiento
2009-06-01,2009-M06,PV,CON_OCI,64266.9,Mensual,SS_Conocimiento
2009-07-01,2009-M07,PV,CON_OCI,64066.0,Mensual,SS_Conocimiento
2009-08-01,2009-M08,PV,CON_OCI,63223.3,Mensual,SS_Conocimiento
2009-09-01,2009-M09,PV,CON_OCI,63461.799999999996,Mensual,SS_Conocimiento
2009-10-01,2009-M10,PV,CON_OCI,63760.2,Mensual,SS_Conocimiento
2009-11-01,2009-M11,PV,CON_OCI,64141.2,Mensual,SS_Conocimiento
2009-12-01,2009-M12,PV,CON_OCI,64164.3,Mensual,SS_Conocimiento
2010-01-01,2010-M01,PV,CON_OCI,63621.100000000006,Mensual,SS_Conocimiento
2010-02-01,2010-M02,PV,CON_OCI,63988.2,Mensual,SS_Conocimiento
2010-03-01,2010-M03,PV,CON_OCI,64179.899999999994,Mensual,SS_Conocimiento
2010-04-01,2010-M04,PV,CON_OCI,63985.1,Mensual,SS_Conocimiento
2010-05-01,2010-M05,PV,CON_OCI,64304.1,Mensual,SS_Conocimiento
2010-06-01,2010-M06,PV,CON_OCI,64335.4,Mensual,SS_Conocimiento
2010-07-01,2010-M07,PV,CON_OCI,64072.100000000006,Mensual,SS_Conocimiento
2010-08-01,2010-M08,PV,CON_OCI,63318.2,Mensual,SS_Conocimiento
2010-09-01,2010-M09,PV,CON_OCI,63816.4,Mensual,SS_Conocimiento
2010-10-01,2010-M10,PV,CON_OCI,64368.399999999994,Mensual,SS_Conocimiento
2010-11-01,2010-M11,PV,CON_OCI,64734.700000000004,Mensual,SS_Conocimiento
2010-12-01,2010-M12,PV,CON_OCI,64785.6,Mensual,SS_Conocimiento
2011-01-01,2011-M01,PV,CON_OCI,64317.3,Mensual,SS_Conocimiento
2011-02-01,2011-M02,PV,CON_OCI,64543.0,Mensual,SS_Conocimiento
2011-03-01,2011-M03,PV,CON_OCI,65053.299999999996,Mensual,SS_Conocimiento
2011-04-01,2011-M04,PV,CON_OCI,65031.5,Mensual,SS_Conocimiento
2011-05-01,2011-M05,PV,CON_OCI,65420.7,Mensual,SS_Conocimiento
2011-06-01,2011-M06,PV,CON_OCI,65465.399999999994,Mensual,SS_Conocimiento
2011-07-01,2011-M07,PV,CON_OCI,65024.5,Mensual,SS_Conocimiento
2011-08-01,2011-M08,PV,CON_OCI,64209.399999999994,Mensual,SS_Conocimiento
2011-09-01,2011-M09,PV,CON_OCI,64681.5,Mensual,SS_Conocimiento
2011-10-01,2011-M10,PV,CON_OCI,65029.7,Mensual,SS_Conocimiento
2011-11-01,2011-M11,PV,CON_OCI,65253.2,Mensual,SS_Conocimiento
2011-12-01,2011-M12,PV,CON_OCI,65329.4,Mensual,SS_Conocimiento
2012-01-01,2012-M01,PV,CON_OCI,64386.0,Mensual,SS_Conocimiento
2012-02-01,2012-M02,PV,CON_OCI,64341.200000000004,Mensual,SS_Conocimiento
2012-03-01,2012-M03,PV,CON_OCI,64400.700000000004,Mensual,SS_Conocimiento
2012-04-01,2012-M04,PV,CON_OCI,64356.2,Mensual,SS_Conocimiento
2012-05-01,2012-M05,PV,CON_OCI,64536.4,Mensual,SS_Conocimiento
2012-06-01,2012-M06,PV,CON_OCI,64521.8,Mensual,SS_Conocimiento
2012-07-01,2012-M07,PV,CON_OCI,64043.9,Mensual,SS_Conocimiento
2012-08-01,2012-M08,PV,CON_OCI,63283.8,Mensual,SS_Conocimiento
2012-09-01,2012-M09,PV,CON_OCI,63626.600000000006,Mensual,SS_Conocimiento
2012-10-01,2012-M10,PV,CON_OCI,63661.299999999996,Mensual,SS_Conocimiento
2012-11-01,2012-M11,PV,CON_OCI,63578.2,Mensual,SS_Conocimiento
2012-12-01,2012-M12,PV,CON_OCI,63549.7,Mensual,SS_Conocimiento
2013-01-01,2013-M01,PV,CON_OCI,62686.799999999996,Mensual,SS_Conocimiento
2013-02-01,2013-M02,PV,CON_OCI,62485.9,Mensual,SS_Conocimiento
2013-03-01,2013-M03,PV,CON_OCI,62482.2,Mensual,SS_Conocimiento
2013-04-01,2013-M04,PV,CON_OCI,62446.7,Mensual,SS_Conocimiento
2013-05-01,2013-M05,PV,CON_OCI,62443.2,Mensual,SS_Conocimiento
2013-06-01,2013-M06,PV,CON_OCI,62414.6,Mensual,SS_Conocimiento
2013-07-01,2013-M07,PV,CON_OCI,62087.9,Mensual,SS_Conocimiento
2013-08-01,2013-M08,PV,CON_OCI,61458.7,Mensual,SS_Conocimiento
2013-09-01,2013-M09,PV,CON_OCI,61832.899999999994,Mensual,SS_Conocimiento
2013-10-01,2013-M10,PV,CON_OCI,62216.0,Mensual,SS_Conocimiento
2013-11-01,2013-M11,PV,CON_OCI,62445.5,Mensual,SS_Conocimiento
2013-12-01,2013-M12,PV,CON_OCI,62400.4,Mensual,SS_Conocimiento
2014-01-01,2014-M01,PV,CON_OCI,61715.2,Mensual,SS_Conocimiento
2014-02-01,2014-M02,PV,CON_OCI,61900.8,Mensual,SS_Conocimiento
2014-03-01,2014-M03,PV,CON_OCI,62112.399999999994,Mensual,SS_Conocimiento
2014-04-01,2014-M04,PV,CON_OCI,62207.899999999994,Mensual,SS_Conocimiento
2014-05-01,2014-M05,PV,CON_OCI,62580.3,Mensual,SS_Conocimiento
2014-06-01,2014-M06,PV,CON_OCI,62929.7,Mensual,SS_Conocimiento
2014-07-01,2014-M07,PV,CON_OCI,62840.8,Mensual,SS_Conocimiento
2014-08-01,2014-M08,PV,CON_OCI,61961.5,Mensual,SS_Conocimiento
2014-09-01,2014-M09,PV,CON_OCI,62366.299999999996,Mensual,SS_Conocimiento
2014-10-01,2014-M10,PV,CON_OCI,62989.5,Mensual,SS_Conocimiento
2014-11-01,2014-M11,PV,CON_OCI,63372.5,Mensual,SS_Conocimiento
2014-12-01,2014-M12,PV,CON_OCI,63357.399999999994,Mensual,SS_Conocimiento
2015-01-01,2015-M01,PV,CON_OCI,63181.200000000004,Mensual,SS_Conocimiento
2015-02-01,2015-M02,PV,CON_OCI,63797.399999999994,Mensual,SS_Conocimiento
2015-03-01,2015-M03,PV,CON_OCI,64341.7,Mensual,SS_Conocimiento
2015-04-01,2015-M04,PV,CON_OCI,64371.0,Mensual,SS_Conocimiento
2015-05-01,2015-M05,PV,CON_OCI,64792.0,Mensual,SS_Conocimiento
2015-06-01,2015-M06,PV,CON_OCI,65493.6,Mensual,SS_Conocimiento
2015-07-01,2015-M07,PV,CON_OCI,65636.9,Mensual,SS_Conocimiento
2015-08-01,2015-M08,PV,CON_OCI,64775.4,Mensual,SS_Conocimiento
2015-09-01,2015-M09,PV,CON_OCI,65387.5,Mensual,SS_Conocimiento
2015-10-01,2015-M10,PV,CON_OCI,66112.5,Mensual,SS_Conocimiento
2015-11-01,2015-M11,PV,CON_OCI,66819.2,Mensual,SS_Conocimiento
2015-12-01,2015-M12,PV,CON_OCI,66869.6,Mensual,SS_Conocimiento
2016-01-01,2016-M01,PV,CON_OCI,66438.9,Mensual,SS_Conocimiento
2016-02-01,2016-M02,PV,CON_OCI,66715.7,Mensual,SS_Conocimiento
2016-03-01,2016-M03,PV,CON_OCI,66967.7,Mensual,SS_Conocimiento
2016-04-01,2016-M04,PV,CON_OCI,67147.1,Mensual,SS_Conocimiento
2016-05-01,2016-M05,PV,CON_OCI,67545.8,Mensual,SS_Conocimiento
2016-06-01,2016-M06,PV,CON_OCI,67896.09999999999,Mensual,SS_Conocimiento
2016-07-01,2016-M07,PV,CON_OCI,67688.6,Mensual,SS_Conocimiento
2016-08-01,2016-M08,PV,CON_OCI,66686.0,Mensual,SS_Conocimiento
2016-09-01,2016-M09,PV,CON_OCI,67327.2,Mensual,SS_Conocimiento
2016-10-01,2016-M10,PV,CON_OCI,67788.0,Mensual,SS_Conocimiento
2016-11-01,2016-M11,PV,CON_OCI,68248.0,Mensual,SS_Conocimiento
2016-12-01,2016-M12,PV,CON_OCI,68393.9,Mensual,SS_Conocimiento
2017-01-01,2017-M01,PV,CON_OCI,67769.7,Mensual,SS_Conocimiento
2017-02-01,2017-M02,PV,CON_OCI,68246.4,Mensual,SS_Conocimiento
2017-03-01,2017-M03,PV,CON_OCI,68714.3,Mensual,SS_Conocimiento
2017-04-01,2017-M04,PV,CON_OCI,68511.5,Mensual,SS_Conocimiento
2017-05-01,2017-M05,PV,CON_OCI,68790.5,Mensual,SS_Conocimiento
2017-06-01,2017-M06,PV,CON_OCI,69111.5,Mensual,SS_Conocimiento
2017-07-01,2017-M07,PV,CON_OCI,69059.7,Mensual,SS_Conocimiento
2017-08-01,2017-M08,PV,CON_OCI,68107.7,Mensual,SS_Conocimiento
2017-09-01,2017-M09,PV,CON_OCI,68695.5,Mensual,SS_Conocimiento
2017-10-01,2017-M10,PV,CON_OCI,69313.7,Mensual,SS_Conocimiento
2017-11-01,2017-M11,PV,CON_OCI,69748.9,Mensual,SS_Conocimiento
2017-12-01,2017-M12,PV,CON_OCI,69707.8,Mensual,SS_Conocimiento
2018-01-01,2018-M01,PV,CON_OCI,69465.2,Mensual,SS_Conocimiento
2018-02-01,2018-M02,PV,CON_OCI,70051.09999999999,Mensual,SS_Conocimiento
2018-03-01,2018-M03,PV,CON_OCI,70701.4,Mensual,SS_Conocimiento
2018-04-01,2018-M04,PV,CON_OCI,70894.0,Mensual,SS_Conocimiento
2018-05-01,2018-M05,PV,CON_OCI,71238.2,Mensual,SS_Conocimiento
2018-06-01,2018-M06,PV,CON_OCI,71388.5,Mensual,SS_Conocimiento
2018-07-01,2018-M07,PV,CON_OCI,71199.9,Mensual,SS_Conocimiento
2018-08-01,2018-M08,PV,CON_OCI,70057.5,Mensual,SS_Conocimiento
2018-09-01,2018-M09,PV,CON_OCI,70714.5,Mensual,SS_Conocimiento
2018-10-01,2018-M10,PV,CON_OCI,71490.20000000001,Mensual,SS_Conocimiento
2018-11-01,2018-M11,PV,CON_OCI,72165.79999999999,Mensual,SS_Conocimiento
2018-12-01,2018-M12,PV,CON_OCI,72186.7,Mensual,SS_Conocimiento
2019-01-01,2019-M01,PV,CON_OCI,71888.29999999999,Mensual,SS_Conocimiento
2019-02-01,2019-M02,PV,CON_OCI,72293.5,Mensual,SS_Conocimiento
2019-03-01,2019-M03,PV,CON_OCI,72767.0,Mensual,SS_Conocimiento
2019-04-01,2019-M04,PV,CON_OCI,72972.2,Mensual,SS_Conocimiento
2019-05-01,2019-M05,PV,CON_OCI,73417.4,Mensual,SS_Conocimiento
2019-06-01,2019-M06,PV,CON_OCI,73383.5,Mensual,SS_Conocimiento
2019-07-01,2019-M07,PV,CON_OCI,73087.9,Mensual,SS_Conocimiento
2019-08-01,2019-M08,PV,CON_OCI,71977.0,Mensual,SS_Conocimiento
2019-09-01,2019-M09,PV,CON_OCI,72667.9,Mensual,SS_Conocimiento
2019-10-01,2019-M10,PV,CON_OCI,73346.6,Mensual,SS_Conocimiento
2019-11-01,2019-M11,PV,CON_OCI,73906.4,Mensual,SS_Conocimiento
2019-12-01,2019-M12,PV,CON_OCI,73764.2,Mensual,SS_Conocimiento
2020-01-01,2020-M01,PV,CON_OCI,73374.5,Mensual,SS_Conocimiento
2020-02-01,2020-M02,PV,CON_OCI,73925.5,Mensual,SS_Conocimiento
2020-03-01,2020-M03,PV,CON_OCI,73773.6,Mensual,SS_Conocimiento
2020-04-01,2020-M04,PV,CON_OCI,72446.5,Mensual,SS_Conocimiento
2020-05-01,2020-M05,PV,CON_OCI,72187.6,Mensual,SS_Conocimiento
2020-06-01,2020-M06,PV,CON_OCI,72350.9,Mensual,SS_Conocimiento
2020-07-01,2020-M07,PV,CON_OCI,72611.6,Mensual,SS_Conocimiento
2020-08-01,2020-M08,PV,CON_OCI,71986.6,Mensual,SS_Conocimiento
2020-09-01,2020-M09,PV,CON_OCI,72443.0,Mensual,SS_Conocimiento
2020-10-01,2020-M10,PV,CON_OCI,73055.7,Mensual,SS_Conocimiento
2020-11-01,2020-M11,PV,CON_OCI,73452.5,Mensual,SS_Conocimiento
2020-12-01,2020-M12,PV,CON_OCI,73695.4,Mensual,SS_Conocimiento
2021-01-01,2021-M01,PV,CON_OCI,73394.2,Mensual,SS_Conocimiento
2021-02-01,2021-M02,PV,CON_OCI,73835.9,Mensual,SS_Conocimiento
2021-03-01,2021-M03,PV,CON_OCI,74332.9,Mensual,SS_Conocimiento
2021-04-01,2021-M04,PV,CON_OCI,74978.6,Mensual,SS_Conocimiento
2021-05-01,2021-M05,PV,CON_OCI,74873.0,Mensual,SS_Conocimiento
2021-06-01,2021-M06,PV,CON_OCI,75427.1,Mensual,SS_Conocimiento
2021-07-01,2021-M07,PV,CON_OCI,75472.3,Mensual,SS_Conocimiento
2021-08-01,2021-M08,PV,CON_OCI,74279.4,Mensual,SS_Conocimiento
2021-09-01,2021-M09,PV,CON_OCI,75063.7,Mensual,SS_Conocimiento
2021-10-01,2021-M10,PV,CON_OCI,75848.4,Mensual,SS_Conocimiento
2021-11-01,2021-M11,PV,CON_OCI,76496.6,Mensual,SS_Conocimiento
2021-12-01,2021-M12,PV,CON_OCI,76489.4,Mensual,SS_Conocimiento
2022-01-01,2022-M01,PV,CON_OCI,76309.3,Mensual,SS_Conocimiento
2022-02-01,2022-M02,PV,CON_OCI,76838.70000000001,Mensual,SS_Conocimiento
2022-03-01,2022-M03,PV,CON_OCI,77548.0,Mensual,SS_Conocimiento
2022-04-01,2022-M04,PV,CON_OCI,77623.1,Mensual,SS_Conocimiento
2022-05-01,2022-M05,PV,CON_OCI,77827.1,Mensual,SS_Conocimiento
2022-06-01,2022-M06,PV,CON_OCI,78362.2,Mensual,SS_Conocimiento
2022-07-01,2022-M07,PV,CON_OCI,78287.4,Mensual,SS_Conocimiento
2022-08-01,2022-M08,PV,CON_OCI,77065.3,Mensual,SS_Conocimiento
2022-09-01,2022-M09,PV,CON_OCI,77824.7,Mensual,SS_Conocimiento
2022-10-01,2022-M10,PV,CON_OCI,78658.0,Mensual,SS_Conocimiento
2022-11-01,2022-M11,PV,CON_OCI,79210.70000000001,Mensual,SS_Conocimiento
2022-12-01,2022-M12,PV,CON_OCI,79234.1,Mensual,SS_Conocimiento
2023-01-01,2023-M01,PV,CON_OCI,78914.3,Mensual,SS_Conocimiento
2023-02-01,2023-M02,PV,CON_OCI,79589.29999999999,Mensual,SS_Conocimiento
2023-03-01,2023-M03,PV,CON_OCI,80511.3,Mensual,SS_Conocimiento
2023-04-01,2023-M04,PV,CON_OCI,80780.0,Mensual,SS_Conocimiento
2023-05-01,2023-M05,PV,CON_OCI,80986.20000000001,Mensual,SS_Conocimiento
2023-06-01,2023-M06,PV,CON_OCI,81268.7,Mensual,SS_Conocimiento
2023-07-01,2023-M07,PV,CON_OCI,81306.0,Mensual,SS_Conocimiento
2023-08-01,2023-M08,PV,CON_OCI,80000.3,Mensual,SS_Conocimiento
2023-09-01,2023-M09,PV,CON_OCI,80943.0,Mensual,SS_Conocimiento
2023-10-01,2023-M10,PV,CON_OCI,81797.4,Mensual,SS_Conocimiento
2023-11-01,2023-M11,PV,CON_OCI,82398.9,Mensual,SS_Conocimiento
2023-12-01,2023-M12,PV,CON_OCI,82254.4,Mensual,SS_Conocimiento
2024-01-01,2024-M01,PV,CON_OCI,81968.1,Mensual,SS_Conocimiento
2024-02-01,2024-M02,PV,CON_OCI,82715.6,Mensual,SS_Conocimiento
2024-03-01,2024-M03,PV,CON_OCI,83126.1,Mensual,SS_Conocimiento
2024-04-01,2024-M04,PV,CON_OCI,83282.4,Mensual,SS_Conocimiento
2024-05-01,2024-M05,PV,CON_OCI,83524.1,Mensual,SS_Conocimiento
2024-06-01,2024-M06,PV,CON_OCI,83791.9,Mensual,SS_Conocimiento
2024-07-01,2024-M07,PV,CON_OCI,83454.2,Mensual,SS_Conocimiento
2024-08-01,2024-M08,PV,CON_OCI,82306.2,Mensual,SS_Conocimiento
2024-09-01,2024-M09,PV,CON_OCI,83263.8,Mensual,SS_Conocimiento
2024-10-01,2024-M10,PV,CON_OCI,84303.1,Mensual,SS_Conocimiento
2024-11-01,2024-M11,PV,CON_OCI,84823.5,Mensual,SS_Conocimiento
2024-12-01,2024-M12,PV,CON_OCI,84395.6,Mensual,SS_Conocimiento
2025-01-01,2025-M01,PV,CON_OCI,84046.8,Mensual,SS_Conocimiento
2025-02-01,2025-M02,PV,CON_OCI,84749.7,Mensual,SS_Conocimiento
2025-03-01,2025-M03,PV,CON_OCI,85557.6,Mensual,SS_Conocimiento
2025-04-01,2025-M04,PV,CON_OCI,85750.9,Mensual,SS_Conocimiento
2025-05-01,2025-M05,PV,CON_OCI,85904.70000000001,Mensual,SS_Conocimiento
2025-06-01,2025-M06,PV,CON_OCI,86188.6,Mensual,SS_Conocimiento
2025-07-01,2025-M07,PV,CON_OCI,86060.2,Mensual,SS_Conocimiento
2025-08-01,2025-M08,PV,CON_OCI,84673.0,Mensual,SS_Conocimiento
2025-09-01,2025-M09,PV,CON_OCI,85473.8,Mensual,SS_Conocimiento
2025-10-01,2025-M10,PV,CON_OCI,86297.0,Mensual,SS_Conocimiento
2025-11-01,2025-M11,PV,CON_OCI,86904.2,Mensual,SS_Conocimiento
2025-12-01,2025-M12,PV,CON_OCI,86656.3,Mensual,SS_Conocimiento
2026-01-01,2026-M01,PV,CON_OCI,87016.65000000001,Mensual,SS_Conocimiento
2026-02-01,2026-M02,PV,CON_OCI,87590.75,Mensual,SS_Conocimiento
2026-03-01,2026-M03,PV,CON_OCI,88024.82,Mensual,SS_Conocimiento
2026-04-01,2026-M04,PV,CON_OCI,87977.05,Mensual,SS_Conocimiento
2009-01-01,2009-M01,RIO,CON_OCI,5368.2,Mensual,SS_Conocimiento
2009-02-01,2009-M02,RIO,CON_OCI,5386.5,Mensual,SS_Conocimiento
2009-03-01,2009-M03,RIO,CON_OCI,5390.1,Mensual,SS_Conocimiento
2009-04-01,2009-M04,RIO,CON_OCI,5379.299999999999,Mensual,SS_Conocimiento
2009-05-01,2009-M05,RIO,CON_OCI,5383.200000000001,Mensual,SS_Conocimiento
2009-06-01,2009-M06,RIO,CON_OCI,5371.4,Mensual,SS_Conocimiento
2009-07-01,2009-M07,RIO,CON_OCI,5379.1,Mensual,SS_Conocimiento
2009-08-01,2009-M08,RIO,CON_OCI,5347.1,Mensual,SS_Conocimiento
2009-09-01,2009-M09,RIO,CON_OCI,5404.1,Mensual,SS_Conocimiento
2009-10-01,2009-M10,RIO,CON_OCI,5459.1,Mensual,SS_Conocimiento
2009-11-01,2009-M11,RIO,CON_OCI,5390.8,Mensual,SS_Conocimiento
2009-12-01,2009-M12,RIO,CON_OCI,5395.700000000001,Mensual,SS_Conocimiento
2010-01-01,2010-M01,RIO,CON_OCI,5370.1,Mensual,SS_Conocimiento
2010-02-01,2010-M02,RIO,CON_OCI,5376.3,Mensual,SS_Conocimiento
2010-03-01,2010-M03,RIO,CON_OCI,5377.099999999999,Mensual,SS_Conocimiento
2010-04-01,2010-M04,RIO,CON_OCI,5379.400000000001,Mensual,SS_Conocimiento
2010-05-01,2010-M05,RIO,CON_OCI,5376.8,Mensual,SS_Conocimiento
2010-06-01,2010-M06,RIO,CON_OCI,5375.6,Mensual,SS_Conocimiento
2010-07-01,2010-M07,RIO,CON_OCI,5394.9,Mensual,SS_Conocimiento
2010-08-01,2010-M08,RIO,CON_OCI,5386.299999999999,Mensual,SS_Conocimiento
2010-09-01,2010-M09,RIO,CON_OCI,5430.6,Mensual,SS_Conocimiento
2010-10-01,2010-M10,RIO,CON_OCI,5518.799999999999,Mensual,SS_Conocimiento
2010-11-01,2010-M11,RIO,CON_OCI,5429.6,Mensual,SS_Conocimiento
2010-12-01,2010-M12,RIO,CON_OCI,5433.4,Mensual,SS_Conocimiento
2011-01-01,2011-M01,RIO,CON_OCI,5418.599999999999,Mensual,SS_Conocimiento
2011-02-01,2011-M02,RIO,CON_OCI,5405.6,Mensual,SS_Conocimiento
2011-03-01,2011-M03,RIO,CON_OCI,5402.3,Mensual,SS_Conocimiento
2011-04-01,2011-M04,RIO,CON_OCI,5401.299999999999,Mensual,SS_Conocimiento
2011-05-01,2011-M05,RIO,CON_OCI,5419.6,Mensual,SS_Conocimiento
2011-06-01,2011-M06,RIO,CON_OCI,5409.5,Mensual,SS_Conocimiento
2011-07-01,2011-M07,RIO,CON_OCI,5396.7,Mensual,SS_Conocimiento
2011-08-01,2011-M08,RIO,CON_OCI,5354.7,Mensual,SS_Conocimiento
2011-09-01,2011-M09,RIO,CON_OCI,5418.900000000001,Mensual,SS_Conocimiento
2011-10-01,2011-M10,RIO,CON_OCI,5377.1,Mensual,SS_Conocimiento
2011-11-01,2011-M11,RIO,CON_OCI,5299.799999999999,Mensual,SS_Conocimiento
2011-12-01,2011-M12,RIO,CON_OCI,5258.799999999999,Mensual,SS_Conocimiento
2012-01-01,2012-M01,RIO,CON_OCI,5214.6,Mensual,SS_Conocimiento
2012-02-01,2012-M02,RIO,CON_OCI,5199.3,Mensual,SS_Conocimiento
2012-03-01,2012-M03,RIO,CON_OCI,5183.5,Mensual,SS_Conocimiento
2012-04-01,2012-M04,RIO,CON_OCI,5146.1,Mensual,SS_Conocimiento
2012-05-01,2012-M05,RIO,CON_OCI,5119.2,Mensual,SS_Conocimiento
2012-06-01,2012-M06,RIO,CON_OCI,5122.7,Mensual,SS_Conocimiento
2012-07-01,2012-M07,RIO,CON_OCI,5112.6,Mensual,SS_Conocimiento
2012-08-01,2012-M08,RIO,CON_OCI,5096.8,Mensual,SS_Conocimiento
2012-09-01,2012-M09,RIO,CON_OCI,5150.1,Mensual,SS_Conocimiento
2012-10-01,2012-M10,RIO,CON_OCI,5188.6,Mensual,SS_Conocimiento
2012-11-01,2012-M11,RIO,CON_OCI,5077.6,Mensual,SS_Conocimiento
2012-12-01,2012-M12,RIO,CON_OCI,5072.6,Mensual,SS_Conocimiento
2013-01-01,2013-M01,RIO,CON_OCI,5027.2,Mensual,SS_Conocimiento
2013-02-01,2013-M02,RIO,CON_OCI,5029.7,Mensual,SS_Conocimiento
2013-03-01,2013-M03,RIO,CON_OCI,4996.3,Mensual,SS_Conocimiento
2013-04-01,2013-M04,RIO,CON_OCI,4972.5,Mensual,SS_Conocimiento
2013-05-01,2013-M05,RIO,CON_OCI,4949.5,Mensual,SS_Conocimiento
2013-06-01,2013-M06,RIO,CON_OCI,4967.7,Mensual,SS_Conocimiento
2013-07-01,2013-M07,RIO,CON_OCI,4956.3,Mensual,SS_Conocimiento
2013-08-01,2013-M08,RIO,CON_OCI,4931.9,Mensual,SS_Conocimiento
2013-09-01,2013-M09,RIO,CON_OCI,4906.6,Mensual,SS_Conocimiento
2013-10-01,2013-M10,RIO,CON_OCI,5071.6,Mensual,SS_Conocimiento
2013-11-01,2013-M11,RIO,CON_OCI,4941.8,Mensual,SS_Conocimiento
2013-12-01,2013-M12,RIO,CON_OCI,4979.4,Mensual,SS_Conocimiento
2014-01-01,2014-M01,RIO,CON_OCI,4970.8,Mensual,SS_Conocimiento
2014-02-01,2014-M02,RIO,CON_OCI,5019.1,Mensual,SS_Conocimiento
2014-03-01,2014-M03,RIO,CON_OCI,5035.0,Mensual,SS_Conocimiento
2014-04-01,2014-M04,RIO,CON_OCI,5058.5,Mensual,SS_Conocimiento
2014-05-01,2014-M05,RIO,CON_OCI,5050.2,Mensual,SS_Conocimiento
2014-06-01,2014-M06,RIO,CON_OCI,5033.2,Mensual,SS_Conocimiento
2014-07-01,2014-M07,RIO,CON_OCI,5053.1,Mensual,SS_Conocimiento
2014-08-01,2014-M08,RIO,CON_OCI,5024.6,Mensual,SS_Conocimiento
2014-09-01,2014-M09,RIO,CON_OCI,5048.6,Mensual,SS_Conocimiento
2014-10-01,2014-M10,RIO,CON_OCI,5177.5,Mensual,SS_Conocimiento
2014-11-01,2014-M11,RIO,CON_OCI,5057.1,Mensual,SS_Conocimiento
2014-12-01,2014-M12,RIO,CON_OCI,5081.2,Mensual,SS_Conocimiento
2015-01-01,2015-M01,RIO,CON_OCI,5080.099999999999,Mensual,SS_Conocimiento
2015-02-01,2015-M02,RIO,CON_OCI,5111.7,Mensual,SS_Conocimiento
2015-03-01,2015-M03,RIO,CON_OCI,5149.799999999999,Mensual,SS_Conocimiento
2015-04-01,2015-M04,RIO,CON_OCI,5182.900000000001,Mensual,SS_Conocimiento
2015-05-01,2015-M05,RIO,CON_OCI,5196.400000000001,Mensual,SS_Conocimiento
2015-06-01,2015-M06,RIO,CON_OCI,5208.900000000001,Mensual,SS_Conocimiento
2015-07-01,2015-M07,RIO,CON_OCI,5263.1,Mensual,SS_Conocimiento
2015-08-01,2015-M08,RIO,CON_OCI,5228.099999999999,Mensual,SS_Conocimiento
2015-09-01,2015-M09,RIO,CON_OCI,5311.0,Mensual,SS_Conocimiento
2015-10-01,2015-M10,RIO,CON_OCI,5286.900000000001,Mensual,SS_Conocimiento
2015-11-01,2015-M11,RIO,CON_OCI,5245.8,Mensual,SS_Conocimiento
2015-12-01,2015-M12,RIO,CON_OCI,5261.2,Mensual,SS_Conocimiento
2016-01-01,2016-M01,RIO,CON_OCI,5233.6,Mensual,SS_Conocimiento
2016-02-01,2016-M02,RIO,CON_OCI,5252.099999999999,Mensual,SS_Conocimiento
2016-03-01,2016-M03,RIO,CON_OCI,5264.700000000001,Mensual,SS_Conocimiento
2016-04-01,2016-M04,RIO,CON_OCI,5265.5,Mensual,SS_Conocimiento
2016-05-01,2016-M05,RIO,CON_OCI,5249.6,Mensual,SS_Conocimiento
2016-06-01,2016-M06,RIO,CON_OCI,5255.2,Mensual,SS_Conocimiento
2016-07-01,2016-M07,RIO,CON_OCI,5288.400000000001,Mensual,SS_Conocimiento
2016-08-01,2016-M08,RIO,CON_OCI,5261.5,Mensual,SS_Conocimiento
2016-09-01,2016-M09,RIO,CON_OCI,5273.9,Mensual,SS_Conocimiento
2016-10-01,2016-M10,RIO,CON_OCI,5317.299999999999,Mensual,SS_Conocimiento
2016-11-01,2016-M11,RIO,CON_OCI,5337.4,Mensual,SS_Conocimiento
2016-12-01,2016-M12,RIO,CON_OCI,5337.400000000001,Mensual,SS_Conocimiento
2017-01-01,2017-M01,RIO,CON_OCI,5325.0,Mensual,SS_Conocimiento
2017-02-01,2017-M02,RIO,CON_OCI,5345.799999999999,Mensual,SS_Conocimiento
2017-03-01,2017-M03,RIO,CON_OCI,5380.0,Mensual,SS_Conocimiento
2017-04-01,2017-M04,RIO,CON_OCI,5381.200000000001,Mensual,SS_Conocimiento
2017-05-01,2017-M05,RIO,CON_OCI,5381.5,Mensual,SS_Conocimiento
2017-06-01,2017-M06,RIO,CON_OCI,5381.6,Mensual,SS_Conocimiento
2017-07-01,2017-M07,RIO,CON_OCI,5427.6,Mensual,SS_Conocimiento
2017-08-01,2017-M08,RIO,CON_OCI,5365.0,Mensual,SS_Conocimiento
2017-09-01,2017-M09,RIO,CON_OCI,5370.700000000001,Mensual,SS_Conocimiento
2017-10-01,2017-M10,RIO,CON_OCI,5392.3,Mensual,SS_Conocimiento
2017-11-01,2017-M11,RIO,CON_OCI,5409.0,Mensual,SS_Conocimiento
2017-12-01,2017-M12,RIO,CON_OCI,5404.799999999999,Mensual,SS_Conocimiento
2018-01-01,2018-M01,RIO,CON_OCI,5394.799999999999,Mensual,SS_Conocimiento
2018-02-01,2018-M02,RIO,CON_OCI,5420.0,Mensual,SS_Conocimiento
2018-03-01,2018-M03,RIO,CON_OCI,5465.799999999999,Mensual,SS_Conocimiento
2018-04-01,2018-M04,RIO,CON_OCI,5510.6,Mensual,SS_Conocimiento
2018-05-01,2018-M05,RIO,CON_OCI,5516.5,Mensual,SS_Conocimiento
2018-06-01,2018-M06,RIO,CON_OCI,5506.1,Mensual,SS_Conocimiento
2018-07-01,2018-M07,RIO,CON_OCI,5538.2,Mensual,SS_Conocimiento
2018-08-01,2018-M08,RIO,CON_OCI,5511.700000000001,Mensual,SS_Conocimiento
2018-09-01,2018-M09,RIO,CON_OCI,5517.1,Mensual,SS_Conocimiento
2018-10-01,2018-M10,RIO,CON_OCI,5569.5,Mensual,SS_Conocimiento
2018-11-01,2018-M11,RIO,CON_OCI,5608.6,Mensual,SS_Conocimiento
2018-12-01,2018-M12,RIO,CON_OCI,5628.1,Mensual,SS_Conocimiento
2019-01-01,2019-M01,RIO,CON_OCI,5610.400000000001,Mensual,SS_Conocimiento
2019-02-01,2019-M02,RIO,CON_OCI,5654.6,Mensual,SS_Conocimiento
2019-03-01,2019-M03,RIO,CON_OCI,5731.0,Mensual,SS_Conocimiento
2019-04-01,2019-M04,RIO,CON_OCI,5734.6,Mensual,SS_Conocimiento
2019-05-01,2019-M05,RIO,CON_OCI,5728.299999999999,Mensual,SS_Conocimiento
2019-06-01,2019-M06,RIO,CON_OCI,5731.299999999999,Mensual,SS_Conocimiento
2019-07-01,2019-M07,RIO,CON_OCI,5780.8,Mensual,SS_Conocimiento
2019-08-01,2019-M08,RIO,CON_OCI,5730.5,Mensual,SS_Conocimiento
2019-09-01,2019-M09,RIO,CON_OCI,5745.1,Mensual,SS_Conocimiento
2019-10-01,2019-M10,RIO,CON_OCI,5787.4,Mensual,SS_Conocimiento
2019-11-01,2019-M11,RIO,CON_OCI,5794.0,Mensual,SS_Conocimiento
2019-12-01,2019-M12,RIO,CON_OCI,5805.4,Mensual,SS_Conocimiento
2020-01-01,2020-M01,RIO,CON_OCI,5843.1,Mensual,SS_Conocimiento
2020-02-01,2020-M02,RIO,CON_OCI,5897.700000000001,Mensual,SS_Conocimiento
2020-03-01,2020-M03,RIO,CON_OCI,5912.5,Mensual,SS_Conocimiento
2020-04-01,2020-M04,RIO,CON_OCI,5782.9,Mensual,SS_Conocimiento
2020-05-01,2020-M05,RIO,CON_OCI,5799.799999999999,Mensual,SS_Conocimiento
2020-06-01,2020-M06,RIO,CON_OCI,5832.5,Mensual,SS_Conocimiento
2020-07-01,2020-M07,RIO,CON_OCI,5912.700000000001,Mensual,SS_Conocimiento
2020-08-01,2020-M08,RIO,CON_OCI,5927.2,Mensual,SS_Conocimiento
2020-09-01,2020-M09,RIO,CON_OCI,5964.5,Mensual,SS_Conocimiento
2020-10-01,2020-M10,RIO,CON_OCI,5972.9,Mensual,SS_Conocimiento
2020-11-01,2020-M11,RIO,CON_OCI,6027.200000000001,Mensual,SS_Conocimiento
2020-12-01,2020-M12,RIO,CON_OCI,6052.0,Mensual,SS_Conocimiento
2021-01-01,2021-M01,RIO,CON_OCI,6065.6,Mensual,SS_Conocimiento
2021-02-01,2021-M02,RIO,CON_OCI,6100.0,Mensual,SS_Conocimiento
2021-03-01,2021-M03,RIO,CON_OCI,6147.400000000001,Mensual,SS_Conocimiento
2021-04-01,2021-M04,RIO,CON_OCI,6172.200000000001,Mensual,SS_Conocimiento
2021-05-01,2021-M05,RIO,CON_OCI,6209.4,Mensual,SS_Conocimiento
2021-06-01,2021-M06,RIO,CON_OCI,6194.5,Mensual,SS_Conocimiento
2021-07-01,2021-M07,RIO,CON_OCI,6258.200000000001,Mensual,SS_Conocimiento
2021-08-01,2021-M08,RIO,CON_OCI,6253.9,Mensual,SS_Conocimiento
2021-09-01,2021-M09,RIO,CON_OCI,6298.4,Mensual,SS_Conocimiento
2021-10-01,2021-M10,RIO,CON_OCI,6332.0,Mensual,SS_Conocimiento
2021-11-01,2021-M11,RIO,CON_OCI,6360.3,Mensual,SS_Conocimiento
2021-12-01,2021-M12,RIO,CON_OCI,6378.9,Mensual,SS_Conocimiento
2022-01-01,2022-M01,RIO,CON_OCI,6364.2,Mensual,SS_Conocimiento
2022-02-01,2022-M02,RIO,CON_OCI,6398.5,Mensual,SS_Conocimiento
2022-03-01,2022-M03,RIO,CON_OCI,6472.8,Mensual,SS_Conocimiento
2022-04-01,2022-M04,RIO,CON_OCI,6554.900000000001,Mensual,SS_Conocimiento
2022-05-01,2022-M05,RIO,CON_OCI,6609.3,Mensual,SS_Conocimiento
2022-06-01,2022-M06,RIO,CON_OCI,6510.1,Mensual,SS_Conocimiento
2022-07-01,2022-M07,RIO,CON_OCI,6520.7,Mensual,SS_Conocimiento
2022-08-01,2022-M08,RIO,CON_OCI,6493.400000000001,Mensual,SS_Conocimiento
2022-09-01,2022-M09,RIO,CON_OCI,6549.200000000001,Mensual,SS_Conocimiento
2022-10-01,2022-M10,RIO,CON_OCI,6554.3,Mensual,SS_Conocimiento
2022-11-01,2022-M11,RIO,CON_OCI,6580.4,Mensual,SS_Conocimiento
2022-12-01,2022-M12,RIO,CON_OCI,6572.799999999999,Mensual,SS_Conocimiento
2023-01-01,2023-M01,RIO,CON_OCI,6574.9,Mensual,SS_Conocimiento
2023-02-01,2023-M02,RIO,CON_OCI,6643.5,Mensual,SS_Conocimiento
2023-03-01,2023-M03,RIO,CON_OCI,6717.5,Mensual,SS_Conocimiento
2023-04-01,2023-M04,RIO,CON_OCI,6743.7,Mensual,SS_Conocimiento
2023-05-01,2023-M05,RIO,CON_OCI,6760.8,Mensual,SS_Conocimiento
2023-06-01,2023-M06,RIO,CON_OCI,6618.2,Mensual,SS_Conocimiento
2023-07-01,2023-M07,RIO,CON_OCI,6619.099999999999,Mensual,SS_Conocimiento
2023-08-01,2023-M08,RIO,CON_OCI,6585.4,Mensual,SS_Conocimiento
2023-09-01,2023-M09,RIO,CON_OCI,6624.8,Mensual,SS_Conocimiento
2023-10-01,2023-M10,RIO,CON_OCI,6649.8,Mensual,SS_Conocimiento
2023-11-01,2023-M11,RIO,CON_OCI,6665.7,Mensual,SS_Conocimiento
2023-12-01,2023-M12,RIO,CON_OCI,6653.8,Mensual,SS_Conocimiento
2024-01-01,2024-M01,RIO,CON_OCI,6707.799999999999,Mensual,SS_Conocimiento
2024-02-01,2024-M02,RIO,CON_OCI,6764.3,Mensual,SS_Conocimiento
2024-03-01,2024-M03,RIO,CON_OCI,6764.700000000001,Mensual,SS_Conocimiento
2024-04-01,2024-M04,RIO,CON_OCI,6791.5,Mensual,SS_Conocimiento
2024-05-01,2024-M05,RIO,CON_OCI,6812.5,Mensual,SS_Conocimiento
2024-06-01,2024-M06,RIO,CON_OCI,6763.8,Mensual,SS_Conocimiento
2024-07-01,2024-M07,RIO,CON_OCI,6806.8,Mensual,SS_Conocimiento
2024-08-01,2024-M08,RIO,CON_OCI,6742.4,Mensual,SS_Conocimiento
2024-09-01,2024-M09,RIO,CON_OCI,6745.4,Mensual,SS_Conocimiento
2024-10-01,2024-M10,RIO,CON_OCI,6785.900000000001,Mensual,SS_Conocimiento
2024-11-01,2024-M11,RIO,CON_OCI,6815.1,Mensual,SS_Conocimiento
2024-12-01,2024-M12,RIO,CON_OCI,6793.299999999999,Mensual,SS_Conocimiento
2025-01-01,2025-M01,RIO,CON_OCI,6753.799999999999,Mensual,SS_Conocimiento
2025-02-01,2025-M02,RIO,CON_OCI,6826.5,Mensual,SS_Conocimiento
2025-03-01,2025-M03,RIO,CON_OCI,6877.7,Mensual,SS_Conocimiento
2025-04-01,2025-M04,RIO,CON_OCI,6915.5,Mensual,SS_Conocimiento
2025-05-01,2025-M05,RIO,CON_OCI,6924.200000000001,Mensual,SS_Conocimiento
2025-06-01,2025-M06,RIO,CON_OCI,6900.6,Mensual,SS_Conocimiento
2025-07-01,2025-M07,RIO,CON_OCI,6961.5,Mensual,SS_Conocimiento
2025-08-01,2025-M08,RIO,CON_OCI,6929.799999999999,Mensual,SS_Conocimiento
2025-09-01,2025-M09,RIO,CON_OCI,6970.099999999999,Mensual,SS_Conocimiento
2025-10-01,2025-M10,RIO,CON_OCI,7000.8,Mensual,SS_Conocimiento
2025-11-01,2025-M11,RIO,CON_OCI,7024.1,Mensual,SS_Conocimiento
2025-12-01,2025-M12,RIO,CON_OCI,7001.299999999999,Mensual,SS_Conocimiento
2026-01-01,2026-M01,RIO,CON_OCI,7042.6,Mensual,SS_Conocimiento
2026-02-01,2026-M02,RIO,CON_OCI,7132.5,Mensual,SS_Conocimiento
2026-03-01,2026-M03,RIO,CON_OCI,7172.72,Mensual,SS_Conocimiento
2026-04-01,2026-M04,RIO,CON_OCI,7174.3,Mensual,SS_Conocimiento
2009-01-01,2009-M01,VAL,CON_OCI,96702.1,Mensual,SS_Conocimiento
2009-02-01,2009-M02,VAL,CON_OCI,96757.1,Mensual,SS_Conocimiento
2009-03-01,2009-M03,VAL,CON_OCI,96646.1,Mensual,SS_Conocimiento
2009-04-01,2009-M04,VAL,CON_OCI,96216.40000000001,Mensual,SS_Conocimiento
2009-05-01,2009-M05,VAL,CON_OCI,96231.2,Mensual,SS_Conocimiento
2009-06-01,2009-M06,VAL,CON_OCI,96124.9,Mensual,SS_Conocimiento
2009-07-01,2009-M07,VAL,CON_OCI,96367.8,Mensual,SS_Conocimiento
2009-08-01,2009-M08,VAL,CON_OCI,94856.09999999999,Mensual,SS_Conocimiento
2009-09-01,2009-M09,VAL,CON_OCI,95323.5,Mensual,SS_Conocimiento
2009-10-01,2009-M10,VAL,CON_OCI,95571.0,Mensual,SS_Conocimiento
2009-11-01,2009-M11,VAL,CON_OCI,95691.4,Mensual,SS_Conocimiento
2009-12-01,2009-M12,VAL,CON_OCI,95627.1,Mensual,SS_Conocimiento
2010-01-01,2010-M01,VAL,CON_OCI,94553.4,Mensual,SS_Conocimiento
2010-02-01,2010-M02,VAL,CON_OCI,94874.6,Mensual,SS_Conocimiento
2010-03-01,2010-M03,VAL,CON_OCI,94938.7,Mensual,SS_Conocimiento
2010-04-01,2010-M04,VAL,CON_OCI,94976.6,Mensual,SS_Conocimiento
2010-05-01,2010-M05,VAL,CON_OCI,95580.0,Mensual,SS_Conocimiento
2010-06-01,2010-M06,VAL,CON_OCI,95890.3,Mensual,SS_Conocimiento
2010-07-01,2010-M07,VAL,CON_OCI,95630.6,Mensual,SS_Conocimiento
2010-08-01,2010-M08,VAL,CON_OCI,94186.70000000001,Mensual,SS_Conocimiento
2010-09-01,2010-M09,VAL,CON_OCI,95204.7,Mensual,SS_Conocimiento
2010-10-01,2010-M10,VAL,CON_OCI,95561.40000000001,Mensual,SS_Conocimiento
2010-11-01,2010-M11,VAL,CON_OCI,95677.9,Mensual,SS_Conocimiento
2010-12-01,2010-M12,VAL,CON_OCI,95293.5,Mensual,SS_Conocimiento
2011-01-01,2011-M01,VAL,CON_OCI,94367.8,Mensual,SS_Conocimiento
2011-02-01,2011-M02,VAL,CON_OCI,94403.7,Mensual,SS_Conocimiento
2011-03-01,2011-M03,VAL,CON_OCI,94675.09999999999,Mensual,SS_Conocimiento
2011-04-01,2011-M04,VAL,CON_OCI,94811.4,Mensual,SS_Conocimiento
2011-05-01,2011-M05,VAL,CON_OCI,94853.40000000001,Mensual,SS_Conocimiento
2011-06-01,2011-M06,VAL,CON_OCI,94956.9,Mensual,SS_Conocimiento
2011-07-01,2011-M07,VAL,CON_OCI,94606.09999999999,Mensual,SS_Conocimiento
2011-08-01,2011-M08,VAL,CON_OCI,92988.29999999999,Mensual,SS_Conocimiento
2011-09-01,2011-M09,VAL,CON_OCI,93409.2,Mensual,SS_Conocimiento
2011-10-01,2011-M10,VAL,CON_OCI,93540.8,Mensual,SS_Conocimiento
2011-11-01,2011-M11,VAL,CON_OCI,93331.29999999999,Mensual,SS_Conocimiento
2011-12-01,2011-M12,VAL,CON_OCI,93257.79999999999,Mensual,SS_Conocimiento
2012-01-01,2012-M01,VAL,CON_OCI,90956.0,Mensual,SS_Conocimiento
2012-02-01,2012-M02,VAL,CON_OCI,90608.90000000001,Mensual,SS_Conocimiento
2012-03-01,2012-M03,VAL,CON_OCI,90465.70000000001,Mensual,SS_Conocimiento
2012-04-01,2012-M04,VAL,CON_OCI,90316.20000000001,Mensual,SS_Conocimiento
2012-05-01,2012-M05,VAL,CON_OCI,90371.4,Mensual,SS_Conocimiento
2012-06-01,2012-M06,VAL,CON_OCI,90551.59999999999,Mensual,SS_Conocimiento
2012-07-01,2012-M07,VAL,CON_OCI,90082.4,Mensual,SS_Conocimiento
2012-08-01,2012-M08,VAL,CON_OCI,88550.4,Mensual,SS_Conocimiento
2012-09-01,2012-M09,VAL,CON_OCI,88752.5,Mensual,SS_Conocimiento
2012-10-01,2012-M10,VAL,CON_OCI,88862.9,Mensual,SS_Conocimiento
2012-11-01,2012-M11,VAL,CON_OCI,88965.79999999999,Mensual,SS_Conocimiento
2012-12-01,2012-M12,VAL,CON_OCI,88729.9,Mensual,SS_Conocimiento
2013-01-01,2013-M01,VAL,CON_OCI,87089.7,Mensual,SS_Conocimiento
2013-02-01,2013-M02,VAL,CON_OCI,86830.6,Mensual,SS_Conocimiento
2013-03-01,2013-M03,VAL,CON_OCI,86746.1,Mensual,SS_Conocimiento
2013-04-01,2013-M04,VAL,CON_OCI,86881.5,Mensual,SS_Conocimiento
2013-05-01,2013-M05,VAL,CON_OCI,87231.1,Mensual,SS_Conocimiento
2013-06-01,2013-M06,VAL,CON_OCI,87425.4,Mensual,SS_Conocimiento
2013-07-01,2013-M07,VAL,CON_OCI,87411.0,Mensual,SS_Conocimiento
2013-08-01,2013-M08,VAL,CON_OCI,85915.0,Mensual,SS_Conocimiento
2013-09-01,2013-M09,VAL,CON_OCI,86569.0,Mensual,SS_Conocimiento
2013-10-01,2013-M10,VAL,CON_OCI,87612.2,Mensual,SS_Conocimiento
2013-11-01,2013-M11,VAL,CON_OCI,88386.59999999999,Mensual,SS_Conocimiento
2013-12-01,2013-M12,VAL,CON_OCI,89220.5,Mensual,SS_Conocimiento
2014-01-01,2014-M01,VAL,CON_OCI,88387.4,Mensual,SS_Conocimiento
2014-02-01,2014-M02,VAL,CON_OCI,89093.0,Mensual,SS_Conocimiento
2014-03-01,2014-M03,VAL,CON_OCI,89713.9,Mensual,SS_Conocimiento
2014-04-01,2014-M04,VAL,CON_OCI,90333.7,Mensual,SS_Conocimiento
2014-05-01,2014-M05,VAL,CON_OCI,90395.5,Mensual,SS_Conocimiento
2014-06-01,2014-M06,VAL,CON_OCI,90185.6,Mensual,SS_Conocimiento
2014-07-01,2014-M07,VAL,CON_OCI,90627.90000000001,Mensual,SS_Conocimiento
2014-08-01,2014-M08,VAL,CON_OCI,89292.0,Mensual,SS_Conocimiento
2014-09-01,2014-M09,VAL,CON_OCI,90139.8,Mensual,SS_Conocimiento
2014-10-01,2014-M10,VAL,CON_OCI,91137.4,Mensual,SS_Conocimiento
2014-11-01,2014-M11,VAL,CON_OCI,92257.7,Mensual,SS_Conocimiento
2014-12-01,2014-M12,VAL,CON_OCI,92698.6,Mensual,SS_Conocimiento
2015-01-01,2015-M01,VAL,CON_OCI,92056.8,Mensual,SS_Conocimiento
2015-02-01,2015-M02,VAL,CON_OCI,93152.5,Mensual,SS_Conocimiento
2015-03-01,2015-M03,VAL,CON_OCI,94043.0,Mensual,SS_Conocimiento
2015-04-01,2015-M04,VAL,CON_OCI,94666.4,Mensual,SS_Conocimiento
2015-05-01,2015-M05,VAL,CON_OCI,95492.6,Mensual,SS_Conocimiento
2015-06-01,2015-M06,VAL,CON_OCI,96183.0,Mensual,SS_Conocimiento
2015-07-01,2015-M07,VAL,CON_OCI,96939.1,Mensual,SS_Conocimiento
2015-08-01,2015-M08,VAL,CON_OCI,95422.2,Mensual,SS_Conocimiento
2015-09-01,2015-M09,VAL,CON_OCI,96052.2,Mensual,SS_Conocimiento
2015-10-01,2015-M10,VAL,CON_OCI,96813.9,Mensual,SS_Conocimiento
2015-11-01,2015-M11,VAL,CON_OCI,97934.2,Mensual,SS_Conocimiento
2015-12-01,2015-M12,VAL,CON_OCI,98554.2,Mensual,SS_Conocimiento
2016-01-01,2016-M01,VAL,CON_OCI,97689.79999999999,Mensual,SS_Conocimiento
2016-02-01,2016-M02,VAL,CON_OCI,98442.3,Mensual,SS_Conocimiento
2016-03-01,2016-M03,VAL,CON_OCI,99022.0,Mensual,SS_Conocimiento
2016-04-01,2016-M04,VAL,CON_OCI,99549.6,Mensual,SS_Conocimiento
2016-05-01,2016-M05,VAL,CON_OCI,100225.2,Mensual,SS_Conocimiento
2016-06-01,2016-M06,VAL,CON_OCI,100924.79999999999,Mensual,SS_Conocimiento
2016-07-01,2016-M07,VAL,CON_OCI,101448.3,Mensual,SS_Conocimiento
2016-08-01,2016-M08,VAL,CON_OCI,99673.3,Mensual,SS_Conocimiento
2016-09-01,2016-M09,VAL,CON_OCI,100371.4,Mensual,SS_Conocimiento
2016-10-01,2016-M10,VAL,CON_OCI,101470.79999999999,Mensual,SS_Conocimiento
2016-11-01,2016-M11,VAL,CON_OCI,102275.3,Mensual,SS_Conocimiento
2016-12-01,2016-M12,VAL,CON_OCI,102482.8,Mensual,SS_Conocimiento
2017-01-01,2017-M01,VAL,CON_OCI,102082.4,Mensual,SS_Conocimiento
2017-02-01,2017-M02,VAL,CON_OCI,102991.4,Mensual,SS_Conocimiento
2017-03-01,2017-M03,VAL,CON_OCI,103948.0,Mensual,SS_Conocimiento
2017-04-01,2017-M04,VAL,CON_OCI,104792.0,Mensual,SS_Conocimiento
2017-05-01,2017-M05,VAL,CON_OCI,105420.0,Mensual,SS_Conocimiento
2017-06-01,2017-M06,VAL,CON_OCI,106076.7,Mensual,SS_Conocimiento
2017-07-01,2017-M07,VAL,CON_OCI,106254.4,Mensual,SS_Conocimiento
2017-08-01,2017-M08,VAL,CON_OCI,104583.4,Mensual,SS_Conocimiento
2017-09-01,2017-M09,VAL,CON_OCI,105451.8,Mensual,SS_Conocimiento
2017-10-01,2017-M10,VAL,CON_OCI,106702.1,Mensual,SS_Conocimiento
2017-11-01,2017-M11,VAL,CON_OCI,107597.4,Mensual,SS_Conocimiento
2017-12-01,2017-M12,VAL,CON_OCI,107753.8,Mensual,SS_Conocimiento
2018-01-01,2018-M01,VAL,CON_OCI,107662.9,Mensual,SS_Conocimiento
2018-02-01,2018-M02,VAL,CON_OCI,108968.0,Mensual,SS_Conocimiento
2018-03-01,2018-M03,VAL,CON_OCI,109978.1,Mensual,SS_Conocimiento
2018-04-01,2018-M04,VAL,CON_OCI,110585.5,Mensual,SS_Conocimiento
2018-05-01,2018-M05,VAL,CON_OCI,111759.5,Mensual,SS_Conocimiento
2018-06-01,2018-M06,VAL,CON_OCI,112963.8,Mensual,SS_Conocimiento
2018-07-01,2018-M07,VAL,CON_OCI,113631.8,Mensual,SS_Conocimiento
2018-08-01,2018-M08,VAL,CON_OCI,111805.6,Mensual,SS_Conocimiento
2018-09-01,2018-M09,VAL,CON_OCI,113035.7,Mensual,SS_Conocimiento
2018-10-01,2018-M10,VAL,CON_OCI,114435.90000000001,Mensual,SS_Conocimiento
2018-11-01,2018-M11,VAL,CON_OCI,115236.2,Mensual,SS_Conocimiento
2018-12-01,2018-M12,VAL,CON_OCI,115494.3,Mensual,SS_Conocimiento
2019-01-01,2019-M01,VAL,CON_OCI,114923.0,Mensual,SS_Conocimiento
2019-02-01,2019-M02,VAL,CON_OCI,115871.3,Mensual,SS_Conocimiento
2019-03-01,2019-M03,VAL,CON_OCI,116712.3,Mensual,SS_Conocimiento
2019-04-01,2019-M04,VAL,CON_OCI,117281.0,Mensual,SS_Conocimiento
2019-05-01,2019-M05,VAL,CON_OCI,118045.6,Mensual,SS_Conocimiento
2019-06-01,2019-M06,VAL,CON_OCI,119138.40000000001,Mensual,SS_Conocimiento
2019-07-01,2019-M07,VAL,CON_OCI,119188.3,Mensual,SS_Conocimiento
2019-08-01,2019-M08,VAL,CON_OCI,117270.1,Mensual,SS_Conocimiento
2019-09-01,2019-M09,VAL,CON_OCI,118333.0,Mensual,SS_Conocimiento
2019-10-01,2019-M10,VAL,CON_OCI,119612.9,Mensual,SS_Conocimiento
2019-11-01,2019-M11,VAL,CON_OCI,120501.0,Mensual,SS_Conocimiento
2019-12-01,2019-M12,VAL,CON_OCI,120553.8,Mensual,SS_Conocimiento
2020-01-01,2020-M01,VAL,CON_OCI,120117.20000000001,Mensual,SS_Conocimiento
2020-02-01,2020-M02,VAL,CON_OCI,121223.1,Mensual,SS_Conocimiento
2020-03-01,2020-M03,VAL,CON_OCI,120442.1,Mensual,SS_Conocimiento
2020-04-01,2020-M04,VAL,CON_OCI,116929.3,Mensual,SS_Conocimiento
2020-05-01,2020-M05,VAL,CON_OCI,116848.1,Mensual,SS_Conocimiento
2020-06-01,2020-M06,VAL,CON_OCI,117734.6,Mensual,SS_Conocimiento
2020-07-01,2020-M07,VAL,CON_OCI,119045.1,Mensual,SS_Conocimiento
2020-08-01,2020-M08,VAL,CON_OCI,118487.1,Mensual,SS_Conocimiento
2020-09-01,2020-M09,VAL,CON_OCI,119687.0,Mensual,SS_Conocimiento
2020-10-01,2020-M10,VAL,CON_OCI,121241.70000000001,Mensual,SS_Conocimiento
2020-11-01,2020-M11,VAL,CON_OCI,122309.2,Mensual,SS_Conocimiento
2020-12-01,2020-M12,VAL,CON_OCI,122830.1,Mensual,SS_Conocimiento
2021-01-01,2021-M01,VAL,CON_OCI,121809.2,Mensual,SS_Conocimiento
2021-02-01,2021-M02,VAL,CON_OCI,122870.1,Mensual,SS_Conocimiento
2021-03-01,2021-M03,VAL,CON_OCI,124160.8,Mensual,SS_Conocimiento
2021-04-01,2021-M04,VAL,CON_OCI,125285.4,Mensual,SS_Conocimiento
2021-05-01,2021-M05,VAL,CON_OCI,126450.6,Mensual,SS_Conocimiento
2021-06-01,2021-M06,VAL,CON_OCI,128011.0,Mensual,SS_Conocimiento
2021-07-01,2021-M07,VAL,CON_OCI,129162.79999999999,Mensual,SS_Conocimiento
2021-08-01,2021-M08,VAL,CON_OCI,128009.79999999999,Mensual,SS_Conocimiento
2021-09-01,2021-M09,VAL,CON_OCI,128772.2,Mensual,SS_Conocimiento
2021-10-01,2021-M10,VAL,CON_OCI,130305.0,Mensual,SS_Conocimiento
2021-11-01,2021-M11,VAL,CON_OCI,131394.3,Mensual,SS_Conocimiento
2021-12-01,2021-M12,VAL,CON_OCI,131927.6,Mensual,SS_Conocimiento
2022-01-01,2022-M01,VAL,CON_OCI,131556.1,Mensual,SS_Conocimiento
2022-02-01,2022-M02,VAL,CON_OCI,133016.0,Mensual,SS_Conocimiento
2022-03-01,2022-M03,VAL,CON_OCI,134417.7,Mensual,SS_Conocimiento
2022-04-01,2022-M04,VAL,CON_OCI,135536.4,Mensual,SS_Conocimiento
2022-05-01,2022-M05,VAL,CON_OCI,136361.6,Mensual,SS_Conocimiento
2022-06-01,2022-M06,VAL,CON_OCI,137669.6,Mensual,SS_Conocimiento
2022-07-01,2022-M07,VAL,CON_OCI,138409.9,Mensual,SS_Conocimiento
2022-08-01,2022-M08,VAL,CON_OCI,136870.9,Mensual,SS_Conocimiento
2022-09-01,2022-M09,VAL,CON_OCI,138020.9,Mensual,SS_Conocimiento
2022-10-01,2022-M10,VAL,CON_OCI,139517.9,Mensual,SS_Conocimiento
2022-11-01,2022-M11,VAL,CON_OCI,140585.2,Mensual,SS_Conocimiento
2022-12-01,2022-M12,VAL,CON_OCI,140962.6,Mensual,SS_Conocimiento
2023-01-01,2023-M01,VAL,CON_OCI,140618.9,Mensual,SS_Conocimiento
2023-02-01,2023-M02,VAL,CON_OCI,141849.0,Mensual,SS_Conocimiento
2023-03-01,2023-M03,VAL,CON_OCI,143363.2,Mensual,SS_Conocimiento
2023-04-01,2023-M04,VAL,CON_OCI,144459.6,Mensual,SS_Conocimiento
2023-05-01,2023-M05,VAL,CON_OCI,145348.0,Mensual,SS_Conocimiento
2023-06-01,2023-M06,VAL,CON_OCI,146425.3,Mensual,SS_Conocimiento
2023-07-01,2023-M07,VAL,CON_OCI,147648.2,Mensual,SS_Conocimiento
2023-08-01,2023-M08,VAL,CON_OCI,145618.4,Mensual,SS_Conocimiento
2023-09-01,2023-M09,VAL,CON_OCI,146074.6,Mensual,SS_Conocimiento
2023-10-01,2023-M10,VAL,CON_OCI,147324.0,Mensual,SS_Conocimiento
2023-11-01,2023-M11,VAL,CON_OCI,148451.2,Mensual,SS_Conocimiento
2023-12-01,2023-M12,VAL,CON_OCI,148598.59999999998,Mensual,SS_Conocimiento
2024-01-01,2024-M01,VAL,CON_OCI,148166.5,Mensual,SS_Conocimiento
2024-02-01,2024-M02,VAL,CON_OCI,149234.0,Mensual,SS_Conocimiento
2024-03-01,2024-M03,VAL,CON_OCI,149980.40000000002,Mensual,SS_Conocimiento
2024-04-01,2024-M04,VAL,CON_OCI,150758.3,Mensual,SS_Conocimiento
2024-05-01,2024-M05,VAL,CON_OCI,151797.3,Mensual,SS_Conocimiento
2024-06-01,2024-M06,VAL,CON_OCI,153192.5,Mensual,SS_Conocimiento
2024-07-01,2024-M07,VAL,CON_OCI,154192.5,Mensual,SS_Conocimiento
2024-08-01,2024-M08,VAL,CON_OCI,152874.6,Mensual,SS_Conocimiento
2024-09-01,2024-M09,VAL,CON_OCI,153743.1,Mensual,SS_Conocimiento
2024-10-01,2024-M10,VAL,CON_OCI,155349.3,Mensual,SS_Conocimiento
2024-11-01,2024-M11,VAL,CON_OCI,156310.9,Mensual,SS_Conocimiento
2024-12-01,2024-M12,VAL,CON_OCI,156497.3,Mensual,SS_Conocimiento
2025-01-01,2025-M01,VAL,CON_OCI,156246.0,Mensual,SS_Conocimiento
2025-02-01,2025-M02,VAL,CON_OCI,157856.6,Mensual,SS_Conocimiento
2025-03-01,2025-M03,VAL,CON_OCI,159239.5,Mensual,SS_Conocimiento
2025-04-01,2025-M04,VAL,CON_OCI,160135.9,Mensual,SS_Conocimiento
2025-05-01,2025-M05,VAL,CON_OCI,161083.8,Mensual,SS_Conocimiento
2025-06-01,2025-M06,VAL,CON_OCI,162819.0,Mensual,SS_Conocimiento
2025-07-01,2025-M07,VAL,CON_OCI,163778.0,Mensual,SS_Conocimiento
2025-08-01,2025-M08,VAL,CON_OCI,162161.2,Mensual,SS_Conocimiento
2025-09-01,2025-M09,VAL,CON_OCI,163312.9,Mensual,SS_Conocimiento
2025-10-01,2025-M10,VAL,CON_OCI,164986.4,Mensual,SS_Conocimiento
2025-11-01,2025-M11,VAL,CON_OCI,166516.7,Mensual,SS_Conocimiento
2025-12-01,2025-M12,VAL,CON_OCI,166739.2,Mensual,SS_Conocimiento
2026-01-01,2026-M01,VAL,CON_OCI,167006.45,Mensual,SS_Conocimiento
2026-02-01,2026-M02,VAL,CON_OCI,169040.9,Mensual,SS_Conocimiento
2026-03-01,2026-M03,VAL,CON_OCI,170442.18,Mensual,SS_Conocimiento
2026-04-01,2026-M04,VAL,CON_OCI,171109.8,Mensual,SS_Conocimiento
