Fecha,Periodo,Region,Indicador,Valor,Frecuencia,Serie_Original
2009-01-01,2009-M01,AND,SOC_ASO,115427.9,Mensual,SS_Asociativo
2009-02-01,2009-M02,AND,SOC_ASO,114461.4,Mensual,SS_Asociativo
2009-03-01,2009-M03,AND,SOC_ASO,114530.4,Mensual,SS_Asociativo
2009-04-01,2009-M04,AND,SOC_ASO,115488.1,Mensual,SS_Asociativo
2009-05-01,2009-M05,AND,SOC_ASO,115089.4,Mensual,SS_Asociativo
2009-06-01,2009-M06,AND,SOC_ASO,114593.5,Mensual,SS_Asociativo
2009-07-01,2009-M07,AND,SOC_ASO,113809.3,Mensual,SS_Asociativo
2009-08-01,2009-M08,AND,SOC_ASO,111867.1,Mensual,SS_Asociativo
2009-09-01,2009-M09,AND,SOC_ASO,111278.7,Mensual,SS_Asociativo
2009-10-01,2009-M10,AND,SOC_ASO,112181.8,Mensual,SS_Asociativo
2009-11-01,2009-M11,AND,SOC_ASO,112632.9,Mensual,SS_Asociativo
2009-12-01,2009-M12,AND,SOC_ASO,112743.3,Mensual,SS_Asociativo
2010-01-01,2010-M01,AND,SOC_ASO,111341.4,Mensual,SS_Asociativo
2010-02-01,2010-M02,AND,SOC_ASO,111680.4,Mensual,SS_Asociativo
2010-03-01,2010-M03,AND,SOC_ASO,112404.9,Mensual,SS_Asociativo
2010-04-01,2010-M04,AND,SOC_ASO,113317.9,Mensual,SS_Asociativo
2010-05-01,2010-M05,AND,SOC_ASO,113901.8,Mensual,SS_Asociativo
2010-06-01,2010-M06,AND,SOC_ASO,113507.3,Mensual,SS_Asociativo
2010-07-01,2010-M07,AND,SOC_ASO,112550.1,Mensual,SS_Asociativo
2010-08-01,2010-M08,AND,SOC_ASO,111187.3,Mensual,SS_Asociativo
2010-09-01,2010-M09,AND,SOC_ASO,110559.5,Mensual,SS_Asociativo
2010-10-01,2010-M10,AND,SOC_ASO,111100.0,Mensual,SS_Asociativo
2010-11-01,2010-M11,AND,SOC_ASO,111526.2,Mensual,SS_Asociativo
2010-12-01,2010-M12,AND,SOC_ASO,111157.6,Mensual,SS_Asociativo
2011-01-01,2011-M01,AND,SOC_ASO,109981.0,Mensual,SS_Asociativo
2011-02-01,2011-M02,AND,SOC_ASO,110223.6,Mensual,SS_Asociativo
2011-03-01,2011-M03,AND,SOC_ASO,111620.1,Mensual,SS_Asociativo
2011-04-01,2011-M04,AND,SOC_ASO,112751.6,Mensual,SS_Asociativo
2011-05-01,2011-M05,AND,SOC_ASO,111793.8,Mensual,SS_Asociativo
2011-06-01,2011-M06,AND,SOC_ASO,111372.3,Mensual,SS_Asociativo
2011-07-01,2011-M07,AND,SOC_ASO,110974.6,Mensual,SS_Asociativo
2011-08-01,2011-M08,AND,SOC_ASO,109330.9,Mensual,SS_Asociativo
2011-09-01,2011-M09,AND,SOC_ASO,108297.4,Mensual,SS_Asociativo
2011-10-01,2011-M10,AND,SOC_ASO,108594.8,Mensual,SS_Asociativo
2011-11-01,2011-M11,AND,SOC_ASO,108166.7,Mensual,SS_Asociativo
2011-12-01,2011-M12,AND,SOC_ASO,107663.1,Mensual,SS_Asociativo
2012-01-01,2012-M01,AND,SOC_ASO,106051.9,Mensual,SS_Asociativo
2012-02-01,2012-M02,AND,SOC_ASO,105979.6,Mensual,SS_Asociativo
2012-03-01,2012-M03,AND,SOC_ASO,106498.6,Mensual,SS_Asociativo
2012-04-01,2012-M04,AND,SOC_ASO,105438.0,Mensual,SS_Asociativo
2012-05-01,2012-M05,AND,SOC_ASO,105877.3,Mensual,SS_Asociativo
2012-06-01,2012-M06,AND,SOC_ASO,105537.0,Mensual,SS_Asociativo
2012-07-01,2012-M07,AND,SOC_ASO,104572.0,Mensual,SS_Asociativo
2012-08-01,2012-M08,AND,SOC_ASO,103100.4,Mensual,SS_Asociativo
2012-09-01,2012-M09,AND,SOC_ASO,101950.2,Mensual,SS_Asociativo
2012-10-01,2012-M10,AND,SOC_ASO,101119.4,Mensual,SS_Asociativo
2012-11-01,2012-M11,AND,SOC_ASO,100761.4,Mensual,SS_Asociativo
2012-12-01,2012-M12,AND,SOC_ASO,100253.5,Mensual,SS_Asociativo
2013-01-01,2013-M01,AND,SOC_ASO,98417.7,Mensual,SS_Asociativo
2013-02-01,2013-M02,AND,SOC_ASO,98323.8,Mensual,SS_Asociativo
2013-03-01,2013-M03,AND,SOC_ASO,99023.5,Mensual,SS_Asociativo
2013-04-01,2013-M04,AND,SOC_ASO,100069.5,Mensual,SS_Asociativo
2013-05-01,2013-M05,AND,SOC_ASO,100623.4,Mensual,SS_Asociativo
2013-06-01,2013-M06,AND,SOC_ASO,100151.5,Mensual,SS_Asociativo
2013-07-01,2013-M07,AND,SOC_ASO,100676.6,Mensual,SS_Asociativo
2013-08-01,2013-M08,AND,SOC_ASO,99763.2,Mensual,SS_Asociativo
2013-09-01,2013-M09,AND,SOC_ASO,98970.0,Mensual,SS_Asociativo
2013-10-01,2013-M10,AND,SOC_ASO,99719.7,Mensual,SS_Asociativo
2013-11-01,2013-M11,AND,SOC_ASO,99941.3,Mensual,SS_Asociativo
2013-12-01,2013-M12,AND,SOC_ASO,99895.2,Mensual,SS_Asociativo
2014-01-01,2014-M01,AND,SOC_ASO,98184.5,Mensual,SS_Asociativo
2014-02-01,2014-M02,AND,SOC_ASO,98314.2,Mensual,SS_Asociativo
2014-03-01,2014-M03,AND,SOC_ASO,99046.5,Mensual,SS_Asociativo
2014-04-01,2014-M04,AND,SOC_ASO,100210.2,Mensual,SS_Asociativo
2014-05-01,2014-M05,AND,SOC_ASO,101386.8,Mensual,SS_Asociativo
2014-06-01,2014-M06,AND,SOC_ASO,100928.0,Mensual,SS_Asociativo
2014-07-01,2014-M07,AND,SOC_ASO,101129.2,Mensual,SS_Asociativo
2014-08-01,2014-M08,AND,SOC_ASO,100595.5,Mensual,SS_Asociativo
2014-09-01,2014-M09,AND,SOC_ASO,99972.2,Mensual,SS_Asociativo
2014-10-01,2014-M10,AND,SOC_ASO,100775.3,Mensual,SS_Asociativo
2014-11-01,2014-M11,AND,SOC_ASO,100801.2,Mensual,SS_Asociativo
2014-12-01,2014-M12,AND,SOC_ASO,100919.4,Mensual,SS_Asociativo
2015-01-01,2015-M01,AND,SOC_ASO,100054.6,Mensual,SS_Asociativo
2015-02-01,2015-M02,AND,SOC_ASO,100315.7,Mensual,SS_Asociativo
2015-03-01,2015-M03,AND,SOC_ASO,101274.1,Mensual,SS_Asociativo
2015-04-01,2015-M04,AND,SOC_ASO,102851.7,Mensual,SS_Asociativo
2015-05-01,2015-M05,AND,SOC_ASO,103799.3,Mensual,SS_Asociativo
2015-06-01,2015-M06,AND,SOC_ASO,103552.3,Mensual,SS_Asociativo
2015-07-01,2015-M07,AND,SOC_ASO,103588.8,Mensual,SS_Asociativo
2015-08-01,2015-M08,AND,SOC_ASO,102303.1,Mensual,SS_Asociativo
2015-09-01,2015-M09,AND,SOC_ASO,101774.7,Mensual,SS_Asociativo
2015-10-01,2015-M10,AND,SOC_ASO,102395.2,Mensual,SS_Asociativo
2015-11-01,2015-M11,AND,SOC_ASO,102451.9,Mensual,SS_Asociativo
2015-12-01,2015-M12,AND,SOC_ASO,102903.9,Mensual,SS_Asociativo
2016-01-01,2016-M01,AND,SOC_ASO,101542.2,Mensual,SS_Asociativo
2016-02-01,2016-M02,AND,SOC_ASO,102155.0,Mensual,SS_Asociativo
2016-03-01,2016-M03,AND,SOC_ASO,103540.3,Mensual,SS_Asociativo
2016-04-01,2016-M04,AND,SOC_ASO,104799.6,Mensual,SS_Asociativo
2016-05-01,2016-M05,AND,SOC_ASO,105796.3,Mensual,SS_Asociativo
2016-06-01,2016-M06,AND,SOC_ASO,106092.5,Mensual,SS_Asociativo
2016-07-01,2016-M07,AND,SOC_ASO,106604.8,Mensual,SS_Asociativo
2016-08-01,2016-M08,AND,SOC_ASO,105572.0,Mensual,SS_Asociativo
2016-09-01,2016-M09,AND,SOC_ASO,105202.7,Mensual,SS_Asociativo
2016-10-01,2016-M10,AND,SOC_ASO,105816.0,Mensual,SS_Asociativo
2016-11-01,2016-M11,AND,SOC_ASO,105867.0,Mensual,SS_Asociativo
2016-12-01,2016-M12,AND,SOC_ASO,106115.5,Mensual,SS_Asociativo
2017-01-01,2017-M01,AND,SOC_ASO,104644.8,Mensual,SS_Asociativo
2017-02-01,2017-M02,AND,SOC_ASO,105262.5,Mensual,SS_Asociativo
2017-03-01,2017-M03,AND,SOC_ASO,106496.3,Mensual,SS_Asociativo
2017-04-01,2017-M04,AND,SOC_ASO,108079.7,Mensual,SS_Asociativo
2017-05-01,2017-M05,AND,SOC_ASO,109302.0,Mensual,SS_Asociativo
2017-06-01,2017-M06,AND,SOC_ASO,109564.9,Mensual,SS_Asociativo
2017-07-01,2017-M07,AND,SOC_ASO,109946.4,Mensual,SS_Asociativo
2017-08-01,2017-M08,AND,SOC_ASO,108571.9,Mensual,SS_Asociativo
2017-09-01,2017-M09,AND,SOC_ASO,108351.5,Mensual,SS_Asociativo
2017-10-01,2017-M10,AND,SOC_ASO,108755.7,Mensual,SS_Asociativo
2017-11-01,2017-M11,AND,SOC_ASO,108384.7,Mensual,SS_Asociativo
2017-12-01,2017-M12,AND,SOC_ASO,108482.9,Mensual,SS_Asociativo
2018-01-01,2018-M01,AND,SOC_ASO,107330.0,Mensual,SS_Asociativo
2018-02-01,2018-M02,AND,SOC_ASO,108264.8,Mensual,SS_Asociativo
2018-03-01,2018-M03,AND,SOC_ASO,109838.0,Mensual,SS_Asociativo
2018-04-01,2018-M04,AND,SOC_ASO,111237.6,Mensual,SS_Asociativo
2018-05-01,2018-M05,AND,SOC_ASO,112661.8,Mensual,SS_Asociativo
2018-06-01,2018-M06,AND,SOC_ASO,112913.5,Mensual,SS_Asociativo
2018-07-01,2018-M07,AND,SOC_ASO,113403.8,Mensual,SS_Asociativo
2018-08-01,2018-M08,AND,SOC_ASO,112094.3,Mensual,SS_Asociativo
2018-09-01,2018-M09,AND,SOC_ASO,112173.8,Mensual,SS_Asociativo
2018-10-01,2018-M10,AND,SOC_ASO,112986.9,Mensual,SS_Asociativo
2018-11-01,2018-M11,AND,SOC_ASO,113066.1,Mensual,SS_Asociativo
2018-12-01,2018-M12,AND,SOC_ASO,113095.9,Mensual,SS_Asociativo
2019-01-01,2019-M01,AND,SOC_ASO,111328.7,Mensual,SS_Asociativo
2019-02-01,2019-M02,AND,SOC_ASO,112004.2,Mensual,SS_Asociativo
2019-03-01,2019-M03,AND,SOC_ASO,113361.0,Mensual,SS_Asociativo
2019-04-01,2019-M04,AND,SOC_ASO,114916.7,Mensual,SS_Asociativo
2019-05-01,2019-M05,AND,SOC_ASO,116386.8,Mensual,SS_Asociativo
2019-06-01,2019-M06,AND,SOC_ASO,116532.0,Mensual,SS_Asociativo
2019-07-01,2019-M07,AND,SOC_ASO,116763.5,Mensual,SS_Asociativo
2019-08-01,2019-M08,AND,SOC_ASO,115351.3,Mensual,SS_Asociativo
2019-09-01,2019-M09,AND,SOC_ASO,115692.9,Mensual,SS_Asociativo
2019-10-01,2019-M10,AND,SOC_ASO,116374.9,Mensual,SS_Asociativo
2019-11-01,2019-M11,AND,SOC_ASO,116389.9,Mensual,SS_Asociativo
2019-12-01,2019-M12,AND,SOC_ASO,116807.9,Mensual,SS_Asociativo
2020-01-01,2020-M01,AND,SOC_ASO,115176.6,Mensual,SS_Asociativo
2020-02-01,2020-M02,AND,SOC_ASO,115739.5,Mensual,SS_Asociativo
2020-03-01,2020-M03,AND,SOC_ASO,113588.2,Mensual,SS_Asociativo
2020-04-01,2020-M04,AND,SOC_ASO,108482.9,Mensual,SS_Asociativo
2020-05-01,2020-M05,AND,SOC_ASO,110314.0,Mensual,SS_Asociativo
2020-06-01,2020-M06,AND,SOC_ASO,111162.1,Mensual,SS_Asociativo
2020-07-01,2020-M07,AND,SOC_ASO,112283.7,Mensual,SS_Asociativo
2020-08-01,2020-M08,AND,SOC_ASO,112429.2,Mensual,SS_Asociativo
2020-09-01,2020-M09,AND,SOC_ASO,112074.9,Mensual,SS_Asociativo
2020-10-01,2020-M10,AND,SOC_ASO,112319.8,Mensual,SS_Asociativo
2020-11-01,2020-M11,AND,SOC_ASO,111572.9,Mensual,SS_Asociativo
2020-12-01,2020-M12,AND,SOC_ASO,110480.0,Mensual,SS_Asociativo
2021-01-01,2021-M01,AND,SOC_ASO,108799.5,Mensual,SS_Asociativo
2021-02-01,2021-M02,AND,SOC_ASO,108620.8,Mensual,SS_Asociativo
2021-03-01,2021-M03,AND,SOC_ASO,109274.3,Mensual,SS_Asociativo
2021-04-01,2021-M04,AND,SOC_ASO,110056.5,Mensual,SS_Asociativo
2021-05-01,2021-M05,AND,SOC_ASO,111214.6,Mensual,SS_Asociativo
2021-06-01,2021-M06,AND,SOC_ASO,112816.7,Mensual,SS_Asociativo
2021-07-01,2021-M07,AND,SOC_ASO,114502.5,Mensual,SS_Asociativo
2021-08-01,2021-M08,AND,SOC_ASO,114233.8,Mensual,SS_Asociativo
2021-09-01,2021-M09,AND,SOC_ASO,114406.3,Mensual,SS_Asociativo
2021-10-01,2021-M10,AND,SOC_ASO,115214.8,Mensual,SS_Asociativo
2021-11-01,2021-M11,AND,SOC_ASO,115559.4,Mensual,SS_Asociativo
2021-12-01,2021-M12,AND,SOC_ASO,115983.2,Mensual,SS_Asociativo
2022-01-01,2022-M01,AND,SOC_ASO,114622.6,Mensual,SS_Asociativo
2022-02-01,2022-M02,AND,SOC_ASO,115164.1,Mensual,SS_Asociativo
2022-03-01,2022-M03,AND,SOC_ASO,116321.2,Mensual,SS_Asociativo
2022-04-01,2022-M04,AND,SOC_ASO,117970.5,Mensual,SS_Asociativo
2022-05-01,2022-M05,AND,SOC_ASO,119428.0,Mensual,SS_Asociativo
2022-06-01,2022-M06,AND,SOC_ASO,120072.9,Mensual,SS_Asociativo
2022-07-01,2022-M07,AND,SOC_ASO,120793.8,Mensual,SS_Asociativo
2022-08-01,2022-M08,AND,SOC_ASO,119629.4,Mensual,SS_Asociativo
2022-09-01,2022-M09,AND,SOC_ASO,119226.5,Mensual,SS_Asociativo
2022-10-01,2022-M10,AND,SOC_ASO,119645.2,Mensual,SS_Asociativo
2022-11-01,2022-M11,AND,SOC_ASO,119463.7,Mensual,SS_Asociativo
2022-12-01,2022-M12,AND,SOC_ASO,119456.8,Mensual,SS_Asociativo
2023-01-01,2023-M01,AND,SOC_ASO,117793.6,Mensual,SS_Asociativo
2023-02-01,2023-M02,AND,SOC_ASO,118240.9,Mensual,SS_Asociativo
2023-03-01,2023-M03,AND,SOC_ASO,119670.6,Mensual,SS_Asociativo
2023-04-01,2023-M04,AND,SOC_ASO,121332.8,Mensual,SS_Asociativo
2023-05-01,2023-M05,AND,SOC_ASO,122233.6,Mensual,SS_Asociativo
2023-06-01,2023-M06,AND,SOC_ASO,122536.8,Mensual,SS_Asociativo
2023-07-01,2023-M07,AND,SOC_ASO,123624.6,Mensual,SS_Asociativo
2023-08-01,2023-M08,AND,SOC_ASO,122423.9,Mensual,SS_Asociativo
2023-09-01,2023-M09,AND,SOC_ASO,121983.8,Mensual,SS_Asociativo
2023-10-01,2023-M10,AND,SOC_ASO,122121.8,Mensual,SS_Asociativo
2023-11-01,2023-M11,AND,SOC_ASO,121912.1,Mensual,SS_Asociativo
2023-12-01,2023-M12,AND,SOC_ASO,122002.2,Mensual,SS_Asociativo
2024-01-01,2024-M01,AND,SOC_ASO,120544.1,Mensual,SS_Asociativo
2024-02-01,2024-M02,AND,SOC_ASO,121367.7,Mensual,SS_Asociativo
2024-03-01,2024-M03,AND,SOC_ASO,122742.0,Mensual,SS_Asociativo
2024-04-01,2024-M04,AND,SOC_ASO,123887.5,Mensual,SS_Asociativo
2024-05-01,2024-M05,AND,SOC_ASO,124959.5,Mensual,SS_Asociativo
2024-06-01,2024-M06,AND,SOC_ASO,125230.6,Mensual,SS_Asociativo
2024-07-01,2024-M07,AND,SOC_ASO,125792.9,Mensual,SS_Asociativo
2024-08-01,2024-M08,AND,SOC_ASO,124888.5,Mensual,SS_Asociativo
2024-09-01,2024-M09,AND,SOC_ASO,124415.7,Mensual,SS_Asociativo
2024-10-01,2024-M10,AND,SOC_ASO,125022.5,Mensual,SS_Asociativo
2024-11-01,2024-M11,AND,SOC_ASO,124723.1,Mensual,SS_Asociativo
2024-12-01,2024-M12,AND,SOC_ASO,124305.7,Mensual,SS_Asociativo
2025-01-01,2025-M01,AND,SOC_ASO,123013.4,Mensual,SS_Asociativo
2025-02-01,2025-M02,AND,SOC_ASO,123549.1,Mensual,SS_Asociativo
2025-03-01,2025-M03,AND,SOC_ASO,124505.8,Mensual,SS_Asociativo
2025-04-01,2025-M04,AND,SOC_ASO,125496.2,Mensual,SS_Asociativo
2025-05-01,2025-M05,AND,SOC_ASO,126221.6,Mensual,SS_Asociativo
2025-06-01,2025-M06,AND,SOC_ASO,126569.5,Mensual,SS_Asociativo
2025-07-01,2025-M07,AND,SOC_ASO,126899.9,Mensual,SS_Asociativo
2025-08-01,2025-M08,AND,SOC_ASO,125921.7,Mensual,SS_Asociativo
2025-09-01,2025-M09,AND,SOC_ASO,125940.6,Mensual,SS_Asociativo
2025-10-01,2025-M10,AND,SOC_ASO,126501.1,Mensual,SS_Asociativo
2025-11-01,2025-M11,AND,SOC_ASO,126506.4,Mensual,SS_Asociativo
2025-12-01,2025-M12,AND,SOC_ASO,126227.8,Mensual,SS_Asociativo
2026-01-01,2026-M01,AND,SOC_ASO,127553.9,Mensual,SS_Asociativo
2026-02-01,2026-M02,AND,SOC_ASO,128145.85,Mensual,SS_Asociativo
2026-03-01,2026-M03,AND,SOC_ASO,129142.95,Mensual,SS_Asociativo
2026-04-01,2026-M04,AND,SOC_ASO,129773.45,Mensual,SS_Asociativo
2026-05-01,2026-M05,AND,SOC_ASO,130606.6,Mensual,SS_Asociativo
2026-06-01,2026-M06,AND,SOC_ASO,131490.73,Mensual,SS_Asociativo
2026-07-01,2026-M07,AND,SOC_ASO,132285.39,Mensual,SS_Asociativo
2009-01-01,2009-M01,ARA,SOC_ASO,24219.4,Mensual,SS_Asociativo
2009-02-01,2009-M02,ARA,SOC_ASO,24190.5,Mensual,SS_Asociativo
2009-03-01,2009-M03,ARA,SOC_ASO,24035.0,Mensual,SS_Asociativo
2009-04-01,2009-M04,ARA,SOC_ASO,23954.1,Mensual,SS_Asociativo
2009-05-01,2009-M05,ARA,SOC_ASO,23956.7,Mensual,SS_Asociativo
2009-06-01,2009-M06,ARA,SOC_ASO,23680.6,Mensual,SS_Asociativo
2009-07-01,2009-M07,ARA,SOC_ASO,23698.5,Mensual,SS_Asociativo
2009-08-01,2009-M08,ARA,SOC_ASO,23381.1,Mensual,SS_Asociativo
2009-09-01,2009-M09,ARA,SOC_ASO,23414.9,Mensual,SS_Asociativo
2009-10-01,2009-M10,ARA,SOC_ASO,23717.2,Mensual,SS_Asociativo
2009-11-01,2009-M11,ARA,SOC_ASO,23763.1,Mensual,SS_Asociativo
2009-12-01,2009-M12,ARA,SOC_ASO,23705.3,Mensual,SS_Asociativo
2010-01-01,2010-M01,ARA,SOC_ASO,23455.1,Mensual,SS_Asociativo
2010-02-01,2010-M02,ARA,SOC_ASO,23471.7,Mensual,SS_Asociativo
2010-03-01,2010-M03,ARA,SOC_ASO,23509.8,Mensual,SS_Asociativo
2010-04-01,2010-M04,ARA,SOC_ASO,23508.7,Mensual,SS_Asociativo
2010-05-01,2010-M05,ARA,SOC_ASO,23502.4,Mensual,SS_Asociativo
2010-06-01,2010-M06,ARA,SOC_ASO,23352.4,Mensual,SS_Asociativo
2010-07-01,2010-M07,ARA,SOC_ASO,23418.5,Mensual,SS_Asociativo
2010-08-01,2010-M08,ARA,SOC_ASO,23182.9,Mensual,SS_Asociativo
2010-09-01,2010-M09,ARA,SOC_ASO,23079.6,Mensual,SS_Asociativo
2010-10-01,2010-M10,ARA,SOC_ASO,23344.1,Mensual,SS_Asociativo
2010-11-01,2010-M11,ARA,SOC_ASO,23401.3,Mensual,SS_Asociativo
2010-12-01,2010-M12,ARA,SOC_ASO,23371.5,Mensual,SS_Asociativo
2011-01-01,2011-M01,ARA,SOC_ASO,23081.2,Mensual,SS_Asociativo
2011-02-01,2011-M02,ARA,SOC_ASO,23211.1,Mensual,SS_Asociativo
2011-03-01,2011-M03,ARA,SOC_ASO,23312.6,Mensual,SS_Asociativo
2011-04-01,2011-M04,ARA,SOC_ASO,23387.3,Mensual,SS_Asociativo
2011-05-01,2011-M05,ARA,SOC_ASO,23576.5,Mensual,SS_Asociativo
2011-06-01,2011-M06,ARA,SOC_ASO,23481.7,Mensual,SS_Asociativo
2011-07-01,2011-M07,ARA,SOC_ASO,23485.2,Mensual,SS_Asociativo
2011-08-01,2011-M08,ARA,SOC_ASO,23342.4,Mensual,SS_Asociativo
2011-09-01,2011-M09,ARA,SOC_ASO,23399.8,Mensual,SS_Asociativo
2011-10-01,2011-M10,ARA,SOC_ASO,23607.0,Mensual,SS_Asociativo
2011-11-01,2011-M11,ARA,SOC_ASO,23661.8,Mensual,SS_Asociativo
2011-12-01,2011-M12,ARA,SOC_ASO,23995.7,Mensual,SS_Asociativo
2012-01-01,2012-M01,ARA,SOC_ASO,23476.9,Mensual,SS_Asociativo
2012-02-01,2012-M02,ARA,SOC_ASO,23445.5,Mensual,SS_Asociativo
2012-03-01,2012-M03,ARA,SOC_ASO,23412.2,Mensual,SS_Asociativo
2012-04-01,2012-M04,ARA,SOC_ASO,23350.8,Mensual,SS_Asociativo
2012-05-01,2012-M05,ARA,SOC_ASO,23284.5,Mensual,SS_Asociativo
2012-06-01,2012-M06,ARA,SOC_ASO,23077.8,Mensual,SS_Asociativo
2012-07-01,2012-M07,ARA,SOC_ASO,23001.6,Mensual,SS_Asociativo
2012-08-01,2012-M08,ARA,SOC_ASO,22765.1,Mensual,SS_Asociativo
2012-09-01,2012-M09,ARA,SOC_ASO,22728.0,Mensual,SS_Asociativo
2012-10-01,2012-M10,ARA,SOC_ASO,22922.1,Mensual,SS_Asociativo
2012-11-01,2012-M11,ARA,SOC_ASO,22746.8,Mensual,SS_Asociativo
2012-12-01,2012-M12,ARA,SOC_ASO,22660.6,Mensual,SS_Asociativo
2013-01-01,2013-M01,ARA,SOC_ASO,22340.9,Mensual,SS_Asociativo
2013-02-01,2013-M02,ARA,SOC_ASO,22316.4,Mensual,SS_Asociativo
2013-03-01,2013-M03,ARA,SOC_ASO,22317.0,Mensual,SS_Asociativo
2013-04-01,2013-M04,ARA,SOC_ASO,22217.7,Mensual,SS_Asociativo
2013-05-01,2013-M05,ARA,SOC_ASO,22216.3,Mensual,SS_Asociativo
2013-06-01,2013-M06,ARA,SOC_ASO,22064.9,Mensual,SS_Asociativo
2013-07-01,2013-M07,ARA,SOC_ASO,22154.9,Mensual,SS_Asociativo
2013-08-01,2013-M08,ARA,SOC_ASO,21964.3,Mensual,SS_Asociativo
2013-09-01,2013-M09,ARA,SOC_ASO,21909.5,Mensual,SS_Asociativo
2013-10-01,2013-M10,ARA,SOC_ASO,22175.5,Mensual,SS_Asociativo
2013-11-01,2013-M11,ARA,SOC_ASO,22235.3,Mensual,SS_Asociativo
2013-12-01,2013-M12,ARA,SOC_ASO,22230.4,Mensual,SS_Asociativo
2014-01-01,2014-M01,ARA,SOC_ASO,21959.5,Mensual,SS_Asociativo
2014-02-01,2014-M02,ARA,SOC_ASO,22081.9,Mensual,SS_Asociativo
2014-03-01,2014-M03,ARA,SOC_ASO,22187.7,Mensual,SS_Asociativo
2014-04-01,2014-M04,ARA,SOC_ASO,22293.3,Mensual,SS_Asociativo
2014-05-01,2014-M05,ARA,SOC_ASO,22395.9,Mensual,SS_Asociativo
2014-06-01,2014-M06,ARA,SOC_ASO,22213.1,Mensual,SS_Asociativo
2014-07-01,2014-M07,ARA,SOC_ASO,22219.6,Mensual,SS_Asociativo
2014-08-01,2014-M08,ARA,SOC_ASO,22050.3,Mensual,SS_Asociativo
2014-09-01,2014-M09,ARA,SOC_ASO,22100.7,Mensual,SS_Asociativo
2014-10-01,2014-M10,ARA,SOC_ASO,22392.9,Mensual,SS_Asociativo
2014-11-01,2014-M11,ARA,SOC_ASO,22353.7,Mensual,SS_Asociativo
2014-12-01,2014-M12,ARA,SOC_ASO,22416.7,Mensual,SS_Asociativo
2015-01-01,2015-M01,ARA,SOC_ASO,22309.2,Mensual,SS_Asociativo
2015-02-01,2015-M02,ARA,SOC_ASO,22333.1,Mensual,SS_Asociativo
2015-03-01,2015-M03,ARA,SOC_ASO,22569.8,Mensual,SS_Asociativo
2015-04-01,2015-M04,ARA,SOC_ASO,22574.2,Mensual,SS_Asociativo
2015-05-01,2015-M05,ARA,SOC_ASO,22675.1,Mensual,SS_Asociativo
2015-06-01,2015-M06,ARA,SOC_ASO,22435.4,Mensual,SS_Asociativo
2015-07-01,2015-M07,ARA,SOC_ASO,22440.4,Mensual,SS_Asociativo
2015-08-01,2015-M08,ARA,SOC_ASO,22373.6,Mensual,SS_Asociativo
2015-09-01,2015-M09,ARA,SOC_ASO,22379.5,Mensual,SS_Asociativo
2015-10-01,2015-M10,ARA,SOC_ASO,22720.2,Mensual,SS_Asociativo
2015-11-01,2015-M11,ARA,SOC_ASO,22801.1,Mensual,SS_Asociativo
2015-12-01,2015-M12,ARA,SOC_ASO,22875.4,Mensual,SS_Asociativo
2016-01-01,2016-M01,ARA,SOC_ASO,22699.5,Mensual,SS_Asociativo
2016-02-01,2016-M02,ARA,SOC_ASO,22977.0,Mensual,SS_Asociativo
2016-03-01,2016-M03,ARA,SOC_ASO,23200.9,Mensual,SS_Asociativo
2016-04-01,2016-M04,ARA,SOC_ASO,23221.1,Mensual,SS_Asociativo
2016-05-01,2016-M05,ARA,SOC_ASO,23191.4,Mensual,SS_Asociativo
2016-06-01,2016-M06,ARA,SOC_ASO,22840.2,Mensual,SS_Asociativo
2016-07-01,2016-M07,ARA,SOC_ASO,22963.5,Mensual,SS_Asociativo
2016-08-01,2016-M08,ARA,SOC_ASO,22971.7,Mensual,SS_Asociativo
2016-09-01,2016-M09,ARA,SOC_ASO,23012.5,Mensual,SS_Asociativo
2016-10-01,2016-M10,ARA,SOC_ASO,23264.3,Mensual,SS_Asociativo
2016-11-01,2016-M11,ARA,SOC_ASO,23326.1,Mensual,SS_Asociativo
2016-12-01,2016-M12,ARA,SOC_ASO,23263.5,Mensual,SS_Asociativo
2017-01-01,2017-M01,ARA,SOC_ASO,23137.9,Mensual,SS_Asociativo
2017-02-01,2017-M02,ARA,SOC_ASO,23305.1,Mensual,SS_Asociativo
2017-03-01,2017-M03,ARA,SOC_ASO,23514.3,Mensual,SS_Asociativo
2017-04-01,2017-M04,ARA,SOC_ASO,23610.5,Mensual,SS_Asociativo
2017-05-01,2017-M05,ARA,SOC_ASO,23543.8,Mensual,SS_Asociativo
2017-06-01,2017-M06,ARA,SOC_ASO,23120.4,Mensual,SS_Asociativo
2017-07-01,2017-M07,ARA,SOC_ASO,23116.1,Mensual,SS_Asociativo
2017-08-01,2017-M08,ARA,SOC_ASO,22933.1,Mensual,SS_Asociativo
2017-09-01,2017-M09,ARA,SOC_ASO,23164.5,Mensual,SS_Asociativo
2017-10-01,2017-M10,ARA,SOC_ASO,23112.7,Mensual,SS_Asociativo
2017-11-01,2017-M11,ARA,SOC_ASO,23208.8,Mensual,SS_Asociativo
2017-12-01,2017-M12,ARA,SOC_ASO,23238.5,Mensual,SS_Asociativo
2018-01-01,2018-M01,ARA,SOC_ASO,22937.3,Mensual,SS_Asociativo
2018-02-01,2018-M02,ARA,SOC_ASO,23221.6,Mensual,SS_Asociativo
2018-03-01,2018-M03,ARA,SOC_ASO,23447.3,Mensual,SS_Asociativo
2018-04-01,2018-M04,ARA,SOC_ASO,23499.6,Mensual,SS_Asociativo
2018-05-01,2018-M05,ARA,SOC_ASO,23532.8,Mensual,SS_Asociativo
2018-06-01,2018-M06,ARA,SOC_ASO,23274.3,Mensual,SS_Asociativo
2018-07-01,2018-M07,ARA,SOC_ASO,23245.1,Mensual,SS_Asociativo
2018-08-01,2018-M08,ARA,SOC_ASO,22992.4,Mensual,SS_Asociativo
2018-09-01,2018-M09,ARA,SOC_ASO,23084.5,Mensual,SS_Asociativo
2018-10-01,2018-M10,ARA,SOC_ASO,23435.5,Mensual,SS_Asociativo
2018-11-01,2018-M11,ARA,SOC_ASO,23498.9,Mensual,SS_Asociativo
2018-12-01,2018-M12,ARA,SOC_ASO,23521.4,Mensual,SS_Asociativo
2019-01-01,2019-M01,ARA,SOC_ASO,23221.7,Mensual,SS_Asociativo
2019-02-01,2019-M02,ARA,SOC_ASO,23337.9,Mensual,SS_Asociativo
2019-03-01,2019-M03,ARA,SOC_ASO,23602.9,Mensual,SS_Asociativo
2019-04-01,2019-M04,ARA,SOC_ASO,23741.4,Mensual,SS_Asociativo
2019-05-01,2019-M05,ARA,SOC_ASO,23809.8,Mensual,SS_Asociativo
2019-06-01,2019-M06,ARA,SOC_ASO,23520.9,Mensual,SS_Asociativo
2019-07-01,2019-M07,ARA,SOC_ASO,23436.0,Mensual,SS_Asociativo
2019-08-01,2019-M08,ARA,SOC_ASO,23085.9,Mensual,SS_Asociativo
2019-09-01,2019-M09,ARA,SOC_ASO,23145.3,Mensual,SS_Asociativo
2019-10-01,2019-M10,ARA,SOC_ASO,23503.0,Mensual,SS_Asociativo
2019-11-01,2019-M11,ARA,SOC_ASO,23584.5,Mensual,SS_Asociativo
2019-12-01,2019-M12,ARA,SOC_ASO,23637.2,Mensual,SS_Asociativo
2020-01-01,2020-M01,ARA,SOC_ASO,23314.9,Mensual,SS_Asociativo
2020-02-01,2020-M02,ARA,SOC_ASO,23497.6,Mensual,SS_Asociativo
2020-03-01,2020-M03,ARA,SOC_ASO,23160.7,Mensual,SS_Asociativo
2020-04-01,2020-M04,ARA,SOC_ASO,22296.8,Mensual,SS_Asociativo
2020-05-01,2020-M05,ARA,SOC_ASO,22306.7,Mensual,SS_Asociativo
2020-06-01,2020-M06,ARA,SOC_ASO,22204.5,Mensual,SS_Asociativo
2020-07-01,2020-M07,ARA,SOC_ASO,22226.6,Mensual,SS_Asociativo
2020-08-01,2020-M08,ARA,SOC_ASO,22014.3,Mensual,SS_Asociativo
2020-09-01,2020-M09,ARA,SOC_ASO,22136.3,Mensual,SS_Asociativo
2020-10-01,2020-M10,ARA,SOC_ASO,22325.0,Mensual,SS_Asociativo
2020-11-01,2020-M11,ARA,SOC_ASO,22122.8,Mensual,SS_Asociativo
2020-12-01,2020-M12,ARA,SOC_ASO,22035.3,Mensual,SS_Asociativo
2021-01-01,2021-M01,ARA,SOC_ASO,21823.0,Mensual,SS_Asociativo
2021-02-01,2021-M02,ARA,SOC_ASO,21775.5,Mensual,SS_Asociativo
2021-03-01,2021-M03,ARA,SOC_ASO,21849.4,Mensual,SS_Asociativo
2021-04-01,2021-M04,ARA,SOC_ASO,21999.8,Mensual,SS_Asociativo
2021-05-01,2021-M05,ARA,SOC_ASO,22153.8,Mensual,SS_Asociativo
2021-06-01,2021-M06,ARA,SOC_ASO,22188.1,Mensual,SS_Asociativo
2021-07-01,2021-M07,ARA,SOC_ASO,21688.4,Mensual,SS_Asociativo
2021-08-01,2021-M08,ARA,SOC_ASO,21615.0,Mensual,SS_Asociativo
2021-09-01,2021-M09,ARA,SOC_ASO,21800.7,Mensual,SS_Asociativo
2021-10-01,2021-M10,ARA,SOC_ASO,22139.3,Mensual,SS_Asociativo
2021-11-01,2021-M11,ARA,SOC_ASO,22264.5,Mensual,SS_Asociativo
2021-12-01,2021-M12,ARA,SOC_ASO,22312.0,Mensual,SS_Asociativo
2022-01-01,2022-M01,ARA,SOC_ASO,21962.1,Mensual,SS_Asociativo
2022-02-01,2022-M02,ARA,SOC_ASO,21939.9,Mensual,SS_Asociativo
2022-03-01,2022-M03,ARA,SOC_ASO,22158.7,Mensual,SS_Asociativo
2022-04-01,2022-M04,ARA,SOC_ASO,22285.0,Mensual,SS_Asociativo
2022-05-01,2022-M05,ARA,SOC_ASO,22341.7,Mensual,SS_Asociativo
2022-06-01,2022-M06,ARA,SOC_ASO,22172.1,Mensual,SS_Asociativo
2022-07-01,2022-M07,ARA,SOC_ASO,22085.7,Mensual,SS_Asociativo
2022-08-01,2022-M08,ARA,SOC_ASO,21951.1,Mensual,SS_Asociativo
2022-09-01,2022-M09,ARA,SOC_ASO,22137.8,Mensual,SS_Asociativo
2022-10-01,2022-M10,ARA,SOC_ASO,22362.0,Mensual,SS_Asociativo
2022-11-01,2022-M11,ARA,SOC_ASO,22378.9,Mensual,SS_Asociativo
2022-12-01,2022-M12,ARA,SOC_ASO,22358.0,Mensual,SS_Asociativo
2023-01-01,2023-M01,ARA,SOC_ASO,22078.3,Mensual,SS_Asociativo
2023-02-01,2023-M02,ARA,SOC_ASO,22324.1,Mensual,SS_Asociativo
2023-03-01,2023-M03,ARA,SOC_ASO,22597.5,Mensual,SS_Asociativo
2023-04-01,2023-M04,ARA,SOC_ASO,22700.0,Mensual,SS_Asociativo
2023-05-01,2023-M05,ARA,SOC_ASO,22765.7,Mensual,SS_Asociativo
2023-06-01,2023-M06,ARA,SOC_ASO,22499.3,Mensual,SS_Asociativo
2023-07-01,2023-M07,ARA,SOC_ASO,22407.8,Mensual,SS_Asociativo
2023-08-01,2023-M08,ARA,SOC_ASO,22146.7,Mensual,SS_Asociativo
2023-09-01,2023-M09,ARA,SOC_ASO,22294.8,Mensual,SS_Asociativo
2023-10-01,2023-M10,ARA,SOC_ASO,22617.5,Mensual,SS_Asociativo
2023-11-01,2023-M11,ARA,SOC_ASO,22708.9,Mensual,SS_Asociativo
2023-12-01,2023-M12,ARA,SOC_ASO,22783.4,Mensual,SS_Asociativo
2024-01-01,2024-M01,ARA,SOC_ASO,22438.5,Mensual,SS_Asociativo
2024-02-01,2024-M02,ARA,SOC_ASO,22571.3,Mensual,SS_Asociativo
2024-03-01,2024-M03,ARA,SOC_ASO,22801.8,Mensual,SS_Asociativo
2024-04-01,2024-M04,ARA,SOC_ASO,22848.7,Mensual,SS_Asociativo
2024-05-01,2024-M05,ARA,SOC_ASO,22891.0,Mensual,SS_Asociativo
2024-06-01,2024-M06,ARA,SOC_ASO,22815.5,Mensual,SS_Asociativo
2024-07-01,2024-M07,ARA,SOC_ASO,22610.1,Mensual,SS_Asociativo
2024-08-01,2024-M08,ARA,SOC_ASO,22340.1,Mensual,SS_Asociativo
2024-09-01,2024-M09,ARA,SOC_ASO,22617.6,Mensual,SS_Asociativo
2024-10-01,2024-M10,ARA,SOC_ASO,23050.1,Mensual,SS_Asociativo
2024-11-01,2024-M11,ARA,SOC_ASO,23053.8,Mensual,SS_Asociativo
2024-12-01,2024-M12,ARA,SOC_ASO,23065.7,Mensual,SS_Asociativo
2025-01-01,2025-M01,ARA,SOC_ASO,22774.9,Mensual,SS_Asociativo
2025-02-01,2025-M02,ARA,SOC_ASO,22868.8,Mensual,SS_Asociativo
2025-03-01,2025-M03,ARA,SOC_ASO,23059.4,Mensual,SS_Asociativo
2025-04-01,2025-M04,ARA,SOC_ASO,23090.2,Mensual,SS_Asociativo
2025-05-01,2025-M05,ARA,SOC_ASO,23108.9,Mensual,SS_Asociativo
2025-06-01,2025-M06,ARA,SOC_ASO,22963.4,Mensual,SS_Asociativo
2025-07-01,2025-M07,ARA,SOC_ASO,22633.7,Mensual,SS_Asociativo
2025-08-01,2025-M08,ARA,SOC_ASO,22439.7,Mensual,SS_Asociativo
2025-09-01,2025-M09,ARA,SOC_ASO,22623.5,Mensual,SS_Asociativo
2025-10-01,2025-M10,ARA,SOC_ASO,22945.4,Mensual,SS_Asociativo
2025-11-01,2025-M11,ARA,SOC_ASO,23026.4,Mensual,SS_Asociativo
2025-12-01,2025-M12,ARA,SOC_ASO,23034.1,Mensual,SS_Asociativo
2026-01-01,2026-M01,ARA,SOC_ASO,23328.25,Mensual,SS_Asociativo
2026-02-01,2026-M02,ARA,SOC_ASO,23322.8,Mensual,SS_Asociativo
2026-03-01,2026-M03,ARA,SOC_ASO,23417.68,Mensual,SS_Asociativo
2026-04-01,2026-M04,ARA,SOC_ASO,23433.6,Mensual,SS_Asociativo
2026-05-01,2026-M05,ARA,SOC_ASO,23525.35,Mensual,SS_Asociativo
2026-06-01,2026-M06,ARA,SOC_ASO,23554.32,Mensual,SS_Asociativo
2026-07-01,2026-M07,ARA,SOC_ASO,23611.52,Mensual,SS_Asociativo
2009-01-01,2009-M01,AST,SOC_ASO,17841.4,Mensual,SS_Asociativo
2009-02-01,2009-M02,AST,SOC_ASO,17713.4,Mensual,SS_Asociativo
2009-03-01,2009-M03,AST,SOC_ASO,17486.7,Mensual,SS_Asociativo
2009-04-01,2009-M04,AST,SOC_ASO,17388.8,Mensual,SS_Asociativo
2009-05-01,2009-M05,AST,SOC_ASO,17457.9,Mensual,SS_Asociativo
2009-06-01,2009-M06,AST,SOC_ASO,17483.7,Mensual,SS_Asociativo
2009-07-01,2009-M07,AST,SOC_ASO,17629.5,Mensual,SS_Asociativo
2009-08-01,2009-M08,AST,SOC_ASO,17571.5,Mensual,SS_Asociativo
2009-09-01,2009-M09,AST,SOC_ASO,17571.8,Mensual,SS_Asociativo
2009-10-01,2009-M10,AST,SOC_ASO,17601.0,Mensual,SS_Asociativo
2009-11-01,2009-M11,AST,SOC_ASO,17535.5,Mensual,SS_Asociativo
2009-12-01,2009-M12,AST,SOC_ASO,17518.3,Mensual,SS_Asociativo
2010-01-01,2010-M01,AST,SOC_ASO,17210.9,Mensual,SS_Asociativo
2010-02-01,2010-M02,AST,SOC_ASO,17108.2,Mensual,SS_Asociativo
2010-03-01,2010-M03,AST,SOC_ASO,17117.3,Mensual,SS_Asociativo
2010-04-01,2010-M04,AST,SOC_ASO,17113.8,Mensual,SS_Asociativo
2010-05-01,2010-M05,AST,SOC_ASO,17173.5,Mensual,SS_Asociativo
2010-06-01,2010-M06,AST,SOC_ASO,17204.3,Mensual,SS_Asociativo
2010-07-01,2010-M07,AST,SOC_ASO,17210.2,Mensual,SS_Asociativo
2010-08-01,2010-M08,AST,SOC_ASO,17165.3,Mensual,SS_Asociativo
2010-09-01,2010-M09,AST,SOC_ASO,17161.8,Mensual,SS_Asociativo
2010-10-01,2010-M10,AST,SOC_ASO,17122.3,Mensual,SS_Asociativo
2010-11-01,2010-M11,AST,SOC_ASO,17125.1,Mensual,SS_Asociativo
2010-12-01,2010-M12,AST,SOC_ASO,17122.0,Mensual,SS_Asociativo
2011-01-01,2011-M01,AST,SOC_ASO,16873.4,Mensual,SS_Asociativo
2011-02-01,2011-M02,AST,SOC_ASO,16834.5,Mensual,SS_Asociativo
2011-03-01,2011-M03,AST,SOC_ASO,16862.3,Mensual,SS_Asociativo
2011-04-01,2011-M04,AST,SOC_ASO,16832.5,Mensual,SS_Asociativo
2011-05-01,2011-M05,AST,SOC_ASO,16871.6,Mensual,SS_Asociativo
2011-06-01,2011-M06,AST,SOC_ASO,16864.7,Mensual,SS_Asociativo
2011-07-01,2011-M07,AST,SOC_ASO,16979.7,Mensual,SS_Asociativo
2011-08-01,2011-M08,AST,SOC_ASO,16952.2,Mensual,SS_Asociativo
2011-09-01,2011-M09,AST,SOC_ASO,16647.2,Mensual,SS_Asociativo
2011-10-01,2011-M10,AST,SOC_ASO,16635.6,Mensual,SS_Asociativo
2011-11-01,2011-M11,AST,SOC_ASO,16600.5,Mensual,SS_Asociativo
2011-12-01,2011-M12,AST,SOC_ASO,16717.3,Mensual,SS_Asociativo
2012-01-01,2012-M01,AST,SOC_ASO,16385.2,Mensual,SS_Asociativo
2012-02-01,2012-M02,AST,SOC_ASO,16341.4,Mensual,SS_Asociativo
2012-03-01,2012-M03,AST,SOC_ASO,16312.7,Mensual,SS_Asociativo
2012-04-01,2012-M04,AST,SOC_ASO,16300.7,Mensual,SS_Asociativo
2012-05-01,2012-M05,AST,SOC_ASO,16407.4,Mensual,SS_Asociativo
2012-06-01,2012-M06,AST,SOC_ASO,16422.6,Mensual,SS_Asociativo
2012-07-01,2012-M07,AST,SOC_ASO,16333.2,Mensual,SS_Asociativo
2012-08-01,2012-M08,AST,SOC_ASO,16184.4,Mensual,SS_Asociativo
2012-09-01,2012-M09,AST,SOC_ASO,16002.4,Mensual,SS_Asociativo
2012-10-01,2012-M10,AST,SOC_ASO,15816.9,Mensual,SS_Asociativo
2012-11-01,2012-M11,AST,SOC_ASO,15680.5,Mensual,SS_Asociativo
2012-12-01,2012-M12,AST,SOC_ASO,15584.0,Mensual,SS_Asociativo
2013-01-01,2013-M01,AST,SOC_ASO,15302.8,Mensual,SS_Asociativo
2013-02-01,2013-M02,AST,SOC_ASO,15212.2,Mensual,SS_Asociativo
2013-03-01,2013-M03,AST,SOC_ASO,15192.1,Mensual,SS_Asociativo
2013-04-01,2013-M04,AST,SOC_ASO,15167.7,Mensual,SS_Asociativo
2013-05-01,2013-M05,AST,SOC_ASO,15262.8,Mensual,SS_Asociativo
2013-06-01,2013-M06,AST,SOC_ASO,15275.1,Mensual,SS_Asociativo
2013-07-01,2013-M07,AST,SOC_ASO,15190.5,Mensual,SS_Asociativo
2013-08-01,2013-M08,AST,SOC_ASO,15241.3,Mensual,SS_Asociativo
2013-09-01,2013-M09,AST,SOC_ASO,15191.5,Mensual,SS_Asociativo
2013-10-01,2013-M10,AST,SOC_ASO,15379.4,Mensual,SS_Asociativo
2013-11-01,2013-M11,AST,SOC_ASO,15299.3,Mensual,SS_Asociativo
2013-12-01,2013-M12,AST,SOC_ASO,15283.7,Mensual,SS_Asociativo
2014-01-01,2014-M01,AST,SOC_ASO,15075.3,Mensual,SS_Asociativo
2014-02-01,2014-M02,AST,SOC_ASO,15030.1,Mensual,SS_Asociativo
2014-03-01,2014-M03,AST,SOC_ASO,15068.7,Mensual,SS_Asociativo
2014-04-01,2014-M04,AST,SOC_ASO,15025.2,Mensual,SS_Asociativo
2014-05-01,2014-M05,AST,SOC_ASO,15155.7,Mensual,SS_Asociativo
2014-06-01,2014-M06,AST,SOC_ASO,15326.1,Mensual,SS_Asociativo
2014-07-01,2014-M07,AST,SOC_ASO,15413.8,Mensual,SS_Asociativo
2014-08-01,2014-M08,AST,SOC_ASO,15404.3,Mensual,SS_Asociativo
2014-09-01,2014-M09,AST,SOC_ASO,15333.2,Mensual,SS_Asociativo
2014-10-01,2014-M10,AST,SOC_ASO,15373.0,Mensual,SS_Asociativo
2014-11-01,2014-M11,AST,SOC_ASO,15381.4,Mensual,SS_Asociativo
2014-12-01,2014-M12,AST,SOC_ASO,15353.6,Mensual,SS_Asociativo
2015-01-01,2015-M01,AST,SOC_ASO,15184.8,Mensual,SS_Asociativo
2015-02-01,2015-M02,AST,SOC_ASO,15121.9,Mensual,SS_Asociativo
2015-03-01,2015-M03,AST,SOC_ASO,15137.3,Mensual,SS_Asociativo
2015-04-01,2015-M04,AST,SOC_ASO,15215.3,Mensual,SS_Asociativo
2015-05-01,2015-M05,AST,SOC_ASO,15407.1,Mensual,SS_Asociativo
2015-06-01,2015-M06,AST,SOC_ASO,15478.5,Mensual,SS_Asociativo
2015-07-01,2015-M07,AST,SOC_ASO,15533.3,Mensual,SS_Asociativo
2015-08-01,2015-M08,AST,SOC_ASO,15537.5,Mensual,SS_Asociativo
2015-09-01,2015-M09,AST,SOC_ASO,15474.4,Mensual,SS_Asociativo
2015-10-01,2015-M10,AST,SOC_ASO,15508.6,Mensual,SS_Asociativo
2015-11-01,2015-M11,AST,SOC_ASO,15541.8,Mensual,SS_Asociativo
2015-12-01,2015-M12,AST,SOC_ASO,15626.9,Mensual,SS_Asociativo
2016-01-01,2016-M01,AST,SOC_ASO,15394.1,Mensual,SS_Asociativo
2016-02-01,2016-M02,AST,SOC_ASO,15443.0,Mensual,SS_Asociativo
2016-03-01,2016-M03,AST,SOC_ASO,15512.9,Mensual,SS_Asociativo
2016-04-01,2016-M04,AST,SOC_ASO,15500.3,Mensual,SS_Asociativo
2016-05-01,2016-M05,AST,SOC_ASO,15627.4,Mensual,SS_Asociativo
2016-06-01,2016-M06,AST,SOC_ASO,15747.5,Mensual,SS_Asociativo
2016-07-01,2016-M07,AST,SOC_ASO,15857.2,Mensual,SS_Asociativo
2016-08-01,2016-M08,AST,SOC_ASO,15808.8,Mensual,SS_Asociativo
2016-09-01,2016-M09,AST,SOC_ASO,15767.8,Mensual,SS_Asociativo
2016-10-01,2016-M10,AST,SOC_ASO,15719.0,Mensual,SS_Asociativo
2016-11-01,2016-M11,AST,SOC_ASO,15637.2,Mensual,SS_Asociativo
2016-12-01,2016-M12,AST,SOC_ASO,15606.8,Mensual,SS_Asociativo
2017-01-01,2017-M01,AST,SOC_ASO,15334.1,Mensual,SS_Asociativo
2017-02-01,2017-M02,AST,SOC_ASO,15393.4,Mensual,SS_Asociativo
2017-03-01,2017-M03,AST,SOC_ASO,15397.0,Mensual,SS_Asociativo
2017-04-01,2017-M04,AST,SOC_ASO,15516.9,Mensual,SS_Asociativo
2017-05-01,2017-M05,AST,SOC_ASO,15654.1,Mensual,SS_Asociativo
2017-06-01,2017-M06,AST,SOC_ASO,15768.4,Mensual,SS_Asociativo
2017-07-01,2017-M07,AST,SOC_ASO,15807.8,Mensual,SS_Asociativo
2017-08-01,2017-M08,AST,SOC_ASO,15767.6,Mensual,SS_Asociativo
2017-09-01,2017-M09,AST,SOC_ASO,15753.1,Mensual,SS_Asociativo
2017-10-01,2017-M10,AST,SOC_ASO,15707.0,Mensual,SS_Asociativo
2017-11-01,2017-M11,AST,SOC_ASO,15662.8,Mensual,SS_Asociativo
2017-12-01,2017-M12,AST,SOC_ASO,15651.9,Mensual,SS_Asociativo
2018-01-01,2018-M01,AST,SOC_ASO,15366.0,Mensual,SS_Asociativo
2018-02-01,2018-M02,AST,SOC_ASO,15404.7,Mensual,SS_Asociativo
2018-03-01,2018-M03,AST,SOC_ASO,15455.4,Mensual,SS_Asociativo
2018-04-01,2018-M04,AST,SOC_ASO,15492.7,Mensual,SS_Asociativo
2018-05-01,2018-M05,AST,SOC_ASO,15673.9,Mensual,SS_Asociativo
2018-06-01,2018-M06,AST,SOC_ASO,15647.4,Mensual,SS_Asociativo
2018-07-01,2018-M07,AST,SOC_ASO,15574.8,Mensual,SS_Asociativo
2018-08-01,2018-M08,AST,SOC_ASO,15502.7,Mensual,SS_Asociativo
2018-09-01,2018-M09,AST,SOC_ASO,15490.8,Mensual,SS_Asociativo
2018-10-01,2018-M10,AST,SOC_ASO,15545.5,Mensual,SS_Asociativo
2018-11-01,2018-M11,AST,SOC_ASO,15505.2,Mensual,SS_Asociativo
2018-12-01,2018-M12,AST,SOC_ASO,15505.4,Mensual,SS_Asociativo
2019-01-01,2019-M01,AST,SOC_ASO,15313.7,Mensual,SS_Asociativo
2019-02-01,2019-M02,AST,SOC_ASO,15256.7,Mensual,SS_Asociativo
2019-03-01,2019-M03,AST,SOC_ASO,15329.6,Mensual,SS_Asociativo
2019-04-01,2019-M04,AST,SOC_ASO,15415.2,Mensual,SS_Asociativo
2019-05-01,2019-M05,AST,SOC_ASO,15559.5,Mensual,SS_Asociativo
2019-06-01,2019-M06,AST,SOC_ASO,15555.0,Mensual,SS_Asociativo
2019-07-01,2019-M07,AST,SOC_ASO,15505.5,Mensual,SS_Asociativo
2019-08-01,2019-M08,AST,SOC_ASO,15470.6,Mensual,SS_Asociativo
2019-09-01,2019-M09,AST,SOC_ASO,15456.2,Mensual,SS_Asociativo
2019-10-01,2019-M10,AST,SOC_ASO,15588.2,Mensual,SS_Asociativo
2019-11-01,2019-M11,AST,SOC_ASO,15552.0,Mensual,SS_Asociativo
2019-12-01,2019-M12,AST,SOC_ASO,15537.5,Mensual,SS_Asociativo
2020-01-01,2020-M01,AST,SOC_ASO,15301.0,Mensual,SS_Asociativo
2020-02-01,2020-M02,AST,SOC_ASO,15301.1,Mensual,SS_Asociativo
2020-03-01,2020-M03,AST,SOC_ASO,15083.0,Mensual,SS_Asociativo
2020-04-01,2020-M04,AST,SOC_ASO,14740.3,Mensual,SS_Asociativo
2020-05-01,2020-M05,AST,SOC_ASO,14829.2,Mensual,SS_Asociativo
2020-06-01,2020-M06,AST,SOC_ASO,14895.8,Mensual,SS_Asociativo
2020-07-01,2020-M07,AST,SOC_ASO,14884.7,Mensual,SS_Asociativo
2020-08-01,2020-M08,AST,SOC_ASO,14883.1,Mensual,SS_Asociativo
2020-09-01,2020-M09,AST,SOC_ASO,14860.5,Mensual,SS_Asociativo
2020-10-01,2020-M10,AST,SOC_ASO,14890.1,Mensual,SS_Asociativo
2020-11-01,2020-M11,AST,SOC_ASO,14690.7,Mensual,SS_Asociativo
2020-12-01,2020-M12,AST,SOC_ASO,14568.9,Mensual,SS_Asociativo
2021-01-01,2021-M01,AST,SOC_ASO,14378.8,Mensual,SS_Asociativo
2021-02-01,2021-M02,AST,SOC_ASO,14367.0,Mensual,SS_Asociativo
2021-03-01,2021-M03,AST,SOC_ASO,14378.0,Mensual,SS_Asociativo
2021-04-01,2021-M04,AST,SOC_ASO,14464.8,Mensual,SS_Asociativo
2021-05-01,2021-M05,AST,SOC_ASO,14680.9,Mensual,SS_Asociativo
2021-06-01,2021-M06,AST,SOC_ASO,14753.4,Mensual,SS_Asociativo
2021-07-01,2021-M07,AST,SOC_ASO,14792.2,Mensual,SS_Asociativo
2021-08-01,2021-M08,AST,SOC_ASO,14771.5,Mensual,SS_Asociativo
2021-09-01,2021-M09,AST,SOC_ASO,14789.4,Mensual,SS_Asociativo
2021-10-01,2021-M10,AST,SOC_ASO,14908.0,Mensual,SS_Asociativo
2021-11-01,2021-M11,AST,SOC_ASO,14843.8,Mensual,SS_Asociativo
2021-12-01,2021-M12,AST,SOC_ASO,14836.9,Mensual,SS_Asociativo
2022-01-01,2022-M01,AST,SOC_ASO,14689.9,Mensual,SS_Asociativo
2022-02-01,2022-M02,AST,SOC_ASO,14735.7,Mensual,SS_Asociativo
2022-03-01,2022-M03,AST,SOC_ASO,14759.1,Mensual,SS_Asociativo
2022-04-01,2022-M04,AST,SOC_ASO,14836.9,Mensual,SS_Asociativo
2022-05-01,2022-M05,AST,SOC_ASO,14956.8,Mensual,SS_Asociativo
2022-06-01,2022-M06,AST,SOC_ASO,15041.5,Mensual,SS_Asociativo
2022-07-01,2022-M07,AST,SOC_ASO,14958.5,Mensual,SS_Asociativo
2022-08-01,2022-M08,AST,SOC_ASO,14906.7,Mensual,SS_Asociativo
2022-09-01,2022-M09,AST,SOC_ASO,14859.1,Mensual,SS_Asociativo
2022-10-01,2022-M10,AST,SOC_ASO,14785.3,Mensual,SS_Asociativo
2022-11-01,2022-M11,AST,SOC_ASO,14761.9,Mensual,SS_Asociativo
2022-12-01,2022-M12,AST,SOC_ASO,14730.0,Mensual,SS_Asociativo
2023-01-01,2023-M01,AST,SOC_ASO,14588.2,Mensual,SS_Asociativo
2023-02-01,2023-M02,AST,SOC_ASO,14634.9,Mensual,SS_Asociativo
2023-03-01,2023-M03,AST,SOC_ASO,14651.2,Mensual,SS_Asociativo
2023-04-01,2023-M04,AST,SOC_ASO,14726.0,Mensual,SS_Asociativo
2023-05-01,2023-M05,AST,SOC_ASO,14835.0,Mensual,SS_Asociativo
2023-06-01,2023-M06,AST,SOC_ASO,14804.5,Mensual,SS_Asociativo
2023-07-01,2023-M07,AST,SOC_ASO,14718.9,Mensual,SS_Asociativo
2023-08-01,2023-M08,AST,SOC_ASO,14608.5,Mensual,SS_Asociativo
2023-09-01,2023-M09,AST,SOC_ASO,14582.2,Mensual,SS_Asociativo
2023-10-01,2023-M10,AST,SOC_ASO,14696.2,Mensual,SS_Asociativo
2023-11-01,2023-M11,AST,SOC_ASO,14705.4,Mensual,SS_Asociativo
2023-12-01,2023-M12,AST,SOC_ASO,14752.6,Mensual,SS_Asociativo
2024-01-01,2024-M01,AST,SOC_ASO,14615.3,Mensual,SS_Asociativo
2024-02-01,2024-M02,AST,SOC_ASO,14624.0,Mensual,SS_Asociativo
2024-03-01,2024-M03,AST,SOC_ASO,14711.4,Mensual,SS_Asociativo
2024-04-01,2024-M04,AST,SOC_ASO,14802.5,Mensual,SS_Asociativo
2024-05-01,2024-M05,AST,SOC_ASO,14936.5,Mensual,SS_Asociativo
2024-06-01,2024-M06,AST,SOC_ASO,14884.5,Mensual,SS_Asociativo
2024-07-01,2024-M07,AST,SOC_ASO,14778.1,Mensual,SS_Asociativo
2024-08-01,2024-M08,AST,SOC_ASO,14739.3,Mensual,SS_Asociativo
2024-09-01,2024-M09,AST,SOC_ASO,14708.1,Mensual,SS_Asociativo
2024-10-01,2024-M10,AST,SOC_ASO,14819.2,Mensual,SS_Asociativo
2024-11-01,2024-M11,AST,SOC_ASO,14746.2,Mensual,SS_Asociativo
2024-12-01,2024-M12,AST,SOC_ASO,14790.0,Mensual,SS_Asociativo
2025-01-01,2025-M01,AST,SOC_ASO,14714.2,Mensual,SS_Asociativo
2025-02-01,2025-M02,AST,SOC_ASO,14731.9,Mensual,SS_Asociativo
2025-03-01,2025-M03,AST,SOC_ASO,14773.6,Mensual,SS_Asociativo
2025-04-01,2025-M04,AST,SOC_ASO,14812.1,Mensual,SS_Asociativo
2025-05-01,2025-M05,AST,SOC_ASO,14933.9,Mensual,SS_Asociativo
2025-06-01,2025-M06,AST,SOC_ASO,14940.6,Mensual,SS_Asociativo
2025-07-01,2025-M07,AST,SOC_ASO,14833.1,Mensual,SS_Asociativo
2025-08-01,2025-M08,AST,SOC_ASO,14792.0,Mensual,SS_Asociativo
2025-09-01,2025-M09,AST,SOC_ASO,14827.7,Mensual,SS_Asociativo
2025-10-01,2025-M10,AST,SOC_ASO,15023.7,Mensual,SS_Asociativo
2025-11-01,2025-M11,AST,SOC_ASO,14921.9,Mensual,SS_Asociativo
2025-12-01,2025-M12,AST,SOC_ASO,14917.6,Mensual,SS_Asociativo
2026-01-01,2026-M01,AST,SOC_ASO,14994.45,Mensual,SS_Asociativo
2026-02-01,2026-M02,AST,SOC_ASO,14991.75,Mensual,SS_Asociativo
2026-03-01,2026-M03,AST,SOC_ASO,14992.91,Mensual,SS_Asociativo
2026-04-01,2026-M04,AST,SOC_ASO,14977.85,Mensual,SS_Asociativo
2026-05-01,2026-M05,AST,SOC_ASO,15098.4,Mensual,SS_Asociativo
2026-06-01,2026-M06,AST,SOC_ASO,15183.86,Mensual,SS_Asociativo
2026-07-01,2026-M07,AST,SOC_ASO,15179.48,Mensual,SS_Asociativo
2009-01-01,2009-M01,BAL,SOC_ASO,18505.7,Mensual,SS_Asociativo
2009-02-01,2009-M02,BAL,SOC_ASO,18526.7,Mensual,SS_Asociativo
2009-03-01,2009-M03,BAL,SOC_ASO,18552.0,Mensual,SS_Asociativo
2009-04-01,2009-M04,BAL,SOC_ASO,18836.1,Mensual,SS_Asociativo
2009-05-01,2009-M05,BAL,SOC_ASO,19569.6,Mensual,SS_Asociativo
2009-06-01,2009-M06,BAL,SOC_ASO,19798.9,Mensual,SS_Asociativo
2009-07-01,2009-M07,BAL,SOC_ASO,20167.6,Mensual,SS_Asociativo
2009-08-01,2009-M08,BAL,SOC_ASO,19971.9,Mensual,SS_Asociativo
2009-09-01,2009-M09,BAL,SOC_ASO,19483.9,Mensual,SS_Asociativo
2009-10-01,2009-M10,BAL,SOC_ASO,19195.1,Mensual,SS_Asociativo
2009-11-01,2009-M11,BAL,SOC_ASO,18378.4,Mensual,SS_Asociativo
2009-12-01,2009-M12,BAL,SOC_ASO,18103.9,Mensual,SS_Asociativo
2010-01-01,2010-M01,BAL,SOC_ASO,17789.9,Mensual,SS_Asociativo
2010-02-01,2010-M02,BAL,SOC_ASO,17739.7,Mensual,SS_Asociativo
2010-03-01,2010-M03,BAL,SOC_ASO,17889.9,Mensual,SS_Asociativo
2010-04-01,2010-M04,BAL,SOC_ASO,18287.9,Mensual,SS_Asociativo
2010-05-01,2010-M05,BAL,SOC_ASO,19128.3,Mensual,SS_Asociativo
2010-06-01,2010-M06,BAL,SOC_ASO,19507.9,Mensual,SS_Asociativo
2010-07-01,2010-M07,BAL,SOC_ASO,19904.0,Mensual,SS_Asociativo
2010-08-01,2010-M08,BAL,SOC_ASO,19690.2,Mensual,SS_Asociativo
2010-09-01,2010-M09,BAL,SOC_ASO,19203.2,Mensual,SS_Asociativo
2010-10-01,2010-M10,BAL,SOC_ASO,18827.2,Mensual,SS_Asociativo
2010-11-01,2010-M11,BAL,SOC_ASO,18038.1,Mensual,SS_Asociativo
2010-12-01,2010-M12,BAL,SOC_ASO,17718.1,Mensual,SS_Asociativo
2011-01-01,2011-M01,BAL,SOC_ASO,17452.5,Mensual,SS_Asociativo
2011-02-01,2011-M02,BAL,SOC_ASO,17467.5,Mensual,SS_Asociativo
2011-03-01,2011-M03,BAL,SOC_ASO,17658.7,Mensual,SS_Asociativo
2011-04-01,2011-M04,BAL,SOC_ASO,18101.5,Mensual,SS_Asociativo
2011-05-01,2011-M05,BAL,SOC_ASO,18954.7,Mensual,SS_Asociativo
2011-06-01,2011-M06,BAL,SOC_ASO,19237.2,Mensual,SS_Asociativo
2011-07-01,2011-M07,BAL,SOC_ASO,19744.7,Mensual,SS_Asociativo
2011-08-01,2011-M08,BAL,SOC_ASO,19537.0,Mensual,SS_Asociativo
2011-09-01,2011-M09,BAL,SOC_ASO,19048.0,Mensual,SS_Asociativo
2011-10-01,2011-M10,BAL,SOC_ASO,18518.7,Mensual,SS_Asociativo
2011-11-01,2011-M11,BAL,SOC_ASO,17383.7,Mensual,SS_Asociativo
2011-12-01,2011-M12,BAL,SOC_ASO,17048.9,Mensual,SS_Asociativo
2012-01-01,2012-M01,BAL,SOC_ASO,16581.1,Mensual,SS_Asociativo
2012-02-01,2012-M02,BAL,SOC_ASO,16563.8,Mensual,SS_Asociativo
2012-03-01,2012-M03,BAL,SOC_ASO,16810.0,Mensual,SS_Asociativo
2012-04-01,2012-M04,BAL,SOC_ASO,17284.3,Mensual,SS_Asociativo
2012-05-01,2012-M05,BAL,SOC_ASO,18347.7,Mensual,SS_Asociativo
2012-06-01,2012-M06,BAL,SOC_ASO,18953.2,Mensual,SS_Asociativo
2012-07-01,2012-M07,BAL,SOC_ASO,19327.1,Mensual,SS_Asociativo
2012-08-01,2012-M08,BAL,SOC_ASO,19121.8,Mensual,SS_Asociativo
2012-09-01,2012-M09,BAL,SOC_ASO,18733.5,Mensual,SS_Asociativo
2012-10-01,2012-M10,BAL,SOC_ASO,18201.1,Mensual,SS_Asociativo
2012-11-01,2012-M11,BAL,SOC_ASO,16931.2,Mensual,SS_Asociativo
2012-12-01,2012-M12,BAL,SOC_ASO,16511.8,Mensual,SS_Asociativo
2013-01-01,2013-M01,BAL,SOC_ASO,16065.9,Mensual,SS_Asociativo
2013-02-01,2013-M02,BAL,SOC_ASO,15952.6,Mensual,SS_Asociativo
2013-03-01,2013-M03,BAL,SOC_ASO,16212.6,Mensual,SS_Asociativo
2013-04-01,2013-M04,BAL,SOC_ASO,16701.3,Mensual,SS_Asociativo
2013-05-01,2013-M05,BAL,SOC_ASO,17914.6,Mensual,SS_Asociativo
2013-06-01,2013-M06,BAL,SOC_ASO,18581.1,Mensual,SS_Asociativo
2013-07-01,2013-M07,BAL,SOC_ASO,19003.3,Mensual,SS_Asociativo
2013-08-01,2013-M08,BAL,SOC_ASO,18942.9,Mensual,SS_Asociativo
2013-09-01,2013-M09,BAL,SOC_ASO,18463.8,Mensual,SS_Asociativo
2013-10-01,2013-M10,BAL,SOC_ASO,17821.2,Mensual,SS_Asociativo
2013-11-01,2013-M11,BAL,SOC_ASO,16506.5,Mensual,SS_Asociativo
2013-12-01,2013-M12,BAL,SOC_ASO,16180.9,Mensual,SS_Asociativo
2014-01-01,2014-M01,BAL,SOC_ASO,15853.0,Mensual,SS_Asociativo
2014-02-01,2014-M02,BAL,SOC_ASO,15921.6,Mensual,SS_Asociativo
2014-03-01,2014-M03,BAL,SOC_ASO,16226.5,Mensual,SS_Asociativo
2014-04-01,2014-M04,BAL,SOC_ASO,16972.7,Mensual,SS_Asociativo
2014-05-01,2014-M05,BAL,SOC_ASO,18153.7,Mensual,SS_Asociativo
2014-06-01,2014-M06,BAL,SOC_ASO,18848.5,Mensual,SS_Asociativo
2014-07-01,2014-M07,BAL,SOC_ASO,19427.0,Mensual,SS_Asociativo
2014-08-01,2014-M08,BAL,SOC_ASO,19400.3,Mensual,SS_Asociativo
2014-09-01,2014-M09,BAL,SOC_ASO,19049.4,Mensual,SS_Asociativo
2014-10-01,2014-M10,BAL,SOC_ASO,18272.0,Mensual,SS_Asociativo
2014-11-01,2014-M11,BAL,SOC_ASO,16845.3,Mensual,SS_Asociativo
2014-12-01,2014-M12,BAL,SOC_ASO,16468.2,Mensual,SS_Asociativo
2015-01-01,2015-M01,BAL,SOC_ASO,16098.0,Mensual,SS_Asociativo
2015-02-01,2015-M02,BAL,SOC_ASO,16264.6,Mensual,SS_Asociativo
2015-03-01,2015-M03,BAL,SOC_ASO,16720.8,Mensual,SS_Asociativo
2015-04-01,2015-M04,BAL,SOC_ASO,17553.5,Mensual,SS_Asociativo
2015-05-01,2015-M05,BAL,SOC_ASO,18969.7,Mensual,SS_Asociativo
2015-06-01,2015-M06,BAL,SOC_ASO,19926.1,Mensual,SS_Asociativo
2015-07-01,2015-M07,BAL,SOC_ASO,20461.6,Mensual,SS_Asociativo
2015-08-01,2015-M08,BAL,SOC_ASO,20451.4,Mensual,SS_Asociativo
2015-09-01,2015-M09,BAL,SOC_ASO,19902.5,Mensual,SS_Asociativo
2015-10-01,2015-M10,BAL,SOC_ASO,18903.6,Mensual,SS_Asociativo
2015-11-01,2015-M11,BAL,SOC_ASO,17338.8,Mensual,SS_Asociativo
2015-12-01,2015-M12,BAL,SOC_ASO,16841.7,Mensual,SS_Asociativo
2016-01-01,2016-M01,BAL,SOC_ASO,16479.9,Mensual,SS_Asociativo
2016-02-01,2016-M02,BAL,SOC_ASO,16676.2,Mensual,SS_Asociativo
2016-03-01,2016-M03,BAL,SOC_ASO,17179.6,Mensual,SS_Asociativo
2016-04-01,2016-M04,BAL,SOC_ASO,18161.6,Mensual,SS_Asociativo
2016-05-01,2016-M05,BAL,SOC_ASO,19699.6,Mensual,SS_Asociativo
2016-06-01,2016-M06,BAL,SOC_ASO,20659.4,Mensual,SS_Asociativo
2016-07-01,2016-M07,BAL,SOC_ASO,21256.4,Mensual,SS_Asociativo
2016-08-01,2016-M08,BAL,SOC_ASO,21274.7,Mensual,SS_Asociativo
2016-09-01,2016-M09,BAL,SOC_ASO,20642.6,Mensual,SS_Asociativo
2016-10-01,2016-M10,BAL,SOC_ASO,19815.1,Mensual,SS_Asociativo
2016-11-01,2016-M11,BAL,SOC_ASO,18083.1,Mensual,SS_Asociativo
2016-12-01,2016-M12,BAL,SOC_ASO,17519.8,Mensual,SS_Asociativo
2017-01-01,2017-M01,BAL,SOC_ASO,17114.1,Mensual,SS_Asociativo
2017-02-01,2017-M02,BAL,SOC_ASO,17341.7,Mensual,SS_Asociativo
2017-03-01,2017-M03,BAL,SOC_ASO,17908.1,Mensual,SS_Asociativo
2017-04-01,2017-M04,BAL,SOC_ASO,19077.4,Mensual,SS_Asociativo
2017-05-01,2017-M05,BAL,SOC_ASO,20685.7,Mensual,SS_Asociativo
2017-06-01,2017-M06,BAL,SOC_ASO,21697.3,Mensual,SS_Asociativo
2017-07-01,2017-M07,BAL,SOC_ASO,22309.4,Mensual,SS_Asociativo
2017-08-01,2017-M08,BAL,SOC_ASO,22214.7,Mensual,SS_Asociativo
2017-09-01,2017-M09,BAL,SOC_ASO,21568.3,Mensual,SS_Asociativo
2017-10-01,2017-M10,BAL,SOC_ASO,20712.2,Mensual,SS_Asociativo
2017-11-01,2017-M11,BAL,SOC_ASO,18779.5,Mensual,SS_Asociativo
2017-12-01,2017-M12,BAL,SOC_ASO,18114.1,Mensual,SS_Asociativo
2018-01-01,2018-M01,BAL,SOC_ASO,17680.4,Mensual,SS_Asociativo
2018-02-01,2018-M02,BAL,SOC_ASO,17918.8,Mensual,SS_Asociativo
2018-03-01,2018-M03,BAL,SOC_ASO,18451.4,Mensual,SS_Asociativo
2018-04-01,2018-M04,BAL,SOC_ASO,19587.7,Mensual,SS_Asociativo
2018-05-01,2018-M05,BAL,SOC_ASO,21236.4,Mensual,SS_Asociativo
2018-06-01,2018-M06,BAL,SOC_ASO,22145.6,Mensual,SS_Asociativo
2018-07-01,2018-M07,BAL,SOC_ASO,22660.3,Mensual,SS_Asociativo
2018-08-01,2018-M08,BAL,SOC_ASO,22482.9,Mensual,SS_Asociativo
2018-09-01,2018-M09,BAL,SOC_ASO,21843.8,Mensual,SS_Asociativo
2018-10-01,2018-M10,BAL,SOC_ASO,21020.5,Mensual,SS_Asociativo
2018-11-01,2018-M11,BAL,SOC_ASO,18956.7,Mensual,SS_Asociativo
2018-12-01,2018-M12,BAL,SOC_ASO,18450.7,Mensual,SS_Asociativo
2019-01-01,2019-M01,BAL,SOC_ASO,17981.5,Mensual,SS_Asociativo
2019-02-01,2019-M02,BAL,SOC_ASO,18159.1,Mensual,SS_Asociativo
2019-03-01,2019-M03,BAL,SOC_ASO,18663.1,Mensual,SS_Asociativo
2019-04-01,2019-M04,BAL,SOC_ASO,19867.0,Mensual,SS_Asociativo
2019-05-01,2019-M05,BAL,SOC_ASO,21529.8,Mensual,SS_Asociativo
2019-06-01,2019-M06,BAL,SOC_ASO,22331.4,Mensual,SS_Asociativo
2019-07-01,2019-M07,BAL,SOC_ASO,22878.8,Mensual,SS_Asociativo
2019-08-01,2019-M08,BAL,SOC_ASO,22783.5,Mensual,SS_Asociativo
2019-09-01,2019-M09,BAL,SOC_ASO,22165.2,Mensual,SS_Asociativo
2019-10-01,2019-M10,BAL,SOC_ASO,21263.3,Mensual,SS_Asociativo
2019-11-01,2019-M11,BAL,SOC_ASO,19124.9,Mensual,SS_Asociativo
2019-12-01,2019-M12,BAL,SOC_ASO,18543.2,Mensual,SS_Asociativo
2020-01-01,2020-M01,BAL,SOC_ASO,18078.2,Mensual,SS_Asociativo
2020-02-01,2020-M02,BAL,SOC_ASO,18275.9,Mensual,SS_Asociativo
2020-03-01,2020-M03,BAL,SOC_ASO,18444.5,Mensual,SS_Asociativo
2020-04-01,2020-M04,BAL,SOC_ASO,18259.7,Mensual,SS_Asociativo
2020-05-01,2020-M05,BAL,SOC_ASO,18988.0,Mensual,SS_Asociativo
2020-06-01,2020-M06,BAL,SOC_ASO,19181.0,Mensual,SS_Asociativo
2020-07-01,2020-M07,BAL,SOC_ASO,19580.6,Mensual,SS_Asociativo
2020-08-01,2020-M08,BAL,SOC_ASO,19647.2,Mensual,SS_Asociativo
2020-09-01,2020-M09,BAL,SOC_ASO,19176.0,Mensual,SS_Asociativo
2020-10-01,2020-M10,BAL,SOC_ASO,17884.6,Mensual,SS_Asociativo
2020-11-01,2020-M11,BAL,SOC_ASO,17246.8,Mensual,SS_Asociativo
2020-12-01,2020-M12,BAL,SOC_ASO,17138.8,Mensual,SS_Asociativo
2021-01-01,2021-M01,BAL,SOC_ASO,16815.7,Mensual,SS_Asociativo
2021-02-01,2021-M02,BAL,SOC_ASO,16775.2,Mensual,SS_Asociativo
2021-03-01,2021-M03,BAL,SOC_ASO,16842.5,Mensual,SS_Asociativo
2021-04-01,2021-M04,BAL,SOC_ASO,17191.3,Mensual,SS_Asociativo
2021-05-01,2021-M05,BAL,SOC_ASO,17882.5,Mensual,SS_Asociativo
2021-06-01,2021-M06,BAL,SOC_ASO,19345.3,Mensual,SS_Asociativo
2021-07-01,2021-M07,BAL,SOC_ASO,20236.7,Mensual,SS_Asociativo
2021-08-01,2021-M08,BAL,SOC_ASO,20445.8,Mensual,SS_Asociativo
2021-09-01,2021-M09,BAL,SOC_ASO,20157.0,Mensual,SS_Asociativo
2021-10-01,2021-M10,BAL,SOC_ASO,19861.1,Mensual,SS_Asociativo
2021-11-01,2021-M11,BAL,SOC_ASO,18526.9,Mensual,SS_Asociativo
2021-12-01,2021-M12,BAL,SOC_ASO,17950.1,Mensual,SS_Asociativo
2022-01-01,2022-M01,BAL,SOC_ASO,17623.0,Mensual,SS_Asociativo
2022-02-01,2022-M02,BAL,SOC_ASO,17785.3,Mensual,SS_Asociativo
2022-03-01,2022-M03,BAL,SOC_ASO,18314.6,Mensual,SS_Asociativo
2022-04-01,2022-M04,BAL,SOC_ASO,19690.3,Mensual,SS_Asociativo
2022-05-01,2022-M05,BAL,SOC_ASO,21191.8,Mensual,SS_Asociativo
2022-06-01,2022-M06,BAL,SOC_ASO,22359.1,Mensual,SS_Asociativo
2022-07-01,2022-M07,BAL,SOC_ASO,22889.6,Mensual,SS_Asociativo
2022-08-01,2022-M08,BAL,SOC_ASO,22779.8,Mensual,SS_Asociativo
2022-09-01,2022-M09,BAL,SOC_ASO,22197.5,Mensual,SS_Asociativo
2022-10-01,2022-M10,BAL,SOC_ASO,21721.0,Mensual,SS_Asociativo
2022-11-01,2022-M11,BAL,SOC_ASO,19806.7,Mensual,SS_Asociativo
2022-12-01,2022-M12,BAL,SOC_ASO,19058.4,Mensual,SS_Asociativo
2023-01-01,2023-M01,BAL,SOC_ASO,18632.9,Mensual,SS_Asociativo
2023-02-01,2023-M02,BAL,SOC_ASO,18778.3,Mensual,SS_Asociativo
2023-03-01,2023-M03,BAL,SOC_ASO,19430.4,Mensual,SS_Asociativo
2023-04-01,2023-M04,BAL,SOC_ASO,21067.8,Mensual,SS_Asociativo
2023-05-01,2023-M05,BAL,SOC_ASO,22636.6,Mensual,SS_Asociativo
2023-06-01,2023-M06,BAL,SOC_ASO,23400.8,Mensual,SS_Asociativo
2023-07-01,2023-M07,BAL,SOC_ASO,23812.5,Mensual,SS_Asociativo
2023-08-01,2023-M08,BAL,SOC_ASO,23771.2,Mensual,SS_Asociativo
2023-09-01,2023-M09,BAL,SOC_ASO,23129.2,Mensual,SS_Asociativo
2023-10-01,2023-M10,BAL,SOC_ASO,22290.7,Mensual,SS_Asociativo
2023-11-01,2023-M11,BAL,SOC_ASO,20082.0,Mensual,SS_Asociativo
2023-12-01,2023-M12,BAL,SOC_ASO,19327.0,Mensual,SS_Asociativo
2024-01-01,2024-M01,BAL,SOC_ASO,18860.4,Mensual,SS_Asociativo
2024-02-01,2024-M02,BAL,SOC_ASO,19091.0,Mensual,SS_Asociativo
2024-03-01,2024-M03,BAL,SOC_ASO,20006.5,Mensual,SS_Asociativo
2024-04-01,2024-M04,BAL,SOC_ASO,21620.4,Mensual,SS_Asociativo
2024-05-01,2024-M05,BAL,SOC_ASO,23429.8,Mensual,SS_Asociativo
2024-06-01,2024-M06,BAL,SOC_ASO,24252.0,Mensual,SS_Asociativo
2024-07-01,2024-M07,BAL,SOC_ASO,24698.3,Mensual,SS_Asociativo
2024-08-01,2024-M08,BAL,SOC_ASO,24629.2,Mensual,SS_Asociativo
2024-09-01,2024-M09,BAL,SOC_ASO,23988.6,Mensual,SS_Asociativo
2024-10-01,2024-M10,BAL,SOC_ASO,23065.7,Mensual,SS_Asociativo
2024-11-01,2024-M11,BAL,SOC_ASO,20576.2,Mensual,SS_Asociativo
2024-12-01,2024-M12,BAL,SOC_ASO,19791.5,Mensual,SS_Asociativo
2025-01-01,2025-M01,BAL,SOC_ASO,19405.5,Mensual,SS_Asociativo
2025-02-01,2025-M02,BAL,SOC_ASO,19647.9,Mensual,SS_Asociativo
2025-03-01,2025-M03,BAL,SOC_ASO,20330.5,Mensual,SS_Asociativo
2025-04-01,2025-M04,BAL,SOC_ASO,22057.5,Mensual,SS_Asociativo
2025-05-01,2025-M05,BAL,SOC_ASO,23817.3,Mensual,SS_Asociativo
2025-06-01,2025-M06,BAL,SOC_ASO,24694.7,Mensual,SS_Asociativo
2025-07-01,2025-M07,BAL,SOC_ASO,25018.6,Mensual,SS_Asociativo
2025-08-01,2025-M08,BAL,SOC_ASO,25014.8,Mensual,SS_Asociativo
2025-09-01,2025-M09,BAL,SOC_ASO,24502.6,Mensual,SS_Asociativo
2025-10-01,2025-M10,BAL,SOC_ASO,23558.5,Mensual,SS_Asociativo
2025-11-01,2025-M11,BAL,SOC_ASO,21023.5,Mensual,SS_Asociativo
2025-12-01,2025-M12,BAL,SOC_ASO,20128.8,Mensual,SS_Asociativo
2026-01-01,2026-M01,BAL,SOC_ASO,20529.2,Mensual,SS_Asociativo
2026-02-01,2026-M02,BAL,SOC_ASO,20707.3,Mensual,SS_Asociativo
2026-03-01,2026-M03,BAL,SOC_ASO,21371.36,Mensual,SS_Asociativo
2026-04-01,2026-M04,BAL,SOC_ASO,22806.2,Mensual,SS_Asociativo
2026-05-01,2026-M05,BAL,SOC_ASO,24053.25,Mensual,SS_Asociativo
2026-06-01,2026-M06,BAL,SOC_ASO,24919.55,Mensual,SS_Asociativo
2026-07-01,2026-M07,BAL,SOC_ASO,25529.09,Mensual,SS_Asociativo
2009-01-01,2009-M01,CAN,SOC_ASO,29348.1,Mensual,SS_Asociativo
2009-02-01,2009-M02,CAN,SOC_ASO,29124.8,Mensual,SS_Asociativo
2009-03-01,2009-M03,CAN,SOC_ASO,28937.8,Mensual,SS_Asociativo
2009-04-01,2009-M04,CAN,SOC_ASO,28848.3,Mensual,SS_Asociativo
2009-05-01,2009-M05,CAN,SOC_ASO,28720.3,Mensual,SS_Asociativo
2009-06-01,2009-M06,CAN,SOC_ASO,28594.8,Mensual,SS_Asociativo
2009-07-01,2009-M07,CAN,SOC_ASO,28537.8,Mensual,SS_Asociativo
2009-08-01,2009-M08,CAN,SOC_ASO,28574.3,Mensual,SS_Asociativo
2009-09-01,2009-M09,CAN,SOC_ASO,28477.8,Mensual,SS_Asociativo
2009-10-01,2009-M10,CAN,SOC_ASO,28459.2,Mensual,SS_Asociativo
2009-11-01,2009-M11,CAN,SOC_ASO,28777.6,Mensual,SS_Asociativo
2009-12-01,2009-M12,CAN,SOC_ASO,28867.0,Mensual,SS_Asociativo
2010-01-01,2010-M01,CAN,SOC_ASO,28394.1,Mensual,SS_Asociativo
2010-02-01,2010-M02,CAN,SOC_ASO,28265.9,Mensual,SS_Asociativo
2010-03-01,2010-M03,CAN,SOC_ASO,28261.1,Mensual,SS_Asociativo
2010-04-01,2010-M04,CAN,SOC_ASO,28179.0,Mensual,SS_Asociativo
2010-05-01,2010-M05,CAN,SOC_ASO,27967.2,Mensual,SS_Asociativo
2010-06-01,2010-M06,CAN,SOC_ASO,27806.3,Mensual,SS_Asociativo
2010-07-01,2010-M07,CAN,SOC_ASO,27803.4,Mensual,SS_Asociativo
2010-08-01,2010-M08,CAN,SOC_ASO,27887.4,Mensual,SS_Asociativo
2010-09-01,2010-M09,CAN,SOC_ASO,27859.0,Mensual,SS_Asociativo
2010-10-01,2010-M10,CAN,SOC_ASO,27984.5,Mensual,SS_Asociativo
2010-11-01,2010-M11,CAN,SOC_ASO,28469.7,Mensual,SS_Asociativo
2010-12-01,2010-M12,CAN,SOC_ASO,28667.9,Mensual,SS_Asociativo
2011-01-01,2011-M01,CAN,SOC_ASO,28172.9,Mensual,SS_Asociativo
2011-02-01,2011-M02,CAN,SOC_ASO,28203.8,Mensual,SS_Asociativo
2011-03-01,2011-M03,CAN,SOC_ASO,28241.8,Mensual,SS_Asociativo
2011-04-01,2011-M04,CAN,SOC_ASO,28352.6,Mensual,SS_Asociativo
2011-05-01,2011-M05,CAN,SOC_ASO,28072.1,Mensual,SS_Asociativo
2011-06-01,2011-M06,CAN,SOC_ASO,28033.9,Mensual,SS_Asociativo
2011-07-01,2011-M07,CAN,SOC_ASO,28283.2,Mensual,SS_Asociativo
2011-08-01,2011-M08,CAN,SOC_ASO,28327.0,Mensual,SS_Asociativo
2011-09-01,2011-M09,CAN,SOC_ASO,28511.9,Mensual,SS_Asociativo
2011-10-01,2011-M10,CAN,SOC_ASO,28706.4,Mensual,SS_Asociativo
2011-11-01,2011-M11,CAN,SOC_ASO,28828.7,Mensual,SS_Asociativo
2011-12-01,2011-M12,CAN,SOC_ASO,28963.4,Mensual,SS_Asociativo
2012-01-01,2012-M01,CAN,SOC_ASO,28464.1,Mensual,SS_Asociativo
2012-02-01,2012-M02,CAN,SOC_ASO,28431.2,Mensual,SS_Asociativo
2012-03-01,2012-M03,CAN,SOC_ASO,28385.9,Mensual,SS_Asociativo
2012-04-01,2012-M04,CAN,SOC_ASO,28047.9,Mensual,SS_Asociativo
2012-05-01,2012-M05,CAN,SOC_ASO,27863.8,Mensual,SS_Asociativo
2012-06-01,2012-M06,CAN,SOC_ASO,27807.2,Mensual,SS_Asociativo
2012-07-01,2012-M07,CAN,SOC_ASO,27850.8,Mensual,SS_Asociativo
2012-08-01,2012-M08,CAN,SOC_ASO,27948.1,Mensual,SS_Asociativo
2012-09-01,2012-M09,CAN,SOC_ASO,27940.2,Mensual,SS_Asociativo
2012-10-01,2012-M10,CAN,SOC_ASO,27899.4,Mensual,SS_Asociativo
2012-11-01,2012-M11,CAN,SOC_ASO,27916.3,Mensual,SS_Asociativo
2012-12-01,2012-M12,CAN,SOC_ASO,27974.5,Mensual,SS_Asociativo
2013-01-01,2013-M01,CAN,SOC_ASO,27613.5,Mensual,SS_Asociativo
2013-02-01,2013-M02,CAN,SOC_ASO,27515.6,Mensual,SS_Asociativo
2013-03-01,2013-M03,CAN,SOC_ASO,27480.7,Mensual,SS_Asociativo
2013-04-01,2013-M04,CAN,SOC_ASO,27505.1,Mensual,SS_Asociativo
2013-05-01,2013-M05,CAN,SOC_ASO,27372.3,Mensual,SS_Asociativo
2013-06-01,2013-M06,CAN,SOC_ASO,27331.1,Mensual,SS_Asociativo
2013-07-01,2013-M07,CAN,SOC_ASO,27615.5,Mensual,SS_Asociativo
2013-08-01,2013-M08,CAN,SOC_ASO,27620.1,Mensual,SS_Asociativo
2013-09-01,2013-M09,CAN,SOC_ASO,27419.1,Mensual,SS_Asociativo
2013-10-01,2013-M10,CAN,SOC_ASO,27530.9,Mensual,SS_Asociativo
2013-11-01,2013-M11,CAN,SOC_ASO,27835.7,Mensual,SS_Asociativo
2013-12-01,2013-M12,CAN,SOC_ASO,28104.0,Mensual,SS_Asociativo
2014-01-01,2014-M01,CAN,SOC_ASO,27917.9,Mensual,SS_Asociativo
2014-02-01,2014-M02,CAN,SOC_ASO,28022.8,Mensual,SS_Asociativo
2014-03-01,2014-M03,CAN,SOC_ASO,28230.8,Mensual,SS_Asociativo
2014-04-01,2014-M04,CAN,SOC_ASO,28145.7,Mensual,SS_Asociativo
2014-05-01,2014-M05,CAN,SOC_ASO,28137.7,Mensual,SS_Asociativo
2014-06-01,2014-M06,CAN,SOC_ASO,27985.1,Mensual,SS_Asociativo
2014-07-01,2014-M07,CAN,SOC_ASO,28229.2,Mensual,SS_Asociativo
2014-08-01,2014-M08,CAN,SOC_ASO,28351.7,Mensual,SS_Asociativo
2014-09-01,2014-M09,CAN,SOC_ASO,28056.2,Mensual,SS_Asociativo
2014-10-01,2014-M10,CAN,SOC_ASO,28272.2,Mensual,SS_Asociativo
2014-11-01,2014-M11,CAN,SOC_ASO,28519.6,Mensual,SS_Asociativo
2014-12-01,2014-M12,CAN,SOC_ASO,28747.8,Mensual,SS_Asociativo
2015-01-01,2015-M01,CAN,SOC_ASO,28590.7,Mensual,SS_Asociativo
2015-02-01,2015-M02,CAN,SOC_ASO,28685.5,Mensual,SS_Asociativo
2015-03-01,2015-M03,CAN,SOC_ASO,28920.7,Mensual,SS_Asociativo
2015-04-01,2015-M04,CAN,SOC_ASO,28890.6,Mensual,SS_Asociativo
2015-05-01,2015-M05,CAN,SOC_ASO,28941.0,Mensual,SS_Asociativo
2015-06-01,2015-M06,CAN,SOC_ASO,28922.6,Mensual,SS_Asociativo
2015-07-01,2015-M07,CAN,SOC_ASO,29571.7,Mensual,SS_Asociativo
2015-08-01,2015-M08,CAN,SOC_ASO,29555.8,Mensual,SS_Asociativo
2015-09-01,2015-M09,CAN,SOC_ASO,29204.3,Mensual,SS_Asociativo
2015-10-01,2015-M10,CAN,SOC_ASO,29401.4,Mensual,SS_Asociativo
2015-11-01,2015-M11,CAN,SOC_ASO,29805.5,Mensual,SS_Asociativo
2015-12-01,2015-M12,CAN,SOC_ASO,30021.9,Mensual,SS_Asociativo
2016-01-01,2016-M01,CAN,SOC_ASO,29756.9,Mensual,SS_Asociativo
2016-02-01,2016-M02,CAN,SOC_ASO,29851.7,Mensual,SS_Asociativo
2016-03-01,2016-M03,CAN,SOC_ASO,30046.4,Mensual,SS_Asociativo
2016-04-01,2016-M04,CAN,SOC_ASO,30000.0,Mensual,SS_Asociativo
2016-05-01,2016-M05,CAN,SOC_ASO,29883.6,Mensual,SS_Asociativo
2016-06-01,2016-M06,CAN,SOC_ASO,29945.9,Mensual,SS_Asociativo
2016-07-01,2016-M07,CAN,SOC_ASO,30714.4,Mensual,SS_Asociativo
2016-08-01,2016-M08,CAN,SOC_ASO,30836.2,Mensual,SS_Asociativo
2016-09-01,2016-M09,CAN,SOC_ASO,30636.9,Mensual,SS_Asociativo
2016-10-01,2016-M10,CAN,SOC_ASO,31074.3,Mensual,SS_Asociativo
2016-11-01,2016-M11,CAN,SOC_ASO,31502.2,Mensual,SS_Asociativo
2016-12-01,2016-M12,CAN,SOC_ASO,31799.5,Mensual,SS_Asociativo
2017-01-01,2017-M01,CAN,SOC_ASO,31426.1,Mensual,SS_Asociativo
2017-02-01,2017-M02,CAN,SOC_ASO,31516.3,Mensual,SS_Asociativo
2017-03-01,2017-M03,CAN,SOC_ASO,31675.8,Mensual,SS_Asociativo
2017-04-01,2017-M04,CAN,SOC_ASO,31655.6,Mensual,SS_Asociativo
2017-05-01,2017-M05,CAN,SOC_ASO,31675.7,Mensual,SS_Asociativo
2017-06-01,2017-M06,CAN,SOC_ASO,31635.0,Mensual,SS_Asociativo
2017-07-01,2017-M07,CAN,SOC_ASO,32213.4,Mensual,SS_Asociativo
2017-08-01,2017-M08,CAN,SOC_ASO,32387.5,Mensual,SS_Asociativo
2017-09-01,2017-M09,CAN,SOC_ASO,32188.8,Mensual,SS_Asociativo
2017-10-01,2017-M10,CAN,SOC_ASO,32561.2,Mensual,SS_Asociativo
2017-11-01,2017-M11,CAN,SOC_ASO,32911.8,Mensual,SS_Asociativo
2017-12-01,2017-M12,CAN,SOC_ASO,33109.5,Mensual,SS_Asociativo
2018-01-01,2018-M01,CAN,SOC_ASO,32687.4,Mensual,SS_Asociativo
2018-02-01,2018-M02,CAN,SOC_ASO,32856.9,Mensual,SS_Asociativo
2018-03-01,2018-M03,CAN,SOC_ASO,33237.5,Mensual,SS_Asociativo
2018-04-01,2018-M04,CAN,SOC_ASO,32934.0,Mensual,SS_Asociativo
2018-05-01,2018-M05,CAN,SOC_ASO,32962.5,Mensual,SS_Asociativo
2018-06-01,2018-M06,CAN,SOC_ASO,32991.4,Mensual,SS_Asociativo
2018-07-01,2018-M07,CAN,SOC_ASO,33672.6,Mensual,SS_Asociativo
2018-08-01,2018-M08,CAN,SOC_ASO,33755.3,Mensual,SS_Asociativo
2018-09-01,2018-M09,CAN,SOC_ASO,33712.9,Mensual,SS_Asociativo
2018-10-01,2018-M10,CAN,SOC_ASO,34176.8,Mensual,SS_Asociativo
2018-11-01,2018-M11,CAN,SOC_ASO,34350.6,Mensual,SS_Asociativo
2018-12-01,2018-M12,CAN,SOC_ASO,34344.1,Mensual,SS_Asociativo
2019-01-01,2019-M01,CAN,SOC_ASO,33707.6,Mensual,SS_Asociativo
2019-02-01,2019-M02,CAN,SOC_ASO,33791.8,Mensual,SS_Asociativo
2019-03-01,2019-M03,CAN,SOC_ASO,34203.0,Mensual,SS_Asociativo
2019-04-01,2019-M04,CAN,SOC_ASO,34121.0,Mensual,SS_Asociativo
2019-05-01,2019-M05,CAN,SOC_ASO,34139.6,Mensual,SS_Asociativo
2019-06-01,2019-M06,CAN,SOC_ASO,34410.1,Mensual,SS_Asociativo
2019-07-01,2019-M07,CAN,SOC_ASO,34457.0,Mensual,SS_Asociativo
2019-08-01,2019-M08,CAN,SOC_ASO,34403.7,Mensual,SS_Asociativo
2019-09-01,2019-M09,CAN,SOC_ASO,34503.4,Mensual,SS_Asociativo
2019-10-01,2019-M10,CAN,SOC_ASO,34847.6,Mensual,SS_Asociativo
2019-11-01,2019-M11,CAN,SOC_ASO,35115.0,Mensual,SS_Asociativo
2019-12-01,2019-M12,CAN,SOC_ASO,35434.4,Mensual,SS_Asociativo
2020-01-01,2020-M01,CAN,SOC_ASO,34704.5,Mensual,SS_Asociativo
2020-02-01,2020-M02,CAN,SOC_ASO,34759.7,Mensual,SS_Asociativo
2020-03-01,2020-M03,CAN,SOC_ASO,33992.7,Mensual,SS_Asociativo
2020-04-01,2020-M04,CAN,SOC_ASO,31734.3,Mensual,SS_Asociativo
2020-05-01,2020-M05,CAN,SOC_ASO,32185.4,Mensual,SS_Asociativo
2020-06-01,2020-M06,CAN,SOC_ASO,32438.8,Mensual,SS_Asociativo
2020-07-01,2020-M07,CAN,SOC_ASO,32594.4,Mensual,SS_Asociativo
2020-08-01,2020-M08,CAN,SOC_ASO,32720.0,Mensual,SS_Asociativo
2020-09-01,2020-M09,CAN,SOC_ASO,32908.9,Mensual,SS_Asociativo
2020-10-01,2020-M10,CAN,SOC_ASO,33152.0,Mensual,SS_Asociativo
2020-11-01,2020-M11,CAN,SOC_ASO,32766.7,Mensual,SS_Asociativo
2020-12-01,2020-M12,CAN,SOC_ASO,32836.2,Mensual,SS_Asociativo
2021-01-01,2021-M01,CAN,SOC_ASO,32239.7,Mensual,SS_Asociativo
2021-02-01,2021-M02,CAN,SOC_ASO,32209.9,Mensual,SS_Asociativo
2021-03-01,2021-M03,CAN,SOC_ASO,32444.8,Mensual,SS_Asociativo
2021-04-01,2021-M04,CAN,SOC_ASO,32467.9,Mensual,SS_Asociativo
2021-05-01,2021-M05,CAN,SOC_ASO,32642.0,Mensual,SS_Asociativo
2021-06-01,2021-M06,CAN,SOC_ASO,32884.4,Mensual,SS_Asociativo
2021-07-01,2021-M07,CAN,SOC_ASO,33150.6,Mensual,SS_Asociativo
2021-08-01,2021-M08,CAN,SOC_ASO,33422.6,Mensual,SS_Asociativo
2021-09-01,2021-M09,CAN,SOC_ASO,34083.1,Mensual,SS_Asociativo
2021-10-01,2021-M10,CAN,SOC_ASO,34706.5,Mensual,SS_Asociativo
2021-11-01,2021-M11,CAN,SOC_ASO,35173.2,Mensual,SS_Asociativo
2021-12-01,2021-M12,CAN,SOC_ASO,35252.5,Mensual,SS_Asociativo
2022-01-01,2022-M01,CAN,SOC_ASO,34681.5,Mensual,SS_Asociativo
2022-02-01,2022-M02,CAN,SOC_ASO,34888.6,Mensual,SS_Asociativo
2022-03-01,2022-M03,CAN,SOC_ASO,35651.8,Mensual,SS_Asociativo
2022-04-01,2022-M04,CAN,SOC_ASO,36043.6,Mensual,SS_Asociativo
2022-05-01,2022-M05,CAN,SOC_ASO,36320.3,Mensual,SS_Asociativo
2022-06-01,2022-M06,CAN,SOC_ASO,36899.9,Mensual,SS_Asociativo
2022-07-01,2022-M07,CAN,SOC_ASO,37002.2,Mensual,SS_Asociativo
2022-08-01,2022-M08,CAN,SOC_ASO,37036.8,Mensual,SS_Asociativo
2022-09-01,2022-M09,CAN,SOC_ASO,37289.7,Mensual,SS_Asociativo
2022-10-01,2022-M10,CAN,SOC_ASO,37684.5,Mensual,SS_Asociativo
2022-11-01,2022-M11,CAN,SOC_ASO,37925.9,Mensual,SS_Asociativo
2022-12-01,2022-M12,CAN,SOC_ASO,37947.9,Mensual,SS_Asociativo
2023-01-01,2023-M01,CAN,SOC_ASO,37409.7,Mensual,SS_Asociativo
2023-02-01,2023-M02,CAN,SOC_ASO,37457.8,Mensual,SS_Asociativo
2023-03-01,2023-M03,CAN,SOC_ASO,37513.4,Mensual,SS_Asociativo
2023-04-01,2023-M04,CAN,SOC_ASO,37651.1,Mensual,SS_Asociativo
2023-05-01,2023-M05,CAN,SOC_ASO,37686.9,Mensual,SS_Asociativo
2023-06-01,2023-M06,CAN,SOC_ASO,37732.1,Mensual,SS_Asociativo
2023-07-01,2023-M07,CAN,SOC_ASO,37607.9,Mensual,SS_Asociativo
2023-08-01,2023-M08,CAN,SOC_ASO,37577.9,Mensual,SS_Asociativo
2023-09-01,2023-M09,CAN,SOC_ASO,37718.9,Mensual,SS_Asociativo
2023-10-01,2023-M10,CAN,SOC_ASO,38108.2,Mensual,SS_Asociativo
2023-11-01,2023-M11,CAN,SOC_ASO,38401.5,Mensual,SS_Asociativo
2023-12-01,2023-M12,CAN,SOC_ASO,38569.8,Mensual,SS_Asociativo
2024-01-01,2024-M01,CAN,SOC_ASO,38056.1,Mensual,SS_Asociativo
2024-02-01,2024-M02,CAN,SOC_ASO,38054.6,Mensual,SS_Asociativo
2024-03-01,2024-M03,CAN,SOC_ASO,38421.4,Mensual,SS_Asociativo
2024-04-01,2024-M04,CAN,SOC_ASO,38645.4,Mensual,SS_Asociativo
2024-05-01,2024-M05,CAN,SOC_ASO,38694.1,Mensual,SS_Asociativo
2024-06-01,2024-M06,CAN,SOC_ASO,38696.3,Mensual,SS_Asociativo
2024-07-01,2024-M07,CAN,SOC_ASO,38478.4,Mensual,SS_Asociativo
2024-08-01,2024-M08,CAN,SOC_ASO,38414.4,Mensual,SS_Asociativo
2024-09-01,2024-M09,CAN,SOC_ASO,38761.6,Mensual,SS_Asociativo
2024-10-01,2024-M10,CAN,SOC_ASO,39271.7,Mensual,SS_Asociativo
2024-11-01,2024-M11,CAN,SOC_ASO,39538.4,Mensual,SS_Asociativo
2024-12-01,2024-M12,CAN,SOC_ASO,39639.6,Mensual,SS_Asociativo
2025-01-01,2025-M01,CAN,SOC_ASO,38926.4,Mensual,SS_Asociativo
2025-02-01,2025-M02,CAN,SOC_ASO,39042.3,Mensual,SS_Asociativo
2025-03-01,2025-M03,CAN,SOC_ASO,39162.2,Mensual,SS_Asociativo
2025-04-01,2025-M04,CAN,SOC_ASO,39338.9,Mensual,SS_Asociativo
2025-05-01,2025-M05,CAN,SOC_ASO,39213.9,Mensual,SS_Asociativo
2025-06-01,2025-M06,CAN,SOC_ASO,39233.3,Mensual,SS_Asociativo
2025-07-01,2025-M07,CAN,SOC_ASO,39123.6,Mensual,SS_Asociativo
2025-08-01,2025-M08,CAN,SOC_ASO,39215.8,Mensual,SS_Asociativo
2025-09-01,2025-M09,CAN,SOC_ASO,39344.0,Mensual,SS_Asociativo
2025-10-01,2025-M10,CAN,SOC_ASO,39673.8,Mensual,SS_Asociativo
2025-11-01,2025-M11,CAN,SOC_ASO,39973.1,Mensual,SS_Asociativo
2025-12-01,2025-M12,CAN,SOC_ASO,40162.8,Mensual,SS_Asociativo
2026-01-01,2026-M01,CAN,SOC_ASO,40898.6,Mensual,SS_Asociativo
2026-02-01,2026-M02,CAN,SOC_ASO,41022.45,Mensual,SS_Asociativo
2026-03-01,2026-M03,CAN,SOC_ASO,41047.14,Mensual,SS_Asociativo
2026-04-01,2026-M04,CAN,SOC_ASO,41020.35,Mensual,SS_Asociativo
2026-05-01,2026-M05,CAN,SOC_ASO,41108.0,Mensual,SS_Asociativo
2026-06-01,2026-M06,CAN,SOC_ASO,41293.82,Mensual,SS_Asociativo
2026-07-01,2026-M07,CAN,SOC_ASO,41688.48,Mensual,SS_Asociativo
2009-01-01,2009-M01,CANT,SOC_ASO,10694.8,Mensual,SS_Asociativo
2009-02-01,2009-M02,CANT,SOC_ASO,10586.3,Mensual,SS_Asociativo
2009-03-01,2009-M03,CANT,SOC_ASO,10472.9,Mensual,SS_Asociativo
2009-04-01,2009-M04,CANT,SOC_ASO,10486.2,Mensual,SS_Asociativo
2009-05-01,2009-M05,CANT,SOC_ASO,10511.1,Mensual,SS_Asociativo
2009-06-01,2009-M06,CANT,SOC_ASO,10549.6,Mensual,SS_Asociativo
2009-07-01,2009-M07,CANT,SOC_ASO,10756.2,Mensual,SS_Asociativo
2009-08-01,2009-M08,CANT,SOC_ASO,10794.5,Mensual,SS_Asociativo
2009-09-01,2009-M09,CANT,SOC_ASO,10628.5,Mensual,SS_Asociativo
2009-10-01,2009-M10,CANT,SOC_ASO,10491.4,Mensual,SS_Asociativo
2009-11-01,2009-M11,CANT,SOC_ASO,10496.7,Mensual,SS_Asociativo
2009-12-01,2009-M12,CANT,SOC_ASO,10478.4,Mensual,SS_Asociativo
2010-01-01,2010-M01,CANT,SOC_ASO,10277.9,Mensual,SS_Asociativo
2010-02-01,2010-M02,CANT,SOC_ASO,10267.3,Mensual,SS_Asociativo
2010-03-01,2010-M03,CANT,SOC_ASO,10237.0,Mensual,SS_Asociativo
2010-04-01,2010-M04,CANT,SOC_ASO,10278.8,Mensual,SS_Asociativo
2010-05-01,2010-M05,CANT,SOC_ASO,10395.4,Mensual,SS_Asociativo
2010-06-01,2010-M06,CANT,SOC_ASO,10426.5,Mensual,SS_Asociativo
2010-07-01,2010-M07,CANT,SOC_ASO,10579.5,Mensual,SS_Asociativo
2010-08-01,2010-M08,CANT,SOC_ASO,10684.4,Mensual,SS_Asociativo
2010-09-01,2010-M09,CANT,SOC_ASO,10483.5,Mensual,SS_Asociativo
2010-10-01,2010-M10,CANT,SOC_ASO,10339.2,Mensual,SS_Asociativo
2010-11-01,2010-M11,CANT,SOC_ASO,10362.5,Mensual,SS_Asociativo
2010-12-01,2010-M12,CANT,SOC_ASO,10366.8,Mensual,SS_Asociativo
2011-01-01,2011-M01,CANT,SOC_ASO,10164.1,Mensual,SS_Asociativo
2011-02-01,2011-M02,CANT,SOC_ASO,10134.5,Mensual,SS_Asociativo
2011-03-01,2011-M03,CANT,SOC_ASO,10120.5,Mensual,SS_Asociativo
2011-04-01,2011-M04,CANT,SOC_ASO,10150.4,Mensual,SS_Asociativo
2011-05-01,2011-M05,CANT,SOC_ASO,10199.8,Mensual,SS_Asociativo
2011-06-01,2011-M06,CANT,SOC_ASO,10241.5,Mensual,SS_Asociativo
2011-07-01,2011-M07,CANT,SOC_ASO,10385.6,Mensual,SS_Asociativo
2011-08-01,2011-M08,CANT,SOC_ASO,10378.2,Mensual,SS_Asociativo
2011-09-01,2011-M09,CANT,SOC_ASO,10336.0,Mensual,SS_Asociativo
2011-10-01,2011-M10,CANT,SOC_ASO,10209.3,Mensual,SS_Asociativo
2011-11-01,2011-M11,CANT,SOC_ASO,10134.0,Mensual,SS_Asociativo
2011-12-01,2011-M12,CANT,SOC_ASO,10107.1,Mensual,SS_Asociativo
2012-01-01,2012-M01,CANT,SOC_ASO,9765.9,Mensual,SS_Asociativo
2012-02-01,2012-M02,CANT,SOC_ASO,9681.0,Mensual,SS_Asociativo
2012-03-01,2012-M03,CANT,SOC_ASO,9648.8,Mensual,SS_Asociativo
2012-04-01,2012-M04,CANT,SOC_ASO,9641.6,Mensual,SS_Asociativo
2012-05-01,2012-M05,CANT,SOC_ASO,9631.0,Mensual,SS_Asociativo
2012-06-01,2012-M06,CANT,SOC_ASO,9674.1,Mensual,SS_Asociativo
2012-07-01,2012-M07,CANT,SOC_ASO,9818.5,Mensual,SS_Asociativo
2012-08-01,2012-M08,CANT,SOC_ASO,9890.6,Mensual,SS_Asociativo
2012-09-01,2012-M09,CANT,SOC_ASO,9698.4,Mensual,SS_Asociativo
2012-10-01,2012-M10,CANT,SOC_ASO,9521.2,Mensual,SS_Asociativo
2012-11-01,2012-M11,CANT,SOC_ASO,9429.7,Mensual,SS_Asociativo
2012-12-01,2012-M12,CANT,SOC_ASO,9401.9,Mensual,SS_Asociativo
2013-01-01,2013-M01,CANT,SOC_ASO,9222.5,Mensual,SS_Asociativo
2013-02-01,2013-M02,CANT,SOC_ASO,9185.2,Mensual,SS_Asociativo
2013-03-01,2013-M03,CANT,SOC_ASO,9231.0,Mensual,SS_Asociativo
2013-04-01,2013-M04,CANT,SOC_ASO,9201.4,Mensual,SS_Asociativo
2013-05-01,2013-M05,CANT,SOC_ASO,9160.2,Mensual,SS_Asociativo
2013-06-01,2013-M06,CANT,SOC_ASO,9176.8,Mensual,SS_Asociativo
2013-07-01,2013-M07,CANT,SOC_ASO,9332.3,Mensual,SS_Asociativo
2013-08-01,2013-M08,CANT,SOC_ASO,9428.5,Mensual,SS_Asociativo
2013-09-01,2013-M09,CANT,SOC_ASO,9315.7,Mensual,SS_Asociativo
2013-10-01,2013-M10,CANT,SOC_ASO,9177.1,Mensual,SS_Asociativo
2013-11-01,2013-M11,CANT,SOC_ASO,9154.6,Mensual,SS_Asociativo
2013-12-01,2013-M12,CANT,SOC_ASO,9121.9,Mensual,SS_Asociativo
2014-01-01,2014-M01,CANT,SOC_ASO,8957.5,Mensual,SS_Asociativo
2014-02-01,2014-M02,CANT,SOC_ASO,8930.9,Mensual,SS_Asociativo
2014-03-01,2014-M03,CANT,SOC_ASO,8975.5,Mensual,SS_Asociativo
2014-04-01,2014-M04,CANT,SOC_ASO,9030.3,Mensual,SS_Asociativo
2014-05-01,2014-M05,CANT,SOC_ASO,9119.8,Mensual,SS_Asociativo
2014-06-01,2014-M06,CANT,SOC_ASO,9207.9,Mensual,SS_Asociativo
2014-07-01,2014-M07,CANT,SOC_ASO,9434.8,Mensual,SS_Asociativo
2014-08-01,2014-M08,CANT,SOC_ASO,9510.0,Mensual,SS_Asociativo
2014-09-01,2014-M09,CANT,SOC_ASO,9398.0,Mensual,SS_Asociativo
2014-10-01,2014-M10,CANT,SOC_ASO,9272.1,Mensual,SS_Asociativo
2014-11-01,2014-M11,CANT,SOC_ASO,9233.5,Mensual,SS_Asociativo
2014-12-01,2014-M12,CANT,SOC_ASO,9228.4,Mensual,SS_Asociativo
2015-01-01,2015-M01,CANT,SOC_ASO,9072.7,Mensual,SS_Asociativo
2015-02-01,2015-M02,CANT,SOC_ASO,8992.9,Mensual,SS_Asociativo
2015-03-01,2015-M03,CANT,SOC_ASO,8993.6,Mensual,SS_Asociativo
2015-04-01,2015-M04,CANT,SOC_ASO,9074.1,Mensual,SS_Asociativo
2015-05-01,2015-M05,CANT,SOC_ASO,9161.6,Mensual,SS_Asociativo
2015-06-01,2015-M06,CANT,SOC_ASO,9209.4,Mensual,SS_Asociativo
2015-07-01,2015-M07,CANT,SOC_ASO,9377.9,Mensual,SS_Asociativo
2015-08-01,2015-M08,CANT,SOC_ASO,9377.9,Mensual,SS_Asociativo
2015-09-01,2015-M09,CANT,SOC_ASO,9198.4,Mensual,SS_Asociativo
2015-10-01,2015-M10,CANT,SOC_ASO,9076.7,Mensual,SS_Asociativo
2015-11-01,2015-M11,CANT,SOC_ASO,9044.1,Mensual,SS_Asociativo
2015-12-01,2015-M12,CANT,SOC_ASO,9076.4,Mensual,SS_Asociativo
2016-01-01,2016-M01,CANT,SOC_ASO,8914.8,Mensual,SS_Asociativo
2016-02-01,2016-M02,CANT,SOC_ASO,8960.1,Mensual,SS_Asociativo
2016-03-01,2016-M03,CANT,SOC_ASO,9005.0,Mensual,SS_Asociativo
2016-04-01,2016-M04,CANT,SOC_ASO,9069.1,Mensual,SS_Asociativo
2016-05-01,2016-M05,CANT,SOC_ASO,9116.0,Mensual,SS_Asociativo
2016-06-01,2016-M06,CANT,SOC_ASO,9181.2,Mensual,SS_Asociativo
2016-07-01,2016-M07,CANT,SOC_ASO,9388.3,Mensual,SS_Asociativo
2016-08-01,2016-M08,CANT,SOC_ASO,9428.7,Mensual,SS_Asociativo
2016-09-01,2016-M09,CANT,SOC_ASO,9280.2,Mensual,SS_Asociativo
2016-10-01,2016-M10,CANT,SOC_ASO,9129.1,Mensual,SS_Asociativo
2016-11-01,2016-M11,CANT,SOC_ASO,9092.9,Mensual,SS_Asociativo
2016-12-01,2016-M12,CANT,SOC_ASO,9162.7,Mensual,SS_Asociativo
2017-01-01,2017-M01,CANT,SOC_ASO,9057.9,Mensual,SS_Asociativo
2017-02-01,2017-M02,CANT,SOC_ASO,9107.1,Mensual,SS_Asociativo
2017-03-01,2017-M03,CANT,SOC_ASO,9144.7,Mensual,SS_Asociativo
2017-04-01,2017-M04,CANT,SOC_ASO,9228.8,Mensual,SS_Asociativo
2017-05-01,2017-M05,CANT,SOC_ASO,9267.8,Mensual,SS_Asociativo
2017-06-01,2017-M06,CANT,SOC_ASO,9389.1,Mensual,SS_Asociativo
2017-07-01,2017-M07,CANT,SOC_ASO,9584.1,Mensual,SS_Asociativo
2017-08-01,2017-M08,CANT,SOC_ASO,9598.1,Mensual,SS_Asociativo
2017-09-01,2017-M09,CANT,SOC_ASO,9448.5,Mensual,SS_Asociativo
2017-10-01,2017-M10,CANT,SOC_ASO,9386.0,Mensual,SS_Asociativo
2017-11-01,2017-M11,CANT,SOC_ASO,9369.0,Mensual,SS_Asociativo
2017-12-01,2017-M12,CANT,SOC_ASO,9315.9,Mensual,SS_Asociativo
2018-01-01,2018-M01,CANT,SOC_ASO,9245.7,Mensual,SS_Asociativo
2018-02-01,2018-M02,CANT,SOC_ASO,9228.5,Mensual,SS_Asociativo
2018-03-01,2018-M03,CANT,SOC_ASO,9301.5,Mensual,SS_Asociativo
2018-04-01,2018-M04,CANT,SOC_ASO,9349.4,Mensual,SS_Asociativo
2018-05-01,2018-M05,CANT,SOC_ASO,9444.3,Mensual,SS_Asociativo
2018-06-01,2018-M06,CANT,SOC_ASO,9523.1,Mensual,SS_Asociativo
2018-07-01,2018-M07,CANT,SOC_ASO,9748.4,Mensual,SS_Asociativo
2018-08-01,2018-M08,CANT,SOC_ASO,9783.2,Mensual,SS_Asociativo
2018-09-01,2018-M09,CANT,SOC_ASO,9641.4,Mensual,SS_Asociativo
2018-10-01,2018-M10,CANT,SOC_ASO,9600.8,Mensual,SS_Asociativo
2018-11-01,2018-M11,CANT,SOC_ASO,9551.6,Mensual,SS_Asociativo
2018-12-01,2018-M12,CANT,SOC_ASO,9543.7,Mensual,SS_Asociativo
2019-01-01,2019-M01,CANT,SOC_ASO,9357.2,Mensual,SS_Asociativo
2019-02-01,2019-M02,CANT,SOC_ASO,9296.8,Mensual,SS_Asociativo
2019-03-01,2019-M03,CANT,SOC_ASO,9356.5,Mensual,SS_Asociativo
2019-04-01,2019-M04,CANT,SOC_ASO,9420.4,Mensual,SS_Asociativo
2019-05-01,2019-M05,CANT,SOC_ASO,9457.6,Mensual,SS_Asociativo
2019-06-01,2019-M06,CANT,SOC_ASO,9545.9,Mensual,SS_Asociativo
2019-07-01,2019-M07,CANT,SOC_ASO,9755.2,Mensual,SS_Asociativo
2019-08-01,2019-M08,CANT,SOC_ASO,9662.0,Mensual,SS_Asociativo
2019-09-01,2019-M09,CANT,SOC_ASO,9536.9,Mensual,SS_Asociativo
2019-10-01,2019-M10,CANT,SOC_ASO,9477.8,Mensual,SS_Asociativo
2019-11-01,2019-M11,CANT,SOC_ASO,9538.8,Mensual,SS_Asociativo
2019-12-01,2019-M12,CANT,SOC_ASO,9531.2,Mensual,SS_Asociativo
2020-01-01,2020-M01,CANT,SOC_ASO,9273.4,Mensual,SS_Asociativo
2020-02-01,2020-M02,CANT,SOC_ASO,9270.3,Mensual,SS_Asociativo
2020-03-01,2020-M03,CANT,SOC_ASO,9165.7,Mensual,SS_Asociativo
2020-04-01,2020-M04,CANT,SOC_ASO,9001.0,Mensual,SS_Asociativo
2020-05-01,2020-M05,CANT,SOC_ASO,9038.2,Mensual,SS_Asociativo
2020-06-01,2020-M06,CANT,SOC_ASO,9057.2,Mensual,SS_Asociativo
2020-07-01,2020-M07,CANT,SOC_ASO,9304.8,Mensual,SS_Asociativo
2020-08-01,2020-M08,CANT,SOC_ASO,9356.2,Mensual,SS_Asociativo
2020-09-01,2020-M09,CANT,SOC_ASO,9199.5,Mensual,SS_Asociativo
2020-10-01,2020-M10,CANT,SOC_ASO,9148.1,Mensual,SS_Asociativo
2020-11-01,2020-M11,CANT,SOC_ASO,9046.6,Mensual,SS_Asociativo
2020-12-01,2020-M12,CANT,SOC_ASO,8996.4,Mensual,SS_Asociativo
2021-01-01,2021-M01,CANT,SOC_ASO,8834.2,Mensual,SS_Asociativo
2021-02-01,2021-M02,CANT,SOC_ASO,8820.1,Mensual,SS_Asociativo
2021-03-01,2021-M03,CANT,SOC_ASO,8859.8,Mensual,SS_Asociativo
2021-04-01,2021-M04,CANT,SOC_ASO,8899.1,Mensual,SS_Asociativo
2021-05-01,2021-M05,CANT,SOC_ASO,8938.6,Mensual,SS_Asociativo
2021-06-01,2021-M06,CANT,SOC_ASO,9133.0,Mensual,SS_Asociativo
2021-07-01,2021-M07,CANT,SOC_ASO,9512.7,Mensual,SS_Asociativo
2021-08-01,2021-M08,CANT,SOC_ASO,9495.8,Mensual,SS_Asociativo
2021-09-01,2021-M09,CANT,SOC_ASO,9332.1,Mensual,SS_Asociativo
2021-10-01,2021-M10,CANT,SOC_ASO,9235.2,Mensual,SS_Asociativo
2021-11-01,2021-M11,CANT,SOC_ASO,9227.2,Mensual,SS_Asociativo
2021-12-01,2021-M12,CANT,SOC_ASO,9287.9,Mensual,SS_Asociativo
2022-01-01,2022-M01,CANT,SOC_ASO,9137.7,Mensual,SS_Asociativo
2022-02-01,2022-M02,CANT,SOC_ASO,9136.3,Mensual,SS_Asociativo
2022-03-01,2022-M03,CANT,SOC_ASO,9203.3,Mensual,SS_Asociativo
2022-04-01,2022-M04,CANT,SOC_ASO,9294.5,Mensual,SS_Asociativo
2022-05-01,2022-M05,CANT,SOC_ASO,9348.4,Mensual,SS_Asociativo
2022-06-01,2022-M06,CANT,SOC_ASO,9448.5,Mensual,SS_Asociativo
2022-07-01,2022-M07,CANT,SOC_ASO,9664.5,Mensual,SS_Asociativo
2022-08-01,2022-M08,CANT,SOC_ASO,9616.6,Mensual,SS_Asociativo
2022-09-01,2022-M09,CANT,SOC_ASO,9472.7,Mensual,SS_Asociativo
2022-10-01,2022-M10,CANT,SOC_ASO,9414.3,Mensual,SS_Asociativo
2022-11-01,2022-M11,CANT,SOC_ASO,9370.3,Mensual,SS_Asociativo
2022-12-01,2022-M12,CANT,SOC_ASO,9360.1,Mensual,SS_Asociativo
2023-01-01,2023-M01,CANT,SOC_ASO,9229.4,Mensual,SS_Asociativo
2023-02-01,2023-M02,CANT,SOC_ASO,9243.2,Mensual,SS_Asociativo
2023-03-01,2023-M03,CANT,SOC_ASO,9309.1,Mensual,SS_Asociativo
2023-04-01,2023-M04,CANT,SOC_ASO,9448.8,Mensual,SS_Asociativo
2023-05-01,2023-M05,CANT,SOC_ASO,9545.9,Mensual,SS_Asociativo
2023-06-01,2023-M06,CANT,SOC_ASO,9689.8,Mensual,SS_Asociativo
2023-07-01,2023-M07,CANT,SOC_ASO,9901.8,Mensual,SS_Asociativo
2023-08-01,2023-M08,CANT,SOC_ASO,9890.1,Mensual,SS_Asociativo
2023-09-01,2023-M09,CANT,SOC_ASO,9721.4,Mensual,SS_Asociativo
2023-10-01,2023-M10,CANT,SOC_ASO,9640.0,Mensual,SS_Asociativo
2023-11-01,2023-M11,CANT,SOC_ASO,9634.6,Mensual,SS_Asociativo
2023-12-01,2023-M12,CANT,SOC_ASO,9635.4,Mensual,SS_Asociativo
2024-01-01,2024-M01,CANT,SOC_ASO,9523.5,Mensual,SS_Asociativo
2024-02-01,2024-M02,CANT,SOC_ASO,9519.0,Mensual,SS_Asociativo
2024-03-01,2024-M03,CANT,SOC_ASO,9534.8,Mensual,SS_Asociativo
2024-04-01,2024-M04,CANT,SOC_ASO,9555.3,Mensual,SS_Asociativo
2024-05-01,2024-M05,CANT,SOC_ASO,9599.9,Mensual,SS_Asociativo
2024-06-01,2024-M06,CANT,SOC_ASO,9685.9,Mensual,SS_Asociativo
2024-07-01,2024-M07,CANT,SOC_ASO,9907.7,Mensual,SS_Asociativo
2024-08-01,2024-M08,CANT,SOC_ASO,9863.5,Mensual,SS_Asociativo
2024-09-01,2024-M09,CANT,SOC_ASO,9704.8,Mensual,SS_Asociativo
2024-10-01,2024-M10,CANT,SOC_ASO,9642.7,Mensual,SS_Asociativo
2024-11-01,2024-M11,CANT,SOC_ASO,9538.8,Mensual,SS_Asociativo
2024-12-01,2024-M12,CANT,SOC_ASO,9560.8,Mensual,SS_Asociativo
2025-01-01,2025-M01,CANT,SOC_ASO,9457.7,Mensual,SS_Asociativo
2025-02-01,2025-M02,CANT,SOC_ASO,9478.2,Mensual,SS_Asociativo
2025-03-01,2025-M03,CANT,SOC_ASO,9525.3,Mensual,SS_Asociativo
2025-04-01,2025-M04,CANT,SOC_ASO,9576.4,Mensual,SS_Asociativo
2025-05-01,2025-M05,CANT,SOC_ASO,9655.4,Mensual,SS_Asociativo
2025-06-01,2025-M06,CANT,SOC_ASO,9715.9,Mensual,SS_Asociativo
2025-07-01,2025-M07,CANT,SOC_ASO,9886.7,Mensual,SS_Asociativo
2025-08-01,2025-M08,CANT,SOC_ASO,9913.5,Mensual,SS_Asociativo
2025-09-01,2025-M09,CANT,SOC_ASO,9765.3,Mensual,SS_Asociativo
2025-10-01,2025-M10,CANT,SOC_ASO,9690.4,Mensual,SS_Asociativo
2025-11-01,2025-M11,CANT,SOC_ASO,9654.9,Mensual,SS_Asociativo
2025-12-01,2025-M12,CANT,SOC_ASO,9691.2,Mensual,SS_Asociativo
2026-01-01,2026-M01,CANT,SOC_ASO,9796.85,Mensual,SS_Asociativo
2026-02-01,2026-M02,CANT,SOC_ASO,9798.3,Mensual,SS_Asociativo
2026-03-01,2026-M03,CANT,SOC_ASO,9832.59,Mensual,SS_Asociativo
2026-04-01,2026-M04,CANT,SOC_ASO,9873.1,Mensual,SS_Asociativo
2026-05-01,2026-M05,CANT,SOC_ASO,9913.95,Mensual,SS_Asociativo
2026-06-01,2026-M06,CANT,SOC_ASO,9973.82,Mensual,SS_Asociativo
2026-07-01,2026-M07,CANT,SOC_ASO,10169.17,Mensual,SS_Asociativo
2009-01-01,2009-M01,CAT,SOC_ASO,141200.3,Mensual,SS_Asociativo
2009-02-01,2009-M02,CAT,SOC_ASO,139946.0,Mensual,SS_Asociativo
2009-03-01,2009-M03,CAT,SOC_ASO,137524.8,Mensual,SS_Asociativo
2009-04-01,2009-M04,CAT,SOC_ASO,136359.5,Mensual,SS_Asociativo
2009-05-01,2009-M05,CAT,SOC_ASO,136362.4,Mensual,SS_Asociativo
2009-06-01,2009-M06,CAT,SOC_ASO,134782.4,Mensual,SS_Asociativo
2009-07-01,2009-M07,CAT,SOC_ASO,133582.6,Mensual,SS_Asociativo
2009-08-01,2009-M08,CAT,SOC_ASO,130444.8,Mensual,SS_Asociativo
2009-09-01,2009-M09,CAT,SOC_ASO,131255.6,Mensual,SS_Asociativo
2009-10-01,2009-M10,CAT,SOC_ASO,132539.9,Mensual,SS_Asociativo
2009-11-01,2009-M11,CAT,SOC_ASO,132526.3,Mensual,SS_Asociativo
2009-12-01,2009-M12,CAT,SOC_ASO,132379.4,Mensual,SS_Asociativo
2010-01-01,2010-M01,CAT,SOC_ASO,130702.6,Mensual,SS_Asociativo
2010-02-01,2010-M02,CAT,SOC_ASO,130479.8,Mensual,SS_Asociativo
2010-03-01,2010-M03,CAT,SOC_ASO,130634.5,Mensual,SS_Asociativo
2010-04-01,2010-M04,CAT,SOC_ASO,130987.6,Mensual,SS_Asociativo
2010-05-01,2010-M05,CAT,SOC_ASO,131118.4,Mensual,SS_Asociativo
2010-06-01,2010-M06,CAT,SOC_ASO,129905.6,Mensual,SS_Asociativo
2010-07-01,2010-M07,CAT,SOC_ASO,129086.0,Mensual,SS_Asociativo
2010-08-01,2010-M08,CAT,SOC_ASO,126515.6,Mensual,SS_Asociativo
2010-09-01,2010-M09,CAT,SOC_ASO,127884.4,Mensual,SS_Asociativo
2010-10-01,2010-M10,CAT,SOC_ASO,129425.6,Mensual,SS_Asociativo
2010-11-01,2010-M11,CAT,SOC_ASO,129684.9,Mensual,SS_Asociativo
2010-12-01,2010-M12,CAT,SOC_ASO,129730.1,Mensual,SS_Asociativo
2011-01-01,2011-M01,CAT,SOC_ASO,127903.2,Mensual,SS_Asociativo
2011-02-01,2011-M02,CAT,SOC_ASO,127423.6,Mensual,SS_Asociativo
2011-03-01,2011-M03,CAT,SOC_ASO,127650.8,Mensual,SS_Asociativo
2011-04-01,2011-M04,CAT,SOC_ASO,128148.5,Mensual,SS_Asociativo
2011-05-01,2011-M05,CAT,SOC_ASO,129031.8,Mensual,SS_Asociativo
2011-06-01,2011-M06,CAT,SOC_ASO,128191.8,Mensual,SS_Asociativo
2011-07-01,2011-M07,CAT,SOC_ASO,127059.4,Mensual,SS_Asociativo
2011-08-01,2011-M08,CAT,SOC_ASO,124483.1,Mensual,SS_Asociativo
2011-09-01,2011-M09,CAT,SOC_ASO,125518.9,Mensual,SS_Asociativo
2011-10-01,2011-M10,CAT,SOC_ASO,126385.5,Mensual,SS_Asociativo
2011-11-01,2011-M11,CAT,SOC_ASO,125772.5,Mensual,SS_Asociativo
2011-12-01,2011-M12,CAT,SOC_ASO,125425.5,Mensual,SS_Asociativo
2012-01-01,2012-M01,CAT,SOC_ASO,123838.6,Mensual,SS_Asociativo
2012-02-01,2012-M02,CAT,SOC_ASO,123347.8,Mensual,SS_Asociativo
2012-03-01,2012-M03,CAT,SOC_ASO,123448.5,Mensual,SS_Asociativo
2012-04-01,2012-M04,CAT,SOC_ASO,123671.7,Mensual,SS_Asociativo
2012-05-01,2012-M05,CAT,SOC_ASO,124219.6,Mensual,SS_Asociativo
2012-06-01,2012-M06,CAT,SOC_ASO,123442.9,Mensual,SS_Asociativo
2012-07-01,2012-M07,CAT,SOC_ASO,122248.0,Mensual,SS_Asociativo
2012-08-01,2012-M08,CAT,SOC_ASO,119512.2,Mensual,SS_Asociativo
2012-09-01,2012-M09,CAT,SOC_ASO,120029.7,Mensual,SS_Asociativo
2012-10-01,2012-M10,CAT,SOC_ASO,121116.7,Mensual,SS_Asociativo
2012-11-01,2012-M11,CAT,SOC_ASO,120770.6,Mensual,SS_Asociativo
2012-12-01,2012-M12,CAT,SOC_ASO,120476.1,Mensual,SS_Asociativo
2013-01-01,2013-M01,CAT,SOC_ASO,118423.6,Mensual,SS_Asociativo
2013-02-01,2013-M02,CAT,SOC_ASO,118004.6,Mensual,SS_Asociativo
2013-03-01,2013-M03,CAT,SOC_ASO,117848.3,Mensual,SS_Asociativo
2013-04-01,2013-M04,CAT,SOC_ASO,117963.3,Mensual,SS_Asociativo
2013-05-01,2013-M05,CAT,SOC_ASO,118541.2,Mensual,SS_Asociativo
2013-06-01,2013-M06,CAT,SOC_ASO,117952.6,Mensual,SS_Asociativo
2013-07-01,2013-M07,CAT,SOC_ASO,117368.1,Mensual,SS_Asociativo
2013-08-01,2013-M08,CAT,SOC_ASO,115008.2,Mensual,SS_Asociativo
2013-09-01,2013-M09,CAT,SOC_ASO,115753.2,Mensual,SS_Asociativo
2013-10-01,2013-M10,CAT,SOC_ASO,117626.8,Mensual,SS_Asociativo
2013-11-01,2013-M11,CAT,SOC_ASO,117764.8,Mensual,SS_Asociativo
2013-12-01,2013-M12,CAT,SOC_ASO,117909.3,Mensual,SS_Asociativo
2014-01-01,2014-M01,CAT,SOC_ASO,116646.7,Mensual,SS_Asociativo
2014-02-01,2014-M02,CAT,SOC_ASO,116721.2,Mensual,SS_Asociativo
2014-03-01,2014-M03,CAT,SOC_ASO,117199.5,Mensual,SS_Asociativo
2014-04-01,2014-M04,CAT,SOC_ASO,118290.5,Mensual,SS_Asociativo
2014-05-01,2014-M05,CAT,SOC_ASO,119220.7,Mensual,SS_Asociativo
2014-06-01,2014-M06,CAT,SOC_ASO,119306.9,Mensual,SS_Asociativo
2014-07-01,2014-M07,CAT,SOC_ASO,119467.1,Mensual,SS_Asociativo
2014-08-01,2014-M08,CAT,SOC_ASO,116924.6,Mensual,SS_Asociativo
2014-09-01,2014-M09,CAT,SOC_ASO,117694.3,Mensual,SS_Asociativo
2014-10-01,2014-M10,CAT,SOC_ASO,120258.1,Mensual,SS_Asociativo
2014-11-01,2014-M11,CAT,SOC_ASO,120699.5,Mensual,SS_Asociativo
2014-12-01,2014-M12,CAT,SOC_ASO,120654.0,Mensual,SS_Asociativo
2015-01-01,2015-M01,CAT,SOC_ASO,119435.6,Mensual,SS_Asociativo
2015-02-01,2015-M02,CAT,SOC_ASO,119749.5,Mensual,SS_Asociativo
2015-03-01,2015-M03,CAT,SOC_ASO,120772.5,Mensual,SS_Asociativo
2015-04-01,2015-M04,CAT,SOC_ASO,121764.1,Mensual,SS_Asociativo
2015-05-01,2015-M05,CAT,SOC_ASO,123131.0,Mensual,SS_Asociativo
2015-06-01,2015-M06,CAT,SOC_ASO,122720.1,Mensual,SS_Asociativo
2015-07-01,2015-M07,CAT,SOC_ASO,123094.0,Mensual,SS_Asociativo
2015-08-01,2015-M08,CAT,SOC_ASO,119625.7,Mensual,SS_Asociativo
2015-09-01,2015-M09,CAT,SOC_ASO,120598.7,Mensual,SS_Asociativo
2015-10-01,2015-M10,CAT,SOC_ASO,123155.3,Mensual,SS_Asociativo
2015-11-01,2015-M11,CAT,SOC_ASO,123061.8,Mensual,SS_Asociativo
2015-12-01,2015-M12,CAT,SOC_ASO,123199.1,Mensual,SS_Asociativo
2016-01-01,2016-M01,CAT,SOC_ASO,121487.9,Mensual,SS_Asociativo
2016-02-01,2016-M02,CAT,SOC_ASO,122197.8,Mensual,SS_Asociativo
2016-03-01,2016-M03,CAT,SOC_ASO,123115.2,Mensual,SS_Asociativo
2016-04-01,2016-M04,CAT,SOC_ASO,124294.9,Mensual,SS_Asociativo
2016-05-01,2016-M05,CAT,SOC_ASO,125115.2,Mensual,SS_Asociativo
2016-06-01,2016-M06,CAT,SOC_ASO,124814.1,Mensual,SS_Asociativo
2016-07-01,2016-M07,CAT,SOC_ASO,125392.7,Mensual,SS_Asociativo
2016-08-01,2016-M08,CAT,SOC_ASO,121343.8,Mensual,SS_Asociativo
2016-09-01,2016-M09,CAT,SOC_ASO,122381.3,Mensual,SS_Asociativo
2016-10-01,2016-M10,CAT,SOC_ASO,124263.5,Mensual,SS_Asociativo
2016-11-01,2016-M11,CAT,SOC_ASO,124242.6,Mensual,SS_Asociativo
2016-12-01,2016-M12,CAT,SOC_ASO,124579.1,Mensual,SS_Asociativo
2017-01-01,2017-M01,CAT,SOC_ASO,123089.8,Mensual,SS_Asociativo
2017-02-01,2017-M02,CAT,SOC_ASO,123687.6,Mensual,SS_Asociativo
2017-03-01,2017-M03,CAT,SOC_ASO,124533.9,Mensual,SS_Asociativo
2017-04-01,2017-M04,CAT,SOC_ASO,125978.6,Mensual,SS_Asociativo
2017-05-01,2017-M05,CAT,SOC_ASO,126858.0,Mensual,SS_Asociativo
2017-06-01,2017-M06,CAT,SOC_ASO,126825.9,Mensual,SS_Asociativo
2017-07-01,2017-M07,CAT,SOC_ASO,127157.6,Mensual,SS_Asociativo
2017-08-01,2017-M08,CAT,SOC_ASO,123239.3,Mensual,SS_Asociativo
2017-09-01,2017-M09,CAT,SOC_ASO,124206.9,Mensual,SS_Asociativo
2017-10-01,2017-M10,CAT,SOC_ASO,126941.8,Mensual,SS_Asociativo
2017-11-01,2017-M11,CAT,SOC_ASO,126923.3,Mensual,SS_Asociativo
2017-12-01,2017-M12,CAT,SOC_ASO,126997.7,Mensual,SS_Asociativo
2018-01-01,2018-M01,CAT,SOC_ASO,125267.7,Mensual,SS_Asociativo
2018-02-01,2018-M02,CAT,SOC_ASO,125930.3,Mensual,SS_Asociativo
2018-03-01,2018-M03,CAT,SOC_ASO,126765.1,Mensual,SS_Asociativo
2018-04-01,2018-M04,CAT,SOC_ASO,127862.0,Mensual,SS_Asociativo
2018-05-01,2018-M05,CAT,SOC_ASO,129140.3,Mensual,SS_Asociativo
2018-06-01,2018-M06,CAT,SOC_ASO,128952.1,Mensual,SS_Asociativo
2018-07-01,2018-M07,CAT,SOC_ASO,129132.0,Mensual,SS_Asociativo
2018-08-01,2018-M08,CAT,SOC_ASO,124699.1,Mensual,SS_Asociativo
2018-09-01,2018-M09,CAT,SOC_ASO,126019.3,Mensual,SS_Asociativo
2018-10-01,2018-M10,CAT,SOC_ASO,128894.7,Mensual,SS_Asociativo
2018-11-01,2018-M11,CAT,SOC_ASO,129159.7,Mensual,SS_Asociativo
2018-12-01,2018-M12,CAT,SOC_ASO,129235.9,Mensual,SS_Asociativo
2019-01-01,2019-M01,CAT,SOC_ASO,127285.4,Mensual,SS_Asociativo
2019-02-01,2019-M02,CAT,SOC_ASO,127839.9,Mensual,SS_Asociativo
2019-03-01,2019-M03,CAT,SOC_ASO,128627.3,Mensual,SS_Asociativo
2019-04-01,2019-M04,CAT,SOC_ASO,129953.3,Mensual,SS_Asociativo
2019-05-01,2019-M05,CAT,SOC_ASO,131209.4,Mensual,SS_Asociativo
2019-06-01,2019-M06,CAT,SOC_ASO,131024.8,Mensual,SS_Asociativo
2019-07-01,2019-M07,CAT,SOC_ASO,130945.8,Mensual,SS_Asociativo
2019-08-01,2019-M08,CAT,SOC_ASO,126564.7,Mensual,SS_Asociativo
2019-09-01,2019-M09,CAT,SOC_ASO,127564.9,Mensual,SS_Asociativo
2019-10-01,2019-M10,CAT,SOC_ASO,130463.8,Mensual,SS_Asociativo
2019-11-01,2019-M11,CAT,SOC_ASO,130612.2,Mensual,SS_Asociativo
2019-12-01,2019-M12,CAT,SOC_ASO,130541.0,Mensual,SS_Asociativo
2020-01-01,2020-M01,CAT,SOC_ASO,128481.2,Mensual,SS_Asociativo
2020-02-01,2020-M02,CAT,SOC_ASO,128463.5,Mensual,SS_Asociativo
2020-03-01,2020-M03,CAT,SOC_ASO,126195.9,Mensual,SS_Asociativo
2020-04-01,2020-M04,CAT,SOC_ASO,122098.1,Mensual,SS_Asociativo
2020-05-01,2020-M05,CAT,SOC_ASO,121731.8,Mensual,SS_Asociativo
2020-06-01,2020-M06,CAT,SOC_ASO,121426.3,Mensual,SS_Asociativo
2020-07-01,2020-M07,CAT,SOC_ASO,121965.0,Mensual,SS_Asociativo
2020-08-01,2020-M08,CAT,SOC_ASO,119856.9,Mensual,SS_Asociativo
2020-09-01,2020-M09,CAT,SOC_ASO,120961.5,Mensual,SS_Asociativo
2020-10-01,2020-M10,CAT,SOC_ASO,122813.2,Mensual,SS_Asociativo
2020-11-01,2020-M11,CAT,SOC_ASO,122001.7,Mensual,SS_Asociativo
2020-12-01,2020-M12,CAT,SOC_ASO,122341.3,Mensual,SS_Asociativo
2021-01-01,2021-M01,CAT,SOC_ASO,120502.9,Mensual,SS_Asociativo
2021-02-01,2021-M02,CAT,SOC_ASO,120614.9,Mensual,SS_Asociativo
2021-03-01,2021-M03,CAT,SOC_ASO,121409.7,Mensual,SS_Asociativo
2021-04-01,2021-M04,CAT,SOC_ASO,122211.4,Mensual,SS_Asociativo
2021-05-01,2021-M05,CAT,SOC_ASO,123507.2,Mensual,SS_Asociativo
2021-06-01,2021-M06,CAT,SOC_ASO,124410.2,Mensual,SS_Asociativo
2021-07-01,2021-M07,CAT,SOC_ASO,125483.4,Mensual,SS_Asociativo
2021-08-01,2021-M08,CAT,SOC_ASO,121995.1,Mensual,SS_Asociativo
2021-09-01,2021-M09,CAT,SOC_ASO,123440.9,Mensual,SS_Asociativo
2021-10-01,2021-M10,CAT,SOC_ASO,126218.6,Mensual,SS_Asociativo
2021-11-01,2021-M11,CAT,SOC_ASO,126969.5,Mensual,SS_Asociativo
2021-12-01,2021-M12,CAT,SOC_ASO,126957.9,Mensual,SS_Asociativo
2022-01-01,2022-M01,CAT,SOC_ASO,125459.5,Mensual,SS_Asociativo
2022-02-01,2022-M02,CAT,SOC_ASO,125633.9,Mensual,SS_Asociativo
2022-03-01,2022-M03,CAT,SOC_ASO,126530.6,Mensual,SS_Asociativo
2022-04-01,2022-M04,CAT,SOC_ASO,127331.4,Mensual,SS_Asociativo
2022-05-01,2022-M05,CAT,SOC_ASO,128443.1,Mensual,SS_Asociativo
2022-06-01,2022-M06,CAT,SOC_ASO,128792.4,Mensual,SS_Asociativo
2022-07-01,2022-M07,CAT,SOC_ASO,129175.6,Mensual,SS_Asociativo
2022-08-01,2022-M08,CAT,SOC_ASO,124882.4,Mensual,SS_Asociativo
2022-09-01,2022-M09,CAT,SOC_ASO,126834.7,Mensual,SS_Asociativo
2022-10-01,2022-M10,CAT,SOC_ASO,128410.7,Mensual,SS_Asociativo
2022-11-01,2022-M11,CAT,SOC_ASO,128602.7,Mensual,SS_Asociativo
2022-12-01,2022-M12,CAT,SOC_ASO,128927.8,Mensual,SS_Asociativo
2023-01-01,2023-M01,CAT,SOC_ASO,127392.2,Mensual,SS_Asociativo
2023-02-01,2023-M02,CAT,SOC_ASO,127659.9,Mensual,SS_Asociativo
2023-03-01,2023-M03,CAT,SOC_ASO,128635.5,Mensual,SS_Asociativo
2023-04-01,2023-M04,CAT,SOC_ASO,129706.1,Mensual,SS_Asociativo
2023-05-01,2023-M05,CAT,SOC_ASO,130809.5,Mensual,SS_Asociativo
2023-06-01,2023-M06,CAT,SOC_ASO,131121.4,Mensual,SS_Asociativo
2023-07-01,2023-M07,CAT,SOC_ASO,131082.8,Mensual,SS_Asociativo
2023-08-01,2023-M08,CAT,SOC_ASO,126965.4,Mensual,SS_Asociativo
2023-09-01,2023-M09,CAT,SOC_ASO,128564.5,Mensual,SS_Asociativo
2023-10-01,2023-M10,CAT,SOC_ASO,130559.8,Mensual,SS_Asociativo
2023-11-01,2023-M11,CAT,SOC_ASO,130659.2,Mensual,SS_Asociativo
2023-12-01,2023-M12,CAT,SOC_ASO,130919.6,Mensual,SS_Asociativo
2024-01-01,2024-M01,CAT,SOC_ASO,129475.2,Mensual,SS_Asociativo
2024-02-01,2024-M02,CAT,SOC_ASO,129873.6,Mensual,SS_Asociativo
2024-03-01,2024-M03,CAT,SOC_ASO,130852.5,Mensual,SS_Asociativo
2024-04-01,2024-M04,CAT,SOC_ASO,131639.9,Mensual,SS_Asociativo
2024-05-01,2024-M05,CAT,SOC_ASO,132537.1,Mensual,SS_Asociativo
2024-06-01,2024-M06,CAT,SOC_ASO,132743.8,Mensual,SS_Asociativo
2024-07-01,2024-M07,CAT,SOC_ASO,132704.2,Mensual,SS_Asociativo
2024-08-01,2024-M08,CAT,SOC_ASO,128690.7,Mensual,SS_Asociativo
2024-09-01,2024-M09,CAT,SOC_ASO,130154.2,Mensual,SS_Asociativo
2024-10-01,2024-M10,CAT,SOC_ASO,132257.9,Mensual,SS_Asociativo
2024-11-01,2024-M11,CAT,SOC_ASO,132133.1,Mensual,SS_Asociativo
2024-12-01,2024-M12,CAT,SOC_ASO,132088.7,Mensual,SS_Asociativo
2025-01-01,2025-M01,CAT,SOC_ASO,130560.7,Mensual,SS_Asociativo
2025-02-01,2025-M02,CAT,SOC_ASO,130972.3,Mensual,SS_Asociativo
2025-03-01,2025-M03,CAT,SOC_ASO,131648.7,Mensual,SS_Asociativo
2025-04-01,2025-M04,CAT,SOC_ASO,132527.1,Mensual,SS_Asociativo
2025-05-01,2025-M05,CAT,SOC_ASO,133415.1,Mensual,SS_Asociativo
2025-06-01,2025-M06,CAT,SOC_ASO,133372.8,Mensual,SS_Asociativo
2025-07-01,2025-M07,CAT,SOC_ASO,133269.1,Mensual,SS_Asociativo
2025-08-01,2025-M08,CAT,SOC_ASO,129397.9,Mensual,SS_Asociativo
2025-09-01,2025-M09,CAT,SOC_ASO,130877.3,Mensual,SS_Asociativo
2025-10-01,2025-M10,CAT,SOC_ASO,132620.5,Mensual,SS_Asociativo
2025-11-01,2025-M11,CAT,SOC_ASO,132801.9,Mensual,SS_Asociativo
2025-12-01,2025-M12,CAT,SOC_ASO,132742.8,Mensual,SS_Asociativo
2026-01-01,2026-M01,CAT,SOC_ASO,134296.35,Mensual,SS_Asociativo
2026-02-01,2026-M02,CAT,SOC_ASO,134648.35,Mensual,SS_Asociativo
2026-03-01,2026-M03,CAT,SOC_ASO,135277.36,Mensual,SS_Asociativo
2026-04-01,2026-M04,CAT,SOC_ASO,135768.65,Mensual,SS_Asociativo
2026-05-01,2026-M05,CAT,SOC_ASO,136868.75,Mensual,SS_Asociativo
2026-06-01,2026-M06,CAT,SOC_ASO,138002.73,Mensual,SS_Asociativo
2026-07-01,2026-M07,CAT,SOC_ASO,139009.0,Mensual,SS_Asociativo
2009-01-01,2009-M01,CLM,SOC_ASO,29483.4,Mensual,SS_Asociativo
2009-02-01,2009-M02,CLM,SOC_ASO,29221.2,Mensual,SS_Asociativo
2009-03-01,2009-M03,CLM,SOC_ASO,29038.7,Mensual,SS_Asociativo
2009-04-01,2009-M04,CLM,SOC_ASO,28993.3,Mensual,SS_Asociativo
2009-05-01,2009-M05,CLM,SOC_ASO,29132.3,Mensual,SS_Asociativo
2009-06-01,2009-M06,CLM,SOC_ASO,29056.0,Mensual,SS_Asociativo
2009-07-01,2009-M07,CLM,SOC_ASO,29256.1,Mensual,SS_Asociativo
2009-08-01,2009-M08,CLM,SOC_ASO,29094.4,Mensual,SS_Asociativo
2009-09-01,2009-M09,CLM,SOC_ASO,28954.3,Mensual,SS_Asociativo
2009-10-01,2009-M10,CLM,SOC_ASO,28945.9,Mensual,SS_Asociativo
2009-11-01,2009-M11,CLM,SOC_ASO,29015.4,Mensual,SS_Asociativo
2009-12-01,2009-M12,CLM,SOC_ASO,29062.7,Mensual,SS_Asociativo
2010-01-01,2010-M01,CLM,SOC_ASO,28608.3,Mensual,SS_Asociativo
2010-02-01,2010-M02,CLM,SOC_ASO,28665.4,Mensual,SS_Asociativo
2010-03-01,2010-M03,CLM,SOC_ASO,28829.1,Mensual,SS_Asociativo
2010-04-01,2010-M04,CLM,SOC_ASO,28814.9,Mensual,SS_Asociativo
2010-05-01,2010-M05,CLM,SOC_ASO,28933.9,Mensual,SS_Asociativo
2010-06-01,2010-M06,CLM,SOC_ASO,28963.5,Mensual,SS_Asociativo
2010-07-01,2010-M07,CLM,SOC_ASO,29094.0,Mensual,SS_Asociativo
2010-08-01,2010-M08,CLM,SOC_ASO,28932.3,Mensual,SS_Asociativo
2010-09-01,2010-M09,CLM,SOC_ASO,28774.7,Mensual,SS_Asociativo
2010-10-01,2010-M10,CLM,SOC_ASO,28870.6,Mensual,SS_Asociativo
2010-11-01,2010-M11,CLM,SOC_ASO,28871.0,Mensual,SS_Asociativo
2010-12-01,2010-M12,CLM,SOC_ASO,28960.2,Mensual,SS_Asociativo
2011-01-01,2011-M01,CLM,SOC_ASO,28588.8,Mensual,SS_Asociativo
2011-02-01,2011-M02,CLM,SOC_ASO,28565.3,Mensual,SS_Asociativo
2011-03-01,2011-M03,CLM,SOC_ASO,28689.2,Mensual,SS_Asociativo
2011-04-01,2011-M04,CLM,SOC_ASO,28737.2,Mensual,SS_Asociativo
2011-05-01,2011-M05,CLM,SOC_ASO,28806.1,Mensual,SS_Asociativo
2011-06-01,2011-M06,CLM,SOC_ASO,28764.9,Mensual,SS_Asociativo
2011-07-01,2011-M07,CLM,SOC_ASO,28786.3,Mensual,SS_Asociativo
2011-08-01,2011-M08,CLM,SOC_ASO,28613.2,Mensual,SS_Asociativo
2011-09-01,2011-M09,CLM,SOC_ASO,28405.8,Mensual,SS_Asociativo
2011-10-01,2011-M10,CLM,SOC_ASO,28282.8,Mensual,SS_Asociativo
2011-11-01,2011-M11,CLM,SOC_ASO,28161.0,Mensual,SS_Asociativo
2011-12-01,2011-M12,CLM,SOC_ASO,27952.8,Mensual,SS_Asociativo
2012-01-01,2012-M01,CLM,SOC_ASO,27062.9,Mensual,SS_Asociativo
2012-02-01,2012-M02,CLM,SOC_ASO,26917.4,Mensual,SS_Asociativo
2012-03-01,2012-M03,CLM,SOC_ASO,26944.6,Mensual,SS_Asociativo
2012-04-01,2012-M04,CLM,SOC_ASO,26881.2,Mensual,SS_Asociativo
2012-05-01,2012-M05,CLM,SOC_ASO,26924.8,Mensual,SS_Asociativo
2012-06-01,2012-M06,CLM,SOC_ASO,26981.4,Mensual,SS_Asociativo
2012-07-01,2012-M07,CLM,SOC_ASO,27193.0,Mensual,SS_Asociativo
2012-08-01,2012-M08,CLM,SOC_ASO,26890.8,Mensual,SS_Asociativo
2012-09-01,2012-M09,CLM,SOC_ASO,26509.0,Mensual,SS_Asociativo
2012-10-01,2012-M10,CLM,SOC_ASO,26623.0,Mensual,SS_Asociativo
2012-11-01,2012-M11,CLM,SOC_ASO,26680.8,Mensual,SS_Asociativo
2012-12-01,2012-M12,CLM,SOC_ASO,26732.2,Mensual,SS_Asociativo
2013-01-01,2013-M01,CLM,SOC_ASO,26348.7,Mensual,SS_Asociativo
2013-02-01,2013-M02,CLM,SOC_ASO,26381.2,Mensual,SS_Asociativo
2013-03-01,2013-M03,CLM,SOC_ASO,26463.7,Mensual,SS_Asociativo
2013-04-01,2013-M04,CLM,SOC_ASO,26572.9,Mensual,SS_Asociativo
2013-05-01,2013-M05,CLM,SOC_ASO,26944.0,Mensual,SS_Asociativo
2013-06-01,2013-M06,CLM,SOC_ASO,27033.5,Mensual,SS_Asociativo
2013-07-01,2013-M07,CLM,SOC_ASO,27128.6,Mensual,SS_Asociativo
2013-08-01,2013-M08,CLM,SOC_ASO,27047.5,Mensual,SS_Asociativo
2013-09-01,2013-M09,CLM,SOC_ASO,27042.3,Mensual,SS_Asociativo
2013-10-01,2013-M10,CLM,SOC_ASO,27088.3,Mensual,SS_Asociativo
2013-11-01,2013-M11,CLM,SOC_ASO,26926.3,Mensual,SS_Asociativo
2013-12-01,2013-M12,CLM,SOC_ASO,27129.1,Mensual,SS_Asociativo
2014-01-01,2014-M01,CLM,SOC_ASO,26834.7,Mensual,SS_Asociativo
2014-02-01,2014-M02,CLM,SOC_ASO,26828.3,Mensual,SS_Asociativo
2014-03-01,2014-M03,CLM,SOC_ASO,26928.9,Mensual,SS_Asociativo
2014-04-01,2014-M04,CLM,SOC_ASO,27265.8,Mensual,SS_Asociativo
2014-05-01,2014-M05,CLM,SOC_ASO,27622.3,Mensual,SS_Asociativo
2014-06-01,2014-M06,CLM,SOC_ASO,27743.8,Mensual,SS_Asociativo
2014-07-01,2014-M07,CLM,SOC_ASO,27940.0,Mensual,SS_Asociativo
2014-08-01,2014-M08,CLM,SOC_ASO,27654.1,Mensual,SS_Asociativo
2014-09-01,2014-M09,CLM,SOC_ASO,27605.4,Mensual,SS_Asociativo
2014-10-01,2014-M10,CLM,SOC_ASO,27791.9,Mensual,SS_Asociativo
2014-11-01,2014-M11,CLM,SOC_ASO,27694.0,Mensual,SS_Asociativo
2014-12-01,2014-M12,CLM,SOC_ASO,27703.7,Mensual,SS_Asociativo
2015-01-01,2015-M01,CLM,SOC_ASO,26656.2,Mensual,SS_Asociativo
2015-02-01,2015-M02,CLM,SOC_ASO,26398.3,Mensual,SS_Asociativo
2015-03-01,2015-M03,CLM,SOC_ASO,26605.4,Mensual,SS_Asociativo
2015-04-01,2015-M04,CLM,SOC_ASO,26867.3,Mensual,SS_Asociativo
2015-05-01,2015-M05,CLM,SOC_ASO,27225.3,Mensual,SS_Asociativo
2015-06-01,2015-M06,CLM,SOC_ASO,27105.1,Mensual,SS_Asociativo
2015-07-01,2015-M07,CLM,SOC_ASO,27161.0,Mensual,SS_Asociativo
2015-08-01,2015-M08,CLM,SOC_ASO,26911.8,Mensual,SS_Asociativo
2015-09-01,2015-M09,CLM,SOC_ASO,26797.4,Mensual,SS_Asociativo
2015-10-01,2015-M10,CLM,SOC_ASO,26882.1,Mensual,SS_Asociativo
2015-11-01,2015-M11,CLM,SOC_ASO,26955.7,Mensual,SS_Asociativo
2015-12-01,2015-M12,CLM,SOC_ASO,27085.0,Mensual,SS_Asociativo
2016-01-01,2016-M01,CLM,SOC_ASO,26702.5,Mensual,SS_Asociativo
2016-02-01,2016-M02,CLM,SOC_ASO,26822.6,Mensual,SS_Asociativo
2016-03-01,2016-M03,CLM,SOC_ASO,27055.7,Mensual,SS_Asociativo
2016-04-01,2016-M04,CLM,SOC_ASO,27283.5,Mensual,SS_Asociativo
2016-05-01,2016-M05,CLM,SOC_ASO,27537.9,Mensual,SS_Asociativo
2016-06-01,2016-M06,CLM,SOC_ASO,27635.1,Mensual,SS_Asociativo
2016-07-01,2016-M07,CLM,SOC_ASO,27858.0,Mensual,SS_Asociativo
2016-08-01,2016-M08,CLM,SOC_ASO,27628.2,Mensual,SS_Asociativo
2016-09-01,2016-M09,CLM,SOC_ASO,27639.8,Mensual,SS_Asociativo
2016-10-01,2016-M10,CLM,SOC_ASO,27772.6,Mensual,SS_Asociativo
2016-11-01,2016-M11,CLM,SOC_ASO,27907.0,Mensual,SS_Asociativo
2016-12-01,2016-M12,CLM,SOC_ASO,27864.3,Mensual,SS_Asociativo
2017-01-01,2017-M01,CLM,SOC_ASO,27376.1,Mensual,SS_Asociativo
2017-02-01,2017-M02,CLM,SOC_ASO,27603.5,Mensual,SS_Asociativo
2017-03-01,2017-M03,CLM,SOC_ASO,27819.0,Mensual,SS_Asociativo
2017-04-01,2017-M04,CLM,SOC_ASO,28028.8,Mensual,SS_Asociativo
2017-05-01,2017-M05,CLM,SOC_ASO,28164.2,Mensual,SS_Asociativo
2017-06-01,2017-M06,CLM,SOC_ASO,28103.5,Mensual,SS_Asociativo
2017-07-01,2017-M07,CLM,SOC_ASO,28324.4,Mensual,SS_Asociativo
2017-08-01,2017-M08,CLM,SOC_ASO,28129.3,Mensual,SS_Asociativo
2017-09-01,2017-M09,CLM,SOC_ASO,28127.8,Mensual,SS_Asociativo
2017-10-01,2017-M10,CLM,SOC_ASO,28427.5,Mensual,SS_Asociativo
2017-11-01,2017-M11,CLM,SOC_ASO,28414.9,Mensual,SS_Asociativo
2017-12-01,2017-M12,CLM,SOC_ASO,28569.2,Mensual,SS_Asociativo
2018-01-01,2018-M01,CLM,SOC_ASO,28209.8,Mensual,SS_Asociativo
2018-02-01,2018-M02,CLM,SOC_ASO,28264.8,Mensual,SS_Asociativo
2018-03-01,2018-M03,CLM,SOC_ASO,28425.1,Mensual,SS_Asociativo
2018-04-01,2018-M04,CLM,SOC_ASO,28559.6,Mensual,SS_Asociativo
2018-05-01,2018-M05,CLM,SOC_ASO,28733.3,Mensual,SS_Asociativo
2018-06-01,2018-M06,CLM,SOC_ASO,28648.4,Mensual,SS_Asociativo
2018-07-01,2018-M07,CLM,SOC_ASO,28835.9,Mensual,SS_Asociativo
2018-08-01,2018-M08,CLM,SOC_ASO,28600.6,Mensual,SS_Asociativo
2018-09-01,2018-M09,CLM,SOC_ASO,28533.9,Mensual,SS_Asociativo
2018-10-01,2018-M10,CLM,SOC_ASO,28991.3,Mensual,SS_Asociativo
2018-11-01,2018-M11,CLM,SOC_ASO,29074.5,Mensual,SS_Asociativo
2018-12-01,2018-M12,CLM,SOC_ASO,29293.1,Mensual,SS_Asociativo
2019-01-01,2019-M01,CLM,SOC_ASO,28880.3,Mensual,SS_Asociativo
2019-02-01,2019-M02,CLM,SOC_ASO,28929.8,Mensual,SS_Asociativo
2019-03-01,2019-M03,CLM,SOC_ASO,29149.1,Mensual,SS_Asociativo
2019-04-01,2019-M04,CLM,SOC_ASO,29372.5,Mensual,SS_Asociativo
2019-05-01,2019-M05,CLM,SOC_ASO,29497.3,Mensual,SS_Asociativo
2019-06-01,2019-M06,CLM,SOC_ASO,29374.8,Mensual,SS_Asociativo
2019-07-01,2019-M07,CLM,SOC_ASO,29464.7,Mensual,SS_Asociativo
2019-08-01,2019-M08,CLM,SOC_ASO,29275.0,Mensual,SS_Asociativo
2019-09-01,2019-M09,CLM,SOC_ASO,29265.7,Mensual,SS_Asociativo
2019-10-01,2019-M10,CLM,SOC_ASO,29696.2,Mensual,SS_Asociativo
2019-11-01,2019-M11,CLM,SOC_ASO,29797.0,Mensual,SS_Asociativo
2019-12-01,2019-M12,CLM,SOC_ASO,29826.5,Mensual,SS_Asociativo
2020-01-01,2020-M01,CLM,SOC_ASO,29183.3,Mensual,SS_Asociativo
2020-02-01,2020-M02,CLM,SOC_ASO,29251.5,Mensual,SS_Asociativo
2020-03-01,2020-M03,CLM,SOC_ASO,28790.8,Mensual,SS_Asociativo
2020-04-01,2020-M04,CLM,SOC_ASO,27840.9,Mensual,SS_Asociativo
2020-05-01,2020-M05,CLM,SOC_ASO,28050.8,Mensual,SS_Asociativo
2020-06-01,2020-M06,CLM,SOC_ASO,28059.0,Mensual,SS_Asociativo
2020-07-01,2020-M07,CLM,SOC_ASO,28186.6,Mensual,SS_Asociativo
2020-08-01,2020-M08,CLM,SOC_ASO,28153.8,Mensual,SS_Asociativo
2020-09-01,2020-M09,CLM,SOC_ASO,28205.1,Mensual,SS_Asociativo
2020-10-01,2020-M10,CLM,SOC_ASO,28424.4,Mensual,SS_Asociativo
2020-11-01,2020-M11,CLM,SOC_ASO,28424.4,Mensual,SS_Asociativo
2020-12-01,2020-M12,CLM,SOC_ASO,28377.2,Mensual,SS_Asociativo
2021-01-01,2021-M01,CLM,SOC_ASO,27803.9,Mensual,SS_Asociativo
2021-02-01,2021-M02,CLM,SOC_ASO,27758.6,Mensual,SS_Asociativo
2021-03-01,2021-M03,CLM,SOC_ASO,27932.9,Mensual,SS_Asociativo
2021-04-01,2021-M04,CLM,SOC_ASO,28176.5,Mensual,SS_Asociativo
2021-05-01,2021-M05,CLM,SOC_ASO,28425.0,Mensual,SS_Asociativo
2021-06-01,2021-M06,CLM,SOC_ASO,28654.3,Mensual,SS_Asociativo
2021-07-01,2021-M07,CLM,SOC_ASO,28911.8,Mensual,SS_Asociativo
2021-08-01,2021-M08,CLM,SOC_ASO,28685.4,Mensual,SS_Asociativo
2021-09-01,2021-M09,CLM,SOC_ASO,28736.1,Mensual,SS_Asociativo
2021-10-01,2021-M10,CLM,SOC_ASO,29258.5,Mensual,SS_Asociativo
2021-11-01,2021-M11,CLM,SOC_ASO,29540.0,Mensual,SS_Asociativo
2021-12-01,2021-M12,CLM,SOC_ASO,29646.6,Mensual,SS_Asociativo
2022-01-01,2022-M01,CLM,SOC_ASO,29083.9,Mensual,SS_Asociativo
2022-02-01,2022-M02,CLM,SOC_ASO,29163.4,Mensual,SS_Asociativo
2022-03-01,2022-M03,CLM,SOC_ASO,29471.4,Mensual,SS_Asociativo
2022-04-01,2022-M04,CLM,SOC_ASO,29871.1,Mensual,SS_Asociativo
2022-05-01,2022-M05,CLM,SOC_ASO,30173.3,Mensual,SS_Asociativo
2022-06-01,2022-M06,CLM,SOC_ASO,30169.7,Mensual,SS_Asociativo
2022-07-01,2022-M07,CLM,SOC_ASO,30355.2,Mensual,SS_Asociativo
2022-08-01,2022-M08,CLM,SOC_ASO,29912.2,Mensual,SS_Asociativo
2022-09-01,2022-M09,CLM,SOC_ASO,29843.1,Mensual,SS_Asociativo
2022-10-01,2022-M10,CLM,SOC_ASO,30119.6,Mensual,SS_Asociativo
2022-11-01,2022-M11,CLM,SOC_ASO,30251.6,Mensual,SS_Asociativo
2022-12-01,2022-M12,CLM,SOC_ASO,30205.2,Mensual,SS_Asociativo
2023-01-01,2023-M01,CLM,SOC_ASO,29659.5,Mensual,SS_Asociativo
2023-02-01,2023-M02,CLM,SOC_ASO,29671.1,Mensual,SS_Asociativo
2023-03-01,2023-M03,CLM,SOC_ASO,29913.6,Mensual,SS_Asociativo
2023-04-01,2023-M04,CLM,SOC_ASO,30241.3,Mensual,SS_Asociativo
2023-05-01,2023-M05,CLM,SOC_ASO,30567.3,Mensual,SS_Asociativo
2023-06-01,2023-M06,CLM,SOC_ASO,30438.8,Mensual,SS_Asociativo
2023-07-01,2023-M07,CLM,SOC_ASO,30414.3,Mensual,SS_Asociativo
2023-08-01,2023-M08,CLM,SOC_ASO,29946.1,Mensual,SS_Asociativo
2023-09-01,2023-M09,CLM,SOC_ASO,29906.5,Mensual,SS_Asociativo
2023-10-01,2023-M10,CLM,SOC_ASO,30522.1,Mensual,SS_Asociativo
2023-11-01,2023-M11,CLM,SOC_ASO,30441.8,Mensual,SS_Asociativo
2023-12-01,2023-M12,CLM,SOC_ASO,30531.3,Mensual,SS_Asociativo
2024-01-01,2024-M01,CLM,SOC_ASO,30108.6,Mensual,SS_Asociativo
2024-02-01,2024-M02,CLM,SOC_ASO,30229.4,Mensual,SS_Asociativo
2024-03-01,2024-M03,CLM,SOC_ASO,30578.2,Mensual,SS_Asociativo
2024-04-01,2024-M04,CLM,SOC_ASO,30705.5,Mensual,SS_Asociativo
2024-05-01,2024-M05,CLM,SOC_ASO,30891.3,Mensual,SS_Asociativo
2024-06-01,2024-M06,CLM,SOC_ASO,30739.3,Mensual,SS_Asociativo
2024-07-01,2024-M07,CLM,SOC_ASO,30794.7,Mensual,SS_Asociativo
2024-08-01,2024-M08,CLM,SOC_ASO,30338.1,Mensual,SS_Asociativo
2024-09-01,2024-M09,CLM,SOC_ASO,30174.4,Mensual,SS_Asociativo
2024-10-01,2024-M10,CLM,SOC_ASO,30632.6,Mensual,SS_Asociativo
2024-11-01,2024-M11,CLM,SOC_ASO,30733.8,Mensual,SS_Asociativo
2024-12-01,2024-M12,CLM,SOC_ASO,30686.1,Mensual,SS_Asociativo
2025-01-01,2025-M01,CLM,SOC_ASO,30228.9,Mensual,SS_Asociativo
2025-02-01,2025-M02,CLM,SOC_ASO,30357.0,Mensual,SS_Asociativo
2025-03-01,2025-M03,CLM,SOC_ASO,30441.4,Mensual,SS_Asociativo
2025-04-01,2025-M04,CLM,SOC_ASO,30591.3,Mensual,SS_Asociativo
2025-05-01,2025-M05,CLM,SOC_ASO,30839.8,Mensual,SS_Asociativo
2025-06-01,2025-M06,CLM,SOC_ASO,30893.9,Mensual,SS_Asociativo
2025-07-01,2025-M07,CLM,SOC_ASO,30824.1,Mensual,SS_Asociativo
2025-08-01,2025-M08,CLM,SOC_ASO,30466.8,Mensual,SS_Asociativo
2025-09-01,2025-M09,CLM,SOC_ASO,30359.4,Mensual,SS_Asociativo
2025-10-01,2025-M10,CLM,SOC_ASO,30685.5,Mensual,SS_Asociativo
2025-11-01,2025-M11,CLM,SOC_ASO,30784.4,Mensual,SS_Asociativo
2025-12-01,2025-M12,CLM,SOC_ASO,30836.8,Mensual,SS_Asociativo
2026-01-01,2026-M01,CLM,SOC_ASO,31303.2,Mensual,SS_Asociativo
2026-02-01,2026-M02,CLM,SOC_ASO,31365.9,Mensual,SS_Asociativo
2026-03-01,2026-M03,CLM,SOC_ASO,31557.27,Mensual,SS_Asociativo
2026-04-01,2026-M04,CLM,SOC_ASO,31563.7,Mensual,SS_Asociativo
2026-05-01,2026-M05,CLM,SOC_ASO,31712.8,Mensual,SS_Asociativo
2026-06-01,2026-M06,CLM,SOC_ASO,31964.09,Mensual,SS_Asociativo
2026-07-01,2026-M07,CLM,SOC_ASO,32362.17,Mensual,SS_Asociativo
2009-01-01,2009-M01,CYL,SOC_ASO,39929.4,Mensual,SS_Asociativo
2009-02-01,2009-M02,CYL,SOC_ASO,39936.7,Mensual,SS_Asociativo
2009-03-01,2009-M03,CYL,SOC_ASO,39990.4,Mensual,SS_Asociativo
2009-04-01,2009-M04,CYL,SOC_ASO,39858.9,Mensual,SS_Asociativo
2009-05-01,2009-M05,CYL,SOC_ASO,39959.7,Mensual,SS_Asociativo
2009-06-01,2009-M06,CYL,SOC_ASO,39730.5,Mensual,SS_Asociativo
2009-07-01,2009-M07,CYL,SOC_ASO,39734.3,Mensual,SS_Asociativo
2009-08-01,2009-M08,CYL,SOC_ASO,39746.6,Mensual,SS_Asociativo
2009-09-01,2009-M09,CYL,SOC_ASO,39802.4,Mensual,SS_Asociativo
2009-10-01,2009-M10,CYL,SOC_ASO,40107.9,Mensual,SS_Asociativo
2009-11-01,2009-M11,CYL,SOC_ASO,40124.0,Mensual,SS_Asociativo
2009-12-01,2009-M12,CYL,SOC_ASO,39943.6,Mensual,SS_Asociativo
2010-01-01,2010-M01,CYL,SOC_ASO,39169.0,Mensual,SS_Asociativo
2010-02-01,2010-M02,CYL,SOC_ASO,39352.9,Mensual,SS_Asociativo
2010-03-01,2010-M03,CYL,SOC_ASO,39555.9,Mensual,SS_Asociativo
2010-04-01,2010-M04,CYL,SOC_ASO,39492.5,Mensual,SS_Asociativo
2010-05-01,2010-M05,CYL,SOC_ASO,39709.2,Mensual,SS_Asociativo
2010-06-01,2010-M06,CYL,SOC_ASO,39478.5,Mensual,SS_Asociativo
2010-07-01,2010-M07,CYL,SOC_ASO,39246.1,Mensual,SS_Asociativo
2010-08-01,2010-M08,CYL,SOC_ASO,39185.1,Mensual,SS_Asociativo
2010-09-01,2010-M09,CYL,SOC_ASO,39313.9,Mensual,SS_Asociativo
2010-10-01,2010-M10,CYL,SOC_ASO,39515.6,Mensual,SS_Asociativo
2010-11-01,2010-M11,CYL,SOC_ASO,39546.7,Mensual,SS_Asociativo
2010-12-01,2010-M12,CYL,SOC_ASO,39244.6,Mensual,SS_Asociativo
2011-01-01,2011-M01,CYL,SOC_ASO,38459.6,Mensual,SS_Asociativo
2011-02-01,2011-M02,CYL,SOC_ASO,38539.8,Mensual,SS_Asociativo
2011-03-01,2011-M03,CYL,SOC_ASO,38868.5,Mensual,SS_Asociativo
2011-04-01,2011-M04,CYL,SOC_ASO,38921.0,Mensual,SS_Asociativo
2011-05-01,2011-M05,CYL,SOC_ASO,39013.9,Mensual,SS_Asociativo
2011-06-01,2011-M06,CYL,SOC_ASO,38860.9,Mensual,SS_Asociativo
2011-07-01,2011-M07,CYL,SOC_ASO,39129.9,Mensual,SS_Asociativo
2011-08-01,2011-M08,CYL,SOC_ASO,38956.8,Mensual,SS_Asociativo
2011-09-01,2011-M09,CYL,SOC_ASO,38700.5,Mensual,SS_Asociativo
2011-10-01,2011-M10,CYL,SOC_ASO,38851.7,Mensual,SS_Asociativo
2011-11-01,2011-M11,CYL,SOC_ASO,38789.3,Mensual,SS_Asociativo
2011-12-01,2011-M12,CYL,SOC_ASO,38452.7,Mensual,SS_Asociativo
2012-01-01,2012-M01,CYL,SOC_ASO,37605.1,Mensual,SS_Asociativo
2012-02-01,2012-M02,CYL,SOC_ASO,37501.8,Mensual,SS_Asociativo
2012-03-01,2012-M03,CYL,SOC_ASO,37825.5,Mensual,SS_Asociativo
2012-04-01,2012-M04,CYL,SOC_ASO,37774.1,Mensual,SS_Asociativo
2012-05-01,2012-M05,CYL,SOC_ASO,37643.9,Mensual,SS_Asociativo
2012-06-01,2012-M06,CYL,SOC_ASO,37439.0,Mensual,SS_Asociativo
2012-07-01,2012-M07,CYL,SOC_ASO,37466.6,Mensual,SS_Asociativo
2012-08-01,2012-M08,CYL,SOC_ASO,37169.1,Mensual,SS_Asociativo
2012-09-01,2012-M09,CYL,SOC_ASO,36717.2,Mensual,SS_Asociativo
2012-10-01,2012-M10,CYL,SOC_ASO,36812.8,Mensual,SS_Asociativo
2012-11-01,2012-M11,CYL,SOC_ASO,36656.8,Mensual,SS_Asociativo
2012-12-01,2012-M12,CYL,SOC_ASO,36417.1,Mensual,SS_Asociativo
2013-01-01,2013-M01,CYL,SOC_ASO,35991.7,Mensual,SS_Asociativo
2013-02-01,2013-M02,CYL,SOC_ASO,35904.1,Mensual,SS_Asociativo
2013-03-01,2013-M03,CYL,SOC_ASO,35999.9,Mensual,SS_Asociativo
2013-04-01,2013-M04,CYL,SOC_ASO,36162.6,Mensual,SS_Asociativo
2013-05-01,2013-M05,CYL,SOC_ASO,36265.5,Mensual,SS_Asociativo
2013-06-01,2013-M06,CYL,SOC_ASO,36058.0,Mensual,SS_Asociativo
2013-07-01,2013-M07,CYL,SOC_ASO,36196.3,Mensual,SS_Asociativo
2013-08-01,2013-M08,CYL,SOC_ASO,36124.4,Mensual,SS_Asociativo
2013-09-01,2013-M09,CYL,SOC_ASO,35773.2,Mensual,SS_Asociativo
2013-10-01,2013-M10,CYL,SOC_ASO,35886.6,Mensual,SS_Asociativo
2013-11-01,2013-M11,CYL,SOC_ASO,35841.6,Mensual,SS_Asociativo
2013-12-01,2013-M12,CYL,SOC_ASO,35787.4,Mensual,SS_Asociativo
2014-01-01,2014-M01,CYL,SOC_ASO,35304.8,Mensual,SS_Asociativo
2014-02-01,2014-M02,CYL,SOC_ASO,35343.0,Mensual,SS_Asociativo
2014-03-01,2014-M03,CYL,SOC_ASO,35700.0,Mensual,SS_Asociativo
2014-04-01,2014-M04,CYL,SOC_ASO,36017.1,Mensual,SS_Asociativo
2014-05-01,2014-M05,CYL,SOC_ASO,36290.7,Mensual,SS_Asociativo
2014-06-01,2014-M06,CYL,SOC_ASO,36119.2,Mensual,SS_Asociativo
2014-07-01,2014-M07,CYL,SOC_ASO,36284.9,Mensual,SS_Asociativo
2014-08-01,2014-M08,CYL,SOC_ASO,36149.3,Mensual,SS_Asociativo
2014-09-01,2014-M09,CYL,SOC_ASO,35636.9,Mensual,SS_Asociativo
2014-10-01,2014-M10,CYL,SOC_ASO,35974.4,Mensual,SS_Asociativo
2014-11-01,2014-M11,CYL,SOC_ASO,35918.3,Mensual,SS_Asociativo
2014-12-01,2014-M12,CYL,SOC_ASO,35780.4,Mensual,SS_Asociativo
2015-01-01,2015-M01,CYL,SOC_ASO,35452.9,Mensual,SS_Asociativo
2015-02-01,2015-M02,CYL,SOC_ASO,35514.4,Mensual,SS_Asociativo
2015-03-01,2015-M03,CYL,SOC_ASO,35846.1,Mensual,SS_Asociativo
2015-04-01,2015-M04,CYL,SOC_ASO,36104.3,Mensual,SS_Asociativo
2015-05-01,2015-M05,CYL,SOC_ASO,36356.4,Mensual,SS_Asociativo
2015-06-01,2015-M06,CYL,SOC_ASO,36321.8,Mensual,SS_Asociativo
2015-07-01,2015-M07,CYL,SOC_ASO,36442.4,Mensual,SS_Asociativo
2015-08-01,2015-M08,CYL,SOC_ASO,36341.1,Mensual,SS_Asociativo
2015-09-01,2015-M09,CYL,SOC_ASO,36099.8,Mensual,SS_Asociativo
2015-10-01,2015-M10,CYL,SOC_ASO,36579.0,Mensual,SS_Asociativo
2015-11-01,2015-M11,CYL,SOC_ASO,36560.2,Mensual,SS_Asociativo
2015-12-01,2015-M12,CYL,SOC_ASO,36402.3,Mensual,SS_Asociativo
2016-01-01,2016-M01,CYL,SOC_ASO,35868.8,Mensual,SS_Asociativo
2016-02-01,2016-M02,CYL,SOC_ASO,36128.3,Mensual,SS_Asociativo
2016-03-01,2016-M03,CYL,SOC_ASO,36590.1,Mensual,SS_Asociativo
2016-04-01,2016-M04,CYL,SOC_ASO,36733.6,Mensual,SS_Asociativo
2016-05-01,2016-M05,CYL,SOC_ASO,36988.4,Mensual,SS_Asociativo
2016-06-01,2016-M06,CYL,SOC_ASO,36900.1,Mensual,SS_Asociativo
2016-07-01,2016-M07,CYL,SOC_ASO,36978.5,Mensual,SS_Asociativo
2016-08-01,2016-M08,CYL,SOC_ASO,36672.7,Mensual,SS_Asociativo
2016-09-01,2016-M09,CYL,SOC_ASO,36239.1,Mensual,SS_Asociativo
2016-10-01,2016-M10,CYL,SOC_ASO,36724.5,Mensual,SS_Asociativo
2016-11-01,2016-M11,CYL,SOC_ASO,36795.9,Mensual,SS_Asociativo
2016-12-01,2016-M12,CYL,SOC_ASO,36702.2,Mensual,SS_Asociativo
2017-01-01,2017-M01,CYL,SOC_ASO,36085.9,Mensual,SS_Asociativo
2017-02-01,2017-M02,CYL,SOC_ASO,36150.9,Mensual,SS_Asociativo
2017-03-01,2017-M03,CYL,SOC_ASO,36331.5,Mensual,SS_Asociativo
2017-04-01,2017-M04,CYL,SOC_ASO,36608.7,Mensual,SS_Asociativo
2017-05-01,2017-M05,CYL,SOC_ASO,36824.8,Mensual,SS_Asociativo
2017-06-01,2017-M06,CYL,SOC_ASO,36762.3,Mensual,SS_Asociativo
2017-07-01,2017-M07,CYL,SOC_ASO,36889.7,Mensual,SS_Asociativo
2017-08-01,2017-M08,CYL,SOC_ASO,36680.2,Mensual,SS_Asociativo
2017-09-01,2017-M09,CYL,SOC_ASO,36369.3,Mensual,SS_Asociativo
2017-10-01,2017-M10,CYL,SOC_ASO,36685.1,Mensual,SS_Asociativo
2017-11-01,2017-M11,CYL,SOC_ASO,36811.3,Mensual,SS_Asociativo
2017-12-01,2017-M12,CYL,SOC_ASO,36657.0,Mensual,SS_Asociativo
2018-01-01,2018-M01,CYL,SOC_ASO,36233.3,Mensual,SS_Asociativo
2018-02-01,2018-M02,CYL,SOC_ASO,36431.7,Mensual,SS_Asociativo
2018-03-01,2018-M03,CYL,SOC_ASO,36854.3,Mensual,SS_Asociativo
2018-04-01,2018-M04,CYL,SOC_ASO,37057.3,Mensual,SS_Asociativo
2018-05-01,2018-M05,CYL,SOC_ASO,37231.7,Mensual,SS_Asociativo
2018-06-01,2018-M06,CYL,SOC_ASO,37053.3,Mensual,SS_Asociativo
2018-07-01,2018-M07,CYL,SOC_ASO,37114.9,Mensual,SS_Asociativo
2018-08-01,2018-M08,CYL,SOC_ASO,36907.7,Mensual,SS_Asociativo
2018-09-01,2018-M09,CYL,SOC_ASO,36627.6,Mensual,SS_Asociativo
2018-10-01,2018-M10,CYL,SOC_ASO,36981.0,Mensual,SS_Asociativo
2018-11-01,2018-M11,CYL,SOC_ASO,37047.7,Mensual,SS_Asociativo
2018-12-01,2018-M12,CYL,SOC_ASO,36840.5,Mensual,SS_Asociativo
2019-01-01,2019-M01,CYL,SOC_ASO,36294.4,Mensual,SS_Asociativo
2019-02-01,2019-M02,CYL,SOC_ASO,36267.7,Mensual,SS_Asociativo
2019-03-01,2019-M03,CYL,SOC_ASO,36804.7,Mensual,SS_Asociativo
2019-04-01,2019-M04,CYL,SOC_ASO,37063.3,Mensual,SS_Asociativo
2019-05-01,2019-M05,CYL,SOC_ASO,37132.2,Mensual,SS_Asociativo
2019-06-01,2019-M06,CYL,SOC_ASO,36966.2,Mensual,SS_Asociativo
2019-07-01,2019-M07,CYL,SOC_ASO,37109.8,Mensual,SS_Asociativo
2019-08-01,2019-M08,CYL,SOC_ASO,36915.1,Mensual,SS_Asociativo
2019-09-01,2019-M09,CYL,SOC_ASO,36541.5,Mensual,SS_Asociativo
2019-10-01,2019-M10,CYL,SOC_ASO,37123.7,Mensual,SS_Asociativo
2019-11-01,2019-M11,CYL,SOC_ASO,37074.4,Mensual,SS_Asociativo
2019-12-01,2019-M12,CYL,SOC_ASO,36831.0,Mensual,SS_Asociativo
2020-01-01,2020-M01,CYL,SOC_ASO,36316.6,Mensual,SS_Asociativo
2020-02-01,2020-M02,CYL,SOC_ASO,36330.0,Mensual,SS_Asociativo
2020-03-01,2020-M03,CYL,SOC_ASO,35954.3,Mensual,SS_Asociativo
2020-04-01,2020-M04,CYL,SOC_ASO,35022.8,Mensual,SS_Asociativo
2020-05-01,2020-M05,CYL,SOC_ASO,34968.6,Mensual,SS_Asociativo
2020-06-01,2020-M06,CYL,SOC_ASO,34905.5,Mensual,SS_Asociativo
2020-07-01,2020-M07,CYL,SOC_ASO,35065.0,Mensual,SS_Asociativo
2020-08-01,2020-M08,CYL,SOC_ASO,35172.7,Mensual,SS_Asociativo
2020-09-01,2020-M09,CYL,SOC_ASO,34912.0,Mensual,SS_Asociativo
2020-10-01,2020-M10,CYL,SOC_ASO,34906.2,Mensual,SS_Asociativo
2020-11-01,2020-M11,CYL,SOC_ASO,34669.0,Mensual,SS_Asociativo
2020-12-01,2020-M12,CYL,SOC_ASO,34412.3,Mensual,SS_Asociativo
2021-01-01,2021-M01,CYL,SOC_ASO,34073.4,Mensual,SS_Asociativo
2021-02-01,2021-M02,CYL,SOC_ASO,34005.4,Mensual,SS_Asociativo
2021-03-01,2021-M03,CYL,SOC_ASO,34065.8,Mensual,SS_Asociativo
2021-04-01,2021-M04,CYL,SOC_ASO,34266.3,Mensual,SS_Asociativo
2021-05-01,2021-M05,CYL,SOC_ASO,34503.8,Mensual,SS_Asociativo
2021-06-01,2021-M06,CYL,SOC_ASO,34744.8,Mensual,SS_Asociativo
2021-07-01,2021-M07,CYL,SOC_ASO,35182.8,Mensual,SS_Asociativo
2021-08-01,2021-M08,CYL,SOC_ASO,35132.0,Mensual,SS_Asociativo
2021-09-01,2021-M09,CYL,SOC_ASO,34943.9,Mensual,SS_Asociativo
2021-10-01,2021-M10,CYL,SOC_ASO,35413.6,Mensual,SS_Asociativo
2021-11-01,2021-M11,CYL,SOC_ASO,35557.8,Mensual,SS_Asociativo
2021-12-01,2021-M12,CYL,SOC_ASO,35602.0,Mensual,SS_Asociativo
2022-01-01,2022-M01,CYL,SOC_ASO,35240.9,Mensual,SS_Asociativo
2022-02-01,2022-M02,CYL,SOC_ASO,35305.2,Mensual,SS_Asociativo
2022-03-01,2022-M03,CYL,SOC_ASO,35395.3,Mensual,SS_Asociativo
2022-04-01,2022-M04,CYL,SOC_ASO,35589.7,Mensual,SS_Asociativo
2022-05-01,2022-M05,CYL,SOC_ASO,35955.9,Mensual,SS_Asociativo
2022-06-01,2022-M06,CYL,SOC_ASO,36009.9,Mensual,SS_Asociativo
2022-07-01,2022-M07,CYL,SOC_ASO,36162.7,Mensual,SS_Asociativo
2022-08-01,2022-M08,CYL,SOC_ASO,35896.5,Mensual,SS_Asociativo
2022-09-01,2022-M09,CYL,SOC_ASO,35536.3,Mensual,SS_Asociativo
2022-10-01,2022-M10,CYL,SOC_ASO,35984.2,Mensual,SS_Asociativo
2022-11-01,2022-M11,CYL,SOC_ASO,35982.6,Mensual,SS_Asociativo
2022-12-01,2022-M12,CYL,SOC_ASO,35770.7,Mensual,SS_Asociativo
2023-01-01,2023-M01,CYL,SOC_ASO,35422.1,Mensual,SS_Asociativo
2023-02-01,2023-M02,CYL,SOC_ASO,35549.6,Mensual,SS_Asociativo
2023-03-01,2023-M03,CYL,SOC_ASO,35791.3,Mensual,SS_Asociativo
2023-04-01,2023-M04,CYL,SOC_ASO,35968.7,Mensual,SS_Asociativo
2023-05-01,2023-M05,CYL,SOC_ASO,36199.7,Mensual,SS_Asociativo
2023-06-01,2023-M06,CYL,SOC_ASO,36131.4,Mensual,SS_Asociativo
2023-07-01,2023-M07,CYL,SOC_ASO,36238.2,Mensual,SS_Asociativo
2023-08-01,2023-M08,CYL,SOC_ASO,35843.6,Mensual,SS_Asociativo
2023-09-01,2023-M09,CYL,SOC_ASO,35592.9,Mensual,SS_Asociativo
2023-10-01,2023-M10,CYL,SOC_ASO,36041.7,Mensual,SS_Asociativo
2023-11-01,2023-M11,CYL,SOC_ASO,35995.6,Mensual,SS_Asociativo
2023-12-01,2023-M12,CYL,SOC_ASO,36006.2,Mensual,SS_Asociativo
2024-01-01,2024-M01,CYL,SOC_ASO,35574.5,Mensual,SS_Asociativo
2024-02-01,2024-M02,CYL,SOC_ASO,35628.3,Mensual,SS_Asociativo
2024-03-01,2024-M03,CYL,SOC_ASO,35932.8,Mensual,SS_Asociativo
2024-04-01,2024-M04,CYL,SOC_ASO,36122.2,Mensual,SS_Asociativo
2024-05-01,2024-M05,CYL,SOC_ASO,36276.6,Mensual,SS_Asociativo
2024-06-01,2024-M06,CYL,SOC_ASO,36186.0,Mensual,SS_Asociativo
2024-07-01,2024-M07,CYL,SOC_ASO,36052.1,Mensual,SS_Asociativo
2024-08-01,2024-M08,CYL,SOC_ASO,35689.5,Mensual,SS_Asociativo
2024-09-01,2024-M09,CYL,SOC_ASO,35412.7,Mensual,SS_Asociativo
2024-10-01,2024-M10,CYL,SOC_ASO,35820.3,Mensual,SS_Asociativo
2024-11-01,2024-M11,CYL,SOC_ASO,35908.5,Mensual,SS_Asociativo
2024-12-01,2024-M12,CYL,SOC_ASO,35878.7,Mensual,SS_Asociativo
2025-01-01,2025-M01,CYL,SOC_ASO,35491.0,Mensual,SS_Asociativo
2025-02-01,2025-M02,CYL,SOC_ASO,35625.1,Mensual,SS_Asociativo
2025-03-01,2025-M03,CYL,SOC_ASO,35862.8,Mensual,SS_Asociativo
2025-04-01,2025-M04,CYL,SOC_ASO,36153.3,Mensual,SS_Asociativo
2025-05-01,2025-M05,CYL,SOC_ASO,36276.9,Mensual,SS_Asociativo
2025-06-01,2025-M06,CYL,SOC_ASO,36242.6,Mensual,SS_Asociativo
2025-07-01,2025-M07,CYL,SOC_ASO,36221.6,Mensual,SS_Asociativo
2025-08-01,2025-M08,CYL,SOC_ASO,35951.9,Mensual,SS_Asociativo
2025-09-01,2025-M09,CYL,SOC_ASO,35599.4,Mensual,SS_Asociativo
2025-10-01,2025-M10,CYL,SOC_ASO,36040.4,Mensual,SS_Asociativo
2025-11-01,2025-M11,CYL,SOC_ASO,36208.0,Mensual,SS_Asociativo
2025-12-01,2025-M12,CYL,SOC_ASO,36176.4,Mensual,SS_Asociativo
2026-01-01,2026-M01,CYL,SOC_ASO,36571.65,Mensual,SS_Asociativo
2026-02-01,2026-M02,CYL,SOC_ASO,36669.15,Mensual,SS_Asociativo
2026-03-01,2026-M03,CYL,SOC_ASO,36841.14,Mensual,SS_Asociativo
2026-04-01,2026-M04,CYL,SOC_ASO,36915.95,Mensual,SS_Asociativo
2026-05-01,2026-M05,CYL,SOC_ASO,37041.35,Mensual,SS_Asociativo
2026-06-01,2026-M06,CYL,SOC_ASO,37118.91,Mensual,SS_Asociativo
2026-07-01,2026-M07,CYL,SOC_ASO,37403.0,Mensual,SS_Asociativo
2009-01-01,2009-M01,ESP,SOC_ASO,761023.5,Mensual,SS_Asociativo
2009-02-01,2009-M02,ESP,SOC_ASO,755627.0,Mensual,SS_Asociativo
2009-03-01,2009-M03,ESP,SOC_ASO,749784.1,Mensual,SS_Asociativo
2009-04-01,2009-M04,ESP,SOC_ASO,747399.9,Mensual,SS_Asociativo
2009-05-01,2009-M05,ESP,SOC_ASO,748529.3,Mensual,SS_Asociativo
2009-06-01,2009-M06,ESP,SOC_ASO,744664.0,Mensual,SS_Asociativo
2009-07-01,2009-M07,ESP,SOC_ASO,742869.0,Mensual,SS_Asociativo
2009-08-01,2009-M08,ESP,SOC_ASO,733168.0,Mensual,SS_Asociativo
2009-09-01,2009-M09,ESP,SOC_ASO,731631.4,Mensual,SS_Asociativo
2009-10-01,2009-M10,ESP,SOC_ASO,737040.6,Mensual,SS_Asociativo
2009-11-01,2009-M11,ESP,SOC_ASO,736808.0,Mensual,SS_Asociativo
2009-12-01,2009-M12,ESP,SOC_ASO,736436.6,Mensual,SS_Asociativo
2010-01-01,2010-M01,ESP,SOC_ASO,726437.3,Mensual,SS_Asociativo
2010-02-01,2010-M02,ESP,SOC_ASO,726066.9,Mensual,SS_Asociativo
2010-03-01,2010-M03,ESP,SOC_ASO,727874.1,Mensual,SS_Asociativo
2010-04-01,2010-M04,ESP,SOC_ASO,728962.4,Mensual,SS_Asociativo
2010-05-01,2010-M05,ESP,SOC_ASO,732161.6,Mensual,SS_Asociativo
2010-06-01,2010-M06,ESP,SOC_ASO,729245.8,Mensual,SS_Asociativo
2010-07-01,2010-M07,ESP,SOC_ASO,726730.6,Mensual,SS_Asociativo
2010-08-01,2010-M08,ESP,SOC_ASO,717669.0,Mensual,SS_Asociativo
2010-09-01,2010-M09,ESP,SOC_ASO,716924.2,Mensual,SS_Asociativo
2010-10-01,2010-M10,ESP,SOC_ASO,721825.6,Mensual,SS_Asociativo
2010-11-01,2010-M11,ESP,SOC_ASO,723228.3,Mensual,SS_Asociativo
2010-12-01,2010-M12,ESP,SOC_ASO,721931.3,Mensual,SS_Asociativo
2011-01-01,2011-M01,ESP,SOC_ASO,711452.1,Mensual,SS_Asociativo
2011-02-01,2011-M02,ESP,SOC_ASO,710854.6,Mensual,SS_Asociativo
2011-03-01,2011-M03,ESP,SOC_ASO,714228.1,Mensual,SS_Asociativo
2011-04-01,2011-M04,ESP,SOC_ASO,716959.6,Mensual,SS_Asociativo
2011-05-01,2011-M05,ESP,SOC_ASO,718895.6,Mensual,SS_Asociativo
2011-06-01,2011-M06,ESP,SOC_ASO,716264.3,Mensual,SS_Asociativo
2011-07-01,2011-M07,ESP,SOC_ASO,715810.8,Mensual,SS_Asociativo
2011-08-01,2011-M08,ESP,SOC_ASO,707122.9,Mensual,SS_Asociativo
2011-09-01,2011-M09,ESP,SOC_ASO,705374.1,Mensual,SS_Asociativo
2011-10-01,2011-M10,ESP,SOC_ASO,708297.9,Mensual,SS_Asociativo
2011-11-01,2011-M11,ESP,SOC_ASO,706615.5,Mensual,SS_Asociativo
2011-12-01,2011-M12,ESP,SOC_ASO,707586.8,Mensual,SS_Asociativo
2012-01-01,2012-M01,ESP,SOC_ASO,694228.2,Mensual,SS_Asociativo
2012-02-01,2012-M02,ESP,SOC_ASO,692515.6,Mensual,SS_Asociativo
2012-03-01,2012-M03,ESP,SOC_ASO,693848.6,Mensual,SS_Asociativo
2012-04-01,2012-M04,ESP,SOC_ASO,692390.0,Mensual,SS_Asociativo
2012-05-01,2012-M05,ESP,SOC_ASO,694758.6,Mensual,SS_Asociativo
2012-06-01,2012-M06,ESP,SOC_ASO,692480.6,Mensual,SS_Asociativo
2012-07-01,2012-M07,ESP,SOC_ASO,689528.7,Mensual,SS_Asociativo
2012-08-01,2012-M08,ESP,SOC_ASO,679906.8,Mensual,SS_Asociativo
2012-09-01,2012-M09,ESP,SOC_ASO,676403.4,Mensual,SS_Asociativo
2012-10-01,2012-M10,ESP,SOC_ASO,677404.4,Mensual,SS_Asociativo
2012-11-01,2012-M11,ESP,SOC_ASO,674476.2,Mensual,SS_Asociativo
2012-12-01,2012-M12,ESP,SOC_ASO,672384.8,Mensual,SS_Asociativo
2013-01-01,2013-M01,ESP,SOC_ASO,660918.9,Mensual,SS_Asociativo
2013-02-01,2013-M02,ESP,SOC_ASO,659125.2,Mensual,SS_Asociativo
2013-03-01,2013-M03,ESP,SOC_ASO,660580.7,Mensual,SS_Asociativo
2013-04-01,2013-M04,ESP,SOC_ASO,662481.0,Mensual,SS_Asociativo
2013-05-01,2013-M05,ESP,SOC_ASO,666042.9,Mensual,SS_Asociativo
2013-06-01,2013-M06,ESP,SOC_ASO,664504.0,Mensual,SS_Asociativo
2013-07-01,2013-M07,ESP,SOC_ASO,665369.7,Mensual,SS_Asociativo
2013-08-01,2013-M08,ESP,SOC_ASO,658825.7,Mensual,SS_Asociativo
2013-09-01,2013-M09,ESP,SOC_ASO,657253.9,Mensual,SS_Asociativo
2013-10-01,2013-M10,ESP,SOC_ASO,663172.9,Mensual,SS_Asociativo
2013-11-01,2013-M11,ESP,SOC_ASO,663136.8,Mensual,SS_Asociativo
2013-12-01,2013-M12,ESP,SOC_ASO,664539.0,Mensual,SS_Asociativo
2014-01-01,2014-M01,ESP,SOC_ASO,656370.5,Mensual,SS_Asociativo
2014-02-01,2014-M02,ESP,SOC_ASO,657253.1,Mensual,SS_Asociativo
2014-03-01,2014-M03,ESP,SOC_ASO,661077.0,Mensual,SS_Asociativo
2014-04-01,2014-M04,ESP,SOC_ASO,666158.4,Mensual,SS_Asociativo
2014-05-01,2014-M05,ESP,SOC_ASO,671946.1,Mensual,SS_Asociativo
2014-06-01,2014-M06,ESP,SOC_ASO,671388.2,Mensual,SS_Asociativo
2014-07-01,2014-M07,ESP,SOC_ASO,674293.5,Mensual,SS_Asociativo
2014-08-01,2014-M08,ESP,SOC_ASO,667480.2,Mensual,SS_Asociativo
2014-09-01,2014-M09,ESP,SOC_ASO,666661.9,Mensual,SS_Asociativo
2014-10-01,2014-M10,ESP,SOC_ASO,674724.1,Mensual,SS_Asociativo
2014-11-01,2014-M11,ESP,SOC_ASO,674949.2,Mensual,SS_Asociativo
2014-12-01,2014-M12,ESP,SOC_ASO,676205.5,Mensual,SS_Asociativo
2015-01-01,2015-M01,ESP,SOC_ASO,668185.4,Mensual,SS_Asociativo
2015-02-01,2015-M02,ESP,SOC_ASO,669079.0,Mensual,SS_Asociativo
2015-03-01,2015-M03,ESP,SOC_ASO,674735.9,Mensual,SS_Asociativo
2015-04-01,2015-M04,ESP,SOC_ASO,680609.9,Mensual,SS_Asociativo
2015-05-01,2015-M05,ESP,SOC_ASO,688272.9,Mensual,SS_Asociativo
2015-06-01,2015-M06,ESP,SOC_ASO,687784.6,Mensual,SS_Asociativo
2015-07-01,2015-M07,ESP,SOC_ASO,690544.8,Mensual,SS_Asociativo
2015-08-01,2015-M08,ESP,SOC_ASO,681708.9,Mensual,SS_Asociativo
2015-09-01,2015-M09,ESP,SOC_ASO,681436.1,Mensual,SS_Asociativo
2015-10-01,2015-M10,ESP,SOC_ASO,688745.8,Mensual,SS_Asociativo
2015-11-01,2015-M11,ESP,SOC_ASO,689110.8,Mensual,SS_Asociativo
2015-12-01,2015-M12,ESP,SOC_ASO,690239.6,Mensual,SS_Asociativo
2016-01-01,2016-M01,ESP,SOC_ASO,680728.7,Mensual,SS_Asociativo
2016-02-01,2016-M02,ESP,SOC_ASO,683879.8,Mensual,SS_Asociativo
2016-03-01,2016-M03,ESP,SOC_ASO,690027.6,Mensual,SS_Asociativo
2016-04-01,2016-M04,ESP,SOC_ASO,695161.4,Mensual,SS_Asociativo
2016-05-01,2016-M05,ESP,SOC_ASO,701150.3,Mensual,SS_Asociativo
2016-06-01,2016-M06,ESP,SOC_ASO,702061.8,Mensual,SS_Asociativo
2016-07-01,2016-M07,ESP,SOC_ASO,705017.1,Mensual,SS_Asociativo
2016-08-01,2016-M08,ESP,SOC_ASO,694970.3,Mensual,SS_Asociativo
2016-09-01,2016-M09,ESP,SOC_ASO,695119.0,Mensual,SS_Asociativo
2016-10-01,2016-M10,ESP,SOC_ASO,701915.9,Mensual,SS_Asociativo
2016-11-01,2016-M11,ESP,SOC_ASO,701957.8,Mensual,SS_Asociativo
2016-12-01,2016-M12,ESP,SOC_ASO,702988.6,Mensual,SS_Asociativo
2017-01-01,2017-M01,ESP,SOC_ASO,693514.7,Mensual,SS_Asociativo
2017-02-01,2017-M02,ESP,SOC_ASO,696273.0,Mensual,SS_Asociativo
2017-03-01,2017-M03,ESP,SOC_ASO,701666.5,Mensual,SS_Asociativo
2017-04-01,2017-M04,ESP,SOC_ASO,708464.8,Mensual,SS_Asociativo
2017-05-01,2017-M05,ESP,SOC_ASO,714350.7,Mensual,SS_Asociativo
2017-06-01,2017-M06,ESP,SOC_ASO,714576.4,Mensual,SS_Asociativo
2017-07-01,2017-M07,ESP,SOC_ASO,716977.9,Mensual,SS_Asociativo
2017-08-01,2017-M08,ESP,SOC_ASO,706309.9,Mensual,SS_Asociativo
2017-09-01,2017-M09,ESP,SOC_ASO,707173.0,Mensual,SS_Asociativo
2017-10-01,2017-M10,ESP,SOC_ASO,715280.5,Mensual,SS_Asociativo
2017-11-01,2017-M11,ESP,SOC_ASO,715373.9,Mensual,SS_Asociativo
2017-12-01,2017-M12,ESP,SOC_ASO,715834.1,Mensual,SS_Asociativo
2018-01-01,2018-M01,ESP,SOC_ASO,706969.8,Mensual,SS_Asociativo
2018-02-01,2018-M02,ESP,SOC_ASO,711008.9,Mensual,SS_Asociativo
2018-03-01,2018-M03,ESP,SOC_ASO,718085.9,Mensual,SS_Asociativo
2018-04-01,2018-M04,ESP,SOC_ASO,723564.8,Mensual,SS_Asociativo
2018-05-01,2018-M05,ESP,SOC_ASO,731017.1,Mensual,SS_Asociativo
2018-06-01,2018-M06,ESP,SOC_ASO,731134.1,Mensual,SS_Asociativo
2018-07-01,2018-M07,ESP,SOC_ASO,732072.3,Mensual,SS_Asociativo
2018-08-01,2018-M08,ESP,SOC_ASO,719897.1,Mensual,SS_Asociativo
2018-09-01,2018-M09,ESP,SOC_ASO,722109.5,Mensual,SS_Asociativo
2018-10-01,2018-M10,ESP,SOC_ASO,732004.2,Mensual,SS_Asociativo
2018-11-01,2018-M11,ESP,SOC_ASO,732092.7,Mensual,SS_Asociativo
2018-12-01,2018-M12,ESP,SOC_ASO,732655.8,Mensual,SS_Asociativo
2019-01-01,2019-M01,ESP,SOC_ASO,722720.3,Mensual,SS_Asociativo
2019-02-01,2019-M02,ESP,SOC_ASO,725619.1,Mensual,SS_Asociativo
2019-03-01,2019-M03,ESP,SOC_ASO,732425.2,Mensual,SS_Asociativo
2019-04-01,2019-M04,ESP,SOC_ASO,738958.1,Mensual,SS_Asociativo
2019-05-01,2019-M05,ESP,SOC_ASO,745681.1,Mensual,SS_Asociativo
2019-06-01,2019-M06,ESP,SOC_ASO,744632.2,Mensual,SS_Asociativo
2019-07-01,2019-M07,ESP,SOC_ASO,744588.3,Mensual,SS_Asociativo
2019-08-01,2019-M08,ESP,SOC_ASO,732582.3,Mensual,SS_Asociativo
2019-09-01,2019-M09,ESP,SOC_ASO,734884.1,Mensual,SS_Asociativo
2019-10-01,2019-M10,ESP,SOC_ASO,745062.1,Mensual,SS_Asociativo
2019-11-01,2019-M11,ESP,SOC_ASO,744552.5,Mensual,SS_Asociativo
2019-12-01,2019-M12,ESP,SOC_ASO,744951.3,Mensual,SS_Asociativo
2020-01-01,2020-M01,ESP,SOC_ASO,733046.7,Mensual,SS_Asociativo
2020-02-01,2020-M02,ESP,SOC_ASO,735248.0,Mensual,SS_Asociativo
2020-03-01,2020-M03,ESP,SOC_ASO,723372.3,Mensual,SS_Asociativo
2020-04-01,2020-M04,ESP,SOC_ASO,698806.6,Mensual,SS_Asociativo
2020-05-01,2020-M05,ESP,SOC_ASO,703549.4,Mensual,SS_Asociativo
2020-06-01,2020-M06,ESP,SOC_ASO,703697.3,Mensual,SS_Asociativo
2020-07-01,2020-M07,ESP,SOC_ASO,707719.9,Mensual,SS_Asociativo
2020-08-01,2020-M08,ESP,SOC_ASO,704460.3,Mensual,SS_Asociativo
2020-09-01,2020-M09,ESP,SOC_ASO,705965.1,Mensual,SS_Asociativo
2020-10-01,2020-M10,ESP,SOC_ASO,708913.5,Mensual,SS_Asociativo
2020-11-01,2020-M11,ESP,SOC_ASO,704914.4,Mensual,SS_Asociativo
2020-12-01,2020-M12,ESP,SOC_ASO,702994.7,Mensual,SS_Asociativo
2021-01-01,2021-M01,ESP,SOC_ASO,693471.5,Mensual,SS_Asociativo
2021-02-01,2021-M02,ESP,SOC_ASO,692531.8,Mensual,SS_Asociativo
2021-03-01,2021-M03,ESP,SOC_ASO,695695.4,Mensual,SS_Asociativo
2021-04-01,2021-M04,ESP,SOC_ASO,700326.9,Mensual,SS_Asociativo
2021-05-01,2021-M05,ESP,SOC_ASO,707132.5,Mensual,SS_Asociativo
2021-06-01,2021-M06,ESP,SOC_ASO,715125.8,Mensual,SS_Asociativo
2021-07-01,2021-M07,ESP,SOC_ASO,721206.0,Mensual,SS_Asociativo
2021-08-01,2021-M08,ESP,SOC_ASO,713774.1,Mensual,SS_Asociativo
2021-09-01,2021-M09,ESP,SOC_ASO,717986.8,Mensual,SS_Asociativo
2021-10-01,2021-M10,ESP,SOC_ASO,728502.0,Mensual,SS_Asociativo
2021-11-01,2021-M11,ESP,SOC_ASO,730901.5,Mensual,SS_Asociativo
2021-12-01,2021-M12,ESP,SOC_ASO,731985.5,Mensual,SS_Asociativo
2022-01-01,2022-M01,ESP,SOC_ASO,722553.9,Mensual,SS_Asociativo
2022-02-01,2022-M02,ESP,SOC_ASO,724373.2,Mensual,SS_Asociativo
2022-03-01,2022-M03,ESP,SOC_ASO,730601.6,Mensual,SS_Asociativo
2022-04-01,2022-M04,ESP,SOC_ASO,737406.2,Mensual,SS_Asociativo
2022-05-01,2022-M05,ESP,SOC_ASO,745303.9,Mensual,SS_Asociativo
2022-06-01,2022-M06,ESP,SOC_ASO,749363.6,Mensual,SS_Asociativo
2022-07-01,2022-M07,ESP,SOC_ASO,749880.8,Mensual,SS_Asociativo
2022-08-01,2022-M08,ESP,SOC_ASO,738192.6,Mensual,SS_Asociativo
2022-09-01,2022-M09,ESP,SOC_ASO,740649.5,Mensual,SS_Asociativo
2022-10-01,2022-M10,ESP,SOC_ASO,748596.3,Mensual,SS_Asociativo
2022-11-01,2022-M11,ESP,SOC_ASO,748005.7,Mensual,SS_Asociativo
2022-12-01,2022-M12,ESP,SOC_ASO,747993.1,Mensual,SS_Asociativo
2023-01-01,2023-M01,ESP,SOC_ASO,738838.4,Mensual,SS_Asociativo
2023-02-01,2023-M02,ESP,SOC_ASO,741377.2,Mensual,SS_Asociativo
2023-03-01,2023-M03,ESP,SOC_ASO,747932.5,Mensual,SS_Asociativo
2023-04-01,2023-M04,ESP,SOC_ASO,755511.9,Mensual,SS_Asociativo
2023-05-01,2023-M05,ESP,SOC_ASO,762282.8,Mensual,SS_Asociativo
2023-06-01,2023-M06,ESP,SOC_ASO,763459.2,Mensual,SS_Asociativo
2023-07-01,2023-M07,ESP,SOC_ASO,762820.4,Mensual,SS_Asociativo
2023-08-01,2023-M08,ESP,SOC_ASO,750759.1,Mensual,SS_Asociativo
2023-09-01,2023-M09,ESP,SOC_ASO,752817.4,Mensual,SS_Asociativo
2023-10-01,2023-M10,ESP,SOC_ASO,760525.1,Mensual,SS_Asociativo
2023-11-01,2023-M11,ESP,SOC_ASO,759010.1,Mensual,SS_Asociativo
2023-12-01,2023-M12,ESP,SOC_ASO,759238.5,Mensual,SS_Asociativo
2024-01-01,2024-M01,ESP,SOC_ASO,749912.3,Mensual,SS_Asociativo
2024-02-01,2024-M02,ESP,SOC_ASO,753098.9,Mensual,SS_Asociativo
2024-03-01,2024-M03,ESP,SOC_ASO,759972.5,Mensual,SS_Asociativo
2024-04-01,2024-M04,ESP,SOC_ASO,766084.9,Mensual,SS_Asociativo
2024-05-01,2024-M05,ESP,SOC_ASO,772615.7,Mensual,SS_Asociativo
2024-06-01,2024-M06,ESP,SOC_ASO,773934.6,Mensual,SS_Asociativo
2024-07-01,2024-M07,ESP,SOC_ASO,771983.8,Mensual,SS_Asociativo
2024-08-01,2024-M08,ESP,SOC_ASO,760334.5,Mensual,SS_Asociativo
2024-09-01,2024-M09,ESP,SOC_ASO,762668.1,Mensual,SS_Asociativo
2024-10-01,2024-M10,ESP,SOC_ASO,771129.3,Mensual,SS_Asociativo
2024-11-01,2024-M11,ESP,SOC_ASO,769297.9,Mensual,SS_Asociativo
2024-12-01,2024-M12,ESP,SOC_ASO,768868.0,Mensual,SS_Asociativo
2025-01-01,2025-M01,ESP,SOC_ASO,759914.7,Mensual,SS_Asociativo
2025-02-01,2025-M02,ESP,SOC_ASO,762852.4,Mensual,SS_Asociativo
2025-03-01,2025-M03,ESP,SOC_ASO,767523.7,Mensual,SS_Asociativo
2025-04-01,2025-M04,ESP,SOC_ASO,773648.8,Mensual,SS_Asociativo
2025-05-01,2025-M05,ESP,SOC_ASO,778917.5,Mensual,SS_Asociativo
2025-06-01,2025-M06,ESP,SOC_ASO,780212.9,Mensual,SS_Asociativo
2025-07-01,2025-M07,ESP,SOC_ASO,778123.6,Mensual,SS_Asociativo
2025-08-01,2025-M08,ESP,SOC_ASO,767043.7,Mensual,SS_Asociativo
2025-09-01,2025-M09,ESP,SOC_ASO,769949.2,Mensual,SS_Asociativo
2025-10-01,2025-M10,ESP,SOC_ASO,777237.3,Mensual,SS_Asociativo
2025-11-01,2025-M11,ESP,SOC_ASO,775905.9,Mensual,SS_Asociativo
2025-12-01,2025-M12,ESP,SOC_ASO,775422.3,Mensual,SS_Asociativo
2026-01-01,2026-M01,ESP,SOC_ASO,784558.35,Mensual,SS_Asociativo
2026-02-01,2026-M02,ESP,SOC_ASO,787085.85,Mensual,SS_Asociativo
2026-03-01,2026-M03,ESP,SOC_ASO,791611.05,Mensual,SS_Asociativo
2026-04-01,2026-M04,ESP,SOC_ASO,794737.15,Mensual,SS_Asociativo
2026-05-01,2026-M05,ESP,SOC_ASO,800785.65,Mensual,SS_Asociativo
2026-06-01,2026-M06,ESP,SOC_ASO,806528.82,Mensual,SS_Asociativo
2026-07-01,2026-M07,ESP,SOC_ASO,810832.78,Mensual,SS_Asociativo
2009-01-01,2009-M01,EXT,SOC_ASO,13750.1,Mensual,SS_Asociativo
2009-02-01,2009-M02,EXT,SOC_ASO,13771.7,Mensual,SS_Asociativo
2009-03-01,2009-M03,EXT,SOC_ASO,13725.2,Mensual,SS_Asociativo
2009-04-01,2009-M04,EXT,SOC_ASO,13760.4,Mensual,SS_Asociativo
2009-05-01,2009-M05,EXT,SOC_ASO,13974.2,Mensual,SS_Asociativo
2009-06-01,2009-M06,EXT,SOC_ASO,13968.5,Mensual,SS_Asociativo
2009-07-01,2009-M07,EXT,SOC_ASO,13873.7,Mensual,SS_Asociativo
2009-08-01,2009-M08,EXT,SOC_ASO,13830.9,Mensual,SS_Asociativo
2009-09-01,2009-M09,EXT,SOC_ASO,13886.8,Mensual,SS_Asociativo
2009-10-01,2009-M10,EXT,SOC_ASO,14027.2,Mensual,SS_Asociativo
2009-11-01,2009-M11,EXT,SOC_ASO,14135.8,Mensual,SS_Asociativo
2009-12-01,2009-M12,EXT,SOC_ASO,14205.8,Mensual,SS_Asociativo
2010-01-01,2010-M01,EXT,SOC_ASO,14066.8,Mensual,SS_Asociativo
2010-02-01,2010-M02,EXT,SOC_ASO,14070.2,Mensual,SS_Asociativo
2010-03-01,2010-M03,EXT,SOC_ASO,14224.7,Mensual,SS_Asociativo
2010-04-01,2010-M04,EXT,SOC_ASO,14319.5,Mensual,SS_Asociativo
2010-05-01,2010-M05,EXT,SOC_ASO,14358.3,Mensual,SS_Asociativo
2010-06-01,2010-M06,EXT,SOC_ASO,14309.9,Mensual,SS_Asociativo
2010-07-01,2010-M07,EXT,SOC_ASO,13955.4,Mensual,SS_Asociativo
2010-08-01,2010-M08,EXT,SOC_ASO,13730.5,Mensual,SS_Asociativo
2010-09-01,2010-M09,EXT,SOC_ASO,13738.1,Mensual,SS_Asociativo
2010-10-01,2010-M10,EXT,SOC_ASO,13831.8,Mensual,SS_Asociativo
2010-11-01,2010-M11,EXT,SOC_ASO,13782.0,Mensual,SS_Asociativo
2010-12-01,2010-M12,EXT,SOC_ASO,13692.6,Mensual,SS_Asociativo
2011-01-01,2011-M01,EXT,SOC_ASO,13301.8,Mensual,SS_Asociativo
2011-02-01,2011-M02,EXT,SOC_ASO,13384.7,Mensual,SS_Asociativo
2011-03-01,2011-M03,EXT,SOC_ASO,13390.0,Mensual,SS_Asociativo
2011-04-01,2011-M04,EXT,SOC_ASO,13433.1,Mensual,SS_Asociativo
2011-05-01,2011-M05,EXT,SOC_ASO,13531.2,Mensual,SS_Asociativo
2011-06-01,2011-M06,EXT,SOC_ASO,13542.7,Mensual,SS_Asociativo
2011-07-01,2011-M07,EXT,SOC_ASO,13548.4,Mensual,SS_Asociativo
2011-08-01,2011-M08,EXT,SOC_ASO,13555.2,Mensual,SS_Asociativo
2011-09-01,2011-M09,EXT,SOC_ASO,13475.6,Mensual,SS_Asociativo
2011-10-01,2011-M10,EXT,SOC_ASO,13509.6,Mensual,SS_Asociativo
2011-11-01,2011-M11,EXT,SOC_ASO,13504.0,Mensual,SS_Asociativo
2011-12-01,2011-M12,EXT,SOC_ASO,13459.1,Mensual,SS_Asociativo
2012-01-01,2012-M01,EXT,SOC_ASO,13135.1,Mensual,SS_Asociativo
2012-02-01,2012-M02,EXT,SOC_ASO,13110.8,Mensual,SS_Asociativo
2012-03-01,2012-M03,EXT,SOC_ASO,13213.7,Mensual,SS_Asociativo
2012-04-01,2012-M04,EXT,SOC_ASO,13169.2,Mensual,SS_Asociativo
2012-05-01,2012-M05,EXT,SOC_ASO,13205.3,Mensual,SS_Asociativo
2012-06-01,2012-M06,EXT,SOC_ASO,13140.5,Mensual,SS_Asociativo
2012-07-01,2012-M07,EXT,SOC_ASO,13122.5,Mensual,SS_Asociativo
2012-08-01,2012-M08,EXT,SOC_ASO,13089.0,Mensual,SS_Asociativo
2012-09-01,2012-M09,EXT,SOC_ASO,12993.6,Mensual,SS_Asociativo
2012-10-01,2012-M10,EXT,SOC_ASO,13085.2,Mensual,SS_Asociativo
2012-11-01,2012-M11,EXT,SOC_ASO,13103.8,Mensual,SS_Asociativo
2012-12-01,2012-M12,EXT,SOC_ASO,13001.0,Mensual,SS_Asociativo
2013-01-01,2013-M01,EXT,SOC_ASO,12686.9,Mensual,SS_Asociativo
2013-02-01,2013-M02,EXT,SOC_ASO,12621.4,Mensual,SS_Asociativo
2013-03-01,2013-M03,EXT,SOC_ASO,12733.1,Mensual,SS_Asociativo
2013-04-01,2013-M04,EXT,SOC_ASO,12777.4,Mensual,SS_Asociativo
2013-05-01,2013-M05,EXT,SOC_ASO,12845.0,Mensual,SS_Asociativo
2013-06-01,2013-M06,EXT,SOC_ASO,12837.3,Mensual,SS_Asociativo
2013-07-01,2013-M07,EXT,SOC_ASO,12896.9,Mensual,SS_Asociativo
2013-08-01,2013-M08,EXT,SOC_ASO,12943.2,Mensual,SS_Asociativo
2013-09-01,2013-M09,EXT,SOC_ASO,12854.7,Mensual,SS_Asociativo
2013-10-01,2013-M10,EXT,SOC_ASO,12900.4,Mensual,SS_Asociativo
2013-11-01,2013-M11,EXT,SOC_ASO,12934.1,Mensual,SS_Asociativo
2013-12-01,2013-M12,EXT,SOC_ASO,12886.9,Mensual,SS_Asociativo
2014-01-01,2014-M01,EXT,SOC_ASO,12693.5,Mensual,SS_Asociativo
2014-02-01,2014-M02,EXT,SOC_ASO,12694.2,Mensual,SS_Asociativo
2014-03-01,2014-M03,EXT,SOC_ASO,12814.4,Mensual,SS_Asociativo
2014-04-01,2014-M04,EXT,SOC_ASO,12986.7,Mensual,SS_Asociativo
2014-05-01,2014-M05,EXT,SOC_ASO,13118.8,Mensual,SS_Asociativo
2014-06-01,2014-M06,EXT,SOC_ASO,13173.3,Mensual,SS_Asociativo
2014-07-01,2014-M07,EXT,SOC_ASO,13254.0,Mensual,SS_Asociativo
2014-08-01,2014-M08,EXT,SOC_ASO,13283.9,Mensual,SS_Asociativo
2014-09-01,2014-M09,EXT,SOC_ASO,13237.9,Mensual,SS_Asociativo
2014-10-01,2014-M10,EXT,SOC_ASO,13263.8,Mensual,SS_Asociativo
2014-11-01,2014-M11,EXT,SOC_ASO,13220.3,Mensual,SS_Asociativo
2014-12-01,2014-M12,EXT,SOC_ASO,13203.1,Mensual,SS_Asociativo
2015-01-01,2015-M01,EXT,SOC_ASO,12953.3,Mensual,SS_Asociativo
2015-02-01,2015-M02,EXT,SOC_ASO,13043.3,Mensual,SS_Asociativo
2015-03-01,2015-M03,EXT,SOC_ASO,13214.3,Mensual,SS_Asociativo
2015-04-01,2015-M04,EXT,SOC_ASO,13370.7,Mensual,SS_Asociativo
2015-05-01,2015-M05,EXT,SOC_ASO,13584.4,Mensual,SS_Asociativo
2015-06-01,2015-M06,EXT,SOC_ASO,13554.4,Mensual,SS_Asociativo
2015-07-01,2015-M07,EXT,SOC_ASO,13605.6,Mensual,SS_Asociativo
2015-08-01,2015-M08,EXT,SOC_ASO,13643.7,Mensual,SS_Asociativo
2015-09-01,2015-M09,EXT,SOC_ASO,13522.6,Mensual,SS_Asociativo
2015-10-01,2015-M10,EXT,SOC_ASO,13453.0,Mensual,SS_Asociativo
2015-11-01,2015-M11,EXT,SOC_ASO,13477.7,Mensual,SS_Asociativo
2015-12-01,2015-M12,EXT,SOC_ASO,13405.4,Mensual,SS_Asociativo
2016-01-01,2016-M01,EXT,SOC_ASO,13058.2,Mensual,SS_Asociativo
2016-02-01,2016-M02,EXT,SOC_ASO,13131.1,Mensual,SS_Asociativo
2016-03-01,2016-M03,EXT,SOC_ASO,13304.5,Mensual,SS_Asociativo
2016-04-01,2016-M04,EXT,SOC_ASO,13413.2,Mensual,SS_Asociativo
2016-05-01,2016-M05,EXT,SOC_ASO,13562.3,Mensual,SS_Asociativo
2016-06-01,2016-M06,EXT,SOC_ASO,13642.6,Mensual,SS_Asociativo
2016-07-01,2016-M07,EXT,SOC_ASO,13767.5,Mensual,SS_Asociativo
2016-08-01,2016-M08,EXT,SOC_ASO,13809.3,Mensual,SS_Asociativo
2016-09-01,2016-M09,EXT,SOC_ASO,14003.2,Mensual,SS_Asociativo
2016-10-01,2016-M10,EXT,SOC_ASO,14171.5,Mensual,SS_Asociativo
2016-11-01,2016-M11,EXT,SOC_ASO,14217.7,Mensual,SS_Asociativo
2016-12-01,2016-M12,EXT,SOC_ASO,14210.6,Mensual,SS_Asociativo
2017-01-01,2017-M01,EXT,SOC_ASO,13802.9,Mensual,SS_Asociativo
2017-02-01,2017-M02,EXT,SOC_ASO,13911.3,Mensual,SS_Asociativo
2017-03-01,2017-M03,EXT,SOC_ASO,14100.6,Mensual,SS_Asociativo
2017-04-01,2017-M04,EXT,SOC_ASO,14292.6,Mensual,SS_Asociativo
2017-05-01,2017-M05,EXT,SOC_ASO,14412.5,Mensual,SS_Asociativo
2017-06-01,2017-M06,EXT,SOC_ASO,14304.7,Mensual,SS_Asociativo
2017-07-01,2017-M07,EXT,SOC_ASO,14265.6,Mensual,SS_Asociativo
2017-08-01,2017-M08,EXT,SOC_ASO,14147.0,Mensual,SS_Asociativo
2017-09-01,2017-M09,EXT,SOC_ASO,14246.5,Mensual,SS_Asociativo
2017-10-01,2017-M10,EXT,SOC_ASO,14493.7,Mensual,SS_Asociativo
2017-11-01,2017-M11,EXT,SOC_ASO,14527.7,Mensual,SS_Asociativo
2017-12-01,2017-M12,EXT,SOC_ASO,14481.0,Mensual,SS_Asociativo
2018-01-01,2018-M01,EXT,SOC_ASO,14002.3,Mensual,SS_Asociativo
2018-02-01,2018-M02,EXT,SOC_ASO,14099.0,Mensual,SS_Asociativo
2018-03-01,2018-M03,EXT,SOC_ASO,14310.7,Mensual,SS_Asociativo
2018-04-01,2018-M04,EXT,SOC_ASO,14542.4,Mensual,SS_Asociativo
2018-05-01,2018-M05,EXT,SOC_ASO,14729.4,Mensual,SS_Asociativo
2018-06-01,2018-M06,EXT,SOC_ASO,14679.8,Mensual,SS_Asociativo
2018-07-01,2018-M07,EXT,SOC_ASO,14510.7,Mensual,SS_Asociativo
2018-08-01,2018-M08,EXT,SOC_ASO,14488.1,Mensual,SS_Asociativo
2018-09-01,2018-M09,EXT,SOC_ASO,14816.8,Mensual,SS_Asociativo
2018-10-01,2018-M10,EXT,SOC_ASO,14981.0,Mensual,SS_Asociativo
2018-11-01,2018-M11,EXT,SOC_ASO,15141.2,Mensual,SS_Asociativo
2018-12-01,2018-M12,EXT,SOC_ASO,14952.3,Mensual,SS_Asociativo
2019-01-01,2019-M01,EXT,SOC_ASO,14468.0,Mensual,SS_Asociativo
2019-02-01,2019-M02,EXT,SOC_ASO,14561.8,Mensual,SS_Asociativo
2019-03-01,2019-M03,EXT,SOC_ASO,14743.9,Mensual,SS_Asociativo
2019-04-01,2019-M04,EXT,SOC_ASO,14917.7,Mensual,SS_Asociativo
2019-05-01,2019-M05,EXT,SOC_ASO,15122.7,Mensual,SS_Asociativo
2019-06-01,2019-M06,EXT,SOC_ASO,15085.1,Mensual,SS_Asociativo
2019-07-01,2019-M07,EXT,SOC_ASO,14951.9,Mensual,SS_Asociativo
2019-08-01,2019-M08,EXT,SOC_ASO,14873.7,Mensual,SS_Asociativo
2019-09-01,2019-M09,EXT,SOC_ASO,15072.8,Mensual,SS_Asociativo
2019-10-01,2019-M10,EXT,SOC_ASO,15294.7,Mensual,SS_Asociativo
2019-11-01,2019-M11,EXT,SOC_ASO,15281.0,Mensual,SS_Asociativo
2019-12-01,2019-M12,EXT,SOC_ASO,15173.7,Mensual,SS_Asociativo
2020-01-01,2020-M01,EXT,SOC_ASO,14594.8,Mensual,SS_Asociativo
2020-02-01,2020-M02,EXT,SOC_ASO,14654.7,Mensual,SS_Asociativo
2020-03-01,2020-M03,EXT,SOC_ASO,14532.7,Mensual,SS_Asociativo
2020-04-01,2020-M04,EXT,SOC_ASO,14123.7,Mensual,SS_Asociativo
2020-05-01,2020-M05,EXT,SOC_ASO,14275.0,Mensual,SS_Asociativo
2020-06-01,2020-M06,EXT,SOC_ASO,14280.7,Mensual,SS_Asociativo
2020-07-01,2020-M07,EXT,SOC_ASO,14365.1,Mensual,SS_Asociativo
2020-08-01,2020-M08,EXT,SOC_ASO,14404.8,Mensual,SS_Asociativo
2020-09-01,2020-M09,EXT,SOC_ASO,14751.0,Mensual,SS_Asociativo
2020-10-01,2020-M10,EXT,SOC_ASO,14833.6,Mensual,SS_Asociativo
2020-11-01,2020-M11,EXT,SOC_ASO,14788.7,Mensual,SS_Asociativo
2020-12-01,2020-M12,EXT,SOC_ASO,14771.9,Mensual,SS_Asociativo
2021-01-01,2021-M01,EXT,SOC_ASO,14274.1,Mensual,SS_Asociativo
2021-02-01,2021-M02,EXT,SOC_ASO,14175.6,Mensual,SS_Asociativo
2021-03-01,2021-M03,EXT,SOC_ASO,14174.4,Mensual,SS_Asociativo
2021-04-01,2021-M04,EXT,SOC_ASO,14120.0,Mensual,SS_Asociativo
2021-05-01,2021-M05,EXT,SOC_ASO,14280.3,Mensual,SS_Asociativo
2021-06-01,2021-M06,EXT,SOC_ASO,14301.9,Mensual,SS_Asociativo
2021-07-01,2021-M07,EXT,SOC_ASO,14452.0,Mensual,SS_Asociativo
2021-08-01,2021-M08,EXT,SOC_ASO,14445.0,Mensual,SS_Asociativo
2021-09-01,2021-M09,EXT,SOC_ASO,14748.1,Mensual,SS_Asociativo
2021-10-01,2021-M10,EXT,SOC_ASO,14913.4,Mensual,SS_Asociativo
2021-11-01,2021-M11,EXT,SOC_ASO,14949.0,Mensual,SS_Asociativo
2021-12-01,2021-M12,EXT,SOC_ASO,14962.7,Mensual,SS_Asociativo
2022-01-01,2022-M01,EXT,SOC_ASO,14489.9,Mensual,SS_Asociativo
2022-02-01,2022-M02,EXT,SOC_ASO,14656.6,Mensual,SS_Asociativo
2022-03-01,2022-M03,EXT,SOC_ASO,14874.3,Mensual,SS_Asociativo
2022-04-01,2022-M04,EXT,SOC_ASO,15046.6,Mensual,SS_Asociativo
2022-05-01,2022-M05,EXT,SOC_ASO,15189.9,Mensual,SS_Asociativo
2022-06-01,2022-M06,EXT,SOC_ASO,15155.3,Mensual,SS_Asociativo
2022-07-01,2022-M07,EXT,SOC_ASO,14960.5,Mensual,SS_Asociativo
2022-08-01,2022-M08,EXT,SOC_ASO,14903.7,Mensual,SS_Asociativo
2022-09-01,2022-M09,EXT,SOC_ASO,15139.2,Mensual,SS_Asociativo
2022-10-01,2022-M10,EXT,SOC_ASO,15339.4,Mensual,SS_Asociativo
2022-11-01,2022-M11,EXT,SOC_ASO,15395.4,Mensual,SS_Asociativo
2022-12-01,2022-M12,EXT,SOC_ASO,15335.8,Mensual,SS_Asociativo
2023-01-01,2023-M01,EXT,SOC_ASO,14909.2,Mensual,SS_Asociativo
2023-02-01,2023-M02,EXT,SOC_ASO,15094.5,Mensual,SS_Asociativo
2023-03-01,2023-M03,EXT,SOC_ASO,15447.0,Mensual,SS_Asociativo
2023-04-01,2023-M04,EXT,SOC_ASO,15628.3,Mensual,SS_Asociativo
2023-05-01,2023-M05,EXT,SOC_ASO,15828.0,Mensual,SS_Asociativo
2023-06-01,2023-M06,EXT,SOC_ASO,15718.3,Mensual,SS_Asociativo
2023-07-01,2023-M07,EXT,SOC_ASO,15568.1,Mensual,SS_Asociativo
2023-08-01,2023-M08,EXT,SOC_ASO,15457.9,Mensual,SS_Asociativo
2023-09-01,2023-M09,EXT,SOC_ASO,15535.4,Mensual,SS_Asociativo
2023-10-01,2023-M10,EXT,SOC_ASO,15702.7,Mensual,SS_Asociativo
2023-11-01,2023-M11,EXT,SOC_ASO,15676.6,Mensual,SS_Asociativo
2023-12-01,2023-M12,EXT,SOC_ASO,15665.6,Mensual,SS_Asociativo
2024-01-01,2024-M01,EXT,SOC_ASO,15200.8,Mensual,SS_Asociativo
2024-02-01,2024-M02,EXT,SOC_ASO,15373.0,Mensual,SS_Asociativo
2024-03-01,2024-M03,EXT,SOC_ASO,15519.5,Mensual,SS_Asociativo
2024-04-01,2024-M04,EXT,SOC_ASO,15666.1,Mensual,SS_Asociativo
2024-05-01,2024-M05,EXT,SOC_ASO,15821.5,Mensual,SS_Asociativo
2024-06-01,2024-M06,EXT,SOC_ASO,15685.5,Mensual,SS_Asociativo
2024-07-01,2024-M07,EXT,SOC_ASO,15538.5,Mensual,SS_Asociativo
2024-08-01,2024-M08,EXT,SOC_ASO,15491.1,Mensual,SS_Asociativo
2024-09-01,2024-M09,EXT,SOC_ASO,15681.5,Mensual,SS_Asociativo
2024-10-01,2024-M10,EXT,SOC_ASO,15936.7,Mensual,SS_Asociativo
2024-11-01,2024-M11,EXT,SOC_ASO,16126.6,Mensual,SS_Asociativo
2024-12-01,2024-M12,EXT,SOC_ASO,16126.9,Mensual,SS_Asociativo
2025-01-01,2025-M01,EXT,SOC_ASO,15610.2,Mensual,SS_Asociativo
2025-02-01,2025-M02,EXT,SOC_ASO,15657.6,Mensual,SS_Asociativo
2025-03-01,2025-M03,EXT,SOC_ASO,15839.5,Mensual,SS_Asociativo
2025-04-01,2025-M04,EXT,SOC_ASO,15971.7,Mensual,SS_Asociativo
2025-05-01,2025-M05,EXT,SOC_ASO,16020.6,Mensual,SS_Asociativo
2025-06-01,2025-M06,EXT,SOC_ASO,15860.2,Mensual,SS_Asociativo
2025-07-01,2025-M07,EXT,SOC_ASO,15688.6,Mensual,SS_Asociativo
2025-08-01,2025-M08,EXT,SOC_ASO,15508.8,Mensual,SS_Asociativo
2025-09-01,2025-M09,EXT,SOC_ASO,15461.6,Mensual,SS_Asociativo
2025-10-01,2025-M10,EXT,SOC_ASO,15607.8,Mensual,SS_Asociativo
2025-11-01,2025-M11,EXT,SOC_ASO,15622.7,Mensual,SS_Asociativo
2025-12-01,2025-M12,EXT,SOC_ASO,15514.1,Mensual,SS_Asociativo
2026-01-01,2026-M01,EXT,SOC_ASO,16027.65,Mensual,SS_Asociativo
2026-02-01,2026-M02,EXT,SOC_ASO,16114.55,Mensual,SS_Asociativo
2026-03-01,2026-M03,EXT,SOC_ASO,16178.68,Mensual,SS_Asociativo
2026-04-01,2026-M04,EXT,SOC_ASO,16176.5,Mensual,SS_Asociativo
2026-05-01,2026-M05,EXT,SOC_ASO,16322.4,Mensual,SS_Asociativo
2026-06-01,2026-M06,EXT,SOC_ASO,16477.86,Mensual,SS_Asociativo
2026-07-01,2026-M07,EXT,SOC_ASO,16598.04,Mensual,SS_Asociativo
2009-01-01,2009-M01,GAL,SOC_ASO,46456.8,Mensual,SS_Asociativo
2009-02-01,2009-M02,GAL,SOC_ASO,45873.8,Mensual,SS_Asociativo
2009-03-01,2009-M03,GAL,SOC_ASO,45689.3,Mensual,SS_Asociativo
2009-04-01,2009-M04,GAL,SOC_ASO,45520.0,Mensual,SS_Asociativo
2009-05-01,2009-M05,GAL,SOC_ASO,45478.5,Mensual,SS_Asociativo
2009-06-01,2009-M06,GAL,SOC_ASO,45561.3,Mensual,SS_Asociativo
2009-07-01,2009-M07,GAL,SOC_ASO,46001.8,Mensual,SS_Asociativo
2009-08-01,2009-M08,GAL,SOC_ASO,45672.9,Mensual,SS_Asociativo
2009-09-01,2009-M09,GAL,SOC_ASO,45190.0,Mensual,SS_Asociativo
2009-10-01,2009-M10,GAL,SOC_ASO,45060.5,Mensual,SS_Asociativo
2009-11-01,2009-M11,GAL,SOC_ASO,45371.2,Mensual,SS_Asociativo
2009-12-01,2009-M12,GAL,SOC_ASO,45465.0,Mensual,SS_Asociativo
2010-01-01,2010-M01,GAL,SOC_ASO,45041.5,Mensual,SS_Asociativo
2010-02-01,2010-M02,GAL,SOC_ASO,44941.0,Mensual,SS_Asociativo
2010-03-01,2010-M03,GAL,SOC_ASO,44892.0,Mensual,SS_Asociativo
2010-04-01,2010-M04,GAL,SOC_ASO,44966.3,Mensual,SS_Asociativo
2010-05-01,2010-M05,GAL,SOC_ASO,44997.8,Mensual,SS_Asociativo
2010-06-01,2010-M06,GAL,SOC_ASO,44984.5,Mensual,SS_Asociativo
2010-07-01,2010-M07,GAL,SOC_ASO,45144.2,Mensual,SS_Asociativo
2010-08-01,2010-M08,GAL,SOC_ASO,44568.4,Mensual,SS_Asociativo
2010-09-01,2010-M09,GAL,SOC_ASO,44113.8,Mensual,SS_Asociativo
2010-10-01,2010-M10,GAL,SOC_ASO,44180.3,Mensual,SS_Asociativo
2010-11-01,2010-M11,GAL,SOC_ASO,44422.1,Mensual,SS_Asociativo
2010-12-01,2010-M12,GAL,SOC_ASO,44237.6,Mensual,SS_Asociativo
2011-01-01,2011-M01,GAL,SOC_ASO,43605.9,Mensual,SS_Asociativo
2011-02-01,2011-M02,GAL,SOC_ASO,43620.4,Mensual,SS_Asociativo
2011-03-01,2011-M03,GAL,SOC_ASO,43696.0,Mensual,SS_Asociativo
2011-04-01,2011-M04,GAL,SOC_ASO,43693.5,Mensual,SS_Asociativo
2011-05-01,2011-M05,GAL,SOC_ASO,43715.5,Mensual,SS_Asociativo
2011-06-01,2011-M06,GAL,SOC_ASO,43802.2,Mensual,SS_Asociativo
2011-07-01,2011-M07,GAL,SOC_ASO,44004.2,Mensual,SS_Asociativo
2011-08-01,2011-M08,GAL,SOC_ASO,43712.1,Mensual,SS_Asociativo
2011-09-01,2011-M09,GAL,SOC_ASO,43526.0,Mensual,SS_Asociativo
2011-10-01,2011-M10,GAL,SOC_ASO,43808.7,Mensual,SS_Asociativo
2011-11-01,2011-M11,GAL,SOC_ASO,43838.6,Mensual,SS_Asociativo
2011-12-01,2011-M12,GAL,SOC_ASO,43847.7,Mensual,SS_Asociativo
2012-01-01,2012-M01,GAL,SOC_ASO,43096.3,Mensual,SS_Asociativo
2012-02-01,2012-M02,GAL,SOC_ASO,43086.1,Mensual,SS_Asociativo
2012-03-01,2012-M03,GAL,SOC_ASO,43150.9,Mensual,SS_Asociativo
2012-04-01,2012-M04,GAL,SOC_ASO,43095.8,Mensual,SS_Asociativo
2012-05-01,2012-M05,GAL,SOC_ASO,42938.1,Mensual,SS_Asociativo
2012-06-01,2012-M06,GAL,SOC_ASO,42828.5,Mensual,SS_Asociativo
2012-07-01,2012-M07,GAL,SOC_ASO,42884.9,Mensual,SS_Asociativo
2012-08-01,2012-M08,GAL,SOC_ASO,42579.3,Mensual,SS_Asociativo
2012-09-01,2012-M09,GAL,SOC_ASO,42111.3,Mensual,SS_Asociativo
2012-10-01,2012-M10,GAL,SOC_ASO,42341.7,Mensual,SS_Asociativo
2012-11-01,2012-M11,GAL,SOC_ASO,41994.0,Mensual,SS_Asociativo
2012-12-01,2012-M12,GAL,SOC_ASO,41795.9,Mensual,SS_Asociativo
2013-01-01,2013-M01,GAL,SOC_ASO,41081.8,Mensual,SS_Asociativo
2013-02-01,2013-M02,GAL,SOC_ASO,40936.1,Mensual,SS_Asociativo
2013-03-01,2013-M03,GAL,SOC_ASO,40928.6,Mensual,SS_Asociativo
2013-04-01,2013-M04,GAL,SOC_ASO,40869.2,Mensual,SS_Asociativo
2013-05-01,2013-M05,GAL,SOC_ASO,40892.6,Mensual,SS_Asociativo
2013-06-01,2013-M06,GAL,SOC_ASO,40979.2,Mensual,SS_Asociativo
2013-07-01,2013-M07,GAL,SOC_ASO,41182.4,Mensual,SS_Asociativo
2013-08-01,2013-M08,GAL,SOC_ASO,41225.1,Mensual,SS_Asociativo
2013-09-01,2013-M09,GAL,SOC_ASO,40880.9,Mensual,SS_Asociativo
2013-10-01,2013-M10,GAL,SOC_ASO,41066.8,Mensual,SS_Asociativo
2013-11-01,2013-M11,GAL,SOC_ASO,40801.8,Mensual,SS_Asociativo
2013-12-01,2013-M12,GAL,SOC_ASO,40880.6,Mensual,SS_Asociativo
2014-01-01,2014-M01,GAL,SOC_ASO,40381.4,Mensual,SS_Asociativo
2014-02-01,2014-M02,GAL,SOC_ASO,40335.5,Mensual,SS_Asociativo
2014-03-01,2014-M03,GAL,SOC_ASO,40445.0,Mensual,SS_Asociativo
2014-04-01,2014-M04,GAL,SOC_ASO,40547.6,Mensual,SS_Asociativo
2014-05-01,2014-M05,GAL,SOC_ASO,40633.3,Mensual,SS_Asociativo
2014-06-01,2014-M06,GAL,SOC_ASO,40735.6,Mensual,SS_Asociativo
2014-07-01,2014-M07,GAL,SOC_ASO,41204.6,Mensual,SS_Asociativo
2014-08-01,2014-M08,GAL,SOC_ASO,41209.3,Mensual,SS_Asociativo
2014-09-01,2014-M09,GAL,SOC_ASO,41009.7,Mensual,SS_Asociativo
2014-10-01,2014-M10,GAL,SOC_ASO,41273.6,Mensual,SS_Asociativo
2014-11-01,2014-M11,GAL,SOC_ASO,41070.8,Mensual,SS_Asociativo
2014-12-01,2014-M12,GAL,SOC_ASO,41203.7,Mensual,SS_Asociativo
2015-01-01,2015-M01,GAL,SOC_ASO,40631.6,Mensual,SS_Asociativo
2015-02-01,2015-M02,GAL,SOC_ASO,40690.0,Mensual,SS_Asociativo
2015-03-01,2015-M03,GAL,SOC_ASO,40947.8,Mensual,SS_Asociativo
2015-04-01,2015-M04,GAL,SOC_ASO,41208.8,Mensual,SS_Asociativo
2015-05-01,2015-M05,GAL,SOC_ASO,41405.3,Mensual,SS_Asociativo
2015-06-01,2015-M06,GAL,SOC_ASO,41487.0,Mensual,SS_Asociativo
2015-07-01,2015-M07,GAL,SOC_ASO,41853.9,Mensual,SS_Asociativo
2015-08-01,2015-M08,GAL,SOC_ASO,41775.1,Mensual,SS_Asociativo
2015-09-01,2015-M09,GAL,SOC_ASO,41603.3,Mensual,SS_Asociativo
2015-10-01,2015-M10,GAL,SOC_ASO,41867.3,Mensual,SS_Asociativo
2015-11-01,2015-M11,GAL,SOC_ASO,41902.9,Mensual,SS_Asociativo
2015-12-01,2015-M12,GAL,SOC_ASO,41936.0,Mensual,SS_Asociativo
2016-01-01,2016-M01,GAL,SOC_ASO,41517.1,Mensual,SS_Asociativo
2016-02-01,2016-M02,GAL,SOC_ASO,41562.9,Mensual,SS_Asociativo
2016-03-01,2016-M03,GAL,SOC_ASO,41665.3,Mensual,SS_Asociativo
2016-04-01,2016-M04,GAL,SOC_ASO,41599.1,Mensual,SS_Asociativo
2016-05-01,2016-M05,GAL,SOC_ASO,41789.1,Mensual,SS_Asociativo
2016-06-01,2016-M06,GAL,SOC_ASO,41946.0,Mensual,SS_Asociativo
2016-07-01,2016-M07,GAL,SOC_ASO,42282.8,Mensual,SS_Asociativo
2016-08-01,2016-M08,GAL,SOC_ASO,42144.7,Mensual,SS_Asociativo
2016-09-01,2016-M09,GAL,SOC_ASO,42159.8,Mensual,SS_Asociativo
2016-10-01,2016-M10,GAL,SOC_ASO,42447.2,Mensual,SS_Asociativo
2016-11-01,2016-M11,GAL,SOC_ASO,42278.4,Mensual,SS_Asociativo
2016-12-01,2016-M12,GAL,SOC_ASO,42262.6,Mensual,SS_Asociativo
2017-01-01,2017-M01,GAL,SOC_ASO,41766.9,Mensual,SS_Asociativo
2017-02-01,2017-M02,GAL,SOC_ASO,41891.4,Mensual,SS_Asociativo
2017-03-01,2017-M03,GAL,SOC_ASO,42085.3,Mensual,SS_Asociativo
2017-04-01,2017-M04,GAL,SOC_ASO,42184.2,Mensual,SS_Asociativo
2017-05-01,2017-M05,GAL,SOC_ASO,42330.6,Mensual,SS_Asociativo
2017-06-01,2017-M06,GAL,SOC_ASO,42524.9,Mensual,SS_Asociativo
2017-07-01,2017-M07,GAL,SOC_ASO,42763.6,Mensual,SS_Asociativo
2017-08-01,2017-M08,GAL,SOC_ASO,42622.1,Mensual,SS_Asociativo
2017-09-01,2017-M09,GAL,SOC_ASO,42418.7,Mensual,SS_Asociativo
2017-10-01,2017-M10,GAL,SOC_ASO,42394.0,Mensual,SS_Asociativo
2017-11-01,2017-M11,GAL,SOC_ASO,42706.0,Mensual,SS_Asociativo
2017-12-01,2017-M12,GAL,SOC_ASO,42738.3,Mensual,SS_Asociativo
2018-01-01,2018-M01,GAL,SOC_ASO,42345.3,Mensual,SS_Asociativo
2018-02-01,2018-M02,GAL,SOC_ASO,42422.2,Mensual,SS_Asociativo
2018-03-01,2018-M03,GAL,SOC_ASO,42667.4,Mensual,SS_Asociativo
2018-04-01,2018-M04,GAL,SOC_ASO,42828.5,Mensual,SS_Asociativo
2018-05-01,2018-M05,GAL,SOC_ASO,43034.0,Mensual,SS_Asociativo
2018-06-01,2018-M06,GAL,SOC_ASO,43076.8,Mensual,SS_Asociativo
2018-07-01,2018-M07,GAL,SOC_ASO,43274.9,Mensual,SS_Asociativo
2018-08-01,2018-M08,GAL,SOC_ASO,43105.4,Mensual,SS_Asociativo
2018-09-01,2018-M09,GAL,SOC_ASO,42978.2,Mensual,SS_Asociativo
2018-10-01,2018-M10,GAL,SOC_ASO,43227.4,Mensual,SS_Asociativo
2018-11-01,2018-M11,GAL,SOC_ASO,43143.7,Mensual,SS_Asociativo
2018-12-01,2018-M12,GAL,SOC_ASO,43363.1,Mensual,SS_Asociativo
2019-01-01,2019-M01,GAL,SOC_ASO,42930.9,Mensual,SS_Asociativo
2019-02-01,2019-M02,GAL,SOC_ASO,43022.9,Mensual,SS_Asociativo
2019-03-01,2019-M03,GAL,SOC_ASO,43351.9,Mensual,SS_Asociativo
2019-04-01,2019-M04,GAL,SOC_ASO,43592.4,Mensual,SS_Asociativo
2019-05-01,2019-M05,GAL,SOC_ASO,43828.7,Mensual,SS_Asociativo
2019-06-01,2019-M06,GAL,SOC_ASO,43758.6,Mensual,SS_Asociativo
2019-07-01,2019-M07,GAL,SOC_ASO,43995.0,Mensual,SS_Asociativo
2019-08-01,2019-M08,GAL,SOC_ASO,43772.4,Mensual,SS_Asociativo
2019-09-01,2019-M09,GAL,SOC_ASO,43573.9,Mensual,SS_Asociativo
2019-10-01,2019-M10,GAL,SOC_ASO,43900.8,Mensual,SS_Asociativo
2019-11-01,2019-M11,GAL,SOC_ASO,43966.9,Mensual,SS_Asociativo
2019-12-01,2019-M12,GAL,SOC_ASO,43907.5,Mensual,SS_Asociativo
2020-01-01,2020-M01,GAL,SOC_ASO,43470.9,Mensual,SS_Asociativo
2020-02-01,2020-M02,GAL,SOC_ASO,43621.4,Mensual,SS_Asociativo
2020-03-01,2020-M03,GAL,SOC_ASO,43301.0,Mensual,SS_Asociativo
2020-04-01,2020-M04,GAL,SOC_ASO,42357.2,Mensual,SS_Asociativo
2020-05-01,2020-M05,GAL,SOC_ASO,42488.2,Mensual,SS_Asociativo
2020-06-01,2020-M06,GAL,SOC_ASO,42352.9,Mensual,SS_Asociativo
2020-07-01,2020-M07,GAL,SOC_ASO,42393.8,Mensual,SS_Asociativo
2020-08-01,2020-M08,GAL,SOC_ASO,42328.5,Mensual,SS_Asociativo
2020-09-01,2020-M09,GAL,SOC_ASO,42454.6,Mensual,SS_Asociativo
2020-10-01,2020-M10,GAL,SOC_ASO,42681.4,Mensual,SS_Asociativo
2020-11-01,2020-M11,GAL,SOC_ASO,42565.8,Mensual,SS_Asociativo
2020-12-01,2020-M12,GAL,SOC_ASO,42434.6,Mensual,SS_Asociativo
2021-01-01,2021-M01,GAL,SOC_ASO,42083.9,Mensual,SS_Asociativo
2021-02-01,2021-M02,GAL,SOC_ASO,41913.4,Mensual,SS_Asociativo
2021-03-01,2021-M03,GAL,SOC_ASO,41942.0,Mensual,SS_Asociativo
2021-04-01,2021-M04,GAL,SOC_ASO,42200.1,Mensual,SS_Asociativo
2021-05-01,2021-M05,GAL,SOC_ASO,42537.1,Mensual,SS_Asociativo
2021-06-01,2021-M06,GAL,SOC_ASO,42851.9,Mensual,SS_Asociativo
2021-07-01,2021-M07,GAL,SOC_ASO,43231.5,Mensual,SS_Asociativo
2021-08-01,2021-M08,GAL,SOC_ASO,42929.6,Mensual,SS_Asociativo
2021-09-01,2021-M09,GAL,SOC_ASO,42930.3,Mensual,SS_Asociativo
2021-10-01,2021-M10,GAL,SOC_ASO,43351.4,Mensual,SS_Asociativo
2021-11-01,2021-M11,GAL,SOC_ASO,43405.6,Mensual,SS_Asociativo
2021-12-01,2021-M12,GAL,SOC_ASO,43521.0,Mensual,SS_Asociativo
2022-01-01,2022-M01,GAL,SOC_ASO,42962.3,Mensual,SS_Asociativo
2022-02-01,2022-M02,GAL,SOC_ASO,43089.4,Mensual,SS_Asociativo
2022-03-01,2022-M03,GAL,SOC_ASO,43174.3,Mensual,SS_Asociativo
2022-04-01,2022-M04,GAL,SOC_ASO,43292.5,Mensual,SS_Asociativo
2022-05-01,2022-M05,GAL,SOC_ASO,43578.7,Mensual,SS_Asociativo
2022-06-01,2022-M06,GAL,SOC_ASO,43908.0,Mensual,SS_Asociativo
2022-07-01,2022-M07,GAL,SOC_ASO,43946.9,Mensual,SS_Asociativo
2022-08-01,2022-M08,GAL,SOC_ASO,43580.8,Mensual,SS_Asociativo
2022-09-01,2022-M09,GAL,SOC_ASO,43371.3,Mensual,SS_Asociativo
2022-10-01,2022-M10,GAL,SOC_ASO,43698.8,Mensual,SS_Asociativo
2022-11-01,2022-M11,GAL,SOC_ASO,43662.8,Mensual,SS_Asociativo
2022-12-01,2022-M12,GAL,SOC_ASO,43649.6,Mensual,SS_Asociativo
2023-01-01,2023-M01,GAL,SOC_ASO,43167.5,Mensual,SS_Asociativo
2023-02-01,2023-M02,GAL,SOC_ASO,43339.5,Mensual,SS_Asociativo
2023-03-01,2023-M03,GAL,SOC_ASO,43568.7,Mensual,SS_Asociativo
2023-04-01,2023-M04,GAL,SOC_ASO,43811.6,Mensual,SS_Asociativo
2023-05-01,2023-M05,GAL,SOC_ASO,44113.7,Mensual,SS_Asociativo
2023-06-01,2023-M06,GAL,SOC_ASO,44312.4,Mensual,SS_Asociativo
2023-07-01,2023-M07,GAL,SOC_ASO,44428.2,Mensual,SS_Asociativo
2023-08-01,2023-M08,GAL,SOC_ASO,44055.0,Mensual,SS_Asociativo
2023-09-01,2023-M09,GAL,SOC_ASO,43812.9,Mensual,SS_Asociativo
2023-10-01,2023-M10,GAL,SOC_ASO,44055.3,Mensual,SS_Asociativo
2023-11-01,2023-M11,GAL,SOC_ASO,43991.5,Mensual,SS_Asociativo
2023-12-01,2023-M12,GAL,SOC_ASO,44001.7,Mensual,SS_Asociativo
2024-01-01,2024-M01,GAL,SOC_ASO,43589.8,Mensual,SS_Asociativo
2024-02-01,2024-M02,GAL,SOC_ASO,43772.4,Mensual,SS_Asociativo
2024-03-01,2024-M03,GAL,SOC_ASO,44051.8,Mensual,SS_Asociativo
2024-04-01,2024-M04,GAL,SOC_ASO,44278.2,Mensual,SS_Asociativo
2024-05-01,2024-M05,GAL,SOC_ASO,44562.2,Mensual,SS_Asociativo
2024-06-01,2024-M06,GAL,SOC_ASO,44699.3,Mensual,SS_Asociativo
2024-07-01,2024-M07,GAL,SOC_ASO,44665.4,Mensual,SS_Asociativo
2024-08-01,2024-M08,GAL,SOC_ASO,44349.2,Mensual,SS_Asociativo
2024-09-01,2024-M09,GAL,SOC_ASO,44080.4,Mensual,SS_Asociativo
2024-10-01,2024-M10,GAL,SOC_ASO,44400.8,Mensual,SS_Asociativo
2024-11-01,2024-M11,GAL,SOC_ASO,44377.0,Mensual,SS_Asociativo
2024-12-01,2024-M12,GAL,SOC_ASO,44480.2,Mensual,SS_Asociativo
2025-01-01,2025-M01,GAL,SOC_ASO,43920.9,Mensual,SS_Asociativo
2025-02-01,2025-M02,GAL,SOC_ASO,43980.0,Mensual,SS_Asociativo
2025-03-01,2025-M03,GAL,SOC_ASO,44206.9,Mensual,SS_Asociativo
2025-04-01,2025-M04,GAL,SOC_ASO,44494.6,Mensual,SS_Asociativo
2025-05-01,2025-M05,GAL,SOC_ASO,44784.1,Mensual,SS_Asociativo
2025-06-01,2025-M06,GAL,SOC_ASO,44873.9,Mensual,SS_Asociativo
2025-07-01,2025-M07,GAL,SOC_ASO,44925.6,Mensual,SS_Asociativo
2025-08-01,2025-M08,GAL,SOC_ASO,44630.2,Mensual,SS_Asociativo
2025-09-01,2025-M09,GAL,SOC_ASO,44521.7,Mensual,SS_Asociativo
2025-10-01,2025-M10,GAL,SOC_ASO,44803.7,Mensual,SS_Asociativo
2025-11-01,2025-M11,GAL,SOC_ASO,44746.2,Mensual,SS_Asociativo
2025-12-01,2025-M12,GAL,SOC_ASO,44756.4,Mensual,SS_Asociativo
2026-01-01,2026-M01,GAL,SOC_ASO,45326.4,Mensual,SS_Asociativo
2026-02-01,2026-M02,GAL,SOC_ASO,45468.0,Mensual,SS_Asociativo
2026-03-01,2026-M03,GAL,SOC_ASO,45660.91,Mensual,SS_Asociativo
2026-04-01,2026-M04,GAL,SOC_ASO,45765.5,Mensual,SS_Asociativo
2026-05-01,2026-M05,GAL,SOC_ASO,45997.9,Mensual,SS_Asociativo
2026-06-01,2026-M06,GAL,SOC_ASO,46250.59,Mensual,SS_Asociativo
2026-07-01,2026-M07,GAL,SOC_ASO,46221.7,Mensual,SS_Asociativo
2009-01-01,2009-M01,MAD,SOC_ASO,121288.5,Mensual,SS_Asociativo
2009-02-01,2009-M02,MAD,SOC_ASO,121124.9,Mensual,SS_Asociativo
2009-03-01,2009-M03,MAD,SOC_ASO,119915.5,Mensual,SS_Asociativo
2009-04-01,2009-M04,MAD,SOC_ASO,118982.0,Mensual,SS_Asociativo
2009-05-01,2009-M05,MAD,SOC_ASO,119086.0,Mensual,SS_Asociativo
2009-06-01,2009-M06,MAD,SOC_ASO,118695.8,Mensual,SS_Asociativo
2009-07-01,2009-M07,MAD,SOC_ASO,117409.5,Mensual,SS_Asociativo
2009-08-01,2009-M08,MAD,SOC_ASO,115843.2,Mensual,SS_Asociativo
2009-09-01,2009-M09,MAD,SOC_ASO,115690.3,Mensual,SS_Asociativo
2009-10-01,2009-M10,MAD,SOC_ASO,117123.5,Mensual,SS_Asociativo
2009-11-01,2009-M11,MAD,SOC_ASO,116780.3,Mensual,SS_Asociativo
2009-12-01,2009-M12,MAD,SOC_ASO,116947.9,Mensual,SS_Asociativo
2010-01-01,2010-M01,MAD,SOC_ASO,115488.9,Mensual,SS_Asociativo
2010-02-01,2010-M02,MAD,SOC_ASO,115174.3,Mensual,SS_Asociativo
2010-03-01,2010-M03,MAD,SOC_ASO,115141.2,Mensual,SS_Asociativo
2010-04-01,2010-M04,MAD,SOC_ASO,114725.5,Mensual,SS_Asociativo
2010-05-01,2010-M05,MAD,SOC_ASO,115044.9,Mensual,SS_Asociativo
2010-06-01,2010-M06,MAD,SOC_ASO,114280.6,Mensual,SS_Asociativo
2010-07-01,2010-M07,MAD,SOC_ASO,113108.2,Mensual,SS_Asociativo
2010-08-01,2010-M08,MAD,SOC_ASO,111382.1,Mensual,SS_Asociativo
2010-09-01,2010-M09,MAD,SOC_ASO,111403.4,Mensual,SS_Asociativo
2010-10-01,2010-M10,MAD,SOC_ASO,112655.6,Mensual,SS_Asociativo
2010-11-01,2010-M11,MAD,SOC_ASO,113058.3,Mensual,SS_Asociativo
2010-12-01,2010-M12,MAD,SOC_ASO,113012.2,Mensual,SS_Asociativo
2011-01-01,2011-M01,MAD,SOC_ASO,111290.3,Mensual,SS_Asociativo
2011-02-01,2011-M02,MAD,SOC_ASO,111200.8,Mensual,SS_Asociativo
2011-03-01,2011-M03,MAD,SOC_ASO,111451.1,Mensual,SS_Asociativo
2011-04-01,2011-M04,MAD,SOC_ASO,111647.7,Mensual,SS_Asociativo
2011-05-01,2011-M05,MAD,SOC_ASO,111947.6,Mensual,SS_Asociativo
2011-06-01,2011-M06,MAD,SOC_ASO,111579.5,Mensual,SS_Asociativo
2011-07-01,2011-M07,MAD,SOC_ASO,110724.3,Mensual,SS_Asociativo
2011-08-01,2011-M08,MAD,SOC_ASO,109343.8,Mensual,SS_Asociativo
2011-09-01,2011-M09,MAD,SOC_ASO,109228.4,Mensual,SS_Asociativo
2011-10-01,2011-M10,MAD,SOC_ASO,109799.1,Mensual,SS_Asociativo
2011-11-01,2011-M11,MAD,SOC_ASO,110607.1,Mensual,SS_Asociativo
2011-12-01,2011-M12,MAD,SOC_ASO,112384.5,Mensual,SS_Asociativo
2012-01-01,2012-M01,MAD,SOC_ASO,109895.0,Mensual,SS_Asociativo
2012-02-01,2012-M02,MAD,SOC_ASO,109460.8,Mensual,SS_Asociativo
2012-03-01,2012-M03,MAD,SOC_ASO,109187.5,Mensual,SS_Asociativo
2012-04-01,2012-M04,MAD,SOC_ASO,108709.7,Mensual,SS_Asociativo
2012-05-01,2012-M05,MAD,SOC_ASO,108818.4,Mensual,SS_Asociativo
2012-06-01,2012-M06,MAD,SOC_ASO,108859.4,Mensual,SS_Asociativo
2012-07-01,2012-M07,MAD,SOC_ASO,107709.2,Mensual,SS_Asociativo
2012-08-01,2012-M08,MAD,SOC_ASO,106154.0,Mensual,SS_Asociativo
2012-09-01,2012-M09,MAD,SOC_ASO,105729.6,Mensual,SS_Asociativo
2012-10-01,2012-M10,MAD,SOC_ASO,105619.0,Mensual,SS_Asociativo
2012-11-01,2012-M11,MAD,SOC_ASO,105501.5,Mensual,SS_Asociativo
2012-12-01,2012-M12,MAD,SOC_ASO,105622.1,Mensual,SS_Asociativo
2013-01-01,2013-M01,MAD,SOC_ASO,103977.6,Mensual,SS_Asociativo
2013-02-01,2013-M02,MAD,SOC_ASO,103722.0,Mensual,SS_Asociativo
2013-03-01,2013-M03,MAD,SOC_ASO,103741.7,Mensual,SS_Asociativo
2013-04-01,2013-M04,MAD,SOC_ASO,103767.4,Mensual,SS_Asociativo
2013-05-01,2013-M05,MAD,SOC_ASO,103799.3,Mensual,SS_Asociativo
2013-06-01,2013-M06,MAD,SOC_ASO,103975.0,Mensual,SS_Asociativo
2013-07-01,2013-M07,MAD,SOC_ASO,103501.5,Mensual,SS_Asociativo
2013-08-01,2013-M08,MAD,SOC_ASO,102556.2,Mensual,SS_Asociativo
2013-09-01,2013-M09,MAD,SOC_ASO,102721.1,Mensual,SS_Asociativo
2013-10-01,2013-M10,MAD,SOC_ASO,103445.4,Mensual,SS_Asociativo
2013-11-01,2013-M11,MAD,SOC_ASO,103744.7,Mensual,SS_Asociativo
2013-12-01,2013-M12,MAD,SOC_ASO,104540.6,Mensual,SS_Asociativo
2014-01-01,2014-M01,MAD,SOC_ASO,103484.7,Mensual,SS_Asociativo
2014-02-01,2014-M02,MAD,SOC_ASO,103540.4,Mensual,SS_Asociativo
2014-03-01,2014-M03,MAD,SOC_ASO,104023.1,Mensual,SS_Asociativo
2014-04-01,2014-M04,MAD,SOC_ASO,104487.3,Mensual,SS_Asociativo
2014-05-01,2014-M05,MAD,SOC_ASO,104978.0,Mensual,SS_Asociativo
2014-06-01,2014-M06,MAD,SOC_ASO,105350.3,Mensual,SS_Asociativo
2014-07-01,2014-M07,MAD,SOC_ASO,105207.4,Mensual,SS_Asociativo
2014-08-01,2014-M08,MAD,SOC_ASO,104135.7,Mensual,SS_Asociativo
2014-09-01,2014-M09,MAD,SOC_ASO,104529.3,Mensual,SS_Asociativo
2014-10-01,2014-M10,MAD,SOC_ASO,105778.6,Mensual,SS_Asociativo
2014-11-01,2014-M11,MAD,SOC_ASO,106250.7,Mensual,SS_Asociativo
2014-12-01,2014-M12,MAD,SOC_ASO,106755.8,Mensual,SS_Asociativo
2015-01-01,2015-M01,MAD,SOC_ASO,105819.3,Mensual,SS_Asociativo
2015-02-01,2015-M02,MAD,SOC_ASO,105840.4,Mensual,SS_Asociativo
2015-03-01,2015-M03,MAD,SOC_ASO,106577.1,Mensual,SS_Asociativo
2015-04-01,2015-M04,MAD,SOC_ASO,107170.8,Mensual,SS_Asociativo
2015-05-01,2015-M05,MAD,SOC_ASO,108066.5,Mensual,SS_Asociativo
2015-06-01,2015-M06,MAD,SOC_ASO,108994.2,Mensual,SS_Asociativo
2015-07-01,2015-M07,MAD,SOC_ASO,109231.0,Mensual,SS_Asociativo
2015-08-01,2015-M08,MAD,SOC_ASO,108023.9,Mensual,SS_Asociativo
2015-09-01,2015-M09,MAD,SOC_ASO,108485.3,Mensual,SS_Asociativo
2015-10-01,2015-M10,MAD,SOC_ASO,109397.0,Mensual,SS_Asociativo
2015-11-01,2015-M11,MAD,SOC_ASO,109693.2,Mensual,SS_Asociativo
2015-12-01,2015-M12,MAD,SOC_ASO,109826.2,Mensual,SS_Asociativo
2016-01-01,2016-M01,MAD,SOC_ASO,108184.0,Mensual,SS_Asociativo
2016-02-01,2016-M02,MAD,SOC_ASO,108202.0,Mensual,SS_Asociativo
2016-03-01,2016-M03,MAD,SOC_ASO,108923.4,Mensual,SS_Asociativo
2016-04-01,2016-M04,MAD,SOC_ASO,109319.9,Mensual,SS_Asociativo
2016-05-01,2016-M05,MAD,SOC_ASO,109895.2,Mensual,SS_Asociativo
2016-06-01,2016-M06,MAD,SOC_ASO,110712.9,Mensual,SS_Asociativo
2016-07-01,2016-M07,MAD,SOC_ASO,110147.7,Mensual,SS_Asociativo
2016-08-01,2016-M08,MAD,SOC_ASO,108716.0,Mensual,SS_Asociativo
2016-09-01,2016-M09,MAD,SOC_ASO,108773.6,Mensual,SS_Asociativo
2016-10-01,2016-M10,MAD,SOC_ASO,109218.3,Mensual,SS_Asociativo
2016-11-01,2016-M11,MAD,SOC_ASO,109627.3,Mensual,SS_Asociativo
2016-12-01,2016-M12,MAD,SOC_ASO,110209.0,Mensual,SS_Asociativo
2017-01-01,2017-M01,MAD,SOC_ASO,108774.6,Mensual,SS_Asociativo
2017-02-01,2017-M02,MAD,SOC_ASO,108886.6,Mensual,SS_Asociativo
2017-03-01,2017-M03,MAD,SOC_ASO,109483.7,Mensual,SS_Asociativo
2017-04-01,2017-M04,MAD,SOC_ASO,110098.3,Mensual,SS_Asociativo
2017-05-01,2017-M05,MAD,SOC_ASO,110540.5,Mensual,SS_Asociativo
2017-06-01,2017-M06,MAD,SOC_ASO,111158.5,Mensual,SS_Asociativo
2017-07-01,2017-M07,MAD,SOC_ASO,111003.4,Mensual,SS_Asociativo
2017-08-01,2017-M08,MAD,SOC_ASO,109280.9,Mensual,SS_Asociativo
2017-09-01,2017-M09,MAD,SOC_ASO,109527.7,Mensual,SS_Asociativo
2017-10-01,2017-M10,MAD,SOC_ASO,110953.0,Mensual,SS_Asociativo
2017-11-01,2017-M11,MAD,SOC_ASO,111677.1,Mensual,SS_Asociativo
2017-12-01,2017-M12,MAD,SOC_ASO,112176.1,Mensual,SS_Asociativo
2018-01-01,2018-M01,MAD,SOC_ASO,110867.6,Mensual,SS_Asociativo
2018-02-01,2018-M02,MAD,SOC_ASO,111510.5,Mensual,SS_Asociativo
2018-03-01,2018-M03,MAD,SOC_ASO,112401.5,Mensual,SS_Asociativo
2018-04-01,2018-M04,MAD,SOC_ASO,113113.9,Mensual,SS_Asociativo
2018-05-01,2018-M05,MAD,SOC_ASO,113892.0,Mensual,SS_Asociativo
2018-06-01,2018-M06,MAD,SOC_ASO,114590.6,Mensual,SS_Asociativo
2018-07-01,2018-M07,MAD,SOC_ASO,114061.4,Mensual,SS_Asociativo
2018-08-01,2018-M08,MAD,SOC_ASO,111961.3,Mensual,SS_Asociativo
2018-09-01,2018-M09,MAD,SOC_ASO,112498.2,Mensual,SS_Asociativo
2018-10-01,2018-M10,MAD,SOC_ASO,113811.1,Mensual,SS_Asociativo
2018-11-01,2018-M11,MAD,SOC_ASO,114658.3,Mensual,SS_Asociativo
2018-12-01,2018-M12,MAD,SOC_ASO,114870.8,Mensual,SS_Asociativo
2019-01-01,2019-M01,MAD,SOC_ASO,114048.7,Mensual,SS_Asociativo
2019-02-01,2019-M02,MAD,SOC_ASO,114653.6,Mensual,SS_Asociativo
2019-03-01,2019-M03,MAD,SOC_ASO,115548.2,Mensual,SS_Asociativo
2019-04-01,2019-M04,MAD,SOC_ASO,115898.2,Mensual,SS_Asociativo
2019-05-01,2019-M05,MAD,SOC_ASO,116363.4,Mensual,SS_Asociativo
2019-06-01,2019-M06,MAD,SOC_ASO,116771.2,Mensual,SS_Asociativo
2019-07-01,2019-M07,MAD,SOC_ASO,116261.8,Mensual,SS_Asociativo
2019-08-01,2019-M08,MAD,SOC_ASO,114333.7,Mensual,SS_Asociativo
2019-09-01,2019-M09,MAD,SOC_ASO,115120.1,Mensual,SS_Asociativo
2019-10-01,2019-M10,MAD,SOC_ASO,116425.5,Mensual,SS_Asociativo
2019-11-01,2019-M11,MAD,SOC_ASO,116813.0,Mensual,SS_Asociativo
2019-12-01,2019-M12,MAD,SOC_ASO,117064.9,Mensual,SS_Asociativo
2020-01-01,2020-M01,MAD,SOC_ASO,115390.5,Mensual,SS_Asociativo
2020-02-01,2020-M02,MAD,SOC_ASO,115653.2,Mensual,SS_Asociativo
2020-03-01,2020-M03,MAD,SOC_ASO,112729.4,Mensual,SS_Asociativo
2020-04-01,2020-M04,MAD,SOC_ASO,109135.3,Mensual,SS_Asociativo
2020-05-01,2020-M05,MAD,SOC_ASO,109795.9,Mensual,SS_Asociativo
2020-06-01,2020-M06,MAD,SOC_ASO,110715.8,Mensual,SS_Asociativo
2020-07-01,2020-M07,MAD,SOC_ASO,111554.8,Mensual,SS_Asociativo
2020-08-01,2020-M08,MAD,SOC_ASO,111065.8,Mensual,SS_Asociativo
2020-09-01,2020-M09,MAD,SOC_ASO,111061.6,Mensual,SS_Asociativo
2020-10-01,2020-M10,MAD,SOC_ASO,111123.4,Mensual,SS_Asociativo
2020-11-01,2020-M11,MAD,SOC_ASO,110980.9,Mensual,SS_Asociativo
2020-12-01,2020-M12,MAD,SOC_ASO,110980.9,Mensual,SS_Asociativo
2021-01-01,2021-M01,MAD,SOC_ASO,110232.9,Mensual,SS_Asociativo
2021-02-01,2021-M02,MAD,SOC_ASO,110450.7,Mensual,SS_Asociativo
2021-03-01,2021-M03,MAD,SOC_ASO,110961.6,Mensual,SS_Asociativo
2021-04-01,2021-M04,MAD,SOC_ASO,111801.3,Mensual,SS_Asociativo
2021-05-01,2021-M05,MAD,SOC_ASO,112676.5,Mensual,SS_Asociativo
2021-06-01,2021-M06,MAD,SOC_ASO,113861.0,Mensual,SS_Asociativo
2021-07-01,2021-M07,MAD,SOC_ASO,114026.9,Mensual,SS_Asociativo
2021-08-01,2021-M08,MAD,SOC_ASO,112861.4,Mensual,SS_Asociativo
2021-09-01,2021-M09,MAD,SOC_ASO,113518.2,Mensual,SS_Asociativo
2021-10-01,2021-M10,MAD,SOC_ASO,115068.7,Mensual,SS_Asociativo
2021-11-01,2021-M11,MAD,SOC_ASO,115817.3,Mensual,SS_Asociativo
2021-12-01,2021-M12,MAD,SOC_ASO,116059.2,Mensual,SS_Asociativo
2022-01-01,2022-M01,MAD,SOC_ASO,115005.6,Mensual,SS_Asociativo
2022-02-01,2022-M02,MAD,SOC_ASO,115143.4,Mensual,SS_Asociativo
2022-03-01,2022-M03,MAD,SOC_ASO,115957.7,Mensual,SS_Asociativo
2022-04-01,2022-M04,MAD,SOC_ASO,116482.3,Mensual,SS_Asociativo
2022-05-01,2022-M05,MAD,SOC_ASO,117429.9,Mensual,SS_Asociativo
2022-06-01,2022-M06,MAD,SOC_ASO,118506.9,Mensual,SS_Asociativo
2022-07-01,2022-M07,MAD,SOC_ASO,117780.8,Mensual,SS_Asociativo
2022-08-01,2022-M08,MAD,SOC_ASO,115971.0,Mensual,SS_Asociativo
2022-09-01,2022-M09,MAD,SOC_ASO,116533.5,Mensual,SS_Asociativo
2022-10-01,2022-M10,MAD,SOC_ASO,117983.4,Mensual,SS_Asociativo
2022-11-01,2022-M11,MAD,SOC_ASO,118333.0,Mensual,SS_Asociativo
2022-12-01,2022-M12,MAD,SOC_ASO,118682.7,Mensual,SS_Asociativo
2023-01-01,2023-M01,MAD,SOC_ASO,117658.9,Mensual,SS_Asociativo
2023-02-01,2023-M02,MAD,SOC_ASO,117965.4,Mensual,SS_Asociativo
2023-03-01,2023-M03,MAD,SOC_ASO,118665.1,Mensual,SS_Asociativo
2023-04-01,2023-M04,MAD,SOC_ASO,119264.5,Mensual,SS_Asociativo
2023-05-01,2023-M05,MAD,SOC_ASO,120103.2,Mensual,SS_Asociativo
2023-06-01,2023-M06,MAD,SOC_ASO,120456.5,Mensual,SS_Asociativo
2023-07-01,2023-M07,MAD,SOC_ASO,119341.9,Mensual,SS_Asociativo
2023-08-01,2023-M08,MAD,SOC_ASO,117498.2,Mensual,SS_Asociativo
2023-09-01,2023-M09,MAD,SOC_ASO,118127.3,Mensual,SS_Asociativo
2023-10-01,2023-M10,MAD,SOC_ASO,119507.2,Mensual,SS_Asociativo
2023-11-01,2023-M11,MAD,SOC_ASO,119532.5,Mensual,SS_Asociativo
2023-12-01,2023-M12,MAD,SOC_ASO,119606.8,Mensual,SS_Asociativo
2024-01-01,2024-M01,MAD,SOC_ASO,118433.3,Mensual,SS_Asociativo
2024-02-01,2024-M02,MAD,SOC_ASO,118667.8,Mensual,SS_Asociativo
2024-03-01,2024-M03,MAD,SOC_ASO,119153.9,Mensual,SS_Asociativo
2024-04-01,2024-M04,MAD,SOC_ASO,119921.1,Mensual,SS_Asociativo
2024-05-01,2024-M05,MAD,SOC_ASO,120662.3,Mensual,SS_Asociativo
2024-06-01,2024-M06,MAD,SOC_ASO,121484.0,Mensual,SS_Asociativo
2024-07-01,2024-M07,MAD,SOC_ASO,120014.8,Mensual,SS_Asociativo
2024-08-01,2024-M08,MAD,SOC_ASO,118134.8,Mensual,SS_Asociativo
2024-09-01,2024-M09,MAD,SOC_ASO,119001.5,Mensual,SS_Asociativo
2024-10-01,2024-M10,MAD,SOC_ASO,120258.0,Mensual,SS_Asociativo
2024-11-01,2024-M11,MAD,SOC_ASO,120675.9,Mensual,SS_Asociativo
2024-12-01,2024-M12,MAD,SOC_ASO,121156.8,Mensual,SS_Asociativo
2025-01-01,2025-M01,MAD,SOC_ASO,120079.5,Mensual,SS_Asociativo
2025-02-01,2025-M02,MAD,SOC_ASO,120317.2,Mensual,SS_Asociativo
2025-03-01,2025-M03,MAD,SOC_ASO,120657.0,Mensual,SS_Asociativo
2025-04-01,2025-M04,MAD,SOC_ASO,121058.4,Mensual,SS_Asociativo
2025-05-01,2025-M05,MAD,SOC_ASO,121233.2,Mensual,SS_Asociativo
2025-06-01,2025-M06,MAD,SOC_ASO,121737.5,Mensual,SS_Asociativo
2025-07-01,2025-M07,MAD,SOC_ASO,120694.7,Mensual,SS_Asociativo
2025-08-01,2025-M08,MAD,SOC_ASO,118964.5,Mensual,SS_Asociativo
2025-09-01,2025-M09,MAD,SOC_ASO,119742.8,Mensual,SS_Asociativo
2025-10-01,2025-M10,MAD,SOC_ASO,120897.8,Mensual,SS_Asociativo
2025-11-01,2025-M11,MAD,SOC_ASO,121152.0,Mensual,SS_Asociativo
2025-12-01,2025-M12,MAD,SOC_ASO,121499.9,Mensual,SS_Asociativo
2026-01-01,2026-M01,MAD,SOC_ASO,122590.0,Mensual,SS_Asociativo
2026-02-01,2026-M02,MAD,SOC_ASO,122736.3,Mensual,SS_Asociativo
2026-03-01,2026-M03,MAD,SOC_ASO,123295.05,Mensual,SS_Asociativo
2026-04-01,2026-M04,MAD,SOC_ASO,123379.75,Mensual,SS_Asociativo
2026-05-01,2026-M05,MAD,SOC_ASO,124090.8,Mensual,SS_Asociativo
2026-06-01,2026-M06,MAD,SOC_ASO,125154.05,Mensual,SS_Asociativo
2026-07-01,2026-M07,MAD,SOC_ASO,124939.35,Mensual,SS_Asociativo
2009-01-01,2009-M01,MUR,SOC_ASO,21537.7,Mensual,SS_Asociativo
2009-02-01,2009-M02,MUR,SOC_ASO,21334.7,Mensual,SS_Asociativo
2009-03-01,2009-M03,MUR,SOC_ASO,21146.2,Mensual,SS_Asociativo
2009-04-01,2009-M04,MUR,SOC_ASO,20997.8,Mensual,SS_Asociativo
2009-05-01,2009-M05,MUR,SOC_ASO,21134.3,Mensual,SS_Asociativo
2009-06-01,2009-M06,MUR,SOC_ASO,20863.8,Mensual,SS_Asociativo
2009-07-01,2009-M07,MUR,SOC_ASO,20865.9,Mensual,SS_Asociativo
2009-08-01,2009-M08,MUR,SOC_ASO,20631.2,Mensual,SS_Asociativo
2009-09-01,2009-M09,MUR,SOC_ASO,20586.8,Mensual,SS_Asociativo
2009-10-01,2009-M10,MUR,SOC_ASO,20679.8,Mensual,SS_Asociativo
2009-11-01,2009-M11,MUR,SOC_ASO,20707.1,Mensual,SS_Asociativo
2009-12-01,2009-M12,MUR,SOC_ASO,20646.1,Mensual,SS_Asociativo
2010-01-01,2010-M01,MUR,SOC_ASO,20306.7,Mensual,SS_Asociativo
2010-02-01,2010-M02,MUR,SOC_ASO,20383.5,Mensual,SS_Asociativo
2010-03-01,2010-M03,MUR,SOC_ASO,20421.2,Mensual,SS_Asociativo
2010-04-01,2010-M04,MUR,SOC_ASO,20437.7,Mensual,SS_Asociativo
2010-05-01,2010-M05,MUR,SOC_ASO,20584.8,Mensual,SS_Asociativo
2010-06-01,2010-M06,MUR,SOC_ASO,20447.0,Mensual,SS_Asociativo
2010-07-01,2010-M07,MUR,SOC_ASO,20300.7,Mensual,SS_Asociativo
2010-08-01,2010-M08,MUR,SOC_ASO,19955.5,Mensual,SS_Asociativo
2010-09-01,2010-M09,MUR,SOC_ASO,19918.7,Mensual,SS_Asociativo
2010-10-01,2010-M10,MUR,SOC_ASO,20169.2,Mensual,SS_Asociativo
2010-11-01,2010-M11,MUR,SOC_ASO,20193.0,Mensual,SS_Asociativo
2010-12-01,2010-M12,MUR,SOC_ASO,20073.7,Mensual,SS_Asociativo
2011-01-01,2011-M01,MUR,SOC_ASO,19701.6,Mensual,SS_Asociativo
2011-02-01,2011-M02,MUR,SOC_ASO,19587.6,Mensual,SS_Asociativo
2011-03-01,2011-M03,MUR,SOC_ASO,19682.6,Mensual,SS_Asociativo
2011-04-01,2011-M04,MUR,SOC_ASO,19675.2,Mensual,SS_Asociativo
2011-05-01,2011-M05,MUR,SOC_ASO,19786.5,Mensual,SS_Asociativo
2011-06-01,2011-M06,MUR,SOC_ASO,19576.6,Mensual,SS_Asociativo
2011-07-01,2011-M07,MUR,SOC_ASO,19450.4,Mensual,SS_Asociativo
2011-08-01,2011-M08,MUR,SOC_ASO,19146.6,Mensual,SS_Asociativo
2011-09-01,2011-M09,MUR,SOC_ASO,19168.3,Mensual,SS_Asociativo
2011-10-01,2011-M10,MUR,SOC_ASO,19281.9,Mensual,SS_Asociativo
2011-11-01,2011-M11,MUR,SOC_ASO,19238.8,Mensual,SS_Asociativo
2011-12-01,2011-M12,MUR,SOC_ASO,19257.6,Mensual,SS_Asociativo
2012-01-01,2012-M01,MUR,SOC_ASO,18819.6,Mensual,SS_Asociativo
2012-02-01,2012-M02,MUR,SOC_ASO,18771.8,Mensual,SS_Asociativo
2012-03-01,2012-M03,MUR,SOC_ASO,18865.2,Mensual,SS_Asociativo
2012-04-01,2012-M04,MUR,SOC_ASO,18912.8,Mensual,SS_Asociativo
2012-05-01,2012-M05,MUR,SOC_ASO,19084.1,Mensual,SS_Asociativo
2012-06-01,2012-M06,MUR,SOC_ASO,18928.7,Mensual,SS_Asociativo
2012-07-01,2012-M07,MUR,SOC_ASO,18804.9,Mensual,SS_Asociativo
2012-08-01,2012-M08,MUR,SOC_ASO,18462.6,Mensual,SS_Asociativo
2012-09-01,2012-M09,MUR,SOC_ASO,18401.4,Mensual,SS_Asociativo
2012-10-01,2012-M10,MUR,SOC_ASO,18384.5,Mensual,SS_Asociativo
2012-11-01,2012-M11,MUR,SOC_ASO,18372.1,Mensual,SS_Asociativo
2012-12-01,2012-M12,MUR,SOC_ASO,18402.2,Mensual,SS_Asociativo
2013-01-01,2013-M01,MUR,SOC_ASO,18110.4,Mensual,SS_Asociativo
2013-02-01,2013-M02,MUR,SOC_ASO,18074.3,Mensual,SS_Asociativo
2013-03-01,2013-M03,MUR,SOC_ASO,18200.6,Mensual,SS_Asociativo
2013-04-01,2013-M04,MUR,SOC_ASO,18232.5,Mensual,SS_Asociativo
2013-05-01,2013-M05,MUR,SOC_ASO,18418.9,Mensual,SS_Asociativo
2013-06-01,2013-M06,MUR,SOC_ASO,18353.3,Mensual,SS_Asociativo
2013-07-01,2013-M07,MUR,SOC_ASO,18211.3,Mensual,SS_Asociativo
2013-08-01,2013-M08,MUR,SOC_ASO,17919.8,Mensual,SS_Asociativo
2013-09-01,2013-M09,MUR,SOC_ASO,17980.0,Mensual,SS_Asociativo
2013-10-01,2013-M10,MUR,SOC_ASO,18111.4,Mensual,SS_Asociativo
2013-11-01,2013-M11,MUR,SOC_ASO,18284.0,Mensual,SS_Asociativo
2013-12-01,2013-M12,MUR,SOC_ASO,18329.0,Mensual,SS_Asociativo
2014-01-01,2014-M01,MUR,SOC_ASO,18106.6,Mensual,SS_Asociativo
2014-02-01,2014-M02,MUR,SOC_ASO,18224.1,Mensual,SS_Asociativo
2014-03-01,2014-M03,MUR,SOC_ASO,18425.8,Mensual,SS_Asociativo
2014-04-01,2014-M04,MUR,SOC_ASO,18564.2,Mensual,SS_Asociativo
2014-05-01,2014-M05,MUR,SOC_ASO,18767.7,Mensual,SS_Asociativo
2014-06-01,2014-M06,MUR,SOC_ASO,18725.9,Mensual,SS_Asociativo
2014-07-01,2014-M07,MUR,SOC_ASO,18791.8,Mensual,SS_Asociativo
2014-08-01,2014-M08,MUR,SOC_ASO,18394.7,Mensual,SS_Asociativo
2014-09-01,2014-M09,MUR,SOC_ASO,18497.9,Mensual,SS_Asociativo
2014-10-01,2014-M10,MUR,SOC_ASO,18717.4,Mensual,SS_Asociativo
2014-11-01,2014-M11,MUR,SOC_ASO,18786.3,Mensual,SS_Asociativo
2014-12-01,2014-M12,MUR,SOC_ASO,18890.0,Mensual,SS_Asociativo
2015-01-01,2015-M01,MUR,SOC_ASO,18646.2,Mensual,SS_Asociativo
2015-02-01,2015-M02,MUR,SOC_ASO,18732.7,Mensual,SS_Asociativo
2015-03-01,2015-M03,MUR,SOC_ASO,18938.4,Mensual,SS_Asociativo
2015-04-01,2015-M04,MUR,SOC_ASO,19102.2,Mensual,SS_Asociativo
2015-05-01,2015-M05,MUR,SOC_ASO,19376.2,Mensual,SS_Asociativo
2015-06-01,2015-M06,MUR,SOC_ASO,19359.7,Mensual,SS_Asociativo
2015-07-01,2015-M07,MUR,SOC_ASO,19370.9,Mensual,SS_Asociativo
2015-08-01,2015-M08,MUR,SOC_ASO,18996.0,Mensual,SS_Asociativo
2015-09-01,2015-M09,MUR,SOC_ASO,19102.7,Mensual,SS_Asociativo
2015-10-01,2015-M10,MUR,SOC_ASO,19331.9,Mensual,SS_Asociativo
2015-11-01,2015-M11,MUR,SOC_ASO,19517.7,Mensual,SS_Asociativo
2015-12-01,2015-M12,MUR,SOC_ASO,19607.3,Mensual,SS_Asociativo
2016-01-01,2016-M01,MUR,SOC_ASO,19375.2,Mensual,SS_Asociativo
2016-02-01,2016-M02,MUR,SOC_ASO,19504.6,Mensual,SS_Asociativo
2016-03-01,2016-M03,MUR,SOC_ASO,19731.1,Mensual,SS_Asociativo
2016-04-01,2016-M04,MUR,SOC_ASO,19893.6,Mensual,SS_Asociativo
2016-05-01,2016-M05,MUR,SOC_ASO,20088.5,Mensual,SS_Asociativo
2016-06-01,2016-M06,MUR,SOC_ASO,20081.3,Mensual,SS_Asociativo
2016-07-01,2016-M07,MUR,SOC_ASO,20032.4,Mensual,SS_Asociativo
2016-08-01,2016-M08,MUR,SOC_ASO,19527.5,Mensual,SS_Asociativo
2016-09-01,2016-M09,MUR,SOC_ASO,19625.5,Mensual,SS_Asociativo
2016-10-01,2016-M10,MUR,SOC_ASO,19850.1,Mensual,SS_Asociativo
2016-11-01,2016-M11,MUR,SOC_ASO,20017.9,Mensual,SS_Asociativo
2016-12-01,2016-M12,MUR,SOC_ASO,20104.1,Mensual,SS_Asociativo
2017-01-01,2017-M01,MUR,SOC_ASO,19945.5,Mensual,SS_Asociativo
2017-02-01,2017-M02,MUR,SOC_ASO,20075.0,Mensual,SS_Asociativo
2017-03-01,2017-M03,MUR,SOC_ASO,20323.0,Mensual,SS_Asociativo
2017-04-01,2017-M04,MUR,SOC_ASO,20508.2,Mensual,SS_Asociativo
2017-05-01,2017-M05,MUR,SOC_ASO,20721.8,Mensual,SS_Asociativo
2017-06-01,2017-M06,MUR,SOC_ASO,20697.1,Mensual,SS_Asociativo
2017-07-01,2017-M07,MUR,SOC_ASO,20716.6,Mensual,SS_Asociativo
2017-08-01,2017-M08,MUR,SOC_ASO,20342.7,Mensual,SS_Asociativo
2017-09-01,2017-M09,MUR,SOC_ASO,20415.8,Mensual,SS_Asociativo
2017-10-01,2017-M10,MUR,SOC_ASO,20649.7,Mensual,SS_Asociativo
2017-11-01,2017-M11,MUR,SOC_ASO,20843.7,Mensual,SS_Asociativo
2017-12-01,2017-M12,MUR,SOC_ASO,20893.6,Mensual,SS_Asociativo
2018-01-01,2018-M01,MUR,SOC_ASO,20791.1,Mensual,SS_Asociativo
2018-02-01,2018-M02,MUR,SOC_ASO,20910.8,Mensual,SS_Asociativo
2018-03-01,2018-M03,MUR,SOC_ASO,21161.8,Mensual,SS_Asociativo
2018-04-01,2018-M04,MUR,SOC_ASO,21295.6,Mensual,SS_Asociativo
2018-05-01,2018-M05,MUR,SOC_ASO,21492.8,Mensual,SS_Asociativo
2018-06-01,2018-M06,MUR,SOC_ASO,21612.8,Mensual,SS_Asociativo
2018-07-01,2018-M07,MUR,SOC_ASO,21274.7,Mensual,SS_Asociativo
2018-08-01,2018-M08,MUR,SOC_ASO,20789.7,Mensual,SS_Asociativo
2018-09-01,2018-M09,MUR,SOC_ASO,20957.4,Mensual,SS_Asociativo
2018-10-01,2018-M10,MUR,SOC_ASO,21228.3,Mensual,SS_Asociativo
2018-11-01,2018-M11,MUR,SOC_ASO,21401.0,Mensual,SS_Asociativo
2018-12-01,2018-M12,MUR,SOC_ASO,21545.4,Mensual,SS_Asociativo
2019-01-01,2019-M01,MUR,SOC_ASO,21354.4,Mensual,SS_Asociativo
2019-02-01,2019-M02,MUR,SOC_ASO,21503.8,Mensual,SS_Asociativo
2019-03-01,2019-M03,MUR,SOC_ASO,21692.3,Mensual,SS_Asociativo
2019-04-01,2019-M04,MUR,SOC_ASO,21922.8,Mensual,SS_Asociativo
2019-05-01,2019-M05,MUR,SOC_ASO,22179.8,Mensual,SS_Asociativo
2019-06-01,2019-M06,MUR,SOC_ASO,22135.7,Mensual,SS_Asociativo
2019-07-01,2019-M07,MUR,SOC_ASO,21903.7,Mensual,SS_Asociativo
2019-08-01,2019-M08,MUR,SOC_ASO,21417.0,Mensual,SS_Asociativo
2019-09-01,2019-M09,MUR,SOC_ASO,21480.2,Mensual,SS_Asociativo
2019-10-01,2019-M10,MUR,SOC_ASO,21710.6,Mensual,SS_Asociativo
2019-11-01,2019-M11,MUR,SOC_ASO,21832.8,Mensual,SS_Asociativo
2019-12-01,2019-M12,MUR,SOC_ASO,21911.0,Mensual,SS_Asociativo
2020-01-01,2020-M01,MUR,SOC_ASO,21579.9,Mensual,SS_Asociativo
2020-02-01,2020-M02,MUR,SOC_ASO,21804.8,Mensual,SS_Asociativo
2020-03-01,2020-M03,MUR,SOC_ASO,21456.0,Mensual,SS_Asociativo
2020-04-01,2020-M04,MUR,SOC_ASO,20674.8,Mensual,SS_Asociativo
2020-05-01,2020-M05,MUR,SOC_ASO,20906.0,Mensual,SS_Asociativo
2020-06-01,2020-M06,MUR,SOC_ASO,21098.9,Mensual,SS_Asociativo
2020-07-01,2020-M07,MUR,SOC_ASO,21374.3,Mensual,SS_Asociativo
2020-08-01,2020-M08,MUR,SOC_ASO,21194.6,Mensual,SS_Asociativo
2020-09-01,2020-M09,MUR,SOC_ASO,21080.1,Mensual,SS_Asociativo
2020-10-01,2020-M10,MUR,SOC_ASO,21007.0,Mensual,SS_Asociativo
2020-11-01,2020-M11,MUR,SOC_ASO,20958.7,Mensual,SS_Asociativo
2020-12-01,2020-M12,MUR,SOC_ASO,20882.8,Mensual,SS_Asociativo
2021-01-01,2021-M01,MUR,SOC_ASO,20723.9,Mensual,SS_Asociativo
2021-02-01,2021-M02,MUR,SOC_ASO,20726.9,Mensual,SS_Asociativo
2021-03-01,2021-M03,MUR,SOC_ASO,20846.8,Mensual,SS_Asociativo
2021-04-01,2021-M04,MUR,SOC_ASO,20990.9,Mensual,SS_Asociativo
2021-05-01,2021-M05,MUR,SOC_ASO,21185.8,Mensual,SS_Asociativo
2021-06-01,2021-M06,MUR,SOC_ASO,21485.1,Mensual,SS_Asociativo
2021-07-01,2021-M07,MUR,SOC_ASO,21775.5,Mensual,SS_Asociativo
2021-08-01,2021-M08,MUR,SOC_ASO,21428.4,Mensual,SS_Asociativo
2021-09-01,2021-M09,MUR,SOC_ASO,21491.5,Mensual,SS_Asociativo
2021-10-01,2021-M10,MUR,SOC_ASO,21748.7,Mensual,SS_Asociativo
2021-11-01,2021-M11,MUR,SOC_ASO,21933.7,Mensual,SS_Asociativo
2021-12-01,2021-M12,MUR,SOC_ASO,22030.1,Mensual,SS_Asociativo
2022-01-01,2022-M01,MUR,SOC_ASO,21722.8,Mensual,SS_Asociativo
2022-02-01,2022-M02,MUR,SOC_ASO,21809.4,Mensual,SS_Asociativo
2022-03-01,2022-M03,MUR,SOC_ASO,21918.7,Mensual,SS_Asociativo
2022-04-01,2022-M04,MUR,SOC_ASO,22048.0,Mensual,SS_Asociativo
2022-05-01,2022-M05,MUR,SOC_ASO,22273.7,Mensual,SS_Asociativo
2022-06-01,2022-M06,MUR,SOC_ASO,22468.2,Mensual,SS_Asociativo
2022-07-01,2022-M07,MUR,SOC_ASO,22272.3,Mensual,SS_Asociativo
2022-08-01,2022-M08,MUR,SOC_ASO,21884.6,Mensual,SS_Asociativo
2022-09-01,2022-M09,MUR,SOC_ASO,21945.3,Mensual,SS_Asociativo
2022-10-01,2022-M10,MUR,SOC_ASO,22148.5,Mensual,SS_Asociativo
2022-11-01,2022-M11,MUR,SOC_ASO,22259.6,Mensual,SS_Asociativo
2022-12-01,2022-M12,MUR,SOC_ASO,22340.5,Mensual,SS_Asociativo
2023-01-01,2023-M01,MUR,SOC_ASO,22154.7,Mensual,SS_Asociativo
2023-02-01,2023-M02,MUR,SOC_ASO,22291.7,Mensual,SS_Asociativo
2023-03-01,2023-M03,MUR,SOC_ASO,22547.2,Mensual,SS_Asociativo
2023-04-01,2023-M04,MUR,SOC_ASO,22760.5,Mensual,SS_Asociativo
2023-05-01,2023-M05,MUR,SOC_ASO,22929.5,Mensual,SS_Asociativo
2023-06-01,2023-M06,MUR,SOC_ASO,22961.4,Mensual,SS_Asociativo
2023-07-01,2023-M07,MUR,SOC_ASO,22676.2,Mensual,SS_Asociativo
2023-08-01,2023-M08,MUR,SOC_ASO,22231.1,Mensual,SS_Asociativo
2023-09-01,2023-M09,MUR,SOC_ASO,22463.3,Mensual,SS_Asociativo
2023-10-01,2023-M10,MUR,SOC_ASO,22594.7,Mensual,SS_Asociativo
2023-11-01,2023-M11,MUR,SOC_ASO,22773.0,Mensual,SS_Asociativo
2023-12-01,2023-M12,MUR,SOC_ASO,22848.4,Mensual,SS_Asociativo
2024-01-01,2024-M01,MUR,SOC_ASO,22597.9,Mensual,SS_Asociativo
2024-02-01,2024-M02,MUR,SOC_ASO,22723.9,Mensual,SS_Asociativo
2024-03-01,2024-M03,MUR,SOC_ASO,22986.2,Mensual,SS_Asociativo
2024-04-01,2024-M04,MUR,SOC_ASO,23000.9,Mensual,SS_Asociativo
2024-05-01,2024-M05,MUR,SOC_ASO,23144.3,Mensual,SS_Asociativo
2024-06-01,2024-M06,MUR,SOC_ASO,23181.8,Mensual,SS_Asociativo
2024-07-01,2024-M07,MUR,SOC_ASO,23013.2,Mensual,SS_Asociativo
2024-08-01,2024-M08,MUR,SOC_ASO,22582.6,Mensual,SS_Asociativo
2024-09-01,2024-M09,MUR,SOC_ASO,22700.0,Mensual,SS_Asociativo
2024-10-01,2024-M10,MUR,SOC_ASO,22889.8,Mensual,SS_Asociativo
2024-11-01,2024-M11,MUR,SOC_ASO,23050.4,Mensual,SS_Asociativo
2024-12-01,2024-M12,MUR,SOC_ASO,23108.5,Mensual,SS_Asociativo
2025-01-01,2025-M01,MUR,SOC_ASO,22799.9,Mensual,SS_Asociativo
2025-02-01,2025-M02,MUR,SOC_ASO,22899.4,Mensual,SS_Asociativo
2025-03-01,2025-M03,MUR,SOC_ASO,23011.6,Mensual,SS_Asociativo
2025-04-01,2025-M04,MUR,SOC_ASO,23133.7,Mensual,SS_Asociativo
2025-05-01,2025-M05,MUR,SOC_ASO,23209.4,Mensual,SS_Asociativo
2025-06-01,2025-M06,MUR,SOC_ASO,23333.5,Mensual,SS_Asociativo
2025-07-01,2025-M07,MUR,SOC_ASO,23169.5,Mensual,SS_Asociativo
2025-08-01,2025-M08,MUR,SOC_ASO,22742.8,Mensual,SS_Asociativo
2025-09-01,2025-M09,MUR,SOC_ASO,22887.6,Mensual,SS_Asociativo
2025-10-01,2025-M10,MUR,SOC_ASO,23105.6,Mensual,SS_Asociativo
2025-11-01,2025-M11,MUR,SOC_ASO,23146.6,Mensual,SS_Asociativo
2025-12-01,2025-M12,MUR,SOC_ASO,23235.1,Mensual,SS_Asociativo
2026-01-01,2026-M01,MUR,SOC_ASO,23549.65,Mensual,SS_Asociativo
2026-02-01,2026-M02,MUR,SOC_ASO,23595.75,Mensual,SS_Asociativo
2026-03-01,2026-M03,MUR,SOC_ASO,23701.95,Mensual,SS_Asociativo
2026-04-01,2026-M04,MUR,SOC_ASO,23700.85,Mensual,SS_Asociativo
2026-05-01,2026-M05,MUR,SOC_ASO,23870.7,Mensual,SS_Asociativo
2026-06-01,2026-M06,MUR,SOC_ASO,24107.91,Mensual,SS_Asociativo
2026-07-01,2026-M07,MUR,SOC_ASO,24250.74,Mensual,SS_Asociativo
2009-01-01,2009-M01,NAV,SOC_ASO,10937.9,Mensual,SS_Asociativo
2009-02-01,2009-M02,NAV,SOC_ASO,10826.3,Mensual,SS_Asociativo
2009-03-01,2009-M03,NAV,SOC_ASO,10812.3,Mensual,SS_Asociativo
2009-04-01,2009-M04,NAV,SOC_ASO,10787.2,Mensual,SS_Asociativo
2009-05-01,2009-M05,NAV,SOC_ASO,10802.6,Mensual,SS_Asociativo
2009-06-01,2009-M06,NAV,SOC_ASO,10766.0,Mensual,SS_Asociativo
2009-07-01,2009-M07,NAV,SOC_ASO,10676.8,Mensual,SS_Asociativo
2009-08-01,2009-M08,NAV,SOC_ASO,10715.3,Mensual,SS_Asociativo
2009-09-01,2009-M09,NAV,SOC_ASO,10591.0,Mensual,SS_Asociativo
2009-10-01,2009-M10,NAV,SOC_ASO,10731.3,Mensual,SS_Asociativo
2009-11-01,2009-M11,NAV,SOC_ASO,10759.6,Mensual,SS_Asociativo
2009-12-01,2009-M12,NAV,SOC_ASO,10773.4,Mensual,SS_Asociativo
2010-01-01,2010-M01,NAV,SOC_ASO,10638.0,Mensual,SS_Asociativo
2010-02-01,2010-M02,NAV,SOC_ASO,10617.9,Mensual,SS_Asociativo
2010-03-01,2010-M03,NAV,SOC_ASO,10630.1,Mensual,SS_Asociativo
2010-04-01,2010-M04,NAV,SOC_ASO,10644.9,Mensual,SS_Asociativo
2010-05-01,2010-M05,NAV,SOC_ASO,10745.2,Mensual,SS_Asociativo
2010-06-01,2010-M06,NAV,SOC_ASO,10638.5,Mensual,SS_Asociativo
2010-07-01,2010-M07,NAV,SOC_ASO,10495.7,Mensual,SS_Asociativo
2010-08-01,2010-M08,NAV,SOC_ASO,10476.2,Mensual,SS_Asociativo
2010-09-01,2010-M09,NAV,SOC_ASO,10418.4,Mensual,SS_Asociativo
2010-10-01,2010-M10,NAV,SOC_ASO,10525.1,Mensual,SS_Asociativo
2010-11-01,2010-M11,NAV,SOC_ASO,10551.2,Mensual,SS_Asociativo
2010-12-01,2010-M12,NAV,SOC_ASO,10522.2,Mensual,SS_Asociativo
2011-01-01,2011-M01,NAV,SOC_ASO,10316.4,Mensual,SS_Asociativo
2011-02-01,2011-M02,NAV,SOC_ASO,10237.6,Mensual,SS_Asociativo
2011-03-01,2011-M03,NAV,SOC_ASO,10290.4,Mensual,SS_Asociativo
2011-04-01,2011-M04,NAV,SOC_ASO,10350.9,Mensual,SS_Asociativo
2011-05-01,2011-M05,NAV,SOC_ASO,10397.9,Mensual,SS_Asociativo
2011-06-01,2011-M06,NAV,SOC_ASO,10343.3,Mensual,SS_Asociativo
2011-07-01,2011-M07,NAV,SOC_ASO,10286.7,Mensual,SS_Asociativo
2011-08-01,2011-M08,NAV,SOC_ASO,10306.4,Mensual,SS_Asociativo
2011-09-01,2011-M09,NAV,SOC_ASO,10219.5,Mensual,SS_Asociativo
2011-10-01,2011-M10,NAV,SOC_ASO,10295.9,Mensual,SS_Asociativo
2011-11-01,2011-M11,NAV,SOC_ASO,10291.5,Mensual,SS_Asociativo
2011-12-01,2011-M12,NAV,SOC_ASO,10234.3,Mensual,SS_Asociativo
2012-01-01,2012-M01,NAV,SOC_ASO,9979.8,Mensual,SS_Asociativo
2012-02-01,2012-M02,NAV,SOC_ASO,9978.5,Mensual,SS_Asociativo
2012-03-01,2012-M03,NAV,SOC_ASO,9973.9,Mensual,SS_Asociativo
2012-04-01,2012-M04,NAV,SOC_ASO,9967.3,Mensual,SS_Asociativo
2012-05-01,2012-M05,NAV,SOC_ASO,9958.4,Mensual,SS_Asociativo
2012-06-01,2012-M06,NAV,SOC_ASO,9884.5,Mensual,SS_Asociativo
2012-07-01,2012-M07,NAV,SOC_ASO,9817.9,Mensual,SS_Asociativo
2012-08-01,2012-M08,NAV,SOC_ASO,9774.9,Mensual,SS_Asociativo
2012-09-01,2012-M09,NAV,SOC_ASO,9761.6,Mensual,SS_Asociativo
2012-10-01,2012-M10,NAV,SOC_ASO,9835.4,Mensual,SS_Asociativo
2012-11-01,2012-M11,NAV,SOC_ASO,9852.5,Mensual,SS_Asociativo
2012-12-01,2012-M12,NAV,SOC_ASO,9834.8,Mensual,SS_Asociativo
2013-01-01,2013-M01,NAV,SOC_ASO,9571.7,Mensual,SS_Asociativo
2013-02-01,2013-M02,NAV,SOC_ASO,9514.9,Mensual,SS_Asociativo
2013-03-01,2013-M03,NAV,SOC_ASO,9530.9,Mensual,SS_Asociativo
2013-04-01,2013-M04,NAV,SOC_ASO,9556.6,Mensual,SS_Asociativo
2013-05-01,2013-M05,NAV,SOC_ASO,9594.4,Mensual,SS_Asociativo
2013-06-01,2013-M06,NAV,SOC_ASO,9544.9,Mensual,SS_Asociativo
2013-07-01,2013-M07,NAV,SOC_ASO,9507.4,Mensual,SS_Asociativo
2013-08-01,2013-M08,NAV,SOC_ASO,9525.4,Mensual,SS_Asociativo
2013-09-01,2013-M09,NAV,SOC_ASO,9366.9,Mensual,SS_Asociativo
2013-10-01,2013-M10,NAV,SOC_ASO,9555.8,Mensual,SS_Asociativo
2013-11-01,2013-M11,NAV,SOC_ASO,9606.0,Mensual,SS_Asociativo
2013-12-01,2013-M12,NAV,SOC_ASO,9557.9,Mensual,SS_Asociativo
2014-01-01,2014-M01,NAV,SOC_ASO,9421.2,Mensual,SS_Asociativo
2014-02-01,2014-M02,NAV,SOC_ASO,9404.6,Mensual,SS_Asociativo
2014-03-01,2014-M03,NAV,SOC_ASO,9454.4,Mensual,SS_Asociativo
2014-04-01,2014-M04,NAV,SOC_ASO,9533.0,Mensual,SS_Asociativo
2014-05-01,2014-M05,NAV,SOC_ASO,9608.7,Mensual,SS_Asociativo
2014-06-01,2014-M06,NAV,SOC_ASO,9566.2,Mensual,SS_Asociativo
2014-07-01,2014-M07,NAV,SOC_ASO,9547.9,Mensual,SS_Asociativo
2014-08-01,2014-M08,NAV,SOC_ASO,9568.6,Mensual,SS_Asociativo
2014-09-01,2014-M09,NAV,SOC_ASO,9468.4,Mensual,SS_Asociativo
2014-10-01,2014-M10,NAV,SOC_ASO,9569.1,Mensual,SS_Asociativo
2014-11-01,2014-M11,NAV,SOC_ASO,9563.6,Mensual,SS_Asociativo
2014-12-01,2014-M12,NAV,SOC_ASO,9606.1,Mensual,SS_Asociativo
2015-01-01,2015-M01,NAV,SOC_ASO,9413.2,Mensual,SS_Asociativo
2015-02-01,2015-M02,NAV,SOC_ASO,9408.6,Mensual,SS_Asociativo
2015-03-01,2015-M03,NAV,SOC_ASO,9488.4,Mensual,SS_Asociativo
2015-04-01,2015-M04,NAV,SOC_ASO,9560.7,Mensual,SS_Asociativo
2015-05-01,2015-M05,NAV,SOC_ASO,9670.3,Mensual,SS_Asociativo
2015-06-01,2015-M06,NAV,SOC_ASO,9574.9,Mensual,SS_Asociativo
2015-07-01,2015-M07,NAV,SOC_ASO,9535.8,Mensual,SS_Asociativo
2015-08-01,2015-M08,NAV,SOC_ASO,9592.1,Mensual,SS_Asociativo
2015-09-01,2015-M09,NAV,SOC_ASO,9559.2,Mensual,SS_Asociativo
2015-10-01,2015-M10,NAV,SOC_ASO,9715.0,Mensual,SS_Asociativo
2015-11-01,2015-M11,NAV,SOC_ASO,9761.5,Mensual,SS_Asociativo
2015-12-01,2015-M12,NAV,SOC_ASO,9764.9,Mensual,SS_Asociativo
2016-01-01,2016-M01,NAV,SOC_ASO,9503.7,Mensual,SS_Asociativo
2016-02-01,2016-M02,NAV,SOC_ASO,9528.3,Mensual,SS_Asociativo
2016-03-01,2016-M03,NAV,SOC_ASO,9598.6,Mensual,SS_Asociativo
2016-04-01,2016-M04,NAV,SOC_ASO,9683.2,Mensual,SS_Asociativo
2016-05-01,2016-M05,NAV,SOC_ASO,9780.0,Mensual,SS_Asociativo
2016-06-01,2016-M06,NAV,SOC_ASO,9773.0,Mensual,SS_Asociativo
2016-07-01,2016-M07,NAV,SOC_ASO,9657.5,Mensual,SS_Asociativo
2016-08-01,2016-M08,NAV,SOC_ASO,9666.6,Mensual,SS_Asociativo
2016-09-01,2016-M09,NAV,SOC_ASO,9718.2,Mensual,SS_Asociativo
2016-10-01,2016-M10,NAV,SOC_ASO,9906.2,Mensual,SS_Asociativo
2016-11-01,2016-M11,NAV,SOC_ASO,9922.1,Mensual,SS_Asociativo
2016-12-01,2016-M12,NAV,SOC_ASO,9843.8,Mensual,SS_Asociativo
2017-01-01,2017-M01,NAV,SOC_ASO,9620.1,Mensual,SS_Asociativo
2017-02-01,2017-M02,NAV,SOC_ASO,9606.8,Mensual,SS_Asociativo
2017-03-01,2017-M03,NAV,SOC_ASO,9591.0,Mensual,SS_Asociativo
2017-04-01,2017-M04,NAV,SOC_ASO,9666.6,Mensual,SS_Asociativo
2017-05-01,2017-M05,NAV,SOC_ASO,9735.6,Mensual,SS_Asociativo
2017-06-01,2017-M06,NAV,SOC_ASO,9627.2,Mensual,SS_Asociativo
2017-07-01,2017-M07,NAV,SOC_ASO,9494.1,Mensual,SS_Asociativo
2017-08-01,2017-M08,NAV,SOC_ASO,9553.8,Mensual,SS_Asociativo
2017-09-01,2017-M09,NAV,SOC_ASO,9549.6,Mensual,SS_Asociativo
2017-10-01,2017-M10,NAV,SOC_ASO,9773.4,Mensual,SS_Asociativo
2017-11-01,2017-M11,NAV,SOC_ASO,9805.2,Mensual,SS_Asociativo
2017-12-01,2017-M12,NAV,SOC_ASO,9754.8,Mensual,SS_Asociativo
2018-01-01,2018-M01,NAV,SOC_ASO,9592.0,Mensual,SS_Asociativo
2018-02-01,2018-M02,NAV,SOC_ASO,9644.1,Mensual,SS_Asociativo
2018-03-01,2018-M03,NAV,SOC_ASO,9709.4,Mensual,SS_Asociativo
2018-04-01,2018-M04,NAV,SOC_ASO,9746.6,Mensual,SS_Asociativo
2018-05-01,2018-M05,NAV,SOC_ASO,9810.0,Mensual,SS_Asociativo
2018-06-01,2018-M06,NAV,SOC_ASO,9725.8,Mensual,SS_Asociativo
2018-07-01,2018-M07,NAV,SOC_ASO,9631.9,Mensual,SS_Asociativo
2018-08-01,2018-M08,NAV,SOC_ASO,9682.1,Mensual,SS_Asociativo
2018-09-01,2018-M09,NAV,SOC_ASO,9615.9,Mensual,SS_Asociativo
2018-10-01,2018-M10,NAV,SOC_ASO,9857.0,Mensual,SS_Asociativo
2018-11-01,2018-M11,NAV,SOC_ASO,9892.6,Mensual,SS_Asociativo
2018-12-01,2018-M12,NAV,SOC_ASO,9898.0,Mensual,SS_Asociativo
2019-01-01,2019-M01,NAV,SOC_ASO,9745.8,Mensual,SS_Asociativo
2019-02-01,2019-M02,NAV,SOC_ASO,9738.5,Mensual,SS_Asociativo
2019-03-01,2019-M03,NAV,SOC_ASO,9825.7,Mensual,SS_Asociativo
2019-04-01,2019-M04,NAV,SOC_ASO,9855.1,Mensual,SS_Asociativo
2019-05-01,2019-M05,NAV,SOC_ASO,9922.0,Mensual,SS_Asociativo
2019-06-01,2019-M06,NAV,SOC_ASO,9841.2,Mensual,SS_Asociativo
2019-07-01,2019-M07,NAV,SOC_ASO,9808.1,Mensual,SS_Asociativo
2019-08-01,2019-M08,NAV,SOC_ASO,9832.5,Mensual,SS_Asociativo
2019-09-01,2019-M09,NAV,SOC_ASO,9791.2,Mensual,SS_Asociativo
2019-10-01,2019-M10,NAV,SOC_ASO,10049.7,Mensual,SS_Asociativo
2019-11-01,2019-M11,NAV,SOC_ASO,10170.7,Mensual,SS_Asociativo
2019-12-01,2019-M12,NAV,SOC_ASO,10169.0,Mensual,SS_Asociativo
2020-01-01,2020-M01,NAV,SOC_ASO,9999.6,Mensual,SS_Asociativo
2020-02-01,2020-M02,NAV,SOC_ASO,10021.6,Mensual,SS_Asociativo
2020-03-01,2020-M03,NAV,SOC_ASO,9974.9,Mensual,SS_Asociativo
2020-04-01,2020-M04,NAV,SOC_ASO,9694.7,Mensual,SS_Asociativo
2020-05-01,2020-M05,NAV,SOC_ASO,9701.6,Mensual,SS_Asociativo
2020-06-01,2020-M06,NAV,SOC_ASO,9494.5,Mensual,SS_Asociativo
2020-07-01,2020-M07,NAV,SOC_ASO,9490.1,Mensual,SS_Asociativo
2020-08-01,2020-M08,NAV,SOC_ASO,9613.9,Mensual,SS_Asociativo
2020-09-01,2020-M09,NAV,SOC_ASO,9651.5,Mensual,SS_Asociativo
2020-10-01,2020-M10,NAV,SOC_ASO,9720.0,Mensual,SS_Asociativo
2020-11-01,2020-M11,NAV,SOC_ASO,9716.0,Mensual,SS_Asociativo
2020-12-01,2020-M12,NAV,SOC_ASO,9702.4,Mensual,SS_Asociativo
2021-01-01,2021-M01,NAV,SOC_ASO,9504.2,Mensual,SS_Asociativo
2021-02-01,2021-M02,NAV,SOC_ASO,9545.6,Mensual,SS_Asociativo
2021-03-01,2021-M03,NAV,SOC_ASO,9612.3,Mensual,SS_Asociativo
2021-04-01,2021-M04,NAV,SOC_ASO,9681.7,Mensual,SS_Asociativo
2021-05-01,2021-M05,NAV,SOC_ASO,9714.9,Mensual,SS_Asociativo
2021-06-01,2021-M06,NAV,SOC_ASO,9759.3,Mensual,SS_Asociativo
2021-07-01,2021-M07,NAV,SOC_ASO,9774.5,Mensual,SS_Asociativo
2021-08-01,2021-M08,NAV,SOC_ASO,9818.2,Mensual,SS_Asociativo
2021-09-01,2021-M09,NAV,SOC_ASO,9819.1,Mensual,SS_Asociativo
2021-10-01,2021-M10,NAV,SOC_ASO,9993.8,Mensual,SS_Asociativo
2021-11-01,2021-M11,NAV,SOC_ASO,10069.5,Mensual,SS_Asociativo
2021-12-01,2021-M12,NAV,SOC_ASO,10059.5,Mensual,SS_Asociativo
2022-01-01,2022-M01,NAV,SOC_ASO,9886.4,Mensual,SS_Asociativo
2022-02-01,2022-M02,NAV,SOC_ASO,9861.1,Mensual,SS_Asociativo
2022-03-01,2022-M03,NAV,SOC_ASO,9975.7,Mensual,SS_Asociativo
2022-04-01,2022-M04,NAV,SOC_ASO,10017.1,Mensual,SS_Asociativo
2022-05-01,2022-M05,NAV,SOC_ASO,10120.0,Mensual,SS_Asociativo
2022-06-01,2022-M06,NAV,SOC_ASO,10146.1,Mensual,SS_Asociativo
2022-07-01,2022-M07,NAV,SOC_ASO,10085.8,Mensual,SS_Asociativo
2022-08-01,2022-M08,NAV,SOC_ASO,10100.6,Mensual,SS_Asociativo
2022-09-01,2022-M09,NAV,SOC_ASO,10090.4,Mensual,SS_Asociativo
2022-10-01,2022-M10,NAV,SOC_ASO,10342.2,Mensual,SS_Asociativo
2022-11-01,2022-M11,NAV,SOC_ASO,10449.7,Mensual,SS_Asociativo
2022-12-01,2022-M12,NAV,SOC_ASO,10455.0,Mensual,SS_Asociativo
2023-01-01,2023-M01,NAV,SOC_ASO,10325.2,Mensual,SS_Asociativo
2023-02-01,2023-M02,NAV,SOC_ASO,10352.8,Mensual,SS_Asociativo
2023-03-01,2023-M03,NAV,SOC_ASO,10434.2,Mensual,SS_Asociativo
2023-04-01,2023-M04,NAV,SOC_ASO,10510.1,Mensual,SS_Asociativo
2023-05-01,2023-M05,NAV,SOC_ASO,10568.7,Mensual,SS_Asociativo
2023-06-01,2023-M06,NAV,SOC_ASO,10505.3,Mensual,SS_Asociativo
2023-07-01,2023-M07,NAV,SOC_ASO,10452.1,Mensual,SS_Asociativo
2023-08-01,2023-M08,NAV,SOC_ASO,10437.5,Mensual,SS_Asociativo
2023-09-01,2023-M09,NAV,SOC_ASO,10409.8,Mensual,SS_Asociativo
2023-10-01,2023-M10,NAV,SOC_ASO,10629.7,Mensual,SS_Asociativo
2023-11-01,2023-M11,NAV,SOC_ASO,10617.0,Mensual,SS_Asociativo
2023-12-01,2023-M12,NAV,SOC_ASO,10592.2,Mensual,SS_Asociativo
2024-01-01,2024-M01,NAV,SOC_ASO,10492.4,Mensual,SS_Asociativo
2024-02-01,2024-M02,NAV,SOC_ASO,10605.9,Mensual,SS_Asociativo
2024-03-01,2024-M03,NAV,SOC_ASO,10724.7,Mensual,SS_Asociativo
2024-04-01,2024-M04,NAV,SOC_ASO,10791.3,Mensual,SS_Asociativo
2024-05-01,2024-M05,NAV,SOC_ASO,10851.3,Mensual,SS_Asociativo
2024-06-01,2024-M06,NAV,SOC_ASO,10780.9,Mensual,SS_Asociativo
2024-07-01,2024-M07,NAV,SOC_ASO,10622.0,Mensual,SS_Asociativo
2024-08-01,2024-M08,NAV,SOC_ASO,10601.9,Mensual,SS_Asociativo
2024-09-01,2024-M09,NAV,SOC_ASO,10607.6,Mensual,SS_Asociativo
2024-10-01,2024-M10,NAV,SOC_ASO,10747.4,Mensual,SS_Asociativo
2024-11-01,2024-M11,NAV,SOC_ASO,10804.2,Mensual,SS_Asociativo
2024-12-01,2024-M12,NAV,SOC_ASO,10823.7,Mensual,SS_Asociativo
2025-01-01,2025-M01,NAV,SOC_ASO,10631.9,Mensual,SS_Asociativo
2025-02-01,2025-M02,NAV,SOC_ASO,10628.7,Mensual,SS_Asociativo
2025-03-01,2025-M03,NAV,SOC_ASO,10706.0,Mensual,SS_Asociativo
2025-04-01,2025-M04,NAV,SOC_ASO,10757.5,Mensual,SS_Asociativo
2025-05-01,2025-M05,NAV,SOC_ASO,10848.4,Mensual,SS_Asociativo
2025-06-01,2025-M06,NAV,SOC_ASO,10791.6,Mensual,SS_Asociativo
2025-07-01,2025-M07,NAV,SOC_ASO,10716.4,Mensual,SS_Asociativo
2025-08-01,2025-M08,NAV,SOC_ASO,10629.4,Mensual,SS_Asociativo
2025-09-01,2025-M09,NAV,SOC_ASO,10655.0,Mensual,SS_Asociativo
2025-10-01,2025-M10,NAV,SOC_ASO,10859.2,Mensual,SS_Asociativo
2025-11-01,2025-M11,NAV,SOC_ASO,10902.7,Mensual,SS_Asociativo
2025-12-01,2025-M12,NAV,SOC_ASO,10948.3,Mensual,SS_Asociativo
2026-01-01,2026-M01,NAV,SOC_ASO,11145.9,Mensual,SS_Asociativo
2026-02-01,2026-M02,NAV,SOC_ASO,11251.5,Mensual,SS_Asociativo
2026-03-01,2026-M03,NAV,SOC_ASO,11315.32,Mensual,SS_Asociativo
2026-04-01,2026-M04,NAV,SOC_ASO,11366.25,Mensual,SS_Asociativo
2026-05-01,2026-M05,NAV,SOC_ASO,11427.25,Mensual,SS_Asociativo
2026-06-01,2026-M06,NAV,SOC_ASO,11382.05,Mensual,SS_Asociativo
2026-07-01,2026-M07,NAV,SOC_ASO,11363.26,Mensual,SS_Asociativo
2009-01-01,2009-M01,PV,SOC_ASO,38316.8,Mensual,SS_Asociativo
2009-02-01,2009-M02,PV,SOC_ASO,37945.6,Mensual,SS_Asociativo
2009-03-01,2009-M03,PV,SOC_ASO,37569.4,Mensual,SS_Asociativo
2009-04-01,2009-M04,PV,SOC_ASO,37394.0,Mensual,SS_Asociativo
2009-05-01,2009-M05,PV,SOC_ASO,37566.7,Mensual,SS_Asociativo
2009-06-01,2009-M06,PV,SOC_ASO,37476.9,Mensual,SS_Asociativo
2009-07-01,2009-M07,PV,SOC_ASO,37332.4,Mensual,SS_Asociativo
2009-08-01,2009-M08,PV,SOC_ASO,36504.2,Mensual,SS_Asociativo
2009-09-01,2009-M09,PV,SOC_ASO,36565.8,Mensual,SS_Asociativo
2009-10-01,2009-M10,PV,SOC_ASO,37312.5,Mensual,SS_Asociativo
2009-11-01,2009-M11,PV,SOC_ASO,37489.4,Mensual,SS_Asociativo
2009-12-01,2009-M12,PV,SOC_ASO,37612.2,Mensual,SS_Asociativo
2010-01-01,2010-M01,PV,SOC_ASO,37045.0,Mensual,SS_Asociativo
2010-02-01,2010-M02,PV,SOC_ASO,36990.6,Mensual,SS_Asociativo
2010-03-01,2010-M03,PV,SOC_ASO,37025.2,Mensual,SS_Asociativo
2010-04-01,2010-M04,PV,SOC_ASO,36951.5,Mensual,SS_Asociativo
2010-05-01,2010-M05,PV,SOC_ASO,37053.6,Mensual,SS_Asociativo
2010-06-01,2010-M06,PV,SOC_ASO,37021.1,Mensual,SS_Asociativo
2010-07-01,2010-M07,PV,SOC_ASO,36935.5,Mensual,SS_Asociativo
2010-08-01,2010-M08,PV,SOC_ASO,36129.1,Mensual,SS_Asociativo
2010-09-01,2010-M09,PV,SOC_ASO,36207.1,Mensual,SS_Asociativo
2010-10-01,2010-M10,PV,SOC_ASO,36941.3,Mensual,SS_Asociativo
2010-11-01,2010-M11,PV,SOC_ASO,37200.0,Mensual,SS_Asociativo
2010-12-01,2010-M12,PV,SOC_ASO,37244.7,Mensual,SS_Asociativo
2011-01-01,2011-M01,PV,SOC_ASO,36803.6,Mensual,SS_Asociativo
2011-02-01,2011-M02,PV,SOC_ASO,36737.1,Mensual,SS_Asociativo
2011-03-01,2011-M03,PV,SOC_ASO,36756.7,Mensual,SS_Asociativo
2011-04-01,2011-M04,PV,SOC_ASO,36663.3,Mensual,SS_Asociativo
2011-05-01,2011-M05,PV,SOC_ASO,36626.1,Mensual,SS_Asociativo
2011-06-01,2011-M06,PV,SOC_ASO,36250.1,Mensual,SS_Asociativo
2011-07-01,2011-M07,PV,SOC_ASO,36296.6,Mensual,SS_Asociativo
2011-08-01,2011-M08,PV,SOC_ASO,35402.1,Mensual,SS_Asociativo
2011-09-01,2011-M09,PV,SOC_ASO,35552.9,Mensual,SS_Asociativo
2011-10-01,2011-M10,PV,SOC_ASO,36282.7,Mensual,SS_Asociativo
2011-11-01,2011-M11,PV,SOC_ASO,36421.4,Mensual,SS_Asociativo
2011-12-01,2011-M12,PV,SOC_ASO,37028.0,Mensual,SS_Asociativo
2012-01-01,2012-M01,PV,SOC_ASO,36770.1,Mensual,SS_Asociativo
2012-02-01,2012-M02,PV,SOC_ASO,36777.4,Mensual,SS_Asociativo
2012-03-01,2012-M03,PV,SOC_ASO,36805.4,Mensual,SS_Asociativo
2012-04-01,2012-M04,PV,SOC_ASO,36755.1,Mensual,SS_Asociativo
2012-05-01,2012-M05,PV,SOC_ASO,36805.1,Mensual,SS_Asociativo
2012-06-01,2012-M06,PV,SOC_ASO,36178.9,Mensual,SS_Asociativo
2012-07-01,2012-M07,PV,SOC_ASO,36007.2,Mensual,SS_Asociativo
2012-08-01,2012-M08,PV,SOC_ASO,35142.0,Mensual,SS_Asociativo
2012-09-01,2012-M09,PV,SOC_ASO,35434.7,Mensual,SS_Asociativo
2012-10-01,2012-M10,PV,SOC_ASO,36089.0,Mensual,SS_Asociativo
2012-11-01,2012-M11,PV,SOC_ASO,36271.6,Mensual,SS_Asociativo
2012-12-01,2012-M12,PV,SOC_ASO,36271.8,Mensual,SS_Asociativo
2013-01-01,2013-M01,PV,SOC_ASO,35811.7,Mensual,SS_Asociativo
2013-02-01,2013-M02,PV,SOC_ASO,35767.4,Mensual,SS_Asociativo
2013-03-01,2013-M03,PV,SOC_ASO,35701.0,Mensual,SS_Asociativo
2013-04-01,2013-M04,PV,SOC_ASO,35710.4,Mensual,SS_Asociativo
2013-05-01,2013-M05,PV,SOC_ASO,35741.7,Mensual,SS_Asociativo
2013-06-01,2013-M06,PV,SOC_ASO,35157.3,Mensual,SS_Asociativo
2013-07-01,2013-M07,PV,SOC_ASO,35113.8,Mensual,SS_Asociativo
2013-08-01,2013-M08,PV,SOC_ASO,34174.9,Mensual,SS_Asociativo
2013-09-01,2013-M09,PV,SOC_ASO,34531.9,Mensual,SS_Asociativo
2013-10-01,2013-M10,PV,SOC_ASO,35608.0,Mensual,SS_Asociativo
2013-11-01,2013-M11,PV,SOC_ASO,36026.0,Mensual,SS_Asociativo
2013-12-01,2013-M12,PV,SOC_ASO,36275.4,Mensual,SS_Asociativo
2014-01-01,2014-M01,PV,SOC_ASO,35917.7,Mensual,SS_Asociativo
2014-02-01,2014-M02,PV,SOC_ASO,36011.4,Mensual,SS_Asociativo
2014-03-01,2014-M03,PV,SOC_ASO,35994.2,Mensual,SS_Asociativo
2014-04-01,2014-M04,PV,SOC_ASO,36047.9,Mensual,SS_Asociativo
2014-05-01,2014-M05,PV,SOC_ASO,36071.6,Mensual,SS_Asociativo
2014-06-01,2014-M06,PV,SOC_ASO,35197.2,Mensual,SS_Asociativo
2014-07-01,2014-M07,PV,SOC_ASO,35359.7,Mensual,SS_Asociativo
2014-08-01,2014-M08,PV,SOC_ASO,34399.9,Mensual,SS_Asociativo
2014-09-01,2014-M09,PV,SOC_ASO,34836.2,Mensual,SS_Asociativo
2014-10-01,2014-M10,PV,SOC_ASO,36338.1,Mensual,SS_Asociativo
2014-11-01,2014-M11,PV,SOC_ASO,36928.3,Mensual,SS_Asociativo
2014-12-01,2014-M12,PV,SOC_ASO,37305.8,Mensual,SS_Asociativo
2015-01-01,2015-M01,PV,SOC_ASO,36832.4,Mensual,SS_Asociativo
2015-02-01,2015-M02,PV,SOC_ASO,36874.2,Mensual,SS_Asociativo
2015-03-01,2015-M03,PV,SOC_ASO,36963.5,Mensual,SS_Asociativo
2015-04-01,2015-M04,PV,SOC_ASO,37033.1,Mensual,SS_Asociativo
2015-05-01,2015-M05,PV,SOC_ASO,37277.1,Mensual,SS_Asociativo
2015-06-01,2015-M06,PV,SOC_ASO,36146.3,Mensual,SS_Asociativo
2015-07-01,2015-M07,PV,SOC_ASO,36126.5,Mensual,SS_Asociativo
2015-08-01,2015-M08,PV,SOC_ASO,34976.5,Mensual,SS_Asociativo
2015-09-01,2015-M09,PV,SOC_ASO,35412.5,Mensual,SS_Asociativo
2015-10-01,2015-M10,PV,SOC_ASO,37052.0,Mensual,SS_Asociativo
2015-11-01,2015-M11,PV,SOC_ASO,37589.8,Mensual,SS_Asociativo
2015-12-01,2015-M12,PV,SOC_ASO,37954.9,Mensual,SS_Asociativo
2016-01-01,2016-M01,PV,SOC_ASO,37561.1,Mensual,SS_Asociativo
2016-02-01,2016-M02,PV,SOC_ASO,37677.3,Mensual,SS_Asociativo
2016-03-01,2016-M03,PV,SOC_ASO,37776.5,Mensual,SS_Asociativo
2016-04-01,2016-M04,PV,SOC_ASO,37872.9,Mensual,SS_Asociativo
2016-05-01,2016-M05,PV,SOC_ASO,37919.3,Mensual,SS_Asociativo
2016-06-01,2016-M06,PV,SOC_ASO,36721.0,Mensual,SS_Asociativo
2016-07-01,2016-M07,PV,SOC_ASO,36621.4,Mensual,SS_Asociativo
2016-08-01,2016-M08,PV,SOC_ASO,35116.3,Mensual,SS_Asociativo
2016-09-01,2016-M09,PV,SOC_ASO,35581.7,Mensual,SS_Asociativo
2016-10-01,2016-M10,PV,SOC_ASO,37185.1,Mensual,SS_Asociativo
2016-11-01,2016-M11,PV,SOC_ASO,37653.9,Mensual,SS_Asociativo
2016-12-01,2016-M12,PV,SOC_ASO,37855.0,Mensual,SS_Asociativo
2017-01-01,2017-M01,PV,SOC_ASO,37333.0,Mensual,SS_Asociativo
2017-02-01,2017-M02,PV,SOC_ASO,37419.1,Mensual,SS_Asociativo
2017-03-01,2017-M03,PV,SOC_ASO,37517.2,Mensual,SS_Asociativo
2017-04-01,2017-M04,PV,SOC_ASO,37619.2,Mensual,SS_Asociativo
2017-05-01,2017-M05,PV,SOC_ASO,37598.2,Mensual,SS_Asociativo
2017-06-01,2017-M06,PV,SOC_ASO,36095.2,Mensual,SS_Asociativo
2017-07-01,2017-M07,PV,SOC_ASO,36172.9,Mensual,SS_Asociativo
2017-08-01,2017-M08,PV,SOC_ASO,34750.5,Mensual,SS_Asociativo
2017-09-01,2017-M09,PV,SOC_ASO,35257.8,Mensual,SS_Asociativo
2017-10-01,2017-M10,PV,SOC_ASO,37045.4,Mensual,SS_Asociativo
2017-11-01,2017-M11,PV,SOC_ASO,37423.0,Mensual,SS_Asociativo
2017-12-01,2017-M12,PV,SOC_ASO,37660.2,Mensual,SS_Asociativo
2018-01-01,2018-M01,PV,SOC_ASO,37368.7,Mensual,SS_Asociativo
2018-02-01,2018-M02,PV,SOC_ASO,37369.1,Mensual,SS_Asociativo
2018-03-01,2018-M03,PV,SOC_ASO,37519.4,Mensual,SS_Asociativo
2018-04-01,2018-M04,PV,SOC_ASO,37552.0,Mensual,SS_Asociativo
2018-05-01,2018-M05,PV,SOC_ASO,37470.5,Mensual,SS_Asociativo
2018-06-01,2018-M06,PV,SOC_ASO,35976.9,Mensual,SS_Asociativo
2018-07-01,2018-M07,PV,SOC_ASO,35940.0,Mensual,SS_Asociativo
2018-08-01,2018-M08,PV,SOC_ASO,34498.7,Mensual,SS_Asociativo
2018-09-01,2018-M09,PV,SOC_ASO,35102.7,Mensual,SS_Asociativo
2018-10-01,2018-M10,PV,SOC_ASO,36898.8,Mensual,SS_Asociativo
2018-11-01,2018-M11,PV,SOC_ASO,37258.9,Mensual,SS_Asociativo
2018-12-01,2018-M12,PV,SOC_ASO,37572.2,Mensual,SS_Asociativo
2019-01-01,2019-M01,PV,SOC_ASO,37266.8,Mensual,SS_Asociativo
2019-02-01,2019-M02,PV,SOC_ASO,37311.2,Mensual,SS_Asociativo
2019-03-01,2019-M03,PV,SOC_ASO,37379.5,Mensual,SS_Asociativo
2019-04-01,2019-M04,PV,SOC_ASO,37430.3,Mensual,SS_Asociativo
2019-05-01,2019-M05,PV,SOC_ASO,37400.1,Mensual,SS_Asociativo
2019-06-01,2019-M06,PV,SOC_ASO,35667.2,Mensual,SS_Asociativo
2019-07-01,2019-M07,PV,SOC_ASO,35608.0,Mensual,SS_Asociativo
2019-08-01,2019-M08,PV,SOC_ASO,34386.1,Mensual,SS_Asociativo
2019-09-01,2019-M09,PV,SOC_ASO,34921.1,Mensual,SS_Asociativo
2019-10-01,2019-M10,PV,SOC_ASO,36828.6,Mensual,SS_Asociativo
2019-11-01,2019-M11,PV,SOC_ASO,37145.6,Mensual,SS_Asociativo
2019-12-01,2019-M12,PV,SOC_ASO,37532.4,Mensual,SS_Asociativo
2020-01-01,2020-M01,PV,SOC_ASO,37099.8,Mensual,SS_Asociativo
2020-02-01,2020-M02,PV,SOC_ASO,37118.2,Mensual,SS_Asociativo
2020-03-01,2020-M03,PV,SOC_ASO,36651.0,Mensual,SS_Asociativo
2020-04-01,2020-M04,PV,SOC_ASO,35744.6,Mensual,SS_Asociativo
2020-05-01,2020-M05,PV,SOC_ASO,35542.3,Mensual,SS_Asociativo
2020-06-01,2020-M06,PV,SOC_ASO,33746.0,Mensual,SS_Asociativo
2020-07-01,2020-M07,PV,SOC_ASO,33628.6,Mensual,SS_Asociativo
2020-08-01,2020-M08,PV,SOC_ASO,33137.9,Mensual,SS_Asociativo
2020-09-01,2020-M09,PV,SOC_ASO,33479.4,Mensual,SS_Asociativo
2020-10-01,2020-M10,PV,SOC_ASO,34046.4,Mensual,SS_Asociativo
2020-11-01,2020-M11,PV,SOC_ASO,34173.3,Mensual,SS_Asociativo
2020-12-01,2020-M12,PV,SOC_ASO,34162.3,Mensual,SS_Asociativo
2021-01-01,2021-M01,PV,SOC_ASO,33752.2,Mensual,SS_Asociativo
2021-02-01,2021-M02,PV,SOC_ASO,33710.9,Mensual,SS_Asociativo
2021-03-01,2021-M03,PV,SOC_ASO,33826.8,Mensual,SS_Asociativo
2021-04-01,2021-M04,PV,SOC_ASO,33908.0,Mensual,SS_Asociativo
2021-05-01,2021-M05,PV,SOC_ASO,34042.6,Mensual,SS_Asociativo
2021-06-01,2021-M06,PV,SOC_ASO,33901.8,Mensual,SS_Asociativo
2021-07-01,2021-M07,PV,SOC_ASO,34137.3,Mensual,SS_Asociativo
2021-08-01,2021-M08,PV,SOC_ASO,32887.5,Mensual,SS_Asociativo
2021-09-01,2021-M09,PV,SOC_ASO,33454.6,Mensual,SS_Asociativo
2021-10-01,2021-M10,PV,SOC_ASO,34783.2,Mensual,SS_Asociativo
2021-11-01,2021-M11,PV,SOC_ASO,35172.3,Mensual,SS_Asociativo
2021-12-01,2021-M12,PV,SOC_ASO,35465.4,Mensual,SS_Asociativo
2022-01-01,2022-M01,PV,SOC_ASO,35196.9,Mensual,SS_Asociativo
2022-02-01,2022-M02,PV,SOC_ASO,35320.7,Mensual,SS_Asociativo
2022-03-01,2022-M03,PV,SOC_ASO,35448.6,Mensual,SS_Asociativo
2022-04-01,2022-M04,PV,SOC_ASO,35589.6,Mensual,SS_Asociativo
2022-05-01,2022-M05,PV,SOC_ASO,35592.7,Mensual,SS_Asociativo
2022-06-01,2022-M06,PV,SOC_ASO,34752.0,Mensual,SS_Asociativo
2022-07-01,2022-M07,PV,SOC_ASO,34742.9,Mensual,SS_Asociativo
2022-08-01,2022-M08,PV,SOC_ASO,33204.1,Mensual,SS_Asociativo
2022-09-01,2022-M09,PV,SOC_ASO,33764.0,Mensual,SS_Asociativo
2022-10-01,2022-M10,PV,SOC_ASO,35162.6,Mensual,SS_Asociativo
2022-11-01,2022-M11,PV,SOC_ASO,35457.1,Mensual,SS_Asociativo
2022-12-01,2022-M12,PV,SOC_ASO,35654.1,Mensual,SS_Asociativo
2023-01-01,2023-M01,PV,SOC_ASO,35267.3,Mensual,SS_Asociativo
2023-02-01,2023-M02,PV,SOC_ASO,35409.0,Mensual,SS_Asociativo
2023-03-01,2023-M03,PV,SOC_ASO,35634.3,Mensual,SS_Asociativo
2023-04-01,2023-M04,PV,SOC_ASO,35788.8,Mensual,SS_Asociativo
2023-05-01,2023-M05,PV,SOC_ASO,35850.3,Mensual,SS_Asociativo
2023-06-01,2023-M06,PV,SOC_ASO,35215.3,Mensual,SS_Asociativo
2023-07-01,2023-M07,PV,SOC_ASO,34913.9,Mensual,SS_Asociativo
2023-08-01,2023-M08,PV,SOC_ASO,33420.4,Mensual,SS_Asociativo
2023-09-01,2023-M09,PV,SOC_ASO,33849.5,Mensual,SS_Asociativo
2023-10-01,2023-M10,PV,SOC_ASO,35081.1,Mensual,SS_Asociativo
2023-11-01,2023-M11,PV,SOC_ASO,35398.9,Mensual,SS_Asociativo
2023-12-01,2023-M12,PV,SOC_ASO,35613.8,Mensual,SS_Asociativo
2024-01-01,2024-M01,PV,SOC_ASO,35325.1,Mensual,SS_Asociativo
2024-02-01,2024-M02,PV,SOC_ASO,35581.9,Mensual,SS_Asociativo
2024-03-01,2024-M03,PV,SOC_ASO,35794.1,Mensual,SS_Asociativo
2024-04-01,2024-M04,PV,SOC_ASO,35920.2,Mensual,SS_Asociativo
2024-05-01,2024-M05,PV,SOC_ASO,35956.4,Mensual,SS_Asociativo
2024-06-01,2024-M06,PV,SOC_ASO,35115.0,Mensual,SS_Asociativo
2024-07-01,2024-M07,PV,SOC_ASO,35006.9,Mensual,SS_Asociativo
2024-08-01,2024-M08,PV,SOC_ASO,33375.5,Mensual,SS_Asociativo
2024-09-01,2024-M09,PV,SOC_ASO,33745.6,Mensual,SS_Asociativo
2024-10-01,2024-M10,PV,SOC_ASO,35020.7,Mensual,SS_Asociativo
2024-11-01,2024-M11,PV,SOC_ASO,35245.7,Mensual,SS_Asociativo
2024-12-01,2024-M12,PV,SOC_ASO,35386.9,Mensual,SS_Asociativo
2025-01-01,2025-M01,PV,SOC_ASO,35093.1,Mensual,SS_Asociativo
2025-02-01,2025-M02,PV,SOC_ASO,35327.7,Mensual,SS_Asociativo
2025-03-01,2025-M03,PV,SOC_ASO,35559.8,Mensual,SS_Asociativo
2025-04-01,2025-M04,PV,SOC_ASO,35773.9,Mensual,SS_Asociativo
2025-05-01,2025-M05,PV,SOC_ASO,35875.7,Mensual,SS_Asociativo
2025-06-01,2025-M06,PV,SOC_ASO,35305.6,Mensual,SS_Asociativo
2025-07-01,2025-M07,PV,SOC_ASO,34914.4,Mensual,SS_Asociativo
2025-08-01,2025-M08,PV,SOC_ASO,33386.6,Mensual,SS_Asociativo
2025-09-01,2025-M09,PV,SOC_ASO,33822.0,Mensual,SS_Asociativo
2025-10-01,2025-M10,PV,SOC_ASO,35009.4,Mensual,SS_Asociativo
2025-11-01,2025-M11,PV,SOC_ASO,35091.8,Mensual,SS_Asociativo
2025-12-01,2025-M12,PV,SOC_ASO,35253.1,Mensual,SS_Asociativo
2026-01-01,2026-M01,PV,SOC_ASO,35548.15,Mensual,SS_Asociativo
2026-02-01,2026-M02,PV,SOC_ASO,35673.45,Mensual,SS_Asociativo
2026-03-01,2026-M03,PV,SOC_ASO,35806.09,Mensual,SS_Asociativo
2026-04-01,2026-M04,PV,SOC_ASO,35918.25,Mensual,SS_Asociativo
2026-05-01,2026-M05,PV,SOC_ASO,36041.3,Mensual,SS_Asociativo
2026-06-01,2026-M06,PV,SOC_ASO,35871.73,Mensual,SS_Asociativo
2026-07-01,2026-M07,PV,SOC_ASO,36056.13,Mensual,SS_Asociativo
2009-01-01,2009-M01,RIO,SOC_ASO,5425.7,Mensual,SS_Asociativo
2009-02-01,2009-M02,RIO,SOC_ASO,5321.8,Mensual,SS_Asociativo
2009-03-01,2009-M03,RIO,SOC_ASO,5310.5,Mensual,SS_Asociativo
2009-04-01,2009-M04,RIO,SOC_ASO,5320.5,Mensual,SS_Asociativo
2009-05-01,2009-M05,RIO,SOC_ASO,5280.2,Mensual,SS_Asociativo
2009-06-01,2009-M06,RIO,SOC_ASO,5240.7,Mensual,SS_Asociativo
2009-07-01,2009-M07,RIO,SOC_ASO,5263.1,Mensual,SS_Asociativo
2009-08-01,2009-M08,RIO,SOC_ASO,5235.1,Mensual,SS_Asociativo
2009-09-01,2009-M09,RIO,SOC_ASO,5207.7,Mensual,SS_Asociativo
2009-10-01,2009-M10,RIO,SOC_ASO,5249.9,Mensual,SS_Asociativo
2009-11-01,2009-M11,RIO,SOC_ASO,5284.6,Mensual,SS_Asociativo
2009-12-01,2009-M12,RIO,SOC_ASO,5301.7,Mensual,SS_Asociativo
2010-01-01,2010-M01,RIO,SOC_ASO,5225.3,Mensual,SS_Asociativo
2010-02-01,2010-M02,RIO,SOC_ASO,5209.5,Mensual,SS_Asociativo
2010-03-01,2010-M03,RIO,SOC_ASO,5231.9,Mensual,SS_Asociativo
2010-04-01,2010-M04,RIO,SOC_ASO,5238.4,Mensual,SS_Asociativo
2010-05-01,2010-M05,RIO,SOC_ASO,5225.8,Mensual,SS_Asociativo
2010-06-01,2010-M06,RIO,SOC_ASO,5189.7,Mensual,SS_Asociativo
2010-07-01,2010-M07,RIO,SOC_ASO,5187.8,Mensual,SS_Asociativo
2010-08-01,2010-M08,RIO,SOC_ASO,5198.4,Mensual,SS_Asociativo
2010-09-01,2010-M09,RIO,SOC_ASO,5224.9,Mensual,SS_Asociativo
2010-10-01,2010-M10,RIO,SOC_ASO,5241.7,Mensual,SS_Asociativo
2010-11-01,2010-M11,RIO,SOC_ASO,5277.0,Mensual,SS_Asociativo
2010-12-01,2010-M12,RIO,SOC_ASO,5323.8,Mensual,SS_Asociativo
2011-01-01,2011-M01,RIO,SOC_ASO,5253.6,Mensual,SS_Asociativo
2011-02-01,2011-M02,RIO,SOC_ASO,5226.4,Mensual,SS_Asociativo
2011-03-01,2011-M03,RIO,SOC_ASO,5219.3,Mensual,SS_Asociativo
2011-04-01,2011-M04,RIO,SOC_ASO,5213.6,Mensual,SS_Asociativo
2011-05-01,2011-M05,RIO,SOC_ASO,5283.3,Mensual,SS_Asociativo
2011-06-01,2011-M06,RIO,SOC_ASO,5300.5,Mensual,SS_Asociativo
2011-07-01,2011-M07,RIO,SOC_ASO,5330.0,Mensual,SS_Asociativo
2011-08-01,2011-M08,RIO,SOC_ASO,5271.4,Mensual,SS_Asociativo
2011-09-01,2011-M09,RIO,SOC_ASO,5247.6,Mensual,SS_Asociativo
2011-10-01,2011-M10,RIO,SOC_ASO,5231.1,Mensual,SS_Asociativo
2011-11-01,2011-M11,RIO,SOC_ASO,5183.4,Mensual,SS_Asociativo
2011-12-01,2011-M12,RIO,SOC_ASO,5186.2,Mensual,SS_Asociativo
2012-01-01,2012-M01,RIO,SOC_ASO,5092.3,Mensual,SS_Asociativo
2012-02-01,2012-M02,RIO,SOC_ASO,5032.3,Mensual,SS_Asociativo
2012-03-01,2012-M03,RIO,SOC_ASO,5016.8,Mensual,SS_Asociativo
2012-04-01,2012-M04,RIO,SOC_ASO,5032.4,Mensual,SS_Asociativo
2012-05-01,2012-M05,RIO,SOC_ASO,5073.7,Mensual,SS_Asociativo
2012-06-01,2012-M06,RIO,SOC_ASO,5046.1,Mensual,SS_Asociativo
2012-07-01,2012-M07,RIO,SOC_ASO,5082.9,Mensual,SS_Asociativo
2012-08-01,2012-M08,RIO,SOC_ASO,5068.3,Mensual,SS_Asociativo
2012-09-01,2012-M09,RIO,SOC_ASO,5043.0,Mensual,SS_Asociativo
2012-10-01,2012-M10,RIO,SOC_ASO,5041.0,Mensual,SS_Asociativo
2012-11-01,2012-M11,RIO,SOC_ASO,5037.1,Mensual,SS_Asociativo
2012-12-01,2012-M12,RIO,SOC_ASO,5042.3,Mensual,SS_Asociativo
2013-01-01,2013-M01,RIO,SOC_ASO,4906.7,Mensual,SS_Asociativo
2013-02-01,2013-M02,RIO,SOC_ASO,4889.5,Mensual,SS_Asociativo
2013-03-01,2013-M03,RIO,SOC_ASO,4897.2,Mensual,SS_Asociativo
2013-04-01,2013-M04,RIO,SOC_ASO,4872.2,Mensual,SS_Asociativo
2013-05-01,2013-M05,RIO,SOC_ASO,4869.8,Mensual,SS_Asociativo
2013-06-01,2013-M06,RIO,SOC_ASO,4862.0,Mensual,SS_Asociativo
2013-07-01,2013-M07,RIO,SOC_ASO,4870.8,Mensual,SS_Asociativo
2013-08-01,2013-M08,RIO,SOC_ASO,4848.3,Mensual,SS_Asociativo
2013-09-01,2013-M09,RIO,SOC_ASO,4836.0,Mensual,SS_Asociativo
2013-10-01,2013-M10,RIO,SOC_ASO,4845.4,Mensual,SS_Asociativo
2013-11-01,2013-M11,RIO,SOC_ASO,4822.7,Mensual,SS_Asociativo
2013-12-01,2013-M12,RIO,SOC_ASO,4859.2,Mensual,SS_Asociativo
2014-01-01,2014-M01,RIO,SOC_ASO,4802.3,Mensual,SS_Asociativo
2014-02-01,2014-M02,RIO,SOC_ASO,4815.8,Mensual,SS_Asociativo
2014-03-01,2014-M03,RIO,SOC_ASO,4847.0,Mensual,SS_Asociativo
2014-04-01,2014-M04,RIO,SOC_ASO,4867.4,Mensual,SS_Asociativo
2014-05-01,2014-M05,RIO,SOC_ASO,4876.7,Mensual,SS_Asociativo
2014-06-01,2014-M06,RIO,SOC_ASO,4877.7,Mensual,SS_Asociativo
2014-07-01,2014-M07,RIO,SOC_ASO,4873.7,Mensual,SS_Asociativo
2014-08-01,2014-M08,RIO,SOC_ASO,4838.3,Mensual,SS_Asociativo
2014-09-01,2014-M09,RIO,SOC_ASO,4792.2,Mensual,SS_Asociativo
2014-10-01,2014-M10,RIO,SOC_ASO,4795.0,Mensual,SS_Asociativo
2014-11-01,2014-M11,RIO,SOC_ASO,4809.0,Mensual,SS_Asociativo
2014-12-01,2014-M12,RIO,SOC_ASO,4853.1,Mensual,SS_Asociativo
2015-01-01,2015-M01,RIO,SOC_ASO,4799.7,Mensual,SS_Asociativo
2015-02-01,2015-M02,RIO,SOC_ASO,4793.1,Mensual,SS_Asociativo
2015-03-01,2015-M03,RIO,SOC_ASO,4832.6,Mensual,SS_Asociativo
2015-04-01,2015-M04,RIO,SOC_ASO,4831.4,Mensual,SS_Asociativo
2015-05-01,2015-M05,RIO,SOC_ASO,4885.3,Mensual,SS_Asociativo
2015-06-01,2015-M06,RIO,SOC_ASO,4830.8,Mensual,SS_Asociativo
2015-07-01,2015-M07,RIO,SOC_ASO,4788.0,Mensual,SS_Asociativo
2015-08-01,2015-M08,RIO,SOC_ASO,4780.9,Mensual,SS_Asociativo
2015-09-01,2015-M09,RIO,SOC_ASO,4781.7,Mensual,SS_Asociativo
2015-10-01,2015-M10,RIO,SOC_ASO,4789.1,Mensual,SS_Asociativo
2015-11-01,2015-M11,RIO,SOC_ASO,4817.5,Mensual,SS_Asociativo
2015-12-01,2015-M12,RIO,SOC_ASO,4879.2,Mensual,SS_Asociativo
2016-01-01,2016-M01,RIO,SOC_ASO,4810.0,Mensual,SS_Asociativo
2016-02-01,2016-M02,RIO,SOC_ASO,4807.2,Mensual,SS_Asociativo
2016-03-01,2016-M03,RIO,SOC_ASO,4827.7,Mensual,SS_Asociativo
2016-04-01,2016-M04,RIO,SOC_ASO,4846.6,Mensual,SS_Asociativo
2016-05-01,2016-M05,RIO,SOC_ASO,4870.1,Mensual,SS_Asociativo
2016-06-01,2016-M06,RIO,SOC_ASO,4924.8,Mensual,SS_Asociativo
2016-07-01,2016-M07,RIO,SOC_ASO,4956.5,Mensual,SS_Asociativo
2016-08-01,2016-M08,RIO,SOC_ASO,4910.9,Mensual,SS_Asociativo
2016-09-01,2016-M09,RIO,SOC_ASO,4932.0,Mensual,SS_Asociativo
2016-10-01,2016-M10,RIO,SOC_ASO,5087.6,Mensual,SS_Asociativo
2016-11-01,2016-M11,RIO,SOC_ASO,4919.7,Mensual,SS_Asociativo
2016-12-01,2016-M12,RIO,SOC_ASO,4937.3,Mensual,SS_Asociativo
2017-01-01,2017-M01,RIO,SOC_ASO,4867.6,Mensual,SS_Asociativo
2017-02-01,2017-M02,RIO,SOC_ASO,4851.9,Mensual,SS_Asociativo
2017-03-01,2017-M03,RIO,SOC_ASO,4875.4,Mensual,SS_Asociativo
2017-04-01,2017-M04,RIO,SOC_ASO,4909.9,Mensual,SS_Asociativo
2017-05-01,2017-M05,RIO,SOC_ASO,4937.7,Mensual,SS_Asociativo
2017-06-01,2017-M06,RIO,SOC_ASO,4945.6,Mensual,SS_Asociativo
2017-07-01,2017-M07,RIO,SOC_ASO,4983.2,Mensual,SS_Asociativo
2017-08-01,2017-M08,RIO,SOC_ASO,4975.0,Mensual,SS_Asociativo
2017-09-01,2017-M09,RIO,SOC_ASO,5155.8,Mensual,SS_Asociativo
2017-10-01,2017-M10,RIO,SOC_ASO,5001.2,Mensual,SS_Asociativo
2017-11-01,2017-M11,RIO,SOC_ASO,4955.9,Mensual,SS_Asociativo
2017-12-01,2017-M12,RIO,SOC_ASO,4988.8,Mensual,SS_Asociativo
2018-01-01,2018-M01,RIO,SOC_ASO,4920.9,Mensual,SS_Asociativo
2018-02-01,2018-M02,RIO,SOC_ASO,4908.5,Mensual,SS_Asociativo
2018-03-01,2018-M03,RIO,SOC_ASO,4943.5,Mensual,SS_Asociativo
2018-04-01,2018-M04,RIO,SOC_ASO,4956.0,Mensual,SS_Asociativo
2018-05-01,2018-M05,RIO,SOC_ASO,5001.5,Mensual,SS_Asociativo
2018-06-01,2018-M06,RIO,SOC_ASO,5020.3,Mensual,SS_Asociativo
2018-07-01,2018-M07,RIO,SOC_ASO,5039.4,Mensual,SS_Asociativo
2018-08-01,2018-M08,RIO,SOC_ASO,4965.6,Mensual,SS_Asociativo
2018-09-01,2018-M09,RIO,SOC_ASO,5009.1,Mensual,SS_Asociativo
2018-10-01,2018-M10,RIO,SOC_ASO,5199.0,Mensual,SS_Asociativo
2018-11-01,2018-M11,RIO,SOC_ASO,5017.2,Mensual,SS_Asociativo
2018-12-01,2018-M12,RIO,SOC_ASO,5003.5,Mensual,SS_Asociativo
2019-01-01,2019-M01,RIO,SOC_ASO,4927.1,Mensual,SS_Asociativo
2019-02-01,2019-M02,RIO,SOC_ASO,4936.6,Mensual,SS_Asociativo
2019-03-01,2019-M03,RIO,SOC_ASO,4962.2,Mensual,SS_Asociativo
2019-04-01,2019-M04,RIO,SOC_ASO,4977.8,Mensual,SS_Asociativo
2019-05-01,2019-M05,RIO,SOC_ASO,5007.2,Mensual,SS_Asociativo
2019-06-01,2019-M06,RIO,SOC_ASO,4953.5,Mensual,SS_Asociativo
2019-07-01,2019-M07,RIO,SOC_ASO,5018.6,Mensual,SS_Asociativo
2019-08-01,2019-M08,RIO,SOC_ASO,5012.1,Mensual,SS_Asociativo
2019-09-01,2019-M09,RIO,SOC_ASO,5109.6,Mensual,SS_Asociativo
2019-10-01,2019-M10,RIO,SOC_ASO,5175.7,Mensual,SS_Asociativo
2019-11-01,2019-M11,RIO,SOC_ASO,5042.8,Mensual,SS_Asociativo
2019-12-01,2019-M12,RIO,SOC_ASO,5037.3,Mensual,SS_Asociativo
2020-01-01,2020-M01,RIO,SOC_ASO,4954.4,Mensual,SS_Asociativo
2020-02-01,2020-M02,RIO,SOC_ASO,4958.7,Mensual,SS_Asociativo
2020-03-01,2020-M03,RIO,SOC_ASO,4894.6,Mensual,SS_Asociativo
2020-04-01,2020-M04,RIO,SOC_ASO,4766.7,Mensual,SS_Asociativo
2020-05-01,2020-M05,RIO,SOC_ASO,4792.7,Mensual,SS_Asociativo
2020-06-01,2020-M06,RIO,SOC_ASO,4786.0,Mensual,SS_Asociativo
2020-07-01,2020-M07,RIO,SOC_ASO,4845.2,Mensual,SS_Asociativo
2020-08-01,2020-M08,RIO,SOC_ASO,4839.8,Mensual,SS_Asociativo
2020-09-01,2020-M09,RIO,SOC_ASO,4936.1,Mensual,SS_Asociativo
2020-10-01,2020-M10,RIO,SOC_ASO,4916.8,Mensual,SS_Asociativo
2020-11-01,2020-M11,RIO,SOC_ASO,4792.1,Mensual,SS_Asociativo
2020-12-01,2020-M12,RIO,SOC_ASO,4779.9,Mensual,SS_Asociativo
2021-01-01,2021-M01,RIO,SOC_ASO,4687.0,Mensual,SS_Asociativo
2021-02-01,2021-M02,RIO,SOC_ASO,4633.0,Mensual,SS_Asociativo
2021-03-01,2021-M03,RIO,SOC_ASO,4678.1,Mensual,SS_Asociativo
2021-04-01,2021-M04,RIO,SOC_ASO,4703.7,Mensual,SS_Asociativo
2021-05-01,2021-M05,RIO,SOC_ASO,4746.0,Mensual,SS_Asociativo
2021-06-01,2021-M06,RIO,SOC_ASO,4783.9,Mensual,SS_Asociativo
2021-07-01,2021-M07,RIO,SOC_ASO,4843.7,Mensual,SS_Asociativo
2021-08-01,2021-M08,RIO,SOC_ASO,4870.9,Mensual,SS_Asociativo
2021-09-01,2021-M09,RIO,SOC_ASO,4953.1,Mensual,SS_Asociativo
2021-10-01,2021-M10,RIO,SOC_ASO,5050.3,Mensual,SS_Asociativo
2021-11-01,2021-M11,RIO,SOC_ASO,4935.3,Mensual,SS_Asociativo
2021-12-01,2021-M12,RIO,SOC_ASO,4927.7,Mensual,SS_Asociativo
2022-01-01,2022-M01,RIO,SOC_ASO,4836.0,Mensual,SS_Asociativo
2022-02-01,2022-M02,RIO,SOC_ASO,4813.0,Mensual,SS_Asociativo
2022-03-01,2022-M03,RIO,SOC_ASO,4837.2,Mensual,SS_Asociativo
2022-04-01,2022-M04,RIO,SOC_ASO,4858.0,Mensual,SS_Asociativo
2022-05-01,2022-M05,RIO,SOC_ASO,4867.0,Mensual,SS_Asociativo
2022-06-01,2022-M06,RIO,SOC_ASO,4886.7,Mensual,SS_Asociativo
2022-07-01,2022-M07,RIO,SOC_ASO,4913.2,Mensual,SS_Asociativo
2022-08-01,2022-M08,RIO,SOC_ASO,4922.2,Mensual,SS_Asociativo
2022-09-01,2022-M09,RIO,SOC_ASO,5015.3,Mensual,SS_Asociativo
2022-10-01,2022-M10,RIO,SOC_ASO,4969.1,Mensual,SS_Asociativo
2022-11-01,2022-M11,RIO,SOC_ASO,4870.7,Mensual,SS_Asociativo
2022-12-01,2022-M12,RIO,SOC_ASO,4846.3,Mensual,SS_Asociativo
2023-01-01,2023-M01,RIO,SOC_ASO,4773.4,Mensual,SS_Asociativo
2023-02-01,2023-M02,RIO,SOC_ASO,4761.6,Mensual,SS_Asociativo
2023-03-01,2023-M03,RIO,SOC_ASO,4785.6,Mensual,SS_Asociativo
2023-04-01,2023-M04,RIO,SOC_ASO,4832.2,Mensual,SS_Asociativo
2023-05-01,2023-M05,RIO,SOC_ASO,4865.2,Mensual,SS_Asociativo
2023-06-01,2023-M06,RIO,SOC_ASO,4875.7,Mensual,SS_Asociativo
2023-07-01,2023-M07,RIO,SOC_ASO,4952.6,Mensual,SS_Asociativo
2023-08-01,2023-M08,RIO,SOC_ASO,4948.8,Mensual,SS_Asociativo
2023-09-01,2023-M09,RIO,SOC_ASO,5056.7,Mensual,SS_Asociativo
2023-10-01,2023-M10,RIO,SOC_ASO,5036.8,Mensual,SS_Asociativo
2023-11-01,2023-M11,RIO,SOC_ASO,4949.8,Mensual,SS_Asociativo
2023-12-01,2023-M12,RIO,SOC_ASO,4896.5,Mensual,SS_Asociativo
2024-01-01,2024-M01,RIO,SOC_ASO,4770.4,Mensual,SS_Asociativo
2024-02-01,2024-M02,RIO,SOC_ASO,4779.6,Mensual,SS_Asociativo
2024-03-01,2024-M03,RIO,SOC_ASO,4812.9,Mensual,SS_Asociativo
2024-04-01,2024-M04,RIO,SOC_ASO,4821.0,Mensual,SS_Asociativo
2024-05-01,2024-M05,RIO,SOC_ASO,4835.0,Mensual,SS_Asociativo
2024-06-01,2024-M06,RIO,SOC_ASO,4832.0,Mensual,SS_Asociativo
2024-07-01,2024-M07,RIO,SOC_ASO,4857.4,Mensual,SS_Asociativo
2024-08-01,2024-M08,RIO,SOC_ASO,4837.1,Mensual,SS_Asociativo
2024-09-01,2024-M09,RIO,SOC_ASO,4896.5,Mensual,SS_Asociativo
2024-10-01,2024-M10,RIO,SOC_ASO,4933.7,Mensual,SS_Asociativo
2024-11-01,2024-M11,RIO,SOC_ASO,4866.2,Mensual,SS_Asociativo
2024-12-01,2024-M12,RIO,SOC_ASO,4860.8,Mensual,SS_Asociativo
2025-01-01,2025-M01,RIO,SOC_ASO,4753.5,Mensual,SS_Asociativo
2025-02-01,2025-M02,RIO,SOC_ASO,4760.0,Mensual,SS_Asociativo
2025-03-01,2025-M03,RIO,SOC_ASO,4790.6,Mensual,SS_Asociativo
2025-04-01,2025-M04,RIO,SOC_ASO,4811.3,Mensual,SS_Asociativo
2025-05-01,2025-M05,RIO,SOC_ASO,4824.9,Mensual,SS_Asociativo
2025-06-01,2025-M06,RIO,SOC_ASO,4818.5,Mensual,SS_Asociativo
2025-07-01,2025-M07,RIO,SOC_ASO,4893.4,Mensual,SS_Asociativo
2025-08-01,2025-M08,RIO,SOC_ASO,4894.6,Mensual,SS_Asociativo
2025-09-01,2025-M09,RIO,SOC_ASO,4971.9,Mensual,SS_Asociativo
2025-10-01,2025-M10,RIO,SOC_ASO,4958.1,Mensual,SS_Asociativo
2025-11-01,2025-M11,RIO,SOC_ASO,4887.1,Mensual,SS_Asociativo
2025-12-01,2025-M12,RIO,SOC_ASO,4885.0,Mensual,SS_Asociativo
2026-01-01,2026-M01,RIO,SOC_ASO,4995.25,Mensual,SS_Asociativo
2026-02-01,2026-M02,RIO,SOC_ASO,4997.35,Mensual,SS_Asociativo
2026-03-01,2026-M03,RIO,SOC_ASO,5011.41,Mensual,SS_Asociativo
2026-04-01,2026-M04,RIO,SOC_ASO,5025.6,Mensual,SS_Asociativo
2026-05-01,2026-M05,RIO,SOC_ASO,5077.65,Mensual,SS_Asociativo
2026-06-01,2026-M06,RIO,SOC_ASO,5106.09,Mensual,SS_Asociativo
2026-07-01,2026-M07,RIO,SOC_ASO,5199.26,Mensual,SS_Asociativo
2009-01-01,2009-M01,VAL,SOC_ASO,75253.6,Mensual,SS_Asociativo
2009-02-01,2009-M02,VAL,SOC_ASO,74288.6,Mensual,SS_Asociativo
2009-03-01,2009-M03,VAL,SOC_ASO,73739.2,Mensual,SS_Asociativo
2009-04-01,2009-M04,VAL,SOC_ASO,73187.3,Mensual,SS_Asociativo
2009-05-01,2009-M05,VAL,SOC_ASO,73166.6,Mensual,SS_Asociativo
2009-06-01,2009-M06,VAL,SOC_ASO,72570.8,Mensual,SS_Asociativo
2009-07-01,2009-M07,VAL,SOC_ASO,73173.3,Mensual,SS_Asociativo
2009-08-01,2009-M08,VAL,SOC_ASO,72311.4,Mensual,SS_Asociativo
2009-09-01,2009-M09,VAL,SOC_ASO,72009.5,Mensual,SS_Asociativo
2009-10-01,2009-M10,VAL,SOC_ASO,72506.5,Mensual,SS_Asociativo
2009-11-01,2009-M11,VAL,SOC_ASO,71951.2,Mensual,SS_Asociativo
2009-12-01,2009-M12,VAL,SOC_ASO,71568.7,Mensual,SS_Asociativo
2010-01-01,2010-M01,VAL,SOC_ASO,70535.6,Mensual,SS_Asociativo
2010-02-01,2010-M02,VAL,SOC_ASO,70550.1,Mensual,SS_Asociativo
2010-03-01,2010-M03,VAL,SOC_ASO,70803.4,Mensual,SS_Asociativo
2010-04-01,2010-M04,VAL,SOC_ASO,70646.6,Mensual,SS_Asociativo
2010-05-01,2010-M05,VAL,SOC_ASO,71246.0,Mensual,SS_Asociativo
2010-06-01,2010-M06,VAL,SOC_ASO,71192.7,Mensual,SS_Asociativo
2010-07-01,2010-M07,VAL,SOC_ASO,71727.9,Mensual,SS_Asociativo
2010-08-01,2010-M08,VAL,SOC_ASO,70872.2,Mensual,SS_Asociativo
2010-09-01,2010-M09,VAL,SOC_ASO,70560.4,Mensual,SS_Asociativo
2010-10-01,2010-M10,VAL,SOC_ASO,70679.1,Mensual,SS_Asociativo
2010-11-01,2010-M11,VAL,SOC_ASO,70625.0,Mensual,SS_Asociativo
2010-12-01,2010-M12,VAL,SOC_ASO,70311.7,Mensual,SS_Asociativo
2011-01-01,2011-M01,VAL,SOC_ASO,69324.8,Mensual,SS_Asociativo
2011-02-01,2011-M02,VAL,SOC_ASO,69083.7,Mensual,SS_Asociativo
2011-03-01,2011-M03,VAL,SOC_ASO,69587.0,Mensual,SS_Asociativo
2011-04-01,2011-M04,VAL,SOC_ASO,69762.2,Mensual,SS_Asociativo
2011-05-01,2011-M05,VAL,SOC_ASO,70107.8,Mensual,SS_Asociativo
2011-06-01,2011-M06,VAL,SOC_ASO,69662.3,Mensual,SS_Asociativo
2011-07-01,2011-M07,VAL,SOC_ASO,70311.5,Mensual,SS_Asociativo
2011-08-01,2011-M08,VAL,SOC_ASO,69563.7,Mensual,SS_Asociativo
2011-09-01,2011-M09,VAL,SOC_ASO,69175.5,Mensual,SS_Asociativo
2011-10-01,2011-M10,VAL,SOC_ASO,69478.0,Mensual,SS_Asociativo
2011-11-01,2011-M11,VAL,SOC_ASO,69189.3,Mensual,SS_Asociativo
2011-12-01,2011-M12,VAL,SOC_ASO,68819.3,Mensual,SS_Asociativo
2012-01-01,2012-M01,VAL,SOC_ASO,67053.2,Mensual,SS_Asociativo
2012-02-01,2012-M02,VAL,SOC_ASO,66892.9,Mensual,SS_Asociativo
2012-03-01,2012-M03,VAL,SOC_ASO,67179.6,Mensual,SS_Asociativo
2012-04-01,2012-M04,VAL,SOC_ASO,67188.1,Mensual,SS_Asociativo
2012-05-01,2012-M05,VAL,SOC_ASO,67464.8,Mensual,SS_Asociativo
2012-06-01,2012-M06,VAL,SOC_ASO,67102.5,Mensual,SS_Asociativo
2012-07-01,2012-M07,VAL,SOC_ASO,67266.6,Mensual,SS_Asociativo
2012-08-01,2012-M08,VAL,SOC_ASO,66125.1,Mensual,SS_Asociativo
2012-09-01,2012-M09,VAL,SOC_ASO,65549.5,Mensual,SS_Asociativo
2012-10-01,2012-M10,VAL,SOC_ASO,65902.4,Mensual,SS_Asociativo
2012-11-01,2012-M11,VAL,SOC_ASO,65703.9,Mensual,SS_Asociativo
2012-12-01,2012-M12,VAL,SOC_ASO,65312.6,Mensual,SS_Asociativo
2013-01-01,2013-M01,VAL,SOC_ASO,63919.2,Mensual,SS_Asociativo
2013-02-01,2013-M02,VAL,SOC_ASO,63660.9,Mensual,SS_Asociativo
2013-03-01,2013-M03,VAL,SOC_ASO,63963.4,Mensual,SS_Asociativo
2013-04-01,2013-M04,VAL,SOC_ASO,64052.9,Mensual,SS_Asociativo
2013-05-01,2013-M05,VAL,SOC_ASO,64527.0,Mensual,SS_Asociativo
2013-06-01,2013-M06,VAL,SOC_ASO,64115.9,Mensual,SS_Asociativo
2013-07-01,2013-M07,VAL,SOC_ASO,64486.7,Mensual,SS_Asociativo
2013-08-01,2013-M08,VAL,SOC_ASO,63667.7,Mensual,SS_Asociativo
2013-09-01,2013-M09,VAL,SOC_ASO,63315.6,Mensual,SS_Asociativo
2013-10-01,2013-M10,VAL,SOC_ASO,64220.7,Mensual,SS_Asociativo
2013-11-01,2013-M11,VAL,SOC_ASO,64349.7,Mensual,SS_Asociativo
2013-12-01,2013-M12,VAL,SOC_ASO,64451.3,Mensual,SS_Asociativo
2014-01-01,2014-M01,VAL,SOC_ASO,63702.3,Mensual,SS_Asociativo
2014-02-01,2014-M02,VAL,SOC_ASO,63846.2,Mensual,SS_Asociativo
2014-03-01,2014-M03,VAL,SOC_ASO,64319.7,Mensual,SS_Asociativo
2014-04-01,2014-M04,VAL,SOC_ASO,64715.0,Mensual,SS_Asociativo
2014-05-01,2014-M05,VAL,SOC_ASO,65248.7,Mensual,SS_Asociativo
2014-06-01,2014-M06,VAL,SOC_ASO,64912.2,Mensual,SS_Asociativo
2014-07-01,2014-M07,VAL,SOC_ASO,65411.1,Mensual,SS_Asociativo
2014-08-01,2014-M08,VAL,SOC_ASO,64635.3,Mensual,SS_Asociativo
2014-09-01,2014-M09,VAL,SOC_ASO,64331.1,Mensual,SS_Asociativo
2014-10-01,2014-M10,VAL,SOC_ASO,65351.1,Mensual,SS_Asociativo
2014-11-01,2014-M11,VAL,SOC_ASO,65544.0,Mensual,SS_Asociativo
2014-12-01,2014-M12,VAL,SOC_ASO,65761.9,Mensual,SS_Asociativo
2015-01-01,2015-M01,VAL,SOC_ASO,64842.4,Mensual,SS_Asociativo
2015-02-01,2015-M02,VAL,SOC_ASO,64869.0,Mensual,SS_Asociativo
2015-03-01,2015-M03,VAL,SOC_ASO,65445.2,Mensual,SS_Asociativo
2015-04-01,2015-M04,VAL,SOC_ASO,65978.4,Mensual,SS_Asociativo
2015-05-01,2015-M05,VAL,SOC_ASO,66852.7,Mensual,SS_Asociativo
2015-06-01,2015-M06,VAL,SOC_ASO,66684.5,Mensual,SS_Asociativo
2015-07-01,2015-M07,VAL,SOC_ASO,66922.2,Mensual,SS_Asociativo
2015-08-01,2015-M08,VAL,SOC_ASO,66193.1,Mensual,SS_Asociativo
2015-09-01,2015-M09,VAL,SOC_ASO,66123.0,Mensual,SS_Asociativo
2015-10-01,2015-M10,VAL,SOC_ASO,66988.9,Mensual,SS_Asociativo
2015-11-01,2015-M11,VAL,SOC_ASO,67272.0,Mensual,SS_Asociativo
2015-12-01,2015-M12,VAL,SOC_ASO,67313.9,Mensual,SS_Asociativo
2016-01-01,2016-M01,VAL,SOC_ASO,66398.4,Mensual,SS_Asociativo
2016-02-01,2016-M02,VAL,SOC_ASO,66783.6,Mensual,SS_Asociativo
2016-03-01,2016-M03,VAL,SOC_ASO,67515.6,Mensual,SS_Asociativo
2016-04-01,2016-M04,VAL,SOC_ASO,68028.0,Mensual,SS_Asociativo
2016-05-01,2016-M05,VAL,SOC_ASO,68849.2,Mensual,SS_Asociativo
2016-06-01,2016-M06,VAL,SOC_ASO,69028.8,Mensual,SS_Asociativo
2016-07-01,2016-M07,VAL,SOC_ASO,69150.3,Mensual,SS_Asociativo
2016-08-01,2016-M08,VAL,SOC_ASO,68305.7,Mensual,SS_Asociativo
2016-09-01,2016-M09,VAL,SOC_ASO,68219.0,Mensual,SS_Asociativo
2016-10-01,2016-M10,VAL,SOC_ASO,69111.6,Mensual,SS_Asociativo
2016-11-01,2016-M11,VAL,SOC_ASO,69479.8,Mensual,SS_Asociativo
2016-12-01,2016-M12,VAL,SOC_ASO,69500.1,Mensual,SS_Asociativo
2017-01-01,2017-M01,VAL,SOC_ASO,68698.2,Mensual,SS_Asociativo
2017-02-01,2017-M02,VAL,SOC_ASO,68829.4,Mensual,SS_Asociativo
2017-03-01,2017-M03,VAL,SOC_ASO,69472.6,Mensual,SS_Asociativo
2017-04-01,2017-M04,VAL,SOC_ASO,70010.8,Mensual,SS_Asociativo
2017-05-01,2017-M05,VAL,SOC_ASO,70689.7,Mensual,SS_Asociativo
2017-06-01,2017-M06,VAL,SOC_ASO,70916.3,Mensual,SS_Asociativo
2017-07-01,2017-M07,VAL,SOC_ASO,70795.8,Mensual,SS_Asociativo
2017-08-01,2017-M08,VAL,SOC_ASO,69861.7,Mensual,SS_Asociativo
2017-09-01,2017-M09,VAL,SOC_ASO,70100.7,Mensual,SS_Asociativo
2017-10-01,2017-M10,VAL,SOC_ASO,71192.8,Mensual,SS_Asociativo
2017-11-01,2017-M11,VAL,SOC_ASO,71496.4,Mensual,SS_Asociativo
2017-12-01,2017-M12,VAL,SOC_ASO,71486.6,Mensual,SS_Asociativo
2018-01-01,2018-M01,VAL,SOC_ASO,70622.0,Mensual,SS_Asociativo
2018-02-01,2018-M02,VAL,SOC_ASO,71095.9,Mensual,SS_Asociativo
2018-03-01,2018-M03,VAL,SOC_ASO,72090.2,Mensual,SS_Asociativo
2018-04-01,2018-M04,VAL,SOC_ASO,72452.6,Mensual,SS_Asociativo
2018-05-01,2018-M05,VAL,SOC_ASO,73431.7,Mensual,SS_Asociativo
2018-06-01,2018-M06,VAL,SOC_ASO,73733.6,Mensual,SS_Asociativo
2018-07-01,2018-M07,VAL,SOC_ASO,73357.3,Mensual,SS_Asociativo
2018-08-01,2018-M08,VAL,SOC_ASO,72199.1,Mensual,SS_Asociativo
2018-09-01,2018-M09,VAL,SOC_ASO,72509.8,Mensual,SS_Asociativo
2018-10-01,2018-M10,VAL,SOC_ASO,73587.3,Mensual,SS_Asociativo
2018-11-01,2018-M11,VAL,SOC_ASO,73794.2,Mensual,SS_Asociativo
2018-12-01,2018-M12,VAL,SOC_ASO,74028.1,Mensual,SS_Asociativo
2019-01-01,2019-M01,VAL,SOC_ASO,72992.6,Mensual,SS_Asociativo
2019-02-01,2019-M02,VAL,SOC_ASO,73368.1,Mensual,SS_Asociativo
2019-03-01,2019-M03,VAL,SOC_ASO,74227.8,Mensual,SS_Asociativo
2019-04-01,2019-M04,VAL,SOC_ASO,74917.5,Mensual,SS_Asociativo
2019-05-01,2019-M05,VAL,SOC_ASO,75532.5,Mensual,SS_Asociativo
2019-06-01,2019-M06,VAL,SOC_ASO,75550.6,Mensual,SS_Asociativo
2019-07-01,2019-M07,VAL,SOC_ASO,75147.5,Mensual,SS_Asociativo
2019-08-01,2019-M08,VAL,SOC_ASO,74060.6,Mensual,SS_Asociativo
2019-09-01,2019-M09,VAL,SOC_ASO,74461.3,Mensual,SS_Asociativo
2019-10-01,2019-M10,VAL,SOC_ASO,75761.8,Mensual,SS_Asociativo
2019-11-01,2019-M11,VAL,SOC_ASO,75950.1,Mensual,SS_Asociativo
2019-12-01,2019-M12,VAL,SOC_ASO,75867.3,Mensual,SS_Asociativo
2020-01-01,2020-M01,VAL,SOC_ASO,74569.0,Mensual,SS_Asociativo
2020-02-01,2020-M02,VAL,SOC_ASO,74978.0,Mensual,SS_Asociativo
2020-03-01,2020-M03,VAL,SOC_ASO,74001.4,Mensual,SS_Asociativo
2020-04-01,2020-M04,VAL,SOC_ASO,71450.0,Mensual,SS_Asociativo
2020-05-01,2020-M05,VAL,SOC_ASO,72292.8,Mensual,SS_Asociativo
2020-06-01,2020-M06,VAL,SOC_ASO,72585.3,Mensual,SS_Asociativo
2020-07-01,2020-M07,VAL,SOC_ASO,72654.8,Mensual,SS_Asociativo
2020-08-01,2020-M08,VAL,SOC_ASO,72423.6,Mensual,SS_Asociativo
2020-09-01,2020-M09,VAL,SOC_ASO,72869.5,Mensual,SS_Asociativo
2020-10-01,2020-M10,VAL,SOC_ASO,73438.5,Mensual,SS_Asociativo
2020-11-01,2020-M11,VAL,SOC_ASO,73138.2,Mensual,SS_Asociativo
2020-12-01,2020-M12,VAL,SOC_ASO,72750.5,Mensual,SS_Asociativo
2021-01-01,2021-M01,VAL,SOC_ASO,71618.8,Mensual,SS_Asociativo
2021-02-01,2021-M02,VAL,SOC_ASO,71049.5,Mensual,SS_Asociativo
2021-03-01,2021-M03,VAL,SOC_ASO,71163.0,Mensual,SS_Asociativo
2021-04-01,2021-M04,VAL,SOC_ASO,71747.8,Mensual,SS_Asociativo
2021-05-01,2021-M05,VAL,SOC_ASO,72535.8,Mensual,SS_Asociativo
2021-06-01,2021-M06,VAL,SOC_ASO,73726.2,Mensual,SS_Asociativo
2021-07-01,2021-M07,VAL,SOC_ASO,73981.2,Mensual,SS_Asociativo
2021-08-01,2021-M08,VAL,SOC_ASO,73363.6,Mensual,SS_Asociativo
2021-09-01,2021-M09,VAL,SOC_ASO,73873.8,Mensual,SS_Asociativo
2021-10-01,2021-M10,VAL,SOC_ASO,75035.2,Mensual,SS_Asociativo
2021-11-01,2021-M11,VAL,SOC_ASO,75355.8,Mensual,SS_Asociativo
2021-12-01,2021-M12,VAL,SOC_ASO,75555.4,Mensual,SS_Asociativo
2022-01-01,2022-M01,VAL,SOC_ASO,74317.3,Mensual,SS_Asociativo
2022-02-01,2022-M02,VAL,SOC_ASO,74277.0,Mensual,SS_Asociativo
2022-03-01,2022-M03,VAL,SOC_ASO,74918.9,Mensual,SS_Asociativo
2022-04-01,2022-M04,VAL,SOC_ASO,75470.8,Mensual,SS_Asociativo
2022-05-01,2022-M05,VAL,SOC_ASO,76404.9,Mensual,SS_Asociativo
2022-06-01,2022-M06,VAL,SOC_ASO,76827.8,Mensual,SS_Asociativo
2022-07-01,2022-M07,VAL,SOC_ASO,76346.7,Mensual,SS_Asociativo
2022-08-01,2022-M08,VAL,SOC_ASO,75473.1,Mensual,SS_Asociativo
2022-09-01,2022-M09,VAL,SOC_ASO,75743.7,Mensual,SS_Asociativo
2022-10-01,2022-M10,VAL,SOC_ASO,77134.1,Mensual,SS_Asociativo
2022-11-01,2022-M11,VAL,SOC_ASO,77342.7,Mensual,SS_Asociativo
2022-12-01,2022-M12,VAL,SOC_ASO,77453.8,Mensual,SS_Asociativo
2023-01-01,2023-M01,VAL,SOC_ASO,76601.0,Mensual,SS_Asociativo
2023-02-01,2023-M02,VAL,SOC_ASO,76788.9,Mensual,SS_Asociativo
2023-03-01,2023-M03,VAL,SOC_ASO,77523.6,Mensual,SS_Asociativo
2023-04-01,2023-M04,VAL,SOC_ASO,78253.4,Mensual,SS_Asociativo
2023-05-01,2023-M05,VAL,SOC_ASO,78914.3,Mensual,SS_Asociativo
2023-06-01,2023-M06,VAL,SOC_ASO,79187.8,Mensual,SS_Asociativo
2023-07-01,2023-M07,VAL,SOC_ASO,78880.6,Mensual,SS_Asociativo
2023-08-01,2023-M08,VAL,SOC_ASO,77895.5,Mensual,SS_Asociativo
2023-09-01,2023-M09,VAL,SOC_ASO,78344.5,Mensual,SS_Asociativo
2023-10-01,2023-M10,VAL,SOC_ASO,79533.8,Mensual,SS_Asociativo
2023-11-01,2023-M11,VAL,SOC_ASO,79771.7,Mensual,SS_Asociativo
2023-12-01,2023-M12,VAL,SOC_ASO,79695.6,Mensual,SS_Asociativo
2024-01-01,2024-M01,VAL,SOC_ASO,78551.5,Mensual,SS_Asociativo
2024-02-01,2024-M02,VAL,SOC_ASO,78895.1,Mensual,SS_Asociativo
2024-03-01,2024-M03,VAL,SOC_ASO,79632.6,Mensual,SS_Asociativo
2024-04-01,2024-M04,VAL,SOC_ASO,80114.9,Mensual,SS_Asociativo
2024-05-01,2024-M05,VAL,SOC_ASO,80771.1,Mensual,SS_Asociativo
2024-06-01,2024-M06,VAL,SOC_ASO,81083.0,Mensual,SS_Asociativo
2024-07-01,2024-M07,VAL,SOC_ASO,80659.9,Mensual,SS_Asociativo
2024-08-01,2024-M08,VAL,SOC_ASO,79751.1,Mensual,SS_Asociativo
2024-09-01,2024-M09,VAL,SOC_ASO,80269.4,Mensual,SS_Asociativo
2024-10-01,2024-M10,VAL,SOC_ASO,81568.9,Mensual,SS_Asociativo
2024-11-01,2024-M11,VAL,SOC_ASO,81473.0,Mensual,SS_Asociativo
2024-12-01,2024-M12,VAL,SOC_ASO,81350.7,Mensual,SS_Asociativo
2025-01-01,2025-M01,VAL,SOC_ASO,80656.1,Mensual,SS_Asociativo
2025-02-01,2025-M02,VAL,SOC_ASO,81216.1,Mensual,SS_Asociativo
2025-03-01,2025-M03,VAL,SOC_ASO,81658.2,Mensual,SS_Asociativo
2025-04-01,2025-M04,VAL,SOC_ASO,82195.6,Mensual,SS_Asociativo
2025-05-01,2025-M05,VAL,SOC_ASO,82816.3,Mensual,SS_Asociativo
2025-06-01,2025-M06,VAL,SOC_ASO,83064.2,Mensual,SS_Asociativo
2025-07-01,2025-M07,VAL,SOC_ASO,82634.6,Mensual,SS_Asociativo
2025-08-01,2025-M08,VAL,SOC_ASO,81536.1,Mensual,SS_Asociativo
2025-09-01,2025-M09,VAL,SOC_ASO,82285.3,Mensual,SS_Asociativo
2025-10-01,2025-M10,VAL,SOC_ASO,83451.1,Mensual,SS_Asociativo
2025-11-01,2025-M11,VAL,SOC_ASO,83681.6,Mensual,SS_Asociativo
2025-12-01,2025-M12,VAL,SOC_ASO,83598.3,Mensual,SS_Asociativo
2026-01-01,2026-M01,VAL,SOC_ASO,84318.25,Mensual,SS_Asociativo
2026-02-01,2026-M02,VAL,SOC_ASO,84789.75,Mensual,SS_Asociativo
2026-03-01,2026-M03,VAL,SOC_ASO,85384.77,Mensual,SS_Asociativo
2026-04-01,2026-M04,VAL,SOC_ASO,85489.85,Mensual,SS_Asociativo
2026-05-01,2026-M05,VAL,SOC_ASO,86225.4,Mensual,SS_Asociativo
2026-06-01,2026-M06,VAL,SOC_ASO,86849.36,Mensual,SS_Asociativo
2026-07-01,2026-M07,VAL,SOC_ASO,87129.96,Mensual,SS_Asociativo
