Periodo,CON_IDI_AND,CON_IDI_ARA,CON_IDI_AST,CON_IDI_BAL,CON_IDI_CAN,CON_IDI_CANT,CON_IDI_CAT,CON_IDI_CLM,CON_IDI_CYL,CON_IDI_ESP,CON_IDI_EXT,CON_IDI_GAL,CON_IDI_MAD,CON_IDI_MUR,CON_IDI_NAV,CON_IDI_PV,CON_IDI_RIO,CON_IDI_VAL,CON_OCI_AND,CON_OCI_ARA,CON_OCI_AST,CON_OCI_BAL,CON_OCI_CAN,CON_OCI_CANT,CON_OCI_CAT,CON_OCI_CLM,CON_OCI_CYL,CON_OCI_ESP,CON_OCI_EXT,CON_OCI_GAL,CON_OCI_MAD,CON_OCI_MUR,CON_OCI_NAV,CON_OCI_PV,CON_OCI_RIO,CON_OCI_VAL,ECO_COL_sal_AND,ECO_COL_sal_ARA,ECO_COL_sal_AST,ECO_COL_sal_BAL,ECO_COL_sal_CAN,ECO_COL_sal_CANT,ECO_COL_sal_CAT,ECO_COL_sal_CLM,ECO_COL_sal_CYL,ECO_COL_sal_ESP,ECO_COL_sal_EXT,ECO_COL_sal_GAL,ECO_COL_sal_MAD,ECO_COL_sal_MUR,ECO_COL_sal_NAV,ECO_COL_sal_PV,ECO_COL_sal_RIO,ECO_COL_sal_VAL,ECO_PIBpc_AND,ECO_PIBpc_ARA,ECO_PIBpc_AST,ECO_PIBpc_BAL,ECO_PIBpc_CAN,ECO_PIBpc_CANT,ECO_PIBpc_CAT,ECO_PIBpc_CLM,ECO_PIBpc_CYL,ECO_PIBpc_ESP,ECO_PIBpc_EXT,ECO_PIBpc_GAL,ECO_PIBpc_MAD,ECO_PIBpc_MUR,ECO_PIBpc_NAV,ECO_PIBpc_PV,ECO_PIBpc_RIO,ECO_PIBpc_VAL,ECO_RBHpc_AND,ECO_RBHpc_ARA,ECO_RBHpc_AST,ECO_RBHpc_BAL,ECO_RBHpc_CAN,ECO_RBHpc_CANT,ECO_RBHpc_CAT,ECO_RBHpc_CLM,ECO_RBHpc_CYL,ECO_RBHpc_ESP,ECO_RBHpc_EXT,ECO_RBHpc_GAL,ECO_RBHpc_MAD,ECO_RBHpc_MUR,ECO_RBHpc_NAV,ECO_RBHpc_PV,ECO_RBHpc_RIO,ECO_RBHpc_VAL,EDU_ABA_AND,EDU_ABA_ARA,EDU_ABA_AST,EDU_ABA_BAL,EDU_ABA_CAN,EDU_ABA_CANT,EDU_ABA_CAT,EDU_ABA_CLM,EDU_ABA_CYL,EDU_ABA_ESP,EDU_ABA_EXT,EDU_ABA_GAL,EDU_ABA_MAD,EDU_ABA_MUR,EDU_ABA_NAV,EDU_ABA_PV,EDU_ABA_RIO,EDU_ABA_VAL,EDU_SUP_AND,EDU_SUP_ARA,EDU_SUP_AST,EDU_SUP_BAL,EDU_SUP_CAN,EDU_SUP_CANT,EDU_SUP_CAT,EDU_SUP_CLM,EDU_SUP_CYL,EDU_SUP_ESP,EDU_SUP_EXT,EDU_SUP_GAL,EDU_SUP_MAD,EDU_SUP_MUR,EDU_SUP_NAV,EDU_SUP_PV,EDU_SUP_RIO,EDU_SUP_VAL,EMP_NAT_AND,EMP_NAT_ARA,EMP_NAT_AST,EMP_NAT_BAL,EMP_NAT_CAN,EMP_NAT_CANT,EMP_NAT_CAT,EMP_NAT_CLM,EMP_NAT_CYL,EMP_NAT_ESP,EMP_NAT_EXT,EMP_NAT_GAL,EMP_NAT_MAD,EMP_NAT_MUR,EMP_NAT_NAV,EMP_NAT_PV,EMP_NAT_RIO,EMP_NAT_VAL,EMP_SOC_AND,EMP_SOC_ARA,EMP_SOC_AST,EMP_SOC_BAL,EMP_SOC_CAN,EMP_SOC_CANT,EMP_SOC_CAT,EMP_SOC_CLM,EMP_SOC_CYL,EMP_SOC_ESP,EMP_SOC_EXT,EMP_SOC_GAL,EMP_SOC_MAD,EMP_SOC_MUR,EMP_SOC_NAV,EMP_SOC_PV,EMP_SOC_RIO,EMP_SOC_VAL,GOB_DES_AND,GOB_DES_ARA,GOB_DES_AST,GOB_DES_BAL,GOB_DES_CAN,GOB_DES_CANT,GOB_DES_CAT,GOB_DES_CLM,GOB_DES_CYL,GOB_DES_ESP,GOB_DES_EXT,GOB_DES_GAL,GOB_DES_MAD,GOB_DES_MUR,GOB_DES_NAV,GOB_DES_PV,GOB_DES_RIO,GOB_DES_VAL,GOB_EFF_AND,GOB_EFF_ARA,GOB_EFF_AST,GOB_EFF_BAL,GOB_EFF_CAN,GOB_EFF_CANT,GOB_EFF_CAT,GOB_EFF_CLM,GOB_EFF_CYL,GOB_EFF_ESP,GOB_EFF_EXT,GOB_EFF_GAL,GOB_EFF_MAD,GOB_EFF_MUR,GOB_EFF_NAV,GOB_EFF_PV,GOB_EFF_RIO,GOB_EFF_VAL,INF_BAN_AND,INF_BAN_ARA,INF_BAN_AST,INF_BAN_BAL,INF_BAN_CAN,INF_BAN_CANT,INF_BAN_CAT,INF_BAN_CLM,INF_BAN_CYL,INF_BAN_ESP,INF_BAN_EXT,INF_BAN_GAL,INF_BAN_MAD,INF_BAN_MUR,INF_BAN_NAV,INF_BAN_PV,INF_BAN_RIO,INF_BAN_VAL,INF_TRA_AND,INF_TRA_ARA,INF_TRA_AST,INF_TRA_BAL,INF_TRA_CAN,INF_TRA_CANT,INF_TRA_CAT,INF_TRA_CLM,INF_TRA_CYL,INF_TRA_ESP,INF_TRA_EXT,INF_TRA_GAL,INF_TRA_MAD,INF_TRA_MUR,INF_TRA_NAV,INF_TRA_PV,INF_TRA_RIO,INF_TRA_VAL,INV_HIP_AND,INV_HIP_ARA,INV_HIP_AST,INV_HIP_BAL,INV_HIP_CAN,INV_HIP_CANT,INV_HIP_CAT,INV_HIP_CLM,INV_HIP_CYL,INV_HIP_ESP,INV_HIP_EXT,INV_HIP_GAL,INV_HIP_MAD,INV_HIP_MUR,INV_HIP_NAV,INV_HIP_PV,INV_HIP_RIO,INV_HIP_VAL,INV_IED_AND,INV_IED_ARA,INV_IED_AST,INV_IED_BAL,INV_IED_CAN,INV_IED_CANT,INV_IED_CAT,INV_IED_CLM,INV_IED_CYL,INV_IED_ESP,INV_IED_EXT,INV_IED_GAL,INV_IED_MAD,INV_IED_MUR,INV_IED_NAV,INV_IED_PV,INV_IED_RIO,INV_IED_VAL,LIB_ODI_AND,LIB_ODI_ARA,LIB_ODI_AST,LIB_ODI_BAL,LIB_ODI_CAN,LIB_ODI_CANT,LIB_ODI_CAT,LIB_ODI_CLM,LIB_ODI_CYL,LIB_ODI_ESP,LIB_ODI_EXT,LIB_ODI_GAL,LIB_ODI_MAD,LIB_ODI_MUR,LIB_ODI_NAV,LIB_ODI_PV,LIB_ODI_RIO,LIB_ODI_VAL,LIB_SEX_AND,LIB_SEX_ARA,LIB_SEX_AST,LIB_SEX_BAL,LIB_SEX_CAN,LIB_SEX_CANT,LIB_SEX_CAT,LIB_SEX_CLM,LIB_SEX_CYL,LIB_SEX_ESP,LIB_SEX_EXT,LIB_SEX_GAL,LIB_SEX_MAD,LIB_SEX_MUR,LIB_SEX_NAV,LIB_SEX_PV,LIB_SEX_RIO,LIB_SEX_VAL,SAL_ESP_AND,SAL_ESP_ARA,SAL_ESP_AST,SAL_ESP_BAL,SAL_ESP_CAN,SAL_ESP_CANT,SAL_ESP_CAT,SAL_ESP_CLM,SAL_ESP_CYL,SAL_ESP_ESP,SAL_ESP_EXT,SAL_ESP_GAL,SAL_ESP_MAD,SAL_ESP_MUR,SAL_ESP_NAV,SAL_ESP_PV,SAL_ESP_RIO,SAL_ESP_VAL,SAL_SAT_enlazado_AND,SAL_SAT_enlazado_ARA,SAL_SAT_enlazado_AST,SAL_SAT_enlazado_BAL,SAL_SAT_enlazado_CAN,SAL_SAT_enlazado_CANT,SAL_SAT_enlazado_CAT,SAL_SAT_enlazado_CLM,SAL_SAT_enlazado_CYL,SAL_SAT_enlazado_ESP,SAL_SAT_enlazado_EXT,SAL_SAT_enlazado_GAL,SAL_SAT_enlazado_MAD,SAL_SAT_enlazado_MUR,SAL_SAT_enlazado_NAV,SAL_SAT_enlazado_PV,SAL_SAT_enlazado_RIO,SAL_SAT_enlazado_VAL,SEG_BAL_AND,SEG_BAL_ARA,SEG_BAL_AST,SEG_BAL_BAL,SEG_BAL_CAN,SEG_BAL_CANT,SEG_BAL_CAT,SEG_BAL_CLM,SEG_BAL_CYL,SEG_BAL_ESP,SEG_BAL_EXT,SEG_BAL_GAL,SEG_BAL_MAD,SEG_BAL_MUR,SEG_BAL_NAV,SEG_BAL_PV,SEG_BAL_RIO,SEG_BAL_VAL,SEG_CRI_AND,SEG_CRI_ARA,SEG_CRI_AST,SEG_CRI_BAL,SEG_CRI_CAN,SEG_CRI_CANT,SEG_CRI_CAT,SEG_CRI_CLM,SEG_CRI_CYL,SEG_CRI_ESP,SEG_CRI_EXT,SEG_CRI_GAL,SEG_CRI_MAD,SEG_CRI_MUR,SEG_CRI_NAV,SEG_CRI_PV,SEG_CRI_RIO,SEG_CRI_VAL,SOC_ASO_AND,SOC_ASO_ARA,SOC_ASO_AST,SOC_ASO_BAL,SOC_ASO_CAN,SOC_ASO_CANT,SOC_ASO_CAT,SOC_ASO_CLM,SOC_ASO_CYL,SOC_ASO_ESP,SOC_ASO_EXT,SOC_ASO_GAL,SOC_ASO_MAD,SOC_ASO_MUR,SOC_ASO_NAV,SOC_ASO_PV,SOC_ASO_RIO,SOC_ASO_VAL,SOC_PAR_enlazado_AND,SOC_PAR_enlazado_ARA,SOC_PAR_enlazado_AST,SOC_PAR_enlazado_BAL,SOC_PAR_enlazado_CAN,SOC_PAR_enlazado_CANT,SOC_PAR_enlazado_CAT,SOC_PAR_enlazado_CLM,SOC_PAR_enlazado_CYL,SOC_PAR_enlazado_ESP,SOC_PAR_enlazado_EXT,SOC_PAR_enlazado_GAL,SOC_PAR_enlazado_MAD,SOC_PAR_enlazado_MUR,SOC_PAR_enlazado_NAV,SOC_PAR_enlazado_PV,SOC_PAR_enlazado_RIO,SOC_PAR_enlazado_VAL,VID_ARO_AND,VID_ARO_ARA,VID_ARO_AST,VID_ARO_BAL,VID_ARO_CAN,VID_ARO_CANT,VID_ARO_CAT,VID_ARO_CLM,VID_ARO_CYL,VID_ARO_ESP,VID_ARO_EXT,VID_ARO_GAL,VID_ARO_MAD,VID_ARO_MUR,VID_ARO_NAV,VID_ARO_PV,VID_ARO_RIO,VID_ARO_VAL,VID_PAR_AND,VID_PAR_ARA,VID_PAR_AST,VID_PAR_BAL,VID_PAR_CAN,VID_PAR_CANT,VID_PAR_CAT,VID_PAR_CLM,VID_PAR_CYL,VID_PAR_ESP,VID_PAR_EXT,VID_PAR_GAL,VID_PAR_MAD,VID_PAR_MUR,VID_PAR_NAV,VID_PAR_PV,VID_PAR_RIO,VID_PAR_VAL,AUX_EDA_AND,AUX_EDA_ARA,AUX_EDA_AST,AUX_EDA_BAL,AUX_EDA_CAN,AUX_EDA_CANT,AUX_EDA_CAT,AUX_EDA_CLM,AUX_EDA_CYL,AUX_EDA_ESP,AUX_EDA_EXT,AUX_EDA_GAL,AUX_EDA_MAD,AUX_EDA_MUR,AUX_EDA_NAV,AUX_EDA_PV,AUX_EDA_RIO,AUX_EDA_VAL,AUX_IPC_AND,AUX_IPC_ARA,AUX_IPC_AST,AUX_IPC_BAL,AUX_IPC_CAN,AUX_IPC_CANT,AUX_IPC_CAT,AUX_IPC_CLM,AUX_IPC_CYL,AUX_IPC_ESP,AUX_IPC_EXT,AUX_IPC_GAL,AUX_IPC_MAD,AUX_IPC_MUR,AUX_IPC_NAV,AUX_IPC_PV,AUX_IPC_RIO,AUX_IPC_VAL,AUX_POB_AND,AUX_POB_ARA,AUX_POB_AST,AUX_POB_BAL,AUX_POB_CAN,AUX_POB_CANT,AUX_POB_CAT,AUX_POB_CLM,AUX_POB_CYL,AUX_POB_ESP,AUX_POB_EXT,AUX_POB_GAL,AUX_POB_MAD,AUX_POB_MUR,AUX_POB_NAV,AUX_POB_PV,AUX_POB_RIO,AUX_POB_VAL
1971Q1,,,,,,,,,,,,,,,,,,,,,,,,,,,,,,,,,,,,,,,,,,,,,,,,,,,,,,,,,,,,,,,,,,,,,,,,,,,,,,,,,,,,,,,,,,,,,,,,,,,,,,,,,,,,,,,,,,,,,,,,,,,,,,,,,,,,,,,,,,,,,,,,,,,,,,,,,,,,,,,,,,,,,,,,,,,,,,,,,,,,,,,,,,,,,,,,,,,,,,,,,,,,,,,,,,,,,,,,,,,,,,,,,,,,,,,,,,,,,,,,,,,,,,,,,,,,,,,,,,,,,,,,,,,,,,,,,,,,,,,,,,,,,,,,,,,,,,,,,,,,,,,,,,,,,,,,,,,,,,,,,,,,,,,,,,,,,,,,,,,,,,,,,,,,,,,,,,,,,,,,,,,,,,,,,,,,,,,,,,,,,,,,,,,,,,,,,,,,,,,,,,,,,,,,,,,,,,,,,,,,,,,,,,,,,,,,,,,,,,,,,,,,,,,,,,,29.62724785640996,34.87208158128093,32.78983979486286,34.11431275442212,27.68026379564096,32.03156723927897,31.55058430326851,32.12269106055807,32.57182073605718,31.36623570615038,31.6798266924013,33.06168885548368,30.66663897993449,31.87522206430982,33.09569935227949,30.46294690180206,38.08560598209517,32.58376659980772,,,,,,,,,,,,,,,,,,,8276017.0,1344184.0,1077103.0,1083683.0,2045168.0,588518.0,7463471.0,2084470.0,2547408.0,46486621.0,1099605.0,2772457.0,6373532.0,1453545.0,633017.0,2179532.0,319939.0,4989631.0
1971Q3,,,,,,,,,,,,,,,,,,,,,,,,,,,,,,,,,,,,,,,,,,,,,,,,,,,,,,,,,,,,,,,,,,,,,,,,,,,,,,,,,,,,,,,,,,,,,,,,,,,,,,,,,,,,,,,,,,,,,,,,,,,,,,,,,,,,,,,,,,,,,,,,,,,,,,,,,,,,,,,,,,,,,,,,,,,,,,,,,,,,,,,,,,,,,,,,,,,,,,,,,,,,,,,,,,,,,,,,,,,,,,,,,,,,,,,,,,,,,,,,,,,,,,,,,,,,,,,,,,,,,,,,,,,,,,,,,,,,,,,,,,,,,,,,,,,,,,,,,,,,,,,,,,,,,,,,,,,,,,,,,,,,,,,,,,,,,,,,,,,,,,,,,,,,,,,,,,,,,,,,,,,,,,,,,,,,,,,,,,,,,,,,,,,,,,,,,,,,,,,,,,,,,,,,,,,,,,,,,,,,,,,,,,,,,,,,,,,,,,,,,,,,,,,,,,,29.83346438396941,34.09445643894234,33.37787652898413,34.29872944507924,28.28520637747354,33.87909061212596,31.96320580454364,32.64078383934933,32.92384188339833,30.84829175071378,32.11262048677128,32.95630835462799,30.6377099578488,30.72978667436236,31.93069244991868,30.33815055217367,36.78098240531675,32.47783929002956,,,,,,,,,,,,,,,,,,,8276017.0,1344184.0,1077103.0,1083683.0,2045168.0,588518.0,7463471.0,2084470.0,2547408.0,46486621.0,1099605.0,2772457.0,6373532.0,1453545.0,633017.0,2179532.0,319939.0,4989631.0
1972Q1,,,,,,,,,,,,,,,,,,,,,,,,,,,,,,,,,,,,,,,,,,,,,,,,,,,,,,,,,,,,,,,,,,,,,,,,,,,,,,,,,,,,,,,,,,,,,,,,,,,,,,,,,,,,,,,,,,,,,,,,,,,,,,,,,,,,,,,,,,,,,,,,,,,,,,,,,,,,,,,,,,,,,,,,,,,,,,,,,,,,,,,,,,,,,,,,,,,,,,,,,,,,,,,,,,,,,,,,,,,,,,,,,,,,,,,,,,,,,,,,,,,,,,,,,,,,,,,,,,,,,,,,,,,,,,,,,,,,,,,,,,,,,,,,,,,,,,,,,,,,,,,,,,,,,,,,,,,,,,,,,,,,,,,,,,,,,,,,,,,,,,,,,,,,,,,,,,,,,,,,,,,,,,,,,,,,,,,,,,,,,,,,,,,,,,,,,,,,,,,,,,,,,,,,,,,,,,,,,,,,,,,,,,,,,,,,,,,,,,,,,,,,,,,,,,,30.59143391818305,35.85375935087772,34.15413919899294,34.00685845405264,27.77042392394674,32.18792960311367,32.42178776129871,33.15734507025558,32.87730783422048,31.05597119216084,32.64122333421122,34.23183541004954,30.42806213372921,31.36447912594257,32.85621529833656,29.87684709687288,36.19242325277596,31.64555032887536,,,,,,,,,,,,,,,,,,,8276017.0,1344184.0,1077103.0,1083683.0,2045168.0,588518.0,7463471.0,2084470.0,2547408.0,46486621.0,1099605.0,2772457.0,6373532.0,1453545.0,633017.0,2179532.0,319939.0,4989631.0
1972Q3,,,,,,,,,,,,,,,,,,,,,,,,,,,,,,,,,,,,,,,,,,,,,,,,,,,,,,,,,,,,,,,,,,,,,,,,,,,,,,,,,,,,,,,,,,,,,,,,,,,,,,,,,,,,,,,,,,,,,,,,,,,,,,,,,,,,,,,,,,,,,,,,,,,,,,,,,,,,,,,,,,,,,,,,,,,,,,,,,,,,,,,,,,,,,,,,,,,,,,,,,,,,,,,,,,,,,,,,,,,,,,,,,,,,,,,,,,,,,,,,,,,,,,,,,,,,,,,,,,,,,,,,,,,,,,,,,,,,,,,,,,,,,,,,,,,,,,,,,,,,,,,,,,,,,,,,,,,,,,,,,,,,,,,,,,,,,,,,,,,,,,,,,,,,,,,,,,,,,,,,,,,,,,,,,,,,,,,,,,,,,,,,,,,,,,,,,,,,,,,,,,,,,,,,,,,,,,,,,,,,,,,,,,,,,,,,,,,,,,,,,,,,,,,,,,,29.96238368562859,34.97568263733387,34.1202000528227,34.33762739658115,27.97495338495093,33.0629036196885,32.3184205066378,33.06787601004109,33.03707922624108,31.36035120555434,33.04849577556186,34.04701956686302,30.42110000369273,29.56840610279474,31.52903985275636,30.52345043060549,36.36950209149714,31.93094934997076,,,,,,,,,,,,,,,,,,,8276017.0,1344184.0,1077103.0,1083683.0,2045168.0,588518.0,7463471.0,2084470.0,2547408.0,46486621.0,1099605.0,2772457.0,6373532.0,1453545.0,633017.0,2179532.0,319939.0,4989631.0
1973Q1,,,,,,,,,,,,,,,,,,,,,,,,,,,,,,,,,,,,,,,,,,,,,,,,,,,,,,,,,,,,,,,,,,,,,,,,,,,,,,,,,,,,,,,,,,,,,,,,,,,,,,,,,,,,,,,,,,,,,,,,,,,,,,,,,,,,,,,,,,,,,,,,,,,,,,,,,,,,,,,,,,,,,,,,,,,,,,,,,,,,,,,,,,,,,,,,,,,,,,,,,,,,,,,,,,,,,,,,,,,,,,,,,,,,,,,,,,,,,,,,,,,,,,,,,,,,,,,,,,,,,,,,,,,,,,,,,,,,,,,,,,,,,,,,,,,,,,,,,,,,,,,,,,,,,,,,,,,,,,,,,,,,,,,,,,,,,,,,,,,,,,,,,,,,,,,,,,,,,,,,,,,,,,,,,,,,,,,,,,,,,,,,,,,,,,,,,,,,,,,,,,,,,,,,,,,,,,,,,,,,,,,,,,,,,,,,,,,,,,,,,,,,,,,,,,,30.47791550847928,35.25173826791695,34.54516182075144,34.8464951320184,27.51822895727577,32.68825580849366,32.59107118101178,32.64747221175065,32.6533785193385,31.35715382500856,31.7726459594493,33.83652115696538,30.85713647268438,30.31330049261084,33.26268030777775,30.867771066388,35.71587766839951,31.87905182846169,,,,,,,,,,,,,,,,,,,8276017.0,1344184.0,1077103.0,1083683.0,2045168.0,588518.0,7463471.0,2084470.0,2547408.0,46486621.0,1099605.0,2772457.0,6373532.0,1453545.0,633017.0,2179532.0,319939.0,4989631.0
1973Q3,,,,,,,,,,,,,,,,,,,,,,,,,,,,,,,,,,,,,,,,,,,,,,,,,,,,,,,,,,,,,,,,,,,,,,,,,,,,,,,,,,,,,,,,,,,,,,,,,,,,,,,,,,,,,,,,,,,,,,,,,,,,,,,,,,,,,,,,,,,,,,,,,,,,,,,,,,,,,,,,,,,,,,,,,,,,,,,,,,,,,,,,,,,,,,,,,,,,,,,,,,,,,,,,,,,,,,,,,,,,,,,,,,,,,,,,,,,,,,,,,,,,,,,,,,,,,,,,,,,,,,,,,,,,,,,,,,,,,,,,,,,,,,,,,,,,,,,,,,,,,,,,,,,,,,,,,,,,,,,,,,,,,,,,,,,,,,,,,,,,,,,,,,,,,,,,,,,,,,,,,,,,,,,,,,,,,,,,,,,,,,,,,,,,,,,,,,,,,,,,,,,,,,,,,,,,,,,,,,,,,,,,,,,,,,,,,,,,,,,,,,,,,,,,,,,30.54950810298225,35.14038115324014,34.76316270171019,34.41717756596031,27.84660183341344,33.03916543400678,32.72886834240445,33.03902594891777,33.9201688943576,31.62624420092513,32.6289686388025,34.53021107545221,29.89896019078478,29.71611392382046,32.75726741951988,29.86364540487889,36.7957108589023,32.37345048966154,,,,,,,,,,,,,,,,,,,8276017.0,1344184.0,1077103.0,1083683.0,2045168.0,588518.0,7463471.0,2084470.0,2547408.0,46486621.0,1099605.0,2772457.0,6373532.0,1453545.0,633017.0,2179532.0,319939.0,4989631.0
1974Q1,,,,,,,,,,,,,,,,,,,,,,,,,,,,,,,,,,,,,,,,,,,,,,,,,,,,,,,,,,,,,,,,,,,,,,,,,,,,,,,,,,,,,,,,,,,,,,,,,,,,,,,,,,,,,,,,,,,,,,,,,,,,,,,,,,,,,,,,,,,,,,,,,,,,,,,,,,,,,,,,,,,,,,,,,,,,,,,,,,,,,,,,,,,,,,,,,,,,,,,,,,,,,,,,,,,,,,,,,,,,,,,,,,,,,,,,,,,,,,,,,,,,,,,,,,,,,,,,,,,,,,,,,,,,,,,,,,,,,,,,,,,,,,,,,,,,,,,,,,,,,,,,,,,,,,,,,,,,,,,,,,,,,,,,,,,,,,,,,,,,,,,,,,,,,,,,,,,,,,,,,,,,,,,,,,,,,,,,,,,,,,,,,,,,,,,,,,,,,,,,,,,,,,,,,,,,,,,,,,,,,,,,,,,,,,,,,,,,,,,,,,,,,,,,,,,28.76633157551691,35.13110231855731,33.54134505545066,33.28810553860227,28.45263179707507,33.6166330474416,33.0321500382097,33.05555797530967,34.01171105267397,31.680298697296,32.7250472589792,33.61913520933425,31.05244438629257,30.94316718986427,32.3363652820271,30.45236485799096,36.03449488290325,33.02116079869516,,,,,,,,,,,,,,,,,,,8276017.0,1344184.0,1077103.0,1083683.0,2045168.0,588518.0,7463471.0,2084470.0,2547408.0,46486621.0,1099605.0,2772457.0,6373532.0,1453545.0,633017.0,2179532.0,319939.0,4989631.0
1974Q3,,,,,,,,,,,,,,,,,,,,,,,,,,,,,,,,,,,,,,,,,,,,,,,,,,,,,,,,,,,,,,,,,,,,,,,,,,,,,,,,,,,,,,,,,,,,,,,,,,,,,,,,,,,,,,,,,,,,,,,,,,,,,,,,,,,,,,,,,,,,,,,,,,,,,,,,,,,,,,,,,,,,,,,,,,,,,,,,,,,,,,,,,,,,,,,,,,,,,,,,,,,,,,,,,,,,,,,,,,,,,,,,,,,,,,,,,,,,,,,,,,,,,,,,,,,,,,,,,,,,,,,,,,,,,,,,,,,,,,,,,,,,,,,,,,,,,,,,,,,,,,,,,,,,,,,,,,,,,,,,,,,,,,,,,,,,,,,,,,,,,,,,,,,,,,,,,,,,,,,,,,,,,,,,,,,,,,,,,,,,,,,,,,,,,,,,,,,,,,,,,,,,,,,,,,,,,,,,,,,,,,,,,,,,,,,,,,,,,,,,,,,,,,,,,,,29.45677191960177,35.93049468329317,33.53396805833719,32.65707029712945,29.16534144322637,32.84066774029169,33.25708141206702,33.8674077757567,34.10993710479003,31.66586649546326,33.71749547861974,33.95165021029482,30.41174453422985,31.15244552229558,32.71654790723544,30.03205618773888,36.40591832152809,32.10655225572593,,,,,,,,,,,,,,,,,,,8276017.0,1344184.0,1077103.0,1083683.0,2045168.0,588518.0,7463471.0,2084470.0,2547408.0,46486621.0,1099605.0,2772457.0,6373532.0,1453545.0,633017.0,2179532.0,319939.0,4989631.0
1975Q1,,,,,,,,,,,,,,,,,,,,,,,,,,,,,,,,,,,,,,,,,,,,,,,,,,,,,,,,,,,,,,,,,,,,,,,,,,,,,,,,,,,,,,,,,,,,,,,,,,,,,,,,,,,,,,,,,,,,,,,,,,,,,,,,,,,,,,,,,,,,,,,,,,,,,,,,,,,,,,,,,,,,,,,,,,,,,,,,,,,,,,,,,,,,,,,,,,,,,,,,,,,,,,,,,,,,,,,,,,,,,,,,,,,,,,,,,,,,,,,,,,,,,,,,,,,,,,,,,,,,,,,,,,,,,,,,,,,,,,,,,,,,,,,,,,,,,,,,,,,,,,,,,,,72.78901714298628,73.9664588108108,73.0246087743461,73.64355333064327,73.62889554144503,72.80122282768637,73.36860934850304,73.67522888183773,73.73968210570924,73.34162427019852,73.01727075198818,72.7139535214519,74.43112308399198,72.80494610404058,72.70427601710813,72.49545361661391,72.76389224771296,72.78221999589887,,,,,,,,,,,,,,,,,,,,,,,,,,,,,,,,,,,,,,,,,,,,,,,,,,,,,,,,,,,,,,,,,,,,,,,,,,,,,,,,,,,,,,,,,,,,,,,,,,,,,,,,,,,,,,,,,,,,,,,,,,,,,,,30.82932504993556,34.26378867036718,32.79247778741409,33.90833775712724,28.14427689035184,32.9116947684555,32.13003791234391,33.59955250174461,34.2184999800937,31.83150324824288,32.93073767046279,34.24531053552266,30.20462431140777,30.07305830129291,33.36604291686593,30.31744899219275,35.49278617493368,33.04516248476018,,,,,,,,,,,,,,,,,,,8276017.0,1344184.0,1077103.0,1083683.0,2045168.0,588518.0,7463471.0,2084470.0,2547408.0,46486621.0,1099605.0,2772457.0,6373532.0,1453545.0,633017.0,2179532.0,319939.0,4989631.0
1975Q3,,,,,,,,,,,,,,,,,,,,,,,,,,,,,,,,,,,,,,,,,,,,,,,,,,,,,,,,,,,,,,,,,,,,,,,,,,,,,,,,,,,,,,,,,,,,,,,,,,,,,,,,,,,,,,,,,,,,,,,,,,,,,,,,,,,,,,,,,,,,,,,,,,,,,,,,,,,,,,,,,,,,,,,,,,,,,,,,,,,,,,,,,,,,,,,,,,,,,,,,,,,,,,,,,,,,,,,,,,,,,,,,,,,,,,,,,,,,,,,,,,,,,,,,,,,,,,,,,,,,,,,,,,,,,,,,,,,,,,,,,,,,,,,,,,,,,,,,,,,,,,,,,,,72.72001163631433,74.2644429995086,73.19387664979513,73.62409781920891,73.08823988417554,73.1615331021561,73.6494400669352,73.96200351784377,73.87339410509284,73.47174346046965,73.1539511674227,72.89612683726381,74.46848027702124,72.99738421482087,73.05745824801326,72.7013722554747,73.22815023269142,72.96624327429315,,,,,,,,,,,,,,,,,,,,,,,,,,,,,,,,,,,,,,,,,,,,,,,,,,,,,,,,,,,,,,,,,,,,,,,,,,,,,,,,,,,,,,,,,,,,,,,,,,,,,,,,,,,,,,,,,,,,,,,,,,,,,,,30.38628112616284,34.81690292457463,34.33576682589911,33.04864473090328,28.70103806766222,32.63611777619773,32.71914365678306,33.04798635728441,34.18977454472204,32.06717726756455,34.69189816507946,33.4351047709536,30.26422034516854,29.84879704129457,32.53310750730406,30.54745455007175,36.7866422530299,32.55991048754117,,,,,,,,,,,,,,,,,,,8276017.0,1344184.0,1077103.0,1083683.0,2045168.0,588518.0,7463471.0,2084470.0,2547408.0,46486621.0,1099605.0,2772457.0,6373532.0,1453545.0,633017.0,2179532.0,319939.0,4989631.0
1976Q1,,,,,,,,,,,,,,,,,,,,,,,,,,,,,,,,,,,,,,,,,,,,,,,,,,,,,,,,,,,,,,,,,,,,,,,,,,,,,,,,,,,,,,,,,,,,,,,,,,,,,,,,,,,,,,,,,,,,,,,,,,,,,,,,,,,,,,,,,,,,,,,,,,,,,,,,,,,,,,,,,,,,,,,,,,,,,,,,,,,,,,,,,,,,,,,,,,,,,,,,,,,,,,,,,,,,,,,,,,,,,,,,,,,,,,,,,,,,,,,,,,,,,,,,,,,,,,,,,,,,,,,,,,,,,,,,,,,,,,,,,,,,,,,,,,,,,,,,,,,,,,,,,,,72.65070050083375,74.56381516428253,73.36174408169576,73.60230589473794,72.54510713705567,73.51961832640781,73.93165614210024,74.25015659566805,74.00611618955774,73.60206073480751,73.29129299454553,73.07804211096085,74.50515165398393,73.190796728768,73.41415330972133,72.90761620996105,73.69358314947677,73.1515966674122,,,,,,,,,,,,,,,,,,,,,,,,,,,,,,,,,,,,,,,,,,,,,,,,,,,,,,,,,,,,,,,,,,,,,,,,,,,,,,,,,,,,,,,,,,,,,,,,,,,,,,,,,,,,,,,,,,,,,,,,,,,,,,,31.40813497796421,34.78051688902242,33.62721725231995,33.85141165409635,28.84790858247724,32.62956667031516,32.97379369586356,34.16405702028459,34.15825341990212,32.1204621732631,32.94852336198201,34.50591413296944,29.82612460277153,31.73614367177879,32.70097237248331,30.59273807208165,35.06299104310754,33.24663295316215,,,,,,,,,,,,,,,,,,,8276017.0,1344184.0,1077103.0,1083683.0,2045168.0,588518.0,7463471.0,2084470.0,2547408.0,46486621.0,1099605.0,2772457.0,6373532.0,1453545.0,633017.0,2179532.0,319939.0,4989631.0
1976Q3,,,,,,,,,,,,,,,,,,,,,,,,,,,,,,,,,,,,,,,,,,,,,,,,,,,,,,,,,,,,,,,,,,,,,,,,,,,,,,,,,,,,,,,,,,,,,,,,,,,,,,,,,,,,,,,,,,,,,,,,,,,,,,,,,,,,,,,,,,,,,,,,,,,,,,,,,,,,,,,,,,,,,,,,,,,,,,,,,,,,,,,,,,,,,,,,,,,,,,,,,,,,,,,,,,,,,,,,,,,,,,,,,,,,,,,,,,,,,,,,,,,,,,,,,,,,,,,,,,,,,,,,,,,,,,,,,,,,,,,,,,,,,,,,,,,,,,,,,,,,,,,,,,,72.84282261557783,74.86666529006766,73.38238014419802,73.68224982994718,72.63416115064673,73.74140395663548,74.28549463257781,74.50718454404881,74.14320160225051,73.80715994212021,73.44876626600919,73.20458301298645,74.62456148714662,73.45227736507273,73.84668501064871,73.12373412198951,73.95874625871366,73.31278008325162,,,,,,,,,,,,,,,,,,,,,,,,,,,,,,,,,,,,,,,,,,,,,,,,,,,,,,,,,,,,,,,,,,,,,,,,,,,,,,,,,,,,,,,,,,,,,,,,,,,,,,,,,,,,,,,,,,,,,,,,,,,,,,,30.58315577546251,36.07435594771872,33.91496703661425,33.12534244093347,27.49174098038765,32.50132457695302,32.00172849227074,34.69955422926147,34.18250832812086,32.17349179128747,33.79328225071554,34.43482714430669,30.32942719552237,30.05971670011889,32.9696905989864,30.5797567216601,36.15680837823994,31.5633044642531,,,,,,,,,,,,,,,,,,,8276017.0,1344184.0,1077103.0,1083683.0,2045168.0,588518.0,7463471.0,2084470.0,2547408.0,46486621.0,1099605.0,2772457.0,6373532.0,1453545.0,633017.0,2179532.0,319939.0,4989631.0
1977Q1,,,,,,,,,,,,,,,,,,,,,,,,,,,,,,,,,,,,,,,,,,,,,,,,,,,,,,,,,,,,,,,,,,,,,,,,,,,,,,,,,,,,,,,,,,,,,,,,,,,,,,,,,,,,,,,,,,,,,,,,,,,,,,,,,,,,,,,,,,,,,,,,,,,,,,,,,,,,,,,,,,,,,,,,,,,,,,,,,,,,,,,,,,,,,,,,,,,,,,,,,,,,,,,,,,,,,,,,,,,,,,,,,,,,,,,,,,,,,,,,,,,,,,,,,,,,,,,,,,,,,,,,,,,,,,,,,,,,,,,,,,,,,,,,,,,,,,,,,,,,,,,,,,,73.34443654162,75.16995556011743,73.2339213469529,73.89120285342628,73.47840099010232,73.81291721204583,74.71995797905431,74.72380887666674,74.28849002154637,74.09996633575032,73.62793283315216,73.26649514800596,74.843599984206,73.79060323408704,74.3564185806021,73.35017499786325,73.98459518924825,73.44061280607228,,,,,,,,,,,,,,,,,,,,,,,,,,,,,,,,,,,,,,,,,,,,,,,,,,,,,,,,,,,,,,,,,,,,,,,,,,,,,,,,,,,,,,,,,,,,,,,,,,,,,,,,,,,,,,,,,,,,,,,,,,,,,,,30.59348817309058,35.71755266109079,35.10921225721582,33.54129757468385,28.08892896006553,33.23393047770843,33.28459092947077,33.38456871130291,34.18438541221636,32.47439839159466,34.01559713670877,34.6310431687098,30.99831078550528,30.65941013703958,32.61035761288263,31.61249883273244,36.38120853655476,32.76394310344391,,,,,,,,,,,,,,,,,,,8276017.0,1344184.0,1077103.0,1083683.0,2045168.0,588518.0,7463471.0,2084470.0,2547408.0,46486621.0,1099605.0,2772457.0,6373532.0,1453545.0,633017.0,2179532.0,319939.0,4989631.0
1977Q3,,,,,,,,,,,,,,,,,,,,,,,,,,,,,,,,,,,,,,,,,,,,,,,,,,,,,,,,,,,,,,,,,,,,,,,,,,,,,,,,,,,,,,,,,,,,,,,,,,,,,,,,,,,,,,,,,,,,,,,,,,,,,,,,,,,,,,,,,,,,,,,,,,,,,,,,,,,,,,,,,,,,,,,,,,,,,,,,,,,,,,,,,,,,,,,,,,,,,,,,,,,,,,,,,,,,,,,,,,,,,,,,,,,,,,,,,,,,,,,,,,,,,,,,,,,,,,,,,,,,,,,,,,,,,,,,,,,,,,,,,,,,,,,,,,,,,,,,,,,,,,,,,,,73.59397568239366,75.35408930305728,73.36137573646445,74.18121858894601,73.84808107715997,74.20856062325117,74.96491544018325,74.85864359783446,74.51085796723363,74.29694438646413,73.73094467965267,73.40932108704207,75.03052675522132,73.97722332250308,74.49894144802049,73.53962915975961,74.12401483268489,73.48520964106812,,,,,,,,,,,,,,,,,,,,,,,,,,,,,,,,,,,,,,,,,,,,,,,,,,,,,,,,,,,,,,,,,,,,,,,,,,,,,,,,,,,,,,,,,,,,,,,,,,,,,,,,,,,,,,,,,,,,,,,,,,,,,,,30.43265060489556,35.62329176446539,34.76758191402214,33.85423193747653,28.15416382599593,33.25690586529752,32.61168968924591,34.28458022151801,33.82090581738394,32.68523588778926,33.87926667470752,34.69233547493829,30.77100962354265,30.83500536458765,32.72833530158282,31.62528817771917,36.20404866227695,31.01783885886144,,,,,,,,,,,,,,,,,,,8276017.0,1344184.0,1077103.0,1083683.0,2045168.0,588518.0,7463471.0,2084470.0,2547408.0,46486621.0,1099605.0,2772457.0,6373532.0,1453545.0,633017.0,2179532.0,319939.0,4989631.0
1978Q1,,,,,,,,,,,,,,,,,,,,,,,,,,,,,,,,,,,,,,,,,,,,,,,,,,,,,,,,,,,,,,,,,,,,,,,,,,,,,,,,,,,,,,,,,,,,,,,,,,,,,,,,,,,,,,,,,,,,,,,,,,,,,,,,,,,,,,,,,,,,,,,,,,,,,,,,,,,,,,,,,,,,,,,,,,,,,,,,,,,,,,,,,,,,,,,,,,,,,,,,,,,,,,,,,,,,,,,,,,,,,,,,,,,,,,,,,,,,,,,,,,,,,,,,,,,,,,,,,,,,,,,,,,,,,,,,,,,,,,,,,,,,,,,,,,,,,,,,,,,,,,,,,,,73.44510199421111,75.38914944242383,73.87649587291074,74.52827910532432,73.41014592411501,75.0367528733529,74.95205651057636,74.90063960985212,74.82412165904177,74.35013534676574,73.73294931832348,73.66829370152867,75.14875002763917,73.95923434633072,74.17463907988464,73.6816382579966,74.46794708963097,73.43748793223568,,,,,,,,,,,,,,,,,,,,,,,,,,,,,,,,,,,,,,,,,,,,,,,,,,,,,,,,,,,,,,,,,,,,,,,,,,,,,,,,,,,,,,,,,,,,,,,,,,,,,,,,,,,,,,,,,,,,,,,,,,,,,,,31.24608121612921,35.17684392666561,34.23889215358152,32.18542155122671,28.89065282945302,32.2933223647374,33.34593312569808,33.83757422067077,34.90197423990888,32.29429750330367,33.49319624149885,35.04036575416351,30.58188794199633,30.39574445191045,33.62057335581787,31.50734048437417,35.92214283085002,32.94012873277978,,,,,,,,,,,,,,,,,,,8276017.0,1344184.0,1077103.0,1083683.0,2045168.0,588518.0,7463471.0,2084470.0,2547408.0,46486621.0,1099605.0,2772457.0,6373532.0,1453545.0,633017.0,2179532.0,319939.0,4989631.0
1978Q3,,,,,,,,,,,,,,,,,,,,,,,,,,,,,,,,,,,,,,,,,,,,,,,,,,,,,,,,,,,,,,,,,,,,,,,,,,,,,,,,,,,,,,,,,,,,,,,,,,,,,,,,,,,,,,,,,,,,,,,,,,,,,,,,,,,,,,,,,,,,,,,,,,,,,,,,,,,,,,,,,,,,,,,,,,,,,,,,,,,,,,,,,,,,,,,,,,,,,,,,,,,,,,,,,,,,,,,,,,,,,,,,,,,,,,,,,,,,,,,,,,,,,,,,,,,,,,,,,,,,,,,,,,,,,,,,,,,,,,,,,,,,,,,,,,,,,,,,,,,,,,,,,,,73.45333941643385,75.45000717948946,74.21434202860097,74.66839409343469,73.08202016815973,75.36300186091958,75.03927140131347,74.94801979316217,75.09003884673928,74.46015148672456,73.78710497521425,73.88833298110443,75.29178624509323,74.0787470092606,74.21993589147212,73.87397075452273,74.67428512928237,73.50686134502372,,,,,,,,,,,,,,,,,,,,,,,,,,,,,,,,,,,,,,,,,,,,,,,,,,,,,,,,,,,,,,,,,,,,,,,,,,,,,,,,,,,,,,,,,,,,,,,,,,,,,,,,,,,,,,,,,,,,,,,,,,,,,,,30.48165924002081,35.92485787196973,34.83872958829583,34.16525105136259,29.0414959374275,33.03028769015607,32.92938920020173,34.90621373001532,34.84673032173251,31.76608402725966,34.24001903184375,34.07267903537056,31.62403230316961,30.18266560330268,33.21252089160243,32.14758909355749,34.82019245146933,33.2276131987687,,,,,,,,,,,,,,,,,,,8276017.0,1344184.0,1077103.0,1083683.0,2045168.0,588518.0,7463471.0,2084470.0,2547408.0,46486621.0,1099605.0,2772457.0,6373532.0,1453545.0,633017.0,2179532.0,319939.0,4989631.0
1979Q1,,,,,,,,,,,,,,,,,,,,,,,,,,,,,,,,,,,,,,,,,,,,,,,,,,,,,,,,,,,,,,,,,,,,,,,,,,,,,,,,,,,,,,,,,,,,,,,,,,,,,,,,,,,,,,,,,,,,,,,,,,,,,,,,,,,,,,,,,,,,,,,,,,,,,,,,,,,,,,,,,,,,,,,,,,,,,,,,,,,,,,,,,,,,,,,,,,,,,,,,,,,,,,,,,,,,,,,,,,,,,,,,,,,,,,,,,,,,,,,,,,,,,,,,,,,,,,,,,,,,,,,,,,,,,,,,,,,,,,,,,,,,,,,,,,,,,,,,,,,,,,,,,,,73.78032113556876,75.5881273226499,74.21340087060693,74.54138157343894,73.147212897267,74.93801462275088,75.33021176826674,75.03582115390012,75.2780934011331,74.68781414567971,73.93967939646232,74.03208191604513,75.49481684684959,74.42153638432005,74.85007401381498,74.14309053945344,74.64971882996747,73.75082360013688,,,,,,,,,,,,,,,,,,,,,,,,,,,,,,,,,,,,,,,,,,,,,,,,,,,,,,,,,,,,,,,,,,,,,,,,,,,,,,,,,,,,,,,,,,,,,,,,,,,,,,,,,,,,,,,,,,,,,,,,,,,,,,,31.62612875844561,36.04670428089239,35.368067657916,33.99471645901016,28.65939658484752,32.58410469266136,32.81984592506881,33.24152549716506,34.48792970067245,32.7002661790406,33.1865180441382,33.3675466369059,31.30804426959932,30.98939518921515,32.70003012817025,30.04534036822987,34.84670279233662,32.92190052444793,,,,,,,,,,,,,,,,,,,8276017.0,1344184.0,1077103.0,1083683.0,2045168.0,588518.0,7463471.0,2084470.0,2547408.0,46486621.0,1099605.0,2772457.0,6373532.0,1453545.0,633017.0,2179532.0,319939.0,4989631.0
1979Q3,,,,,,,,,,,,,,,,,,,,,,,,,,,,,,,,,,,,,,,,,,,,,,,,,,,,,,,,,,,,,,,,,,,,,,,,,,,,,,,,,,,,,,,,,,,,,,,,,,,,,,,,,,,,,,,,,,,,,,,,,,,,,,,,,,,,,,,,,,,,,,,,,,,,,,,,,,,,,,,,,,,,,,,,,,,,,,,,,,,,,,,,,,,,,,,,,,,,,,,,,,,,,,,,,,,,,,,,,,,,,,,,,,,,,,,,,,,,,,,,,,,,,,,,,,,,,,,,,,,,,,,,,,,,,,,,,,,,,,,,,,,,,,,,,,,,,,,,,,,,,,,,,,,74.12227992686518,75.80026037736225,74.18669697480335,74.60746485688868,73.48611240125322,74.6781148593793,75.70291768615111,75.30916081603971,75.6026650375641,74.98304686379805,74.18886837905485,74.33533439178346,75.7806910941909,74.53714677164297,75.19524329105533,74.38449385277112,74.71820416001216,74.06868002265959,,,,,,,,,,,,,,,,,,,,,,,,,,,,,,,,,,,,,,,,,,,,,,,,,,,,,,,,,,,,,,,,,,,,,,,,,,,,,,,,,,,,,,,,,,,,,,,,,,,,,,,,,,,,,,,,,,,,,,,,,,,,,,,30.24521129196741,36.79657276276792,36.37221330333862,34.05695050332742,28.60738682448821,33.41798145325203,33.42493478420091,35.12226974423344,34.98669726478429,33.04304565356876,34.50205874822176,34.06777712941842,31.37454164327329,30.8447594343257,33.62173815621669,31.87371132194814,34.61226220148697,33.54114005619088,,,,,,,,,,,,,,,,,,,8276017.0,1344184.0,1077103.0,1083683.0,2045168.0,588518.0,7463471.0,2084470.0,2547408.0,46486621.0,1099605.0,2772457.0,6373532.0,1453545.0,633017.0,2179532.0,319939.0,4989631.0
1980Q1,,,,,,,,,,,,,,,,,,,,,,,,,,,,,,,,,,,,,,,,,,,,,,,,,,,,,,,,,,,,,,,,,,,,,,,,,,,,,,,,,,,,,,,,,,,,,,,,,,,,,,,,,,,,,,,,,,,,,,,,,,,,,,,,,,,,,,,,,,,,,,,,,,,,,,,,,,,,,,,,,,,,,,,,,,,,,,,,,,,,,,,,,,,,,,,,,,,,,,,,,,,,,,,,,,,,,,,,,,,,,,,,,,,,,,,,,,,,,,,,,,,,,,,,,,,,,,,,,,,,,,,,,,,,,,,,,,,,,,,,,,,,,,,,,,,,,,,,,,,,,,,,,,,74.37646742426017,76.07566530820098,74.24048636007439,74.99568674470376,74.0274306903739,74.85057240328324,76.10791838296933,75.78880050144234,76.11218210102706,75.31884590874841,74.5210184177403,74.8553722837236,76.13489040820537,74.30449875657878,75.01405924940013,74.56338843394848,74.96230620089925,74.42328510747672,,,,,,,,,,,,,,,,,,,,,,,,,,,,,,,,,,,,,,,,,,,,,,,,,,,,,,,,,,,,,,,,,,,,,,,,,,,,,,,,,,,,,,,,,,,,,,,,,,,,,,,,,,,,,,,,,,,,,,,,,,,,,,,30.57314637000566,36.43539722492299,35.52516223234809,34.22873328365504,28.79321490669692,32.71699898483284,32.86607175739945,33.99339771327769,35.58726050569321,31.78519770597194,34.05075691413451,35.88860727391496,31.66832099226196,30.44808653766954,34.18580432381324,31.22947587217392,33.76647953334682,32.81130217306799,,,,,,,,,,,,,,,,,,,8276017.0,1344184.0,1077103.0,1083683.0,2045168.0,588518.0,7463471.0,2084470.0,2547408.0,46486621.0,1099605.0,2772457.0,6373532.0,1453545.0,633017.0,2179532.0,319939.0,4989631.0
1980Q3,,,,,,,,,,,,,,,,,,,,,,,,,,,,,,,,,,,,,,,,,,,,,,,,,,,,,,,,,,,,,,,,,,,,,,,,,,,,,,,,,,,,,,,,,,,,,,,,,,,,,,,,,,,,,,,,,,,,,,,,,,,,,,,,,,,,,,,,,,,,,,,,,,,,,,,,,,,,,,,,,,,,,,,,,,,,,,,,,,,,,,,,,,,,,,,,,,,,,,,,,,,,,,,,,,,,,,,,,,,,,,,,,,,,,,,,,,,,,,,,,,,,,,,,,,,,,,,,,,,,,,,,,,,,,,,,,,,,,,,,,,,,,,,,,,,,,,,,,,,,,,,,,,,74.48371649380707,76.27504931882811,74.46857772258463,75.45869381818716,74.36028734373129,75.15630223865094,76.37532401418355,75.97791309060203,76.36127938349782,75.49345516626884,74.7169903801531,75.15279016899717,76.10530882692537,74.27008788667752,75.05643597164348,74.66769094249824,75.00300623733206,74.66868512065894,,,,,,,,,,,,,,,,,,,,,,,,,,,,,,,,,,,,,,,,,,,,,,,,,,,,,,,,,,,,,,,,,,,,,,,,,,,,,,,,,,,,,,,,,,,,,,,,,,,,,,,,,,,,,,,,,,,,,,,,,,,,,,,31.3423445769717,35.21791458924261,35.39041130088452,34.93135216262299,27.91240160816029,34.08118011659759,33.02593386862564,34.95500112980896,35.32960184543548,32.86605823546324,34.05758216053319,33.62842237641037,30.14139572598092,31.75523307310889,33.76249229941606,31.87327326096699,35.2329247535874,32.87073448489591,,,,,,,,,,,,,,,,,,,8276017.0,1344184.0,1077103.0,1083683.0,2045168.0,588518.0,7463471.0,2084470.0,2547408.0,46486621.0,1099605.0,2772457.0,6373532.0,1453545.0,633017.0,2179532.0,319939.0,4989631.0
1981Q1,,,,,,,,,,,,,,,,,,,,,,,,,,,,,,,,,,,,,,,,,,,,,,,,,,,,,,,,,,,,,,,,,,,,,,,,,,,,,,,,,,,,,,,,,,,,,,,,,,,,,,,,,,,,,,,,,,,,,,,,,,,,,,,,,,,,,,,,,,,,,,,,,,,,,,,,,,,,,,,,,,,,,,,,,,,,,,,,,,,,,,,,,,,,,,,,,,,,,,,,,,,,,,,,,,,,,,,,,,,,,,,,,,,,,,,,,,,,,,,,,,,,,,,,,,,,,,,,,,,,,,,,,,,,,,,,,,,,,,,,,,,,,,,,,,,,,,,,,,,,,,,,,,,74.44519583161122,76.36910666347795,74.8769876129212,75.917707303438,74.3882038623513,75.4885044907616,76.4754543302085,75.75987182275499,76.24044426436572,75.46718174838121,74.73616890442246,75.11282669782737,75.59857609100315,74.59368533192935,75.53747008815887,74.70856055604557,74.7528441369358,74.77516970908191,,,,,,,,,,,,,,,,,,,,,,,,,,,,,,,,,,,,,,,,,,,,,,,,,,,,,,,,,,,,,,,,,,,,,,,,,,,,,,,,,,,,,,,,,,,,,,,,,,,,,,,,,,,,,,,,,,,,,,,,,,,,,,,30.15890214865759,36.87638580030024,35.43895858150787,33.33100898469441,30.05142585665454,33.08924725744798,33.48144048561198,33.15573448973981,36.09619265254252,33.26599268105647,34.42783595086729,35.07286903023145,31.71037264572061,31.19630289773777,34.29175976606433,31.0685767398219,34.80527975755226,32.58389549698416,,,,,,,,,,,,,,,,,,,8276017.0,1344184.0,1077103.0,1083683.0,2045168.0,588518.0,7463471.0,2084470.0,2547408.0,46486621.0,1099605.0,2772457.0,6373532.0,1453545.0,633017.0,2179532.0,319939.0,4989631.0
1981Q3,,,,,,,,,,,,,,,,,,,,,,,,,,,,,,,,,,,,,,,,,,,,,,,,,,,,,,,,,,,,,,,,,,,,,,,,,,,,,,,,,,,,,,,,,,,,,,,,,,,,,,,,,,,,,,,,,,,,,,,,,,,,,,,,,,,,,,,,,,,,,,,,,,,,,,,,,,,,,,,,,,,,,,,,,,,,,,,,,,,,,,,,,,,,,,,,,,,,,,,,,,,,,,,,,,,,,,,,,,,,,,,,,,,,,,,,,,,,,,,,,,,,,,,,,,,,,,,,,,,,,,,,,,,,,,,,,,,,,,,,,,,,,,,,,,,,,,,,,,,,,,,,,,,74.53097012699526,76.57335573611178,75.11355321290253,76.17211211557573,74.459563045391,75.80199261786954,76.70984270346644,75.87060035029722,76.38267976902209,75.63807563653252,75.03766816164462,75.18492557242642,75.6131534173195,75.00736384110441,75.83621040343577,74.98457595775947,74.99558497489106,74.94710842202457,,,,,,,,,,,,,,,,,,,,,,,,,,,,,,,,,,,,,,,,,,,,,,,,,,,,,,,,,,,,,,,,,,,,,,,,,,,,,,,,,,,,,,,,,,,,,,,,,,,,,,,,,,,,,,,,,,,,,,,,,,,,,,,31.13360932604494,36.04756766590095,35.11713355011706,34.28366814698571,28.56330398389071,33.80961952983268,33.34680646340082,34.56426179071419,36.2409470027356,32.35200318127546,35.06040438868631,35.33374262123239,31.71521939886352,31.16130618499522,34.43426784318105,32.89678667797646,35.24334640404361,33.47731651664262,,,,,,,,,,,,,,,,,,,8276017.0,1344184.0,1077103.0,1083683.0,2045168.0,588518.0,7463471.0,2084470.0,2547408.0,46486621.0,1099605.0,2772457.0,6373532.0,1453545.0,633017.0,2179532.0,319939.0,4989631.0
1982Q1,,,,,,,,,,,,,,,,,,,,,,,,,,,,,,,,,,,,,,,,,,,,,,,,,,,,,,,,,,,,,,,,,,,,,,,,,,,,,,,,,,,,,,,,,,,,,,,,,,,,,,,,,,,,,,,,,,,,,,,,,,,,,,,,,,,,,,,,,,,,,,,,,,,,,,,,,,,,,,,,,,,,,,,,,,,,,,,,,,,,,,,,,,,,,,,,,,,,,,,,,,,,,,,,,,,,,,,,,,,,,,,,,,,,,,,,,,,,,,,,,,,,,,,,,,,,,,,,,,,,,,,,,,,,,,,,,,,,,,,,,,,,,,,,,,,,,,,,,,,,,,,,,,,74.80877469597176,76.94121158020603,75.0889890173642,76.16037049922976,74.67481336313166,76.08561215590802,77.14706813635358,76.50122459212393,76.95621630778055,76.10343894864968,75.72584657121806,75.49411318930487,76.39935424027733,75.41118839142916,75.76516519447331,75.5613175300875,75.9235097355624,75.23604589370936,,,,,,,,,,,,,,,,,,,,,,,,,,,,,,,,,,,,,,,,,,,,,,,,,,,,,,,,,,,,,,,,,,,,,,,,,,,,,,,,,,,,,,,,,,,,,,,,,,,,,,,,,,,,,,,,,,,,,,,,,,,,,,,31.28916378228365,36.94261251472469,35.65182920261303,34.66545578326293,29.31547793699601,34.03138653037672,33.98884112188021,35.12584570839822,36.24372317583531,34.27108512350483,34.16342369433512,34.93774751313858,31.13358428518869,31.51905710666018,33.65645617736696,32.35711980611438,34.98137850375865,33.96825124659528,,,,,,,,,,,,,,,,,,,8276017.0,1344184.0,1077103.0,1083683.0,2045168.0,588518.0,7463471.0,2084470.0,2547408.0,46486621.0,1099605.0,2772457.0,6373532.0,1453545.0,633017.0,2179532.0,319939.0,4989631.0
1982Q3,,,,,,,,,,,,,,,,,,,,,,,,,,,,,,,,,,,,,,,,,,,,,,,,,,,,,,,,,,,,,,,,,,,,,,,,,,,,,,,,,,,,,,,,,,,,,,,,,,,,,,,,,,,,,,,,,,,,,,,,,,,,,,,,,,,,,,,,,,,,,,,,,,,,,,,,,,,,,,,,,,,,,,,,,,,,,,,,,,,,,,,,,,,,,,,,,,,,,,,,,,,,,,,,,,,,,,,,,,,,,,,,,,,,,,,,,,,,,,,,,,,,,,,,,,,,,,,,,,,,,,,,,,,,,,,,,,,,,,,,,,,,,,,,,,,,,,,,,,,,,,,,,,,75.0213970705784,77.10876641253176,75.13122537833797,75.65695941447586,74.83743789385379,76.11009215585398,77.2136974393425,76.78338301979795,77.28786938142443,76.28984341994601,75.87931745616774,75.69109849591696,76.7376843493601,75.48891429708647,75.69203319126093,75.83371331791524,76.37491463301467,75.40091271722845,,,,,,,,,,,,,,,,,,,,,,,,,,,,,,,,,,,,,,,,,,,,,,,,,,,,,,,,,,,,,,,,,,,,,,,,,,,,,,,,,,,,,,,,,,,,,,,,,,,,,,,,,,,,,,,,,,,,,,,,,,,,,,,31.50523817011172,36.60053830429712,34.8491640194422,33.42529891183031,30.52890127432211,34.61255181254296,32.74386226006774,35.50832060332621,36.05364387426938,34.3119083614615,34.50572203990992,35.00185148755025,32.01867336478091,31.46796737716133,34.4771000916826,33.05217193827743,35.09501221791002,33.6217873096572,,,,,,,,,,,,,,,,,,,8276017.0,1344184.0,1077103.0,1083683.0,2045168.0,588518.0,7463471.0,2084470.0,2547408.0,46486621.0,1099605.0,2772457.0,6373532.0,1453545.0,633017.0,2179532.0,319939.0,4989631.0
1983Q1,,,,,,,,,,,,,,,,,,,,,,,,,,,,,,,,,,,,,,,,,,,,,,,,,,,,,,,,,,,,,,,,,,,,,,,,,,,,,,,,,,,,,,,,,,,,,,,,,,,,,,,,,,,,,,,,,,,,,,,,,,,,,,,,,,,,,,,,,,,,,,,,,,,,,,,,,,,,,,,,,,,,,,,,,,,,,,,,,,,,,,,,,,,,,,,,,,,,,,,,,,,,,,,,,,,,,,,,,,,,,,,,,,,,,,,,,,,,,,,,,,,,,,,,,,,,,,,,,,,,,,,,,,,,,,,,,,,,,,,,,,,,,,,,,,,,,,,,,,,,,,,,,,,75.09502560836403,76.9776714228708,75.33571294931174,74.6360945796455,74.88621006152943,75.83330434916732,76.76463416255523,76.47620801054732,77.1860925287199,76.04558454401842,75.26071715471896,75.67494433044348,76.29427556596377,75.18027166568478,75.74353707363565,75.64218931102403,76.04699220997314,75.37951592886161,,,,,,,,,,,,,,,,,,,,,,,,,,,,,,,,,,,,,,,,,,,,,,,,,,,,,,,,,,,,,,,,,,,,,,,,,,,,,,,,,,,,,,,,,,,,,,,,,,,,,,,,,,,,,,,,,,,,,,,,,,,,,,,31.52942534173085,37.23679394030631,36.86654853350496,34.07406862879734,29.48325378609037,34.13684300258171,33.87363740062231,34.87146385974678,36.90823527263764,33.77140586805336,35.07749185693567,35.18539426859249,32.50462772920785,31.83892038452058,34.52903238219022,33.00722840114481,35.19741914574236,32.34422682178858,,,,,,,,,,,,,,,,,,,8276017.0,1344184.0,1077103.0,1083683.0,2045168.0,588518.0,7463471.0,2084470.0,2547408.0,46486621.0,1099605.0,2772457.0,6373532.0,1453545.0,633017.0,2179532.0,319939.0,4989631.0
1983Q3,,,,,,,,,,,,,,,,,,,,,,,,,,,,,,,,,,,,,,,,,,,,,,,,,,,,,,,,,,,,,,,,,,,,,,,,,,,,,,,,,,,,,,,,,,,,,,,,,,,,,,,,,,,,,,,,,,,,,,,,,,,,,,,,,,,,,,,,,,,,,,,,,,,,,,,,,,,,,,,,,,,,,,,,,,,,,,,,,,,,,,,,,,,,,,,,,,,,,,,,,,,,,,,,,,,,,,,,,,,,,,,,,,,,,,,,,,,,,,,,,,,,,,,,,,,,,,,,,,,,,,,,,,,,,,,,,,,,,,,,,,,,,,,,,,,,,,,,,,,,,,,,,,,75.16545466473953,76.86490745793493,75.51000745350443,74.28949215590185,74.92955196351926,75.91302830923576,76.58856893247442,76.31925076791373,77.11112896887434,75.98514625871535,75.00707843749132,75.73667219017166,76.13740972334261,75.12245745693666,76.04402008599493,75.5638754252277,76.12234653688809,75.48576289927509,,,,,,,,,,,,,,,,,,,,,,,,,,,,,,,,,,,,,,,,,,,,,,,,,,,,,,,,,,,,,,,,,,,,,,,,,,,,,,,,,,,,,,,,,,,,,,,,,,,,,,,,,,,,,,,,,,,,,,,,,,,,,,,31.56141127127594,36.58930424493338,37.0065140937532,33.74873700278466,29.93070989317259,35.86827766129553,34.66775471807004,34.84037978911459,36.41523356774085,33.60081985200662,34.73942053738241,35.74520824230133,32.26929243259074,31.42870610311356,34.41084171118321,33.22332237888265,34.92890308821307,32.81685597280173,,,,,,,,,,,,,,,,,,,8276017.0,1344184.0,1077103.0,1083683.0,2045168.0,588518.0,7463471.0,2084470.0,2547408.0,46486621.0,1099605.0,2772457.0,6373532.0,1453545.0,633017.0,2179532.0,319939.0,4989631.0
1984Q1,,,,,,,,,,,,,,,,,,,,,,,,,,,,,,,,,,,,,,,,,,,,,,,,,,,,,,,,,,,,,,,,,,,,,,,,,,,,,,,,,,,,,,,,,,,,,,,,,,,,,,,,,,,,,,,,,,,,,,,,,,,,,,,,,,,,,,,,,,,,,,,,,,,,,,,,,,,,,,,,,,,,,,,,,,,,,,,,,,,,,,,,,,,,,,,,,,,,,,,,,,,,,,,,,,,,,,,,,,,,,,,,,,,,,,,,,,,,,,,,,,,,,,,,,,,,,,,,,,,,,,,,,,,,,,,,,,,,,,,,,,,,,,,,,,,,,,,,,,,,,,,,,,,75.2748613536206,76.86215926417005,75.58884609973127,74.91765559330213,74.9981786231855,76.51091780300068,76.90066287378946,76.52870568972145,77.20208223432486,76.27926110253263,75.43775807658676,75.9611895471695,76.57096868786746,75.48155295824917,76.59920682090824,75.76646869486481,76.91433031503075,75.80205504441811,,,,,,,,,,,,,,,,,,,,,,,,,,,,,,,,,,,,,,,,,,,,,,,,,,,,,,,,,,,,,,,,,,,,,,,,,,,,,,,,,,,,,,,,,,,,,,,,,,,,,,,,,,,,,,,,,,,,,,,,,,,,,,,31.94212970871233,37.63647321192003,36.25120379598063,36.37292877199212,30.26194745475964,35.07942743947419,34.50984850942532,36.02381425336782,35.32147501616602,35.13997582150299,34.81168127188064,37.21715321797375,33.33132645995666,31.50161503312393,34.855551810642,34.78177884610318,35.24394523669934,32.64703325558124,,,,,,,,,,,,,,,,,,,8276017.0,1344184.0,1077103.0,1083683.0,2045168.0,588518.0,7463471.0,2084470.0,2547408.0,46486621.0,1099605.0,2772457.0,6373532.0,1453545.0,633017.0,2179532.0,319939.0,4989631.0
1984Q3,,,,,,,,,,,,,,,,,,,,,,,,,,,,,,,,,,,,,,,,,,,,,,,,,,,,,,,,,,,,,,,,,,,,,,,,,,,,,,,,,,,,,,,,,,,,,,,,,,,,,,,,,,,,,,,,,,,,,,,,,,,,,,,,,,,,,,,,,,,,,,,,,,,,,,,,,,,,,,,,,,,,,,,,,,,,,,,,,,,,,,,,,,,,,,,,,,,,,,,,,,,,,,,,,,,,,,,,,,,,,,,,,,,,,,,,,,,,,,,,,,,,,,,,,,,,,,,,,,,,,,,,,,,,,,,,,,,,,,,,,,,,,,,,,,,,,,,,,,,,,,,,,,,75.33998254341209,76.8606882944818,75.56792101652924,75.36374998761127,75.0044416554452,76.7775240504475,77.09665992193972,76.7035399488587,77.27176233012159,76.44709136439707,75.83789914307953,76.09366914757669,76.82568351902054,75.71427414707043,76.8094034967094,75.95484086940401,77.03504703871452,75.95252041915155,,,,,,,,,,,,,,,,,,,,,,,,,,,,,,,,,,,,,,,,,,,,,,,,,,,,,,,,,,,,,,,,,,,,,,,,,,,,,,,,,,,,,,,,,,,,,,,,,,,,,,,,,,,,,,,,,,,,,,,,,,,,,,,30.98429899036533,37.74311587805103,36.27977382629555,36.57053432838439,30.32453178851434,34.69995808885164,34.19010770714819,35.55450169875424,36.30945937799744,34.4155916906809,34.89649239944783,36.67547276274323,32.90941953655224,31.85544256199259,34.86077856360113,33.338401211884,37.56761981645139,33.58889002538254,,,,,,,,,,,,,,,,,,,8276017.0,1344184.0,1077103.0,1083683.0,2045168.0,588518.0,7463471.0,2084470.0,2547408.0,46486621.0,1099605.0,2772457.0,6373532.0,1453545.0,633017.0,2179532.0,319939.0,4989631.0
1985Q1,,,,,,,,,,,,,,,,,,,,,,,,,,,,,,,,,,,,,,,,,,,,,,,,,,,,,,,,,,,,,,,,,,,,,,,,,,,,,,,,,,,,,,,,,,,,,,,,,,,,,,,,,,,,,,,,,,,,,,,,,,,,,,,,,,,,,,,,,,,,,,,,,,,,,,,,,,,,,,,,,,,,,,,,,,,,,,,,,,,,,,,,,,,,,,,,,,,,,,,,,,,,,,,,,,,,,,,,,,,,,,,,,,,,,,,,,,,,,,,,,,,,,,,,,,,,,,,,,,,,,,,,,,,,,,,,,,,,,,,,,,,,,,,,,,,,,,,,,,,,,,,,,,,75.3357658362179,76.82696461669087,75.46029203170218,75.28632613720221,74.93096362416887,76.4821576370288,76.99511871966368,76.71493672074726,77.25900898056436,76.3469382257213,75.9758258281242,76.05385796243988,76.67731099147814,75.66220492415948,76.52374842965345,76.02844374966158,76.11487304540097,75.83357776882876,,,,,,,,,,,,,,,,,,,,,,,,,,,,,,,,,,,,,,,,,,,,,,,,,,,,,,,,,,,,,,,,,,,,,,,,,,,,,,,,,,,,,,,,,,,,,,,,,,,,,,,,,,,,,,,,,,,,,,,,,,,,,,,32.16188491173629,38.27459756985947,37.71974516648368,33.94931464252998,30.33023949096589,35.13429601693794,34.3665852698818,36.50964513636824,37.15321586365401,34.55004816051373,35.49317833695209,36.43533390243317,34.32991992974357,32.63547476077458,35.13544599733827,33.08138282401789,37.03011387982465,34.15136023003591,,,,,,,,,,,,,,,,,,,8276017.0,1344184.0,1077103.0,1083683.0,2045168.0,588518.0,7463471.0,2084470.0,2547408.0,46486621.0,1099605.0,2772457.0,6373532.0,1453545.0,633017.0,2179532.0,319939.0,4989631.0
1985Q3,,,,,,,,,,,,,,,,,,,,,,,,,,,,,,,,,,,,,,,,,,,,,,,,,,,,,,,,,,,,,,,,,,,,,,,,,,,,,,,,,,,,,,,,,,,,,,,,,,,,,,,,,,,,,,,,,,,,,,,,,,,,,,,,,,,,,,,,,,,,,,,,,,,,,,,,,,,,,,,,,,,,,,,,,,,,,,,,,,,,,,,,,,,,,,,,,,,,,,,,,,,,,,,,,,,,,,,,,,,,,,,,,,,,,,,,,,,,,,,,,,,,,,,,,,,,,,,,,,,,,,,,,,,,,,,,,,,,,,,,,,,,,,,,,,,,,,,,,,,,,,,,,,,75.36331556880347,76.92624761001574,75.53591110477794,75.0978254127538,75.07087553337011,76.3936326569048,76.89901089655744,76.74143950453931,77.33084415038866,76.32317243353536,75.89680161682332,75.92864499199783,76.7705573477687,75.69600451058272,76.39756890406889,76.00665022208071,75.8166099938607,75.78853980188553,,,,,,,,,,,,,,,,,,,,,,,,,,,,,,,,,,,,,,,,,,,,,,,,,,,,,,,,,,,,,,,,,,,,,,,,,,,,,,,,,,,,,,,,,,,,,,,,,,,,,,,,,,,,,,,,,,,,,,,,,,,,,,,32.01496536902821,36.43277298057248,37.20743406977613,35.74382845816566,30.41336649397125,34.99952690640947,34.7107886028497,36.08819802660084,36.70286531232004,34.83270024433703,34.21903331093913,36.68859015949299,32.93322534607121,32.01352214189862,35.22572519901186,34.203083702029,36.66041152055922,33.30530499840869,,,,,,,,,,,,,,,,,,,8276017.0,1344184.0,1077103.0,1083683.0,2045168.0,588518.0,7463471.0,2084470.0,2547408.0,46486621.0,1099605.0,2772457.0,6373532.0,1453545.0,633017.0,2179532.0,319939.0,4989631.0
1986Q1,,,,,,,,,,,,,,,,,,,,,,,,,,,,,,,,,,,,,,,,,,,,,,,,,,,,,,,,,,,,,,,,,,,,,,,,,,,,,,,,,,,,,,,,,,,,,,,,,,,,,,,,,,,,,,,,,,,,,,,,,,,,,,,,,,,,,,,,,,,,,,,,,,,,,,,,,,,,,,,,,,,,,,,,,,,,,,,,,,,,,,,,,,,,,,,,,,,,,,,,,,,,,,,,,,,,,,,,,,,,,,,,,,,,,,,,,,,,,,,,,,,,,,,,,,,,,,,,,,,,,,,,,,,,,,,,,,,,,,,,,,,,,,,,,,,,,,,,,,,,,,,,,,,75.45186372487825,77.19773051926904,75.85955229173872,74.94840194572933,75.49496841383885,76.73235019698848,76.90860670709309,76.84474128300617,77.53513554534842,76.48142838854011,75.64858298164233,75.75906150507979,77.28990067515056,75.93236182910985,76.61840166817848,75.9135357635984,76.59054211454111,75.9178977519988,,,,,,,,,,,,,,,,,,,,,,,,,,,,,,,,,,,,,,,,,,,,,,,,,,,,,,,,,,,,,,,,,,,,,,,,,,,,,,,,,,,,,,,,,,,,,,,,,,,,,,,,,,,,,,,,,,,,,,,,,,,,,,,32.0914082367016,37.36395243319868,37.72006164358555,35.06923639764953,30.72546420738294,34.53758381756658,36.09004357738387,36.52685444967532,37.43474593457633,34.22651102991936,35.04476590011085,36.35897064744595,33.07553947244512,32.01061243428141,34.51795883547015,35.06034347205535,36.43737718229801,33.72112055181906,,,,,,,,,,,,,,,,,,,8276017.0,1344184.0,1077103.0,1083683.0,2045168.0,588518.0,7463471.0,2084470.0,2547408.0,46486621.0,1099605.0,2772457.0,6373532.0,1453545.0,633017.0,2179532.0,319939.0,4989631.0
1986Q3,,,,,,,,,,,,,,,,,,,,,,,,,,,,,,,,,,,,,,,,,,,,,,,,,,,,,,,,,,,,,,,,,,,,,,,,,,,,,,,,,,,,,,,,,,,,,,,,,,,,,,,,,,,,,,,,,,,,,,,,,,,,,,,,,,,,,,,,,,,,,,,,,,,,,,,,,,,,,,,,,,,,,,,,,,,,,,,,,,,,,,,,,,,,,,,,,,,,,,,,,,,,,,,,,,,,,,,,,,,,,,,,,,,,,,,,,,,,,,,,,,,,,,,,,,,,,,,,,,,,,,,,,,,,,,,,,,,,,,,,,,,,,,,,,,,,,,,,,,,,,,,,,,,75.54443276137987,77.32281422293622,76.06458315016434,74.98758562604411,75.69028448921183,76.96371764031227,76.96327400849094,77.00836953780153,77.68371020427917,76.65710911191798,75.67629262001945,75.85692682539968,77.57652070387995,76.23706334549294,76.89217629551297,76.02402986248546,76.94591209994194,76.0341216998667,,,,,,,,,,,,,,,,,,,,,,,,,,,,,,,,,,,,,,,,,,,,,,,,,,,,,,,,,,,,,,,,,,,,,,,,,,,,,,,,,,,,,,,,,,,,,,,,,,,,,,,,,,,,,,,,,,,,,,,,,,,,,,,32.09821785247258,37.36596364928476,37.36018309522176,35.79059693083276,31.2867663145868,34.96516388880456,35.49877775608025,36.68673051367571,37.58934227755429,35.07593376704344,35.4374403085936,36.08880974395854,33.09134413219761,32.39787498327088,36.79979482189695,34.98989223549599,36.94390150522901,35.19187497789779,,,,,,,,,,,,,,,,,,,8276017.0,1344184.0,1077103.0,1083683.0,2045168.0,588518.0,7463471.0,2084470.0,2547408.0,46486621.0,1099605.0,2772457.0,6373532.0,1453545.0,633017.0,2179532.0,319939.0,4989631.0
1987Q1,,,,,,,,,,,,,,,,,,,,,,,,,,,,,,,,,,,,,,,,,,,,,,,,,,,,,,,,,,,,,,,,,,,,,,,,,,,,,,,,,,,,,,,,,,,,,,,,,,,,,,,,,,,,,,,,,,,,,,,,,,,,,,,,,,,,,,,,,,,,,,,,,,,,,,,,,,,,,,,,,,,,,,,,,,,,,,,,,,,,,,,,,,,,,,,,,,,,,,,,,,,,,,,,,,,,,,,,,,,,,,,,,,,,,,,,,,,,,,,,,,,,,,,,,,,,,,,,,,,,,,,,,,,,,,,,,,,,,,,,,,,,,,,,,,,,,,,,,,,,,,,,,,,75.62143994774003,77.22304090154967,76.04627422968944,75.2408751804794,75.51568858861809,76.92573201367736,77.03566024602193,77.22270557716148,77.72211723456482,76.79368919129946,76.08572428625999,76.2920033388415,77.43808755851873,76.55998403177726,77.1200657300338,76.39919522070596,76.45444560024515,76.07544287174298,,,,,,,,,,,,,,,,,,,,,,,,,,,,,,,,,,,,,,,,,,,,,,,,,,,,,,,,,,,,,,,,,,,,,,,,,,,,,,,,,,,,,,,,,,,,,,,,,,,,,,,,,,,,,,,,,,,,,,,,,,,,,,,32.34004148678704,38.30497643335017,38.1126427331082,34.64251624614383,30.8115050580375,35.97623564711308,35.50023347523333,36.25079824670351,37.69582778473258,35.41314805263078,35.42021855615477,37.66189477284713,33.26330342193548,31.96419467923744,36.38300163805445,33.38112323253014,36.53072827645822,34.05700177556269,,,,,,,,,,,,,,,,,,,8276017.0,1344184.0,1077103.0,1083683.0,2045168.0,588518.0,7463471.0,2084470.0,2547408.0,46486621.0,1099605.0,2772457.0,6373532.0,1453545.0,633017.0,2179532.0,319939.0,4989631.0
1987Q3,,,,,,,,,,,,,,,,,,,,,,,,,,,,,,,,,,,,,,,,,,,,,,,,,,,,,,,,,,,,,,,,,,,,,,,,,,,,,,,,,,,,,,,,,,,,,,,,,,,,,,,,,,,,,,,,,,,,,,,,,,,,,,,,,,,,,,,,,,,,,,,,,,,,,,,,,,,,,,,,,,,,,,,,,,,,,,,,,,,,,,,,,,,,,,,,,,,,,,,,,,,,,,,,,,,,,,,,,,,,,,,,,,,,,,,,,,,,,,,,,,,,,,,,,,,,,,,,,,,,,,,,,,,,,,,,,,,,,,,,,,,,,,,,,,,,,,,,,,,,,,,,,,,75.66186689032203,77.30601461847003,75.98133147679407,75.56156409113699,75.31353322607661,76.90927900425403,77.07229286018934,77.43561667420263,77.7442110677495,76.86048349664792,76.37878977566756,76.56566742867685,77.27060477516379,76.72378393254085,77.30905848906667,76.60696311566502,76.28993454383443,76.05775324196875,,,,,,,,,,,,,,,,,,,,,,,,,,,,,,,,,,,,,,,,,,,,,,,,,,,,,,,,,,,,,,,,,,,,,,,,,,,,,,,,,,,,,,,,,,,,,,,,,,,,,,,,,,,,,,,,,,,,,,,,,,,,,,,32.35669183390169,38.19233544277351,37.42404994752832,34.97266132663495,31.33792406969728,35.45887044194322,37.03472087368355,35.90843182648958,37.66452006928809,35.68120822629755,35.13540840824643,37.29685904238024,33.44270945382631,33.24629108271496,36.52238831276453,34.16145821674017,36.82505342099015,34.59381313958351,,,,,,,,,,,,,,,,,,,8276017.0,1344184.0,1077103.0,1083683.0,2045168.0,588518.0,7463471.0,2084470.0,2547408.0,46486621.0,1099605.0,2772457.0,6373532.0,1453545.0,633017.0,2179532.0,319939.0,4989631.0
1988Q1,,,,,,,,,,,,,,,,,,,,,,,,,,,,,,,,,,,,,,,,,,,,,,,,,,,,,,,,,,,,,,,,,,,,,,,,,,,,,,,,,,,,,,,,,,,,,,,,,,,,,,,,,,,,,,,,,,,,,,,,,,,,,,,,,,,,,,,,,,,,,,,,,,,,,,,,,,,,,,,,,,,,,,,,,,,,,,,,,,,,,,,,,,,,,,,,,,,,,,,,,,,,,,,,,,,,,,,,,,,,,,,,,,,,,,,,,,,,,,,,,,,,,,,,,,,,,,,,,,,,,,,,,,,,,,,,,,,,,,,,,,,,,,,,,,,,,,,,,,,,,,,,,,,75.66449904108627,77.67767642558067,75.93325343844523,75.90033412641277,75.18913116557601,77.006801093738,77.06074166275341,77.62853539846084,77.78186633659845,76.85665161903242,76.41383935004299,76.54295535157954,77.20346234219316,76.68264328238635,77.4700879036425,76.53555084838104,76.80289729041186,75.99262726207951,,,,,,,,,,,,,,,,,,,,,,,,,,,,,,,,,,,,,,,,,,,,,,,,,,,,,,,,,,,,,,,,,,,,,,,,,,,,,,,,,,,,,,,,,,,,,,,,,,,,,,,,,,,,,,,,,,,,,,,,,,,,,,,32.15090005484846,38.53641395145687,37.70498655551565,35.55156495303636,31.49327296872761,35.31323869891846,36.36236193522178,36.70227505308711,37.39034442069225,35.6846055920736,35.63587606753512,36.53799460254766,33.72125945527669,31.70301828435135,36.02328702981114,34.26277033936873,37.22704825161164,35.61219106510045,,,,,,,,,,,,,,,,,,,8276017.0,1344184.0,1077103.0,1083683.0,2045168.0,588518.0,7463471.0,2084470.0,2547408.0,46486621.0,1099605.0,2772457.0,6373532.0,1453545.0,633017.0,2179532.0,319939.0,4989631.0
1988Q3,,,,,,,,,,,,,,,,,,,,,,,,,,,,,,,,,,,,,,,,,,,,,,,,,,,,,,,,,,,,,,,,,,,,,,,,,,,,,,,,,,,,,,,,,,,,,,,,,,,,,,,,,,,,,,,,,,,,,,,,,,,,,,,,,,,,,,,,,,,,,,,,,,,,,,,,,,,,,,,,,,,,,,,,,,,,,,,,,,,,,,,,,,,,,,,,,,,,,,,,,,,,,,,,,,,,,,,,,,,,,,,,,,,,,,,,,,,,,,,,,,,,,,,,,,,,,,,,,,,,,,,,,,,,,,,,,,,,,,,,,,,,,,,,,,,,,,,,,,,,,,,,,,,75.70792716860565,77.81506482896035,76.01337841338989,76.00097775946907,75.14367528277354,77.05896099815419,76.99640506427284,77.66851165336142,77.84486350814139,76.85907695887794,76.41839773793032,76.53174327334295,77.2592943963475,76.46173734193884,77.58012537393202,76.61623442161937,77.24187574183968,75.9579564534656,,,,,,,,,,,,,,,,,,,,,,,,,,,,,,,,,,,,,,,,,,,,,,,,,,,,,,,,,,,,,,,,,,,,,,,,,,,,,,,,,,,,,,,,,,,,,,,,,,,,,,,,,,,,,,,,,,,,,,,,,,,,,,,32.60230746802257,37.89887648499025,37.56752504020832,35.13450860484799,31.21750218448556,35.80592455031067,35.95351123253732,37.34383207641452,38.49558980907835,35.41465834907974,35.2982087435774,37.88921780310878,33.79986785856624,32.98231983737472,36.71503410456341,35.72189886946683,36.82688293052308,34.57158588078488,,,,,,,,,,,,,,,,,,,8276017.0,1344184.0,1077103.0,1083683.0,2045168.0,588518.0,7463471.0,2084470.0,2547408.0,46486621.0,1099605.0,2772457.0,6373532.0,1453545.0,633017.0,2179532.0,319939.0,4989631.0
1989Q1,,,,,,,,,,,,,,,,,,,,,,,,,,,,,,,,,,,,,,,,,,,,,,,,,,,,,,,,,,,,,,,,,,,,,,,,,,,,,,,,,,,,,,,,,,,,,,,,,,,,,,,,,,,,,,,,,,,,,,,,,,,,,,,,,,,,,,,,,,,,,,,,,,,,,,,,,,,,,,,,,,,,,,,,,,,,,,,,,,,,,,,,,,,,,,,,,,,,,,,,,,,,,,,,,,,,,,,,,,,,,,,,,,,,,,,,,,,,,,,,,,,,,,,,,,,,,,,,,,,,,,,,,,,,,,,,,,,,,,,,,,,,,,,,,,,,,,,,,,,,,,,,,,,75.8103382303286,77.57479966649447,76.23707611530288,75.80652148161167,75.16933646437917,77.01149026809446,76.87929363819458,77.53130016754234,77.92983696938043,76.88764738611263,76.4658131522529,76.62213406222104,77.4234287507735,76.07895248712514,77.63564691212973,76.96590586912573,77.35724248776795,75.97379249032012,,,,,,,,,,,,,,,,,,,,,,,,,,,,,,,,,,,,,,,,,,,,,,,,,,,,,,,,,,,,,,,,,,,,,,,,,,,,,,,,,,,,,,,,,,,,,,,,,,,,,,,,,,,,,,,,,,,,,,,,,,,,,,,33.68570926418339,38.64453825930923,38.4315581917669,36.21101500311801,32.83072958428278,36.13957352645343,35.97119948381997,36.83487227432234,38.06056851624113,36.42709651266187,36.59559318478298,37.49286260611718,34.92580601459908,34.51155245938786,37.59606759229003,36.70040740672395,36.57844045762972,34.72149658805193,,,,,,,,,,,,,,,,,,,8276017.0,1344184.0,1077103.0,1083683.0,2045168.0,588518.0,7463471.0,2084470.0,2547408.0,46486621.0,1099605.0,2772457.0,6373532.0,1453545.0,633017.0,2179532.0,319939.0,4989631.0
1989Q3,,,,,,,,,,,,,,,,,,,,,,,,,,,,,,,,,,,,,,,,,,,,,,,,,,,,,,,,,,,,,,,,,,,,,,,,,,,,,,,,,,,,,,,,,,,,,,,,,,,,,,,,,,,,,,,,,,,,,,,,,,,,,,,,,,,,,,,,,,,,,,,,,,,,,,,,,,,,,,,,,,,,,,,,,,,,,,,,,,,,,,,,,,,,,,,,,,,,,,,,,,,,,,,,,,,,,,,,,,,,,,,,,,,,,,,,,,,,,,,,,,,,,,,,,,,,,,,,,,,,,,,,,,,,,,,,,,,,,,,,,,,,,,,,,,,,,,,,,,,,,,,,,,,75.85593610953865,77.45385824667778,76.29802469143326,75.68986274174506,75.34532699062949,76.93967856531671,76.7942732984655,77.56522880164778,77.97318908062759,76.90569232199745,76.47526084919632,76.59124149142127,77.44605296918064,75.88506541107765,77.74351844420498,77.10344870694239,77.13586501683017,76.04479898331283,,,,,,,,,,,,,,,,,,,,,,,,,,,,,,,,,,,,,,,,,,,,,,,,,,,,,,,,,,,,,,,,,,,,,,,,,,,,,,,,,,,,,,,,,,,,,,,,,,,,,,,,,,,,,,,,,,,,,,,,,,,,,,,32.57427804139246,38.37871659775414,37.78935499635958,35.55403454440729,32.26259550546046,38.39289565047444,36.60619823791689,36.08182246171009,38.57075839337209,35.95305088843327,36.11003533360994,37.83974689336739,35.51467190245639,33.52384805058725,35.84296391102673,36.15187696445874,38.81826024189715,34.94424852182799,,,,,,,,,,,,,,,,,,,8276017.0,1344184.0,1077103.0,1083683.0,2045168.0,588518.0,7463471.0,2084470.0,2547408.0,46486621.0,1099605.0,2772457.0,6373532.0,1453545.0,633017.0,2179532.0,319939.0,4989631.0
1990Q1,,,,,,,,,,,,,,,,,,,,,,,,,,,,,,,,,,,,,,,,,,,,,,,,,,,,,,,,,,,,,,,,,,,,,,,,,,,,,,,,,,,,,,,,,,,,,,,,,,,,,,,,,,,,,,,,,,,,,,,,,,,,,,,,,,,,,,,,,,,,,,,,,,,,,,,,,,,,,,,,,,,,,,,,,,,,,,,,,,,,,,,,,,,,,,,,,,,,,,,,,,,,,,,,,,,,,,,,,,,,,,,,,,,,,,,,,,,,,,,,,,,,,,,,,,,,,,,,,,,,,,,,,,,,,,,,,,,,,,,,,,,,,,,,,,,,,,,,,,,,,,,,,,,75.81284711222648,77.59483212404591,76.1165691890604,75.75248377541537,75.68863480998168,76.8759969881648,76.7671858501322,77.85486860864947,77.9609809777358,76.90037481089156,76.41973411658321,76.37634014984015,77.2666004559318,75.96812558620364,77.92504499455865,76.89374373534676,76.62198276445869,76.16948970093333,,,,,,,,,,,,,,,,,,,,,,,,,,,,,,,,,,,,,,,,,,,,,,,,,,,,,,,,,,,,,,,,,,,,,,,,,,,,,,,,,,,,,,,,,,,,,,,,,,,,,,,,,,,,,,,,,,,,,,,,,,,,,,,32.74727848348642,40.17558929093867,39.41358394593598,36.36468480756688,31.39844029123537,36.75237230148775,36.55507097135213,36.29643331809896,39.46820973808262,36.44690624722363,36.65967246259604,38.72879457845446,35.10188930385494,33.31781977513376,36.95921970165063,35.90009416152275,37.93394045623126,35.98542602080187,,,,,,,,,,,,,,,,,,,8276017.0,1344184.0,1077103.0,1083683.0,2045168.0,588518.0,7463471.0,2084470.0,2547408.0,46486621.0,1099605.0,2772457.0,6373532.0,1453545.0,633017.0,2179532.0,319939.0,4989631.0
1990Q3,,,,,,,,,,,,,,,,,,,,,,,,,,,,,,,,,,,,,,,,,,,,,,,,,,,,,,,,,,,,,,,,,,,,,,,,,,,,,,,,,,,,,,,,,,,,,,,,,,,,,,,,,,,,,,,,,,,,,,,,,,,,,,,,,,,,,,,,,,,,,,,,,,,,,,,,,,,,,,,,,,,,,,,,,,,,,,,,,,,,,,,,,,,,,,,,,,,,,,,,,,,,,,,,,,,,,,,,,,,,,,,,,,,,,,,,,,,,,,,,,,,,,,,,,,,,,,,,,,,,,,,,,,,,,,,,,,,,,,,,,,,,,,,,,,,,,,,,,,,,,,,,,,,75.82654165035407,77.77609636448136,76.04878181929061,75.84275491909422,75.96622154153592,77.02380313376744,76.88019795278795,77.96232954318472,78.04257679120221,76.9097367483939,76.46181086936282,76.3454947185046,77.21312810681937,76.12956883577277,77.99361010054314,76.7886969694751,76.64649176478487,76.3038777864291,,,,,,,,,,,,,,,,,,,,,,,,,,,,,,,,,,,,,,,,,,,,,,,,,,,,,,,,,,,,,,,,,,,,,,,,,,,,,,,,,,,,,,,,,,,,,,,,,,,,,,,,,,,,,,,,,,,,,,,,,,,,,,,34.06855433859904,39.17295104242091,40.35949051089609,37.21031755222157,32.29458741356189,36.87154998217045,37.62982444491775,37.39008407743685,37.67152236566545,36.9650913629894,36.45413638744193,37.8202775618542,35.57978479336771,34.26857718218161,37.18535146910366,37.71557662101288,38.78454005478359,36.4442044675478,,,,,,,,,,,,,,,,,,,8276017.0,1344184.0,1077103.0,1083683.0,2045168.0,588518.0,7463471.0,2084470.0,2547408.0,46486621.0,1099605.0,2772457.0,6373532.0,1453545.0,633017.0,2179532.0,319939.0,4989631.0
1991Q1,,,,,,,,,,,,,,,,,,,,,,,,,,,,,,,,,,,,,,,,,,,,,,,,,,,,,,,,,,,,,,,,,,,,,,,,,,,,,,,,,,,,,,,,,,,,,,,,,,,,,,,,,,,,,,,,,,,,,,,,,,,,,,,,,,,,,,,,,,,,,,,,,,,,,,,,,,,,,,,,,,,,,,,,,,,,,,,,,,,,,,,,,,,,,,,,,,,,,,,,,,,,,,,,,,,,,,,,,,,,,,,,,,,,,,,,,,,,,,,,,,,,,,,,,,,,,,,,,,,,,,,,,,,,,,,,,,,,,,,,,,,,,,,,,,,,,,,,,,,,,,,,,,,75.9434599034256,77.93199372307778,76.20376712362561,75.9154377390985,76.12085984204118,77.42758377282905,77.14873244816538,77.77287767204525,78.259212435715,76.94895080859422,76.64938784662029,76.60176979216007,77.38039577957987,76.3080562903303,77.90970648596341,76.92305561068795,77.40857410705424,76.43575315114643,,,,,,,,,,,,,,,,,,,,,,,,,,,,,,,,,,,,,,,,,,,,,,,,,,,,,,,,,,,,,,,,,,,,,,,,,,,,,,,,,,,,,,,,,,,,,,,,,,,,,,,,,,,,,,,,,,,,,,,,,,,,,,,32.42247751616062,40.79080690159026,39.1613136497522,35.34980515263044,32.47188440142276,38.23707597124135,36.26684402192321,36.96155781537763,39.23396805384232,36.99599079683128,37.39917283730993,37.62925586622011,34.74356046785571,34.05037005196822,36.92347388458065,35.03263875363057,37.16405086154872,35.93924376165507,,,,,,,,,,,,,,,,,,,8276017.0,1344184.0,1077103.0,1083683.0,2045168.0,588518.0,7463471.0,2084470.0,2547408.0,46486621.0,1099605.0,2772457.0,6373532.0,1453545.0,633017.0,2179532.0,319939.0,4989631.0
1991Q3,,,,,,,,,,,,,,,,,,,,,,,,,,,,,,,,,,,,,,,,,,,,,,,,,,,,,,,,,,,,,,,,,,,,,,,,,,,,,,,,,,,,,,,,,,,,,,,,,,,,,,,,,,,,,,,,,,,,,,,,,,,,,,,,,,,,,,,,,,,,,,,,,,,,,,,,,,,,,,,,,,,,,,,,,,,,,,,,,,,,,,,,,,,,,,,,,,,,,,,,,,,,,,,,,,,,,,,,,,,,,,,,,,,,,,,,,,,,,,,,,,,,,,,,,,,,,,,,,,,,,,,,,,,,,,,,,,,,,,,,,,,,,,,,,,,,,,,,,,,,,,,,,,,76.18585912785102,78.26300598959332,76.53898246620034,76.14823577785835,76.34040266224324,77.70267796119977,77.35939935591564,77.7969801275081,78.50231382299353,77.10191579015168,76.90336939404185,76.90994229213527,77.64476016285214,76.54535052474778,78.11008886747474,77.16916928299256,77.91818918798977,76.56125130832616,,,,,,,,,,,,,,,,,,,,,,,,,,,,,,,,,,,,,,,,,,,,,,,,,,,,,,,,,,,,,,,,,,,,,,,,,,,,,,,,,,,,,,,,,,,,,,,,,,,,,,,,,,,,,,,,,,,,,,,,,,,,,,,34.50936284413842,39.44473743004681,39.88516314588912,36.49429875109519,31.36649757412995,37.54206624399728,36.54073731600271,36.85952274940314,37.58938090834938,36.45040056343511,36.51690813232533,38.21256291677353,35.64161573297694,35.23104749871926,38.33010101010101,36.71130800865097,37.71652424007009,35.66926705234454,,,,,,,,,,,,,,,,,,,8276017.0,1344184.0,1077103.0,1083683.0,2045168.0,588518.0,7463471.0,2084470.0,2547408.0,46486621.0,1099605.0,2772457.0,6373532.0,1453545.0,633017.0,2179532.0,319939.0,4989631.0
1992Q1,,,,,,,,,,,,,,,,,,,,,,,,,,,,,,,,,,,,,,,,,,,,,,,,,,,,,,,,,,,,,,,,,,,,,,,,,,,,,,,,,,,,,,,,,,,,,,,,,,,,,,,,,,,,,,,,,,,,,,,,,,,,,,,,,,,,,,,,,,,,,,,,,,,,,,,,,,,,,,,,,,,,,,,,,,,,,,,,,,,,,,,,,,,,,,,,,,,,,,,,,,,,,,,,,,,,,,,,,,,,,,,,,,,,,,,,,,,,,,,,,,,,,,,,,,,,,,,,,,,,,,,,,,,,,,,,,,,,,,,,,,,,,,,,,,,,,,,,,,,,,,,,,,,76.54621961097304,78.81640388516881,77.01708538378142,76.58363044705189,76.67058308322392,77.7417727854561,77.45439113941184,78.17352223935916,78.7352994437594,77.38411675997924,77.19047680163615,77.19315109084135,77.95832736213883,76.85916781698087,78.70203170795716,77.47594359547098,77.89599766460279,76.68321029343912,,,,,,,,,,,,,,,,,,,,,,,,,,,,,,,,,,,,,,,,,,,,,,,,,,,,,,,,,,,,,,,,,,,,,,,,,,,,,,,,,,,,,,,,,,,,,,,,,,,,,,,,,,,,,,,,,,,,,,,,,,,,,,,33.6657602863722,39.54575262389743,39.29856779285064,36.08628770470876,32.55992553891106,37.04316407877277,37.08683124965996,37.17967037175822,40.09645597030268,37.88943415405313,37.19749594249942,39.05381631689404,36.20382675723503,34.73803257451227,38.07756610819013,37.38484338583206,38.7780703125,36.66970080093849,,,,,,,,,,,,,,,,,,,8276017.0,1344184.0,1077103.0,1083683.0,2045168.0,588518.0,7463471.0,2084470.0,2547408.0,46486621.0,1099605.0,2772457.0,6373532.0,1453545.0,633017.0,2179532.0,319939.0,4989631.0
1992Q3,,,,,,,,,,,,,,,,,,,,,,,,,,,,,,,,,,,,,,,,,,,,,,,,,,,,,,,,,,,,,,,,,,,,,,,,,,,,,,,,,,,,,,,,,,,,,,,,,,,,,,,,,,,,,,,,,,,,,,,,,,,,,,,,,,,,,,,,,,,,,,,,,,,,,,,,,,,,,,,,,,,,,,,,,,,,,,,,,,,,,,,,,,,,,,,,,,,,,,,,,,,,,,,,,,,,,,,,,,,,,,,,,,,,,,,,,,,,,,,,,,,,,,,,,,,,,,,,,,,,,,,,,,,,,,,,,,,,,,,,,,,,,,,,,,,,,,,,,,,,,,,,,,,76.70404448305742,79.02939435846834,77.15778484376027,76.8378429495331,76.74650552061162,77.74743366526013,77.55101682093974,78.39195501574514,78.88124301364546,77.5635422309713,77.29805147821884,77.37026238935039,78.15742313706959,77.1459966472225,79.02570819724704,77.72726242583853,77.93410694912897,76.84939534023313,,,,,,,,,,,,,,,,,,,,,,,,,,,,,,,,,,,,,,,,,,,,,,,,,,,,,,,,,,,,,,,,,,,,,,,,,,,,,,,,,,,,,,,,,,,,,,,,,,,,,,,,,,,,,,,,,,,,,,,,,,,,,,,33.19079139343123,38.91202429455398,39.44258083552083,35.9818250861541,32.67808852775882,38.18836875423689,37.04701362800125,38.26639431806045,39.82395741901288,37.39966754982679,36.27705396222981,39.51949222408093,35.74439607859104,34.40406968261534,38.50249522427401,37.08740745465387,38.36364266973514,35.4392222586805,,,,,,,,,,,,,,,,,,,8276017.0,1344184.0,1077103.0,1083683.0,2045168.0,588518.0,7463471.0,2084470.0,2547408.0,46486621.0,1099605.0,2772457.0,6373532.0,1453545.0,633017.0,2179532.0,319939.0,4989631.0
1993Q1,,,,,,,,,,,,,,,,,,,,,,,,,,,,,,,,,,,,,,,,,,,,,,,,,,,,,,,,,,,,,,,,,,,,,,,,,,,,,,,,,,,,,,,,,,,,,,,,,,,,,,,,,,,,,,,,,,,,,,,,,,,,,,,,,,,,,,,,,,,,,,,,,,,,,,,,,,,,,,,,,,,,,,,,,,,,,,,,,,,,,,,,,,,,,,,,,,,,,,,,,,,,,,,,,,,,,,,,,,,,,,,,,,,,,,,,,,,,,,,,,,,,,,,,,,,,,,,,,,,,,,,,,,,,,,,,,,,,,,,,,,,,,,,,,,,,,,,,,,,,,,,,,,,76.58353652276413,78.75925255209414,76.85416612315707,76.81683433423926,76.47637188021797,77.79238922468816,77.68998349775235,78.3048980399586,78.9283090082499,77.58165046295419,77.18093708499286,77.43151637816459,78.2092165560315,77.3734457141859,78.90346945066172,77.90078662268621,78.2198588799122,77.06772166573873,,,,,,,,,,,,,,,,,,,,,,,,,,,,,,,,,,,,,,,,,,,,,,,,,,,,,,,,,,,,,,,,,,,,,,,,,,,,,,,,,,,,,,,,,,,,,,,,,,,,,,,,,,,,,,,,,,,,,,,,,,,,,,,34.14859731451821,40.23092279927011,38.83302854272323,35.94901690402035,32.53986013700476,38.36821623151489,38.01287882694721,38.23490483010402,39.44785504917328,37.15484643081749,37.4256635672772,39.22234293907693,34.88163182710495,33.47910009456971,38.40743670258741,37.98170691336991,39.08270491836315,36.28492446645987,,,,,,,,,,,,,,,,,,,8276017.0,1344184.0,1077103.0,1083683.0,2045168.0,588518.0,7463471.0,2084470.0,2547408.0,46486621.0,1099605.0,2772457.0,6373532.0,1453545.0,633017.0,2179532.0,319939.0,4989631.0
1993Q3,,,,,,,,,,,,,,,,,,,,,,,,,,,,,,,,,,,,,,,,,,,,,,,,,,,,,,,,,,,,,,,,,,,,,,,,,,,,,,,,,,,,,,,,,,,,,,,,,,,,,,,,,,,,,,,,,,,,,,,,,,,,,,,,,,,,,,,,,,,,,,,,,,,,,,,,,,,,,,,,,,,,,,,,,,,,,,,,,,,,,,,,,,,,,,,,,,,,,,,,,,,,,,,,,,,,,,,,,,,,,,,,,,,,,,,,,,,,,,,,,,,,,,,,,,,,,,,,,,,,,,,,,,,,,,,,,,,,,,,,,,,,,,,,,,,,,,,,,,,,,,,,,,,76.6126952089791,78.65459682282665,76.86512908845887,76.99924576336588,76.44971681604463,78.00520666760616,77.8998926899416,78.27056783350343,79.06736685937356,77.6758223454672,77.23846889470757,77.54276253073145,78.34680727168066,77.49559945342277,78.9039093686856,78.08524865920837,78.55724919441303,77.18647418519095,,,,,,,,,,,,,,,,,,,,,,,,,,,,,,,,,,,,,,,,,,,,,,,,,,,,,,,,,,,,,,,,,,,,,,,,,,,,,,,,,,,,,,,,,,,,,,,,,,,,,,,,,,,,,,,,,,,,,,,,,,,,,,,34.70450867219048,39.97903186404722,38.42766054334577,36.35526407923494,33.67985539774684,39.54339943378714,37.47961536559217,37.03413626518813,39.75177801031664,37.52633169778189,38.21579003322813,37.78770418568126,35.97525639442777,34.3040650825313,38.40129069748408,39.06784315031705,39.83404586391714,37.10866151026851,,,,,,,,,,,,,,,,,,,8276017.0,1344184.0,1077103.0,1083683.0,2045168.0,588518.0,7463471.0,2084470.0,2547408.0,46486621.0,1099605.0,2772457.0,6373532.0,1453545.0,633017.0,2179532.0,319939.0,4989631.0
1994Q1,,,,,,,,,,,,,,,,,,,,,,,,,,,,,,,,,,,,,,,,,,,,,,,,,,,,,,,,,,,,,,,,,,,,,,,,,,,,,,,,,,,,,,,,,,,,,,,,,,,,,,,,,,,,,,,,,,,,,,,,,,,,,,,,,,,,,,,,,,,,,,,,,,,,,,,,,,,,,,,,,,,,,,,,,,,,,,,,,,,,,,,,,,,,,,,,,,,,,,,,,,,,,,,,,,,,,,,,,,,,,,,,,,,,,,,,,,,,,,,,,,,,,,,,,,,,,,,,,,,,,,,,,,,,,,,,,,,,,,,,,,,,,,,,,,,,,,,,,,,,,,,,,,,76.90778384342765,78.8935959357179,77.39051847366392,77.5090798054044,76.83217714432884,78.40122156856651,78.17828547574729,78.40355089890097,79.34763385867528,77.91245997236187,77.5793881755284,77.748490405436,78.63097676742376,77.50932872365644,79.19153498237661,78.303491696583,78.87220347203049,77.17033119295309,,,,,,,,,,,,,,,,,,,,,,,,,,,,,,,,,,,,,,,,,,,,,,,,,,,,,,,,,,,,,,,,,,,,,,,,,,,,,,,,,,,,,,,,,,,,,,,,,,,,,,,,,,,,,,,,,,,,,,,,,,,,,,,35.42273805714068,39.46625545463375,40.18798412390544,36.17543536151837,32.64697279263151,38.77551167152356,38.06817146645911,39.09473220656514,40.96436166296169,36.53813698659139,37.08913286861216,39.20171808369873,35.85719066164482,35.2041637150809,37.12283013146248,38.92570058606307,39.31986994717617,37.30264734870777,,,,,,,,,,,,,,,,,,,8276017.0,1344184.0,1077103.0,1083683.0,2045168.0,588518.0,7463471.0,2084470.0,2547408.0,46486621.0,1099605.0,2772457.0,6373532.0,1453545.0,633017.0,2179532.0,319939.0,4989631.0
1994Q3,,,,,,,,,,,,,,,,,,,,,,,,,,,,,,,,,,,,,,,,,,,,,,,,,,,,,,,,,,,,,,,,,,,,,,,,,,,,,,,,,,,,,,,,,,,,,,,,,,,,,,,,,,,,,,,,,,,,,,,,,,,,,,,,,,,,,,,,,,,,,,,,,,,,,,,,,,,,,,,,,,,,,,,,,,,,,,,,,,,,,,,,,,,,,,,,,,,,,,,,,,,,,,,,,,,,,,,,,,,,,,,,,,,,,,,,,,,,,,,,,,,,,,,,,,,,,,,,,,,,,,,,,,,,,,,,,,,,,,,,,,,,,,,,,,,,,,,,,,,,,,,,,,,77.10074853200658,79.00187278862671,77.66582901634264,77.70603273096799,77.24154231624432,78.5329075853578,78.3140307393797,78.64932477051694,79.5492263811942,78.0797621482567,77.8862385572,77.9057421757756,78.8034977415463,77.63235905143341,79.38024103587917,78.38003572107866,79.06704573718842,77.26442336055105,,,,,,,,,,,,,,,,,,,,,,,,,,,,,,,,,,,,,,,,,,,,,,,,,,,,,,,,,,,,,,,,,,,,,,,,,,,,,,,,,,,,,,,,,,,,,,,,,,,,,,,,,,,,,,,,,,,,,,,,,,,,,,,35.28389869515942,40.89027002283409,40.24080281987048,36.42501830536274,33.42169835538255,38.49482343277818,38.38640090166268,38.25170564362401,39.97992145873049,38.42227230515597,36.96867445578794,39.76182534505182,37.56337648245474,34.74841836021984,38.15699138962264,37.42827868002406,40.99322228652076,36.91117562518601,,,,,,,,,,,,,,,,,,,8276017.0,1344184.0,1077103.0,1083683.0,2045168.0,588518.0,7463471.0,2084470.0,2547408.0,46486621.0,1099605.0,2772457.0,6373532.0,1453545.0,633017.0,2179532.0,319939.0,4989631.0
1995Q1,,,,,,,,,,,,,,,,,,,,,,,,,,,,,,,,,,,,,,,,,,,,,,,,,,,,,,,,,,,,,,,,,,,,,,,,,,,,,,,,,,,,,,,,,,,,,,,,,,,,,,,,,,,,,,,,,,,,,,,,,,,,,,,,,,,,,,,,,,,,,,,,,,,,,,,,,,,,,,,,,,,,,,,,,,,,,,,,,,,,,,,,,,,,,,,,,,,,,,,,,,,,,,,,,,,,,,,,,,,,,,,,,,,,,,,,,,,,,,,,,,,,,,,,,,,,,,,,,,,,,,,,,,,,,,,,,,,,,,,,,,,,,,,,,,,,,,,,,,,,,,,,,,,77.08123097330693,78.84117601595925,77.4695041409171,77.41414264836646,77.54732297607563,78.28930008854509,78.25670121116467,78.97075173929655,79.60664052024858,78.11343479252542,78.05739525610693,77.96632079194507,78.78948458774376,77.91855650465322,79.34869036536642,78.26338337479243,79.12027481583588,77.5324419314678,,,,,,,,,,,,,,,,,,,,,,,,,,,,,,,,,,,,,,,,,,,,,,,,,,,,,,,,,,,,,,,,,,,,,,,,,,,,,,,,,,,,,,,,,,,,,,,,,,,,,,,,,,,,,,,,,,,,,,,,,,,,,,,35.48144358582956,40.6413449903422,40.90778629010102,35.58721507908656,34.06256761678289,38.61992762393251,39.18447780077368,38.05621810124527,40.83653348439445,38.32679510569708,37.88906322407757,40.47252982232641,35.68421581691382,34.86146616648248,38.59774026177084,37.63929294857519,39.24080716239187,38.01917573657636,,,,,,,,,,,,,,,,,,,8276017.0,1344184.0,1077103.0,1083683.0,2045168.0,588518.0,7463471.0,2084470.0,2547408.0,46486621.0,1099605.0,2772457.0,6373532.0,1453545.0,633017.0,2179532.0,319939.0,4989631.0
1995Q2,,,,,,,,,,,,,,,,,,,,,,,,,,,,,,,,,,,,,,,,,,,,,,,,,,,,,,,,,,,,,,,,,,,,,,,,,,,,,,,,,,,,,,,,,,,,,,,,,,,,,,,,,,,,,,,,,,,,,,,,,,,,,,,,,,,,,,,,,,,,,,,,,,,,,,,,,,,,,,,,,,,,,,,,,,,,,,,,,,,,,,,,,,,,,,,,,,,,,,,,,,,,,,,,,,,,,,,,,,,,,,,,,,,,,,,,,,,,,,,,,,,,,,,,,,,,,,,,,,,,,,,,,,,,,,,,,,,,,,,,,,,,,,,,,,,,,,,,,,,,,,,,,,,77.06119278123136,78.79950917402559,77.37614131925496,77.30672400343985,77.58397324703888,78.21840231329016,78.25971972261253,79.05358820023226,79.60881977933701,78.11747082967813,78.07881086489783,77.95299872960504,78.78946398327705,78.0264870608658,79.31848642257893,78.19154685270254,79.11614676237761,77.6314002791686,,,,,,,,,,,,,,,,,,,,,,,,,,,,,,,,,,,,,,,,,,,,,,,,,,,,,,,,,,,,,,,,,,,,,,,,,,,,,,,,,,,,,,,,,,,,,,,,,,,,,,,,,,,,,,,,,,,,,,,,,,,,,,,,,,,,,,,,,,,,,,,,,,,,,,,,,,,,,,,,,,,8276017.0,1344184.0,1077103.0,1083683.0,2045168.0,588518.0,7463471.0,2084470.0,2547408.0,46486621.0,1099605.0,2772457.0,6373532.0,1453545.0,633017.0,2179532.0,319939.0,4989631.0
1995Q3,,,,,,,,,,,,,,,,,,,,,,,,,,,,,,,,,,,,,,,,,,,,,,,,,,,,,,,,,,,,,,,,,,,,,,,,,,,,,,,,,,,,,,,,,,,,,,,,,,,,,,,,,,,,,,,,,,,,,,,,,,,,,,,,,,,,,,,,,,,,,,,,,,,,,,,,,,,,,,,,,,,,,,,,,,,,,,,,,,,,,,,,,,,,,,,,,,,,,,,,,,,,,,,,,,,,,,,,,,,,,,,,,,,,,,,,,,,,,,,,,,,,,,,,,,,,,,,,,,,,,,,,,,,,,,,,,,,,,,,,,,,,,,,,,,,,,,,,,,,,,,,,,,,77.04669565746136,78.80834184193579,77.3174952465092,77.26164003908139,77.5332567433844,78.21296219218584,78.30077826631462,79.06816087127407,79.59830213095556,78.11947042815655,78.05695956763088,77.90929586106316,78.80649350319311,78.09527677012031,79.29083622752805,78.11908526047513,79.09404519266191,77.69019612248059,,,,,,,,,,,,,,,,,,,,,,,,,,,,,,,,,,,,,,,,,,,,,,,,,,,,,,,,,,,,,,,,,,,,,,,,,,,,,,,,,,,,,,,,,,,,,,,,,,,,,,,,,,,,,,,,,,,,,,,,,,,,,,,35.38076449328592,40.93210613542733,40.59392155486342,36.42987182922283,33.00692938507939,39.74262172788596,38.23293026615085,37.29772465029393,40.40668660032682,39.09424510918951,37.9246916621269,39.34384844817031,37.03802436189402,34.95499976191378,38.24638910081744,38.86414752956097,38.96717275338531,36.78930828604868,,,,,,,,,,,,,,,,,,,8276017.0,1344184.0,1077103.0,1083683.0,2045168.0,588518.0,7463471.0,2084470.0,2547408.0,46486621.0,1099605.0,2772457.0,6373532.0,1453545.0,633017.0,2179532.0,319939.0,4989631.0
1995Q4,,,,,,,,,,,,,,,,,,,,,,,,,,,,,,,,,,,,,,,,,,,,,,,,,,,,,,,,,,,,,,,,,,,,,,,,,,,,,,,,,,,,,,,,,,,,,,,,,,,,,,,,,,,,,,,,,,,,,,,,,,,,,,,,,,,,,,,,,,,,,,,,,,,,,,,,,,,,,,,,,,,,,,,,,,,,,,,,,,,,,,,,,,,,,,,,,,,,,,,,,,,,,,,,,,,,,,,,,,,,,,,,,,,,,,,,,,,,,,,,,,,,,,,,,,,,,,,,,,,,,,,,,,,,,,,,,,,,,,,,,,,,,,,,,,,,,,,,,,,,,,,,,,,77.05088058800034,78.8709729680793,77.3168592933188,77.29749330911227,77.41544703350101,78.2793354059789,78.38280079990817,79.02749918919714,79.58623756945877,78.12962394963992,78.00683431136433,77.85138461738676,78.85455792578611,78.11967966436075,79.28198698452661,78.06598451202987,79.06953322912457,77.70596166688307,,,,,,,,,,,,,,,,,,,,,,,,,,,,,,,,,,,,,,,,,,,,,,,,,,,,,,,,,,,,,,,,,,,,,,,,,,,,,,,,,,,,,,,,,,,,,,,,,,,,,,,,,,,,,,,,,,,,,,,,,,,,,,,,,,,,,,,,,,,,,,,,,,,,,,,,,,,,,,,,,,,8276017.0,1344184.0,1077103.0,1083683.0,2045168.0,588518.0,7463471.0,2084470.0,2547408.0,46486621.0,1099605.0,2772457.0,6373532.0,1453545.0,633017.0,2179532.0,319939.0,4989631.0
1996Q1,,,,,,,,,,,,,,,,,,,,,,,,,,,,,,,,,,,,,,,,,,,,,,,,,,,,,,,,,,,,,,,,,,,,,,,,,,,,,,,,,,,,,,,,,,,,,,,,,,,,,,,,,,,,,,,,,,,,,,,,,,,,,,,,,,,,,,,,,,,,,,,,,,,,,,,,,,,,,,,,,,,,,,,,,,,,,,,,,,,,,,,,,,,,,,,,,,,,,,,,,,,,,,,,,,,,,,,,,,,,,,,,,,,,,,,,,,,,,,,,,,,,,,,,,,,,,,,,,,,,,,,,,,,,,,,,,,,,,,,,,,,,,,,,,,,,,,,,,,,,,,,,,,,77.06658744490338,79.01633024300827,77.3756070497905,77.43394007864826,77.1713177455034,78.4512416789559,78.52592587760134,78.87963686925629,79.55763004819354,78.13730474127496,77.8945630952459,77.74420507886255,78.9274651669232,78.0841574978812,79.27868949994254,78.00797927852724,79.016943752271,77.65631993275731,,,,,,,,,,,,,,,,,,,,,,,,,,,,,,,,,,,,,,,,,,,,,,,,,,,,,,,,,,,,,,,,,,,,,,,,,,,,,,,,,,,,,,,,,,,,,,,,,,,,,,,,,,,,,,,,,,,,,,,,,,,,,,,34.31950633867164,42.4287800746114,41.26988599202067,36.98604673455809,34.19574229463537,39.38855610864603,39.08851393195982,39.39405775880869,40.81847962619118,37.95063368440576,37.24906378607177,39.35172380742129,36.07964934764953,35.65828331129688,40.19392800778385,37.51159045600284,39.28496701710987,36.64955628102616,,,,,,,,,,,,,,,,,,,8276017.0,1344184.0,1077103.0,1083683.0,2045168.0,588518.0,7463471.0,2084470.0,2547408.0,46486621.0,1099605.0,2772457.0,6373532.0,1453545.0,633017.0,2179532.0,319939.0,4989631.0
1996Q2,,,,,,,,,,,,,,,,,,,,,,,,,,,,,,,,,,,,,,,,,,,,,,,,,,,,,,,,,,,,,,,,,,,,,,,,,,,,,,,,,,,,,,,,,,,,,,,,,,,,,,,,,,,,,,,,,,,,,,,,,,,,,,,,,,,,,,,,,,,,,,,,,,,,,,,,,,,,,,,,,,,,,,,,,,,,,,,,,,,,,,,,,,,,,,,,,,,,,,,,,,,,,,,,,,,,,,,,,,,,,,,,,,,,,,,,,,,,,,,,,,,,,,,,,,,,,,,,,,,,,,,,,,,,,,,,,,,,,,,,,,,,,,,,,,,,,,,,,,,,,,,,,,,77.13055445105626,79.09645192200138,77.48673511643065,77.57320382088817,77.0896830655231,78.55410330519966,78.62912900390515,78.88220135763457,79.58603038459617,78.19456570651396,77.88174593346399,77.75857981402639,79.06231895429583,78.06118014411477,79.34905614337393,78.06965977762142,79.06491004259937,77.64545015939505,,,,,,,,,,,,,,,,,,,,,,,,,,,,,,,,,,,,,,,,,,,,,,,,,,,,,,,,,,,,,,,,,,,,,,,,,,,,,,,,,,,,,,,,,,,,,,,,,,,,,,,,,,,,,,,,,,,,,,,,,,,,,,,,,,,,,,,,,,,,,,,,,,,,,,,,,,,,,,,,,,,8276017.0,1344184.0,1077103.0,1083683.0,2045168.0,588518.0,7463471.0,2084470.0,2547408.0,46486621.0,1099605.0,2772457.0,6373532.0,1453545.0,633017.0,2179532.0,319939.0,4989631.0
1996Q3,,,,,,,,,,,,,,,,,,,,,,,,,,,,,,,,,,,,,,,,,,,,,,,,,,,,,,,,,,,,,,,,,,,,,,,,,,,,,,,,,,,,,,,,,,,,,,,,,,,,,,,,,,,,,,,,,,,,,,,,,,,,,,,,,,,,,,,,,,,,,,,,,,,,,,,,,,,,,,,,,,,,,,,,,,,,,,,,,,,,,,,,,,,,,,,,,,,,,,,,,,,,,,,,,,,,,,,,,,,,,,,,,,,,,,,,,,,,,,,,,,,,,,,,,,,,,,,,,,,,,,,,,,,,,,,,,,,,,,,,,,,,,,,,,,,,,,,,,,,,,,,,,,,77.23463627886274,79.1400445758079,77.64991887844582,77.73346771750661,77.11005204427825,78.62127887799592,78.71225511798893,78.98237707425676,79.65571980744167,78.29011344249953,77.93378850444208,77.85849442165662,79.25165455307484,78.03586198036164,79.4785956699718,78.22518321536126,79.18665428175652,77.65157796374267,,,,,,,,,,,,,,,,,,,,,,,,,,,,,,,,,,,,,,,,,,,,,,,,,,,,,,,,,,,,,,,,,,,,,,,,,,,,,,,,,,,,,,,,,,,,,,,,,,,,,,,,,,,,,,,,,,,,,,,,,,,,,,,34.01229629441546,39.9961011467544,40.27880494995208,36.65325948331321,34.7400779100716,38.97901089762198,38.85702424558176,38.72079461982581,41.81145736225053,38.39773108141959,38.6230880092337,39.08269606218444,37.13567060154605,35.14992229501127,38.72994368514679,38.54568283614336,38.46136459670411,38.13120563991288,,,,,,,,,,,,,,,,,,,8276017.0,1344184.0,1077103.0,1083683.0,2045168.0,588518.0,7463471.0,2084470.0,2547408.0,46486621.0,1099605.0,2772457.0,6373532.0,1453545.0,633017.0,2179532.0,319939.0,4989631.0
1996Q4,,,,,,,,,,,,,,,,,,,,,,,,,,,,,,,,,,,,,,,,,,,,,,,,,,,,,,,,,,,,,,,,,,,,,,,,,,,,,,,,,,,,,,,,,,,,,,,,,,,,,,,,,,,,,,,,,,,,,,,,,,,,,,,,,,,,,,,,,,,,,,,,,,,,,,,,,,,,,,,,,,,,,,,,,,,,,,,,,,,,,,,,,,,,,,,,,,,,,,,,,,,,,,,,,,,,,,,,,,,,,,,,,,,,,,,,,,,,,,,,,,,,,,,,,,,,,,,,,,,,,,,,,,,,,,,,,,,,,,,,,,,,,,,,,,,,,,,,,,,,,,,,,,,77.3682218251776,79.14717325918242,77.84773895533304,77.89938838295697,77.22894714469528,78.65337613784854,78.77269000050448,79.1757846988524,79.76061975976863,78.41801610971153,78.049902466848,78.03872068545441,79.47856132570614,78.01880037764239,79.65365868671175,78.45717772849011,79.37149192337309,77.68665194410498,,,,,,,,,,,,,,,,,,,,,,,,,,,,,,,,,,,,,,,,,,,,,,,,,,,,,,,,,,,,,,,,,,,,,,,,,,,,,,,,,,,,,,,,,,,,,,,,,,,,,,,,,,,,,,,,,,,,,,,,,,,,,,,,,,,,,,,,,,,,,,,,,,,,,,,,,,,,,,,,,,,8276017.0,1344184.0,1077103.0,1083683.0,2045168.0,588518.0,7463471.0,2084470.0,2547408.0,46486621.0,1099605.0,2772457.0,6373532.0,1453545.0,633017.0,2179532.0,319939.0,4989631.0
1997Q1,,,,,,,,,,,,,,,,,,,,,,,,,,,,,,,,,,,,,,,,,,,,,,,,,,,,,,,,,,,,,,,,,,,,,,,,,,,,,,,,,,,,,,,,,,,,,,,,,,,,,,,,,,,,,,,,,,,,,,,,,,,,,,,,,,,,,,,,,,,,,,,,,,,,,,,,,,,,,,,,,,,,,,,,,,,,,,,,,,,,,,,,,,,,,,,,,,,,,,,,,,,,,,,,,,,,,,,,,,,,,,,,,,,,,,,,,,,,,,,,,,,,,,,,,,,,,,,,,,,,,,,,,,,,,,,,,,,,,,,,,,,,,,,,,,,,,,,,,,,,,,,,,,,77.56224982907834,79.09067859269662,78.11735566699535,78.08688651698759,77.51127709210087,78.61670966635198,78.79792980466226,79.52572998197071,79.92862868563361,78.60308757469751,78.26575894913617,78.34654972491533,79.78745763915059,78.00382185243456,79.91759648046114,78.82872156113895,79.67139297496638,77.74975228011841,,,,,,,,,,,,,,,,,,,,,,,,,,,,,,,,,,,,,,,,,,,,,,,,,,,,,,,,,,,,,,,,,,,,,,,,,,,,,,,,,,,,,,,,,,,,,,,,,,,,,,,,,,,,,,,,,,,,,,,,,,,,,,,35.28645407719021,42.07454913493633,41.67666845568446,37.20531850628136,34.44782181201919,39.30248180398152,38.83243877669232,38.4165158039481,40.16067951574819,38.40292862004956,38.38051711911369,39.06652798507234,37.14294754807669,35.44384974053015,38.98006645193411,39.54192184080762,40.28882683745997,37.52723517564846,,,,,,,,,,,,,,,,,,,8276017.0,1344184.0,1077103.0,1083683.0,2045168.0,588518.0,7463471.0,2084470.0,2547408.0,46486621.0,1099605.0,2772457.0,6373532.0,1453545.0,633017.0,2179532.0,319939.0,4989631.0
1997Q2,,,,,,,,,,,,,,,,,,,,,,,,,,,,,,,,,,,,,,,,,,,,,,,,,,,,,,,,,,,,,,,,,,,,,,,,,,,,,,,,,,,,,,,,,,,,,,,,,,,,,,,,,,,,,,,,,,,,,,,,,,,,,,,,,,,,,,,,,,,,,,,,,,,,,,,,,,,,,,,,,,,,,,,,,,,,,,,,,,,,,,,,,,,,,,,,,,,,,,,,,,,,,,,,,,,,,,,,,,,,,,,,,,,,,,,,,,,,,,,,,,,,,,,,,,,,,,,,,,,,,,,,,,,,,,,,,,,,,,,,,,,,,,,,,,,,,,,,,,,,,,,,,,,77.67081162432659,79.11575377893168,78.28773574844041,78.23350190223094,77.63855951672592,78.6900333729128,78.85856851992158,79.72758593360226,80.02542577582854,78.73072082192868,78.4129597004838,78.55742799328657,79.96606842655308,78.0241646087915,80.06282861113466,79.03680953785306,79.84342790643576,77.85378189711595,,,,,,,,,,,,,,,,,,,,,,,,,,,,,,,,,,,,,,,,,,,,,,,,,,,,,,,,,,,,,,,,,,,,,,,,,,,,,,,,,,,,,,,,,,,,,,,,,,,,,,,,,,,,,,,,,,,,,,,,,,,,,,,,,,,,,,,,,,,,,,,,,,,,,,,,,,,,,,,,,,,8276017.0,1344184.0,1077103.0,1083683.0,2045168.0,588518.0,7463471.0,2084470.0,2547408.0,46486621.0,1099605.0,2772457.0,6373532.0,1453545.0,633017.0,2179532.0,319939.0,4989631.0
1997Q3,,,,,,,,,,,,,,,,,,,,,,,,,,,,,,,,,,,,,,,,,,,,,,,,,,,,,,,,,,,,,,,,,,,,,,,,,,,,,,,,,,,,,,,,,,,,,,,,,,,,,,,,,,,,,,,,,,,,,,,,,,,,,,,,,,,,,,,,,,,,,,,,,,,,,,,,,,,,,,,,,,,,,,,,,,,,,,,,,,,,,,,,,,,,,,,,,,,,,,,,,,,,,,,,,,,,,,,,,,,,,,,,,,,,,,,,,,,,,,,,,,,,,,,,,,,,,,,,,,,,,,,,,,,,,,,,,,,,,,,,,,,,,,,,,,,,,,,,,,,,,,,,,,,77.72503855816721,79.19483302250211,78.39636408663908,78.35539007343962,77.67522709488762,78.83920930083758,78.94195219280537,79.84390467372752,80.07897282067582,78.82558748135726,78.52655970632048,78.71811807654005,80.05924456633825,78.07277779007512,80.13298413960736,79.1446650129407,79.93918039937992,77.99656814921335,,,,,,,,,,,,,,,,,,,,,,,,,,,,,,,,,,,,,,,,,,,,,,,,,,,,,,,,,,,,,,,,,,,,,,,,,,,,,,,,,,,,,,,,,,,,,,,,,,,,,,,,,,,,,,,,,,,,,,,,,,,,,,,36.01027288787107,41.53823059596865,41.94887880018566,36.56341927693528,34.36312108518048,39.38132830375858,39.8270628233555,37.55034203492394,41.82006459739529,38.84159729807544,38.63930956298549,39.95836376341044,38.05627456653372,35.03586482617328,39.48712321630936,40.06269137694786,41.10011422400365,37.44744032849057,,,,,,,,,,,,,,,,,,,8276017.0,1344184.0,1077103.0,1083683.0,2045168.0,588518.0,7463471.0,2084470.0,2547408.0,46486621.0,1099605.0,2772457.0,6373532.0,1453545.0,633017.0,2179532.0,319939.0,4989631.0
1997Q4,,,,,,,,,,,,,,,,,,,,,,,,,,,,,,,,,,,,,,,,,,,,,,,,,,,,,,,,,,,,,,,,,,,,,,,,,,,,,,,,,,,,,,,,,,,,,,,,,,,,,,,,,,,,,,,,,,,,,,,,,,,,,,,,,,,,,,,,,,,,,,,,,,,,,,,,,,,,,,,,,,,,,,,,,,,,,,,,,,,,,,,,,,,,,,,,,,,,,,,,,,,,,,,,,,,,,,,,,,,,,,,,,,,,,,,,,,,,,,,,,,,,,,,,,,,,,,,,,,,,,,,,,,,,,,,,,,,,,,,,,,,,,,,,,,,,,,,,,,,,,,,,,,,77.72189998842786,79.3187346058696,78.43854449792521,78.44422150734185,77.61493629628559,79.05404765989768,79.04154948261078,79.8627794106995,80.08697271786201,78.88060412201656,78.59472164405953,78.81790420525806,80.06722936795808,78.13923574869887,80.12659076879682,79.14980388806731,79.94599871921791,78.15989767355227,,,,,,,,,,,,,,,,,,,,,,,,,,,,,,,,,,,,,,,,,,,,,,,,,,,,,,,,,,,,,,,,,,,,,,,,,,,,,,,,,,,,,,,,,,,,,,,,,,,,,,,,,,,,,,,,,,,,,,,,,,,,,,,,,,,,,,,,,,,,,,,,,,,,,,,,,,,,,,,,,,,8276017.0,1344184.0,1077103.0,1083683.0,2045168.0,588518.0,7463471.0,2084470.0,2547408.0,46486621.0,1099605.0,2772457.0,6373532.0,1453545.0,633017.0,2179532.0,319939.0,4989631.0
1998Q1,,,,,,,,,,,,,,,,,,,,,,,,,,,,,,,,,,,,,,,,,,,,,,,,,,,,,,,,,,,,,,,,,,,,,,,,,,,,,,,,,,,,,,,,,,,,,,,,,,,,,,,,,,,,,,,,,,,,,,,,,,,,,,,,,,,,,,,,,,,,,,,,,,,,,,,,,,,,,,,,,,,,,,,,,,,,,,,,,,,,,,,,,,,,,,,,,,,,,,,,,,,,,,,,,,,,,,,,,,,,,,,,,,,,,,,,,,,,,,,,,,,,,,,,,,,,,,,,,,,,,,,,,,,,,,,,,,,,,,,,,,,,,,,,,,,,,,,,,,,,,,,,,,,77.6362939172039,79.53388545197606,78.38944279600946,78.50495752527482,77.40639750245131,79.39508943515138,79.18328122949418,79.7451489417693,80.02646382479978,78.88628947044829,78.60814191331329,78.8354974021172,79.94629321586847,78.25024179661091,80.00473368836842,78.99704647338493,79.83682724985404,78.38307711001022,,,,,,,,,,,,,,,,,,,,,,,,,,,,,,,,,,,,,,,,,,,,,,,,,,,,,,,,,,,,,,,,,,,,,,,,,,,,,,,,,,,,,,,,,,,,,,,,,,,,,,,,,,,,,,,,,,,,,,,,,,,,,,,34.86296576990834,41.56736821837463,42.97373017822539,38.14373836722846,35.5491821581718,39.81884679857875,38.99051175492674,38.70531361863798,42.16548108627164,38.96287351796474,37.84219008837714,40.9593753751082,38.27015518219093,36.17402958498184,39.65156899615298,39.48492653792149,40.30032183127398,37.79846967518625,,,,,,,,,,,,,,,,,,,8276017.0,1344184.0,1077103.0,1083683.0,2045168.0,588518.0,7463471.0,2084470.0,2547408.0,46486621.0,1099605.0,2772457.0,6373532.0,1453545.0,633017.0,2179532.0,319939.0,4989631.0
1998Q2,,,,,,,,,,,,,,,,,,,,,,,,,,,,,,,,,,,,,,,,,,,,,,,,,,,,,,,,,,,,,,,,,,,,,,,,,,,,,,,,,,,,,,,,,,,,,,,,,,,,,,,,,,,,,,,,,,,,,,,,,,,,,,,,,,,,,,,,,,,,,,,,,,,,,,,,,,,,,,,,,,,,,,,,,,,,,,,,,,,,,,,,,,,,,,,,,,,,,,,,,,,,,,,,,,,,,,,,,,,,,,,,,,,,,,,,,,,,,,,,,,,,,,,,,,,,,,,,,,,,,,,,,,,,,,,,,,,,,,,,,,,,,,,,,,,,,,,,,,,,,,,,,,,77.5838166901282,79.60236608489033,78.36645204706426,78.50779218798584,77.30368456333933,79.56992238599516,79.23088499501878,79.67698412233001,80.00792360112939,78.88429432852274,78.61259063933032,78.87997750356728,79.9077264373078,78.27071009411384,79.95659377221558,78.95810109405295,79.72946592101778,78.46974405840244,,,,,,,,,,,,,,,,,,,,,,,,,,,,,,,,,,,,,,,,,,,,,,,,,,,,,,,,,,,,,,,,,,,,,,,,,,,,,,,,,,,,,,,,,,,,,,,,,,,,,,,,,,,,,,,,,,,,,,,,,,,,,,,,,,,,,,,,,,,,,,,,,,,,,,,,,,,,,,,,,,,8276017.0,1344184.0,1077103.0,1083683.0,2045168.0,588518.0,7463471.0,2084470.0,2547408.0,46486621.0,1099605.0,2772457.0,6373532.0,1453545.0,633017.0,2179532.0,319939.0,4989631.0
1998Q3,,,,,,,,,,,,,,,,,,,,,,,,,,,,,,,,,,,,,,,,,,,,,,,,,,,,,,,,,,,,,,,,,,,,,,,,,,,,,,,,,,,,,,,,,,,,,,,,,,,,,,,,,,,,,,,,,,,,,,,,,,,,,,,,,,,,,,,,,,,,,,,,,,,,,,,,,,,,,,,,,,,,,,,,,,,,,,,,,,,,,,,,,,,,,,,,,,,,,,,,,,,,,,,,,,,,,,,,,,,,,,,,,,,,,,,,,,,,,,,,,,,,,,,,,,,,,,,,,,,,,,,,,,,,,,,,,,,,,,,,,,,,,,,,,,,,,,,,,,,,,,,,,,,77.54007128371578,79.57127970925364,78.34543129722019,78.45851020115,77.25600655288478,79.63885820989802,79.21095049007947,79.62054216585406,80.00878887044347,78.865945265887,78.59968566588226,78.93076826973662,79.90813768243758,78.22807982088207,79.94362372175364,78.97815364016118,79.5986200556537,78.46028848158474,,,,,,,,,,,,,,,,,,,,,,,,,,,,,,,,,,,,,,,,,,,,,,,,,,,,,,,,,,,,,,,,,,,,,,,,,,,,,,,,,,,,,,,,,,,,,,,,,,,,,,,,,,,,,,,,,,,,,,,,,,,,,,,35.34947119428976,40.4763030749516,40.77220280985621,37.35600908814239,36.32538500791416,40.13137862694195,39.24829317626563,38.5191454737398,42.88416782370241,40.33303110773382,37.7383628514285,40.55805642827664,37.41301341726474,35.41954081834284,39.59874947942517,40.3046493797249,40.69772439167672,38.0284386080506,,,,,,,,,,,,,,,,,,,8276017.0,1344184.0,1077103.0,1083683.0,2045168.0,588518.0,7463471.0,2084470.0,2547408.0,46486621.0,1099605.0,2772457.0,6373532.0,1453545.0,633017.0,2179532.0,319939.0,4989631.0
1998Q4,,,,,,,,,,,,,,,,,,,,,,,,,,,,,,,,,,,,,,,,,,,,,,,,,,,,,,,,,,,,,,,,,,,,,,,,,,,,,,,,,,,,,,,,,,,,,,,,,,,,,,,,,,,,,,,,,,,,,,,,,,,,,,,,,,,,,,,,,,,,,,,,,,,,,,,,,,,,,,,,,,,,,,,,,,,,,,,,,,,,,,,,,,,,,,,,,,,,,,,,,,,,,,,,,,,,,,,,,,,,,,,,,,,,,,,,,,,,,,,,,,,,,,,,,,,,,,,,,,,,,,,,,,,,,,,,,,,,,,,,,,,,,,,,,,,,,,,,,,,,,,,,,,,77.51981810895211,79.45246875387997,78.33867385970605,78.36874008558934,77.27391138132462,79.5961299689555,79.13488328540751,79.59732477004661,80.03682370362736,78.84347093514194,78.57958178147408,78.99375682457888,79.95784266438618,78.1309682883931,79.97504881766235,79.06669879240093,79.47508677347439,78.36689035000262,,,,,,,,,,,,,,,,,,,,,,,,,,,,,,,,,,,,,,,,,,,,,,,,,,,,,,,,,,,,,,,,,,,,,,,,,,,,,,,,,,,,,,,,,,,,,,,,,,,,,,,,,,,,,,,,,,,,,,,,,,,,,,,,,,,,,,,,,,,,,,,,,,,,,,,,,,,,,,,,,,,8276017.0,1344184.0,1077103.0,1083683.0,2045168.0,588518.0,7463471.0,2084470.0,2547408.0,46486621.0,1099605.0,2772457.0,6373532.0,1453545.0,633017.0,2179532.0,319939.0,4989631.0
1999Q1,,,,,,,,,,,,,,,,,,,,,,,,,,,,,,,,,,,,,,,,,,,,,,,,,,,,,,,,,,,,,,,,,,,,,,,,,,,,,,,,,,,,,,,,,,,,,,,,,,,,,,,,,,,,,,,,,,,,,,,,,,,,,,,,,,,,,,,,,,,,,,,,,,,,,,,,,,,,,,,,,,,,,,,,,,,,,,,,,,,,,,,,,,,,,,,,,,,,,,,,,,,,,,,,,,,,,,,,,,,,,,,,,,,,,,,,,,,,,,,,,,,,,,,,,,,,,,,,,,,,,,,,,,,,,,,,,,,,,,,,,,,,,,,,,,,,,,,,,,,,,,,,,,,77.51463715330318,79.1721653328027,78.34094433705967,78.20368486443427,77.3854401284527,79.38952848655589,78.95044606946685,79.60074595908505,80.09653524262092,78.79849668445245,78.53876911916723,79.0768817631983,80.0771447063418,77.93182233970508,80.06715494285639,79.25703619770665,79.3174660855235,78.12388869090124,,,,,,,,,,,,,,,,,,,,,,,,,,,,,,,,,,,,,,,,,,,,,,,,,,,,,,,,,,,,,,,,,,,,,,,,,,,,,,,,,,,,,,,,,,,,,,,,,,,,,,,,,,,,,,,,,,,,,,,,,,,,,,,35.75318892771843,41.70925113759242,42.36712583981471,37.65489679204728,35.47000610646981,41.57337598506501,39.46923805871457,39.34625110446845,42.7839050472202,39.45997817447584,38.16134827250634,40.6219124947523,38.04315865891549,35.73679696069524,39.07914848726343,39.68566170095764,40.29930201102985,37.78547293529594,,,,,,,,,,,,,,,,,,,8276017.0,1344184.0,1077103.0,1083683.0,2045168.0,588518.0,7463471.0,2084470.0,2547408.0,46486621.0,1099605.0,2772457.0,6373532.0,1453545.0,633017.0,2179532.0,319939.0,4989631.0
1999Q2,,,,,,,,,,,,,,,,,,,,,,,,,,,,,,,,,,,,,,,,,,,,,,,,,,,,,,,,,,,,,,,,,,,,,,,,,,,,,,,,,,,,,,,,,,,,,,,,,,,,,,,,,,,,,,,,,,,,,,,,,,,,,,,,,,,,,,,,,,,,,,,,,,,,,,,,,,,,,,,,,,,,,,,,,,,,,,,,,,,,,,,,,,,,,,,,,,,,,,,,,,,,,,,,,,,,,,,,,,,,,,,,,,,,,,,,,,,,,,,,,,,,,,,,,,,,,,,,,,,,,,,,,,,,,,,,,,,,,,,,,,,,,,,,,,,,,,,,,,,,,,,,,,,77.56311685973938,79.09267090081597,78.36738518356526,78.1210005364457,77.44527183156958,79.26049990422548,78.91360990297102,79.66251008363345,80.16015532019694,78.81684345664056,78.53620677518138,79.13172853881646,80.1628758362626,77.85770055845214,80.13065731222932,79.3775645171073,79.3261254051206,78.05122330329434,,,,,,,,,,,,,,,,,,,,,,,,,,,,,,,,,,,,,,,,,,,,,,,,,,,,,,,,,,,,,,,,,,,,,,,,,,,,,,,,,,,,,,,,,,,,,,,,,,,,,,,,,,,,,,,,,,,,,,,,,,,,,,,,,,,,,,,,,,,,,,,,,,,,,,,,,,,,,,,,,,,8276017.0,1344184.0,1077103.0,1083683.0,2045168.0,588518.0,7463471.0,2084470.0,2547408.0,46486621.0,1099605.0,2772457.0,6373532.0,1453545.0,633017.0,2179532.0,319939.0,4989631.0
1999Q3,,,,,,,,,,,,,,,,,,,,,,,,,,,,,,,,,,,,,,,,,,,,,,,,,,,,,,,,,,,,,,,,,,,,,,,,,,,,,,,,,,,,,,,,,,,,,,,,,,,,,,,,,,,,,,,,,,,,,,,,,,,,,,,,,,,,,,,,,,,,,,,,,,,,,,,,,,,,,,,,,,,,,,,,,,,,,,,,,,,,,,,,,,,,,,,,,,,,,,,,,,,,,,,,,,,,,,,,,,,,,,,,,,,,,,,,,,,,,,,,,,,,,,,,,,,,,,,,,,,,,,,,,,,,,,,,,,,,,,,,,,,,,,,,,,,,,,,,,,,,,,,,,,,77.65593967877541,79.13947801219476,78.41238819586907,78.08577942716364,77.48079880546051,79.15811490708927,78.97150485437045,79.77452918790829,80.23185307941495,78.87955242376279,78.55806283599108,79.16617998489471,80.23457419118506,77.86086073424477,80.18147098823643,79.46094047735428,79.45770284066981,78.08261274092911,,,,,,,,,,,,,,,,,,,,,,,,,,,,,,,,,,,,,,,,,,,,,,,,,,,,,,,,,,,,,,,,,,,,,,,,,,,,,,,,,,,,,,,,,,,,,,,,,,,,,,,,,,,,,,,,,,,,,,,,,,,,,,,36.25097580569229,41.23749949785657,42.9956184094278,37.09420993163553,35.30603161889255,41.01169106384194,39.37596426836603,38.9739344812944,41.98379148564992,39.75190564114708,37.5955967357359,41.3778377158936,38.41114940497474,35.29952582632083,39.87027002665236,40.33323644041906,40.08517227568869,38.68305614206928,,,,,,,,,,,,,,,,,,,8276017.0,1344184.0,1077103.0,1083683.0,2045168.0,588518.0,7463471.0,2084470.0,2547408.0,46486621.0,1099605.0,2772457.0,6373532.0,1453545.0,633017.0,2179532.0,319939.0,4989631.0
1999Q4,,,,,,,,,,,,,,,,,,,,,,,,,,,,,,,,,,,,,,,,,,,,,,,,,,,,,,,,,,,,,,,,,,,,,,,,,,,,,,,,,,,,,,,,,,,,,,,,,,,,,,,,,,,,,,,,,,,,,,,,,,,,,,,,,,,,,,,,,,,,,,,,,,,,,,,,,,,,,,,,,,,,,,,,,,,,,,,,,,,,,,,,,,,,,,,,,,,,,,,,,,,,,,,,,,,,,,,,,,,,,,,,,,,,,,,,,,,,,,,,,,,,,,,,,,,,,,,,,,,,,,,,,,,,,,,,,,,,,,,,,,,,,,,,,,,,,,,,,,,,,,,,,,,77.78630630818199,79.31568575418656,78.47928228350605,78.10953517195632,77.48848923451726,79.11185670212934,79.1244391731917,79.92221476937321,80.31145635776718,78.98510743514427,78.60696126966032,79.1852097130905,80.2854052662105,77.94961636759803,80.22071675667787,79.50445880783177,79.6987056686861,78.22227526487535,,,,,,,,,,,,,,,,,,,,,,,,,,,,,,,,,,,,,,,,,,,,,,,,,,,,,,,,,,,,,,,,,,,,,,,,,,,,,,,,,,,,,,,,,,,,,,,,,,,,,,,,,,,,,,,,,,,,,,,,,,,,,,,,,,,,,,,,,,,,,,,,,,,,,,,,,,,,,,,,,,,8276017.0,1344184.0,1077103.0,1083683.0,2045168.0,588518.0,7463471.0,2084470.0,2547408.0,46486621.0,1099605.0,2772457.0,6373532.0,1453545.0,633017.0,2179532.0,319939.0,4989631.0
2000Q1,0.6648656585628626,0.692238961993882,0.8706793518893129,0.21662395475540738,0.444357917026099,0.4073012928930184,1.0495176243644295,0.6715860978610373,0.5536750170641271,0.894154913170597,0.5138567561508631,0.6089453594595532,1.5497293336135267,0.7090162249046031,0.7196590356627759,1.0581534776034742,0.5359582873165775,0.697952379275277,,,,,,,,,,,,,,,,,,,,,,,,,,,,,,,,,,,,,,,,,,,,,,,,,,,,,,,,,,,,,,,,,,,,,,,,,,,,,,,,,,,,,,,,,,,,,,,,,,,,,,,,,,,,,,,,,,,,,,,,,,,,,,,,,,,,,,,,,,,,,,,,,,,,,,,,,,,,,,,,,,,,,,,,,,,,,,,,,,,,,,,,,,,,,,,,,,,,,,,,,,,,,,,,,,,,,,,,,,,,,,,,,,,,,,,,,,,,,,,,,,,,,,,,,,,,,,,,,,,,,,,,,,,,,,,,,,,,,,,,,,,,,,,,,77.97774254760212,79.6898815184829,78.56509793822461,78.19995587960425,77.44492568857419,79.11019242779327,79.42476310400927,80.14253476763699,80.396434517785,79.1548578133943,78.68884126943192,79.16790715938689,80.30775426953977,78.15466695097422,80.22988823357569,79.47989303492433,80.12122518533849,78.52704615608819,,,,,,,,,,,,,,,,,,,,,,,,,,,,,,,,,,,,,,,,,,,,,,,,,,,,,,,,,,,,,,,,,,,,,,,,,,,,,,,,,,,,,,,,,,,,,,,,,,,,,,,,,,,,,,,,,,,,,,,,,,,,,,,36.65692298603366,41.69405350678421,42.1865852556925,38.08523721804799,36.01576936677818,39.47843497970797,39.4043796432754,39.02586287131341,42.21126829614435,39.2648290814486,38.88703921279922,41.09892699088904,38.57819581584053,35.34982343994533,39.35538782528215,40.93093793289713,40.64296735146194,38.47725462494051,,,,,,,,,,,,,,,,,,,8276017.0,1344184.0,1077103.0,1083683.0,2045168.0,588518.0,7463471.0,2084470.0,2547408.0,46486621.0,1099605.0,2772457.0,6373532.0,1453545.0,633017.0,2179532.0,319939.0,4989631.0
2000Q2,0.6547668878149112,0.6908548763976641,0.8369866616304649,0.2188927827247919,0.46148211377360143,0.44187867546824344,1.056724911120964,0.598605601001487,0.6103122792426667,0.9046773304833189,0.5309271250757841,0.6295973190663748,1.5700784728342558,0.6959880131453939,0.8178698136166962,1.1247495096304174,0.5579113460663296,0.7059454539051057,,,,,,,,,,,,,,,,,,,,,,,,,,,,,,,,,,,,,,,,,,,,,,,,,,,,,,,,,,,,,,,,,,,,,,,,,,,,,,,,,,,,,,,,,,,,,,,,,,,,,,,,,,,,,,,,,,,,,,,,,,,,,,,,,,,,,,,,,,,,,,,,,,,,,,,,,,,,,,,,,,,,,,,,,,,,,,,,,,,,,,,,,,,,,,,,,,,,,,,,,,,,,,,,,,,,,,,,,,,,,,,,,,,,,,,,,,,,,,,,,,,,,,,,,,,,,,,,,,,,,,,,,,,,,,,,,,,,,,,,,,,,,,,,,78.12252444228152,79.93038223189465,78.69180761757332,78.32285478057226,77.4662625029978,79.21341577016703,79.61954416950182,80.25859293855243,80.51022991092923,79.28916288081706,78.77627904643828,79.21854267328094,80.33990411865699,78.33293813810963,80.310124290039,79.53363761820289,80.38680530474304,78.72130731775768,,,,,,,,,,,,,,,,,,,,,,,,,,,,,,,,,,,,,,,,,,,,,,,,,,,,,,,,,,,,,,,,,,,,,,,,,,,,,,,,,,,,,,,,,,,,,,,,,,,,,,,,,,,,,,,,,,,,,,,,,,,,,,,,,,,,,,,,,,,,,,,,,,,,,,,,,,,,,,,,,,,8276017.0,1344184.0,1077103.0,1083683.0,2045168.0,588518.0,7463471.0,2084470.0,2547408.0,46486621.0,1099605.0,2772457.0,6373532.0,1453545.0,633017.0,2179532.0,319939.0,4989631.0
2000Q3,0.6452331121850888,0.6891451236023358,0.803013338369535,0.22110721727520805,0.4785178862263985,0.4781213245317566,1.063275088879036,0.5213943989985131,0.6696877207573333,0.9153226695166812,0.549072874924216,0.6504026809336254,1.5899215271657443,0.684011986854606,0.9221301863833036,1.1952504903695824,0.5820886539336703,0.7140545460948943,,,,,,,,,,,,,,,,,,,,,,,,,,,,,,,,,,,,,,,,,,,,,,,,,,,,,,,,,,,,,,,,,,,,,,,,,,,,,,,,,,,,,,,,,,,,,,,,,,,,,,,,,,,,,,,,,,,,,,,,,,,,,,,,,,,,,,,,,,,,,,,,,,,,,,,,,,,,,,,,,,,,,,,,,,,,,,,,,,,,,,,,,,,,,,,,,,,,,,,,,,,,,,,,,,,,,,,,,,,,,,,,,,,,,,,,,,,,,,,,,,,,,,,,,,,,,,,,,,,,,,,,,,,,,,,,,,,,,,,,,,,,,,,,,78.24408500723163,80.1044385972922,78.85588996879265,78.48485762672901,77.52942461949074,79.40774634773241,79.76031602315219,80.30783524999138,80.64983830068671,79.40904459731881,78.87489739799653,79.31590292782066,80.37475102057589,78.51386607795423,80.44249016586203,79.63748008155663,80.56683013070513,78.86076436006934,,,,,,,,,,,,,,,,,,,,,,,,,,,,,,,,,,,,,,,,,,,,,,,,,,,,,,,,,,,,,,,,,,,,,,,,,,,,,,,,,,,,,,,,,,,,,,,,,,,,,,,,,,,,,,,,,,,,,,,,,,,,,,,36.58826649484867,43.18120941648803,42.91762798571213,37.24798196465868,35.46851739668659,40.92422962572441,39.8900564491633,40.48092496489761,41.6529697625135,39.814749120355,39.36526111003516,42.00425033465806,38.02688207394299,35.54291042642647,40.97191599225461,40.64766261674095,40.60027257470462,38.70308199872623,,,,,,,,,,,,,,,,,,,8276017.0,1344184.0,1077103.0,1083683.0,2045168.0,588518.0,7463471.0,2084470.0,2547408.0,46486621.0,1099605.0,2772457.0,6373532.0,1453545.0,633017.0,2179532.0,319939.0,4989631.0
2000Q4,0.6351343414371374,0.6877610380061179,0.769320648110687,0.22337604524459256,0.49564208297390094,0.5126987071069815,1.0704823756355706,0.4484139021389628,0.7263249829358729,0.925845086829403,0.566143243849137,0.6710546405404471,1.6102706663864734,0.6709837750953968,1.0203409643372239,1.2618465223965256,0.6040417126834224,0.722047620724723,,,,,,,,,,,,,,,,,,,,,,,,,,,,,,,,,,,,,,,,,,,,,,,,,,,,,,,,,,,,,,,,,,,,,,,,,,,,,,,,,,,,,,,,,,,,,,,,,,,,,,,,,,,,,,,,,,,,,,,,,,,,,,,,,,,,,,,,,,,,,,,,,,,,,,,,,,,,,,,,,,,,,,,,,,,,,,,,,,,,,,,,,,,,,,,,,,,,,,,,,,,,,,,,,,,,,,,,,,,,,,,,,,,,,,,,,,,,,,,,,,,,,,,,,,,,,,,,,,,,,,,,,,,,,,,,,,,,,,,,,,,,,,,,,78.33564800288475,80.19529765233025,79.04720447540943,78.67233171309447,77.63938718893728,79.66864545430731,79.8353767033367,80.29103704381923,80.80349727059905,79.50693470846984,78.97998228613329,79.45764723951154,80.41759059122734,78.67852883296197,80.61749731052332,79.78898926531613,80.64513937921336,78.93088216608476,,,,,,,,,,,,,,,,,,,,,,,,,,,,,,,,,,,,,,,,,,,,,,,,,,,,,,,,,,,,,,,,,,,,,,,,,,,,,,,,,,,,,,,,,,,,,,,,,,,,,,,,,,,,,,,,,,,,,,,,,,,,,,,,,,,,,,,,,,,,,,,,,,,,,,,,,,,,,,,,,,,8276017.0,1344184.0,1077103.0,1083683.0,2045168.0,588518.0,7463471.0,2084470.0,2547408.0,46486621.0,1099605.0,2772457.0,6373532.0,1453545.0,633017.0,2179532.0,319939.0,4989631.0
2001Q1,0.6245403694201013,0.6860297615673245,0.7346254468484165,0.22563463009415363,0.513148224734286,0.549474450592858,1.07690099200796,0.36862311067491577,0.785897345690859,0.9363925123287649,0.5841244390229389,0.6918568379649902,1.6305321560963202,0.6585766039482625,1.124769670454645,1.332782335271829,0.628450936217078,0.7300646373138084,,,,,,,,,,,,,,,,,,,,,,,,,,,,,,,,,,,,,,,,,,,,,,,,,,,,,,,,,,,,,,,,,,,,,,,,,,,,,,,,,,,,,,,,,,,,,,,,,,,,,,,,,,,,,,,,,,,,,,,,,,,,,,,,,,,,,,,,,,,,,,,,,,,,,,,,,,,,,,,,,,,,,,,,,,,,,,,,,,,,,,,,,,,,,,,,,,,,,,,,,,,,,,,,,,,,,,,,,,,,,,,,,,,,,,,,,,,,,,,,,,,,,,,,,,,,,,,,,,,,,,,,,,,,,,,,,,,,,,,,,,,,,,,,,78.39214733994356,80.17323651044636,79.2963039777161,78.90962755609945,77.81229513632351,80.06171366194866,79.82017361671784,80.1712098337537,81.00211838039343,79.58092450067333,79.10003678042432,79.67308597923358,80.4675437709879,78.83967947511161,80.87785757650197,80.02498402080394,80.5889904717779,78.90795163661794,,,,,,,,,,,,,,,,,,,,,,,,,,,,,,,,,,,,,,,,,,,,,,,,,,,,,,,,,,,,,,,,,,,,,,,,,,,,,,,,,,,,,,,,,,,,,,,,,,,,,,,,,,,,,,,,,,,,,,,,,,,,,,,36.22243006680655,42.98954366637526,42.91405132426614,38.03937228403096,36.02832736418744,41.40509316008826,39.90626805435505,40.75864629286859,43.06352042154466,38.8295591201419,39.47631417703426,42.21894495123337,39.10373137698762,36.59703219765711,39.91134659043635,41.84787279498723,40.24270572823627,38.87022448165848,,,,,,,,,,,,,,,,,,,8276017.0,1344184.0,1077103.0,1083683.0,2045168.0,588518.0,7463471.0,2084470.0,2547408.0,46486621.0,1099605.0,2772457.0,6373532.0,1453545.0,633017.0,2179532.0,319939.0,4989631.0
2001Q2,0.6098935001053336,0.6872486608130479,0.7032565778236186,0.2283365287288091,0.5309838710475034,0.5710116840018703,1.089333287930614,0.33145469097900615,0.8211290098631467,0.9459355689385218,0.592652156772945,0.7112987336155707,1.6549059687666428,0.6370071862085652,1.1756867439172956,1.3685698724200246,0.6326713073646438,0.7371331731415371,,,,,,,,,,,,,,,,,,,,,,,,,,,,,,,,,,,,,,,,,,,,,,,,,,,,,,,,,,,,,,,,,,,,,,,,,,,,,,,,,,,,,,,,,,,,,,,,,,,,,,,,,,,,,,,,,,,,,,,,,,,,,,,,,,,,,,,,,,,,,,,,,,,,,,,,,,,,,,,,,,,,,,,,,,,,,,,,,,,,,,,,,,,,,,,,,,,,,,,,,,,,,,,,,,,,,,,,,,,,,,,,,,,,,,,,,,,,,,,,,,,,,,,,,,,,,,,,,,,,,,,,,,,,,,,,,,,,,,,,,,,,,,,,,78.4438351397123,80.19405530453867,79.46643627614493,79.08727927569801,77.97577136221608,80.27610548475938,79.84325576846966,80.12889392766314,81.09594811418044,79.646960324787,79.20595866922696,79.82782599348778,80.53407371177843,78.94244654708773,81.01810874805038,80.1674285104958,80.5622057009495,78.9161860113547,,,,,,,,,,,,,,,,,,,,,,,,,,,,,,,,,,,,,,,,,,,,,,,,,,,,,,,,,,,,,,,,,,,,,,,,,,,,,,,,,,,,,,,,,,,,,,,,,,,,,,,,,,,,,,,,,,,,,,,,,,,,,,,,,,,,,,,,,,,,,,,,,,,,,,,,,,,,,,,,,,,8276017.0,1344184.0,1077103.0,1083683.0,2045168.0,588518.0,7463471.0,2084470.0,2547408.0,46486621.0,1099605.0,2772457.0,6373532.0,1453545.0,633017.0,2179532.0,319939.0,4989631.0
2001Q3,0.5915234174497705,0.6907005659468798,0.6738941315757169,0.2314053009614779,0.5493579100118184,0.5808623904776953,1.1062871375201333,0.32198364007251806,0.8372157263930494,0.9546485548712436,0.5937709243204169,0.7296847010833495,1.6826924932739782,0.6082748990705672,1.184066280446788,1.3771438488679344,0.6213990438735675,0.7434181912085771,,,,,,,,,,,,,,,,,,,,,,,,,,,,,,,,,,,,,,,,,,,,,,,,,,,,,,,,,,,,,,,,,,,,,,,,,,,,,,,,,,,,,,,,,,,,,,,,,,,,,,,,,,,,,,,,,,,,,,,,,,,,,,,,,,,,,,,,,,,,,,,,,,,,,,,,,,,,,,,,,,,,,,,,,,,,,,,,,,,,,,,,,,,,,,,,,,,,,,,,,,,,,,,,,,,,,,,,,,,,,,,,,,,,,,,,,,,,,,,,,,,,,,,,,,,,,,,,,,,,,,,,,,,,,,,,,,,,,,,,,,,,,,,,,78.48592345106775,80.2289737669838,79.58794405430581,79.22990552123608,78.14512924540067,80.37782779579679,79.88070336745241,80.1272582061589,81.11635714406867,79.70339196521633,79.30593422304732,79.95060860118427,80.6156803521298,79.00047969637907,81.08099220356789,80.25280227343534,80.5332552155506,78.93271553624815,,,,,,,,,,,,,,,,,,,,,,,,,,,,,,,,,,,,,,,,,,,,,,,,,,,,,,,,,,,,,,,,,,,,,,,,,,,,,,,,,,,,,,,,,,,,,,,,,,,,,,,,,,,,,,,,,,,,,,,,,,,,,,,36.48027864001932,42.49246771319356,42.39433385686114,37.88639686866201,36.27194319286888,40.67179206122056,39.6272609782241,39.13953124302481,42.24127414421133,40.23188783897229,39.20041959600863,41.62201129878732,38.71624732243497,36.17759429522781,40.57125055047759,41.17781731283482,41.83248514855388,39.00863937039482,,,,,,,,,,,,,,,,,,,8276017.0,1344184.0,1077103.0,1083683.0,2045168.0,588518.0,7463471.0,2084470.0,2547408.0,46486621.0,1099605.0,2772457.0,6373532.0,1453545.0,633017.0,2179532.0,319939.0,4989631.0
2001Q4,0.5740427130247943,0.6960210116727479,0.6482238437522481,0.23462354021555948,0.5665099942063919,0.578651474927576,1.1274785825412932,0.3379385582735603,0.8357579180529441,0.9630233638614694,0.589452479883699,0.7471597273360896,1.7118693818630597,0.5761413107726052,1.1554773051812708,1.361503943440213,0.5974787125447107,0.749383998336077,,,,,,,,,,,,,,,,,,,,,,,,,,,,,,,,,,,,,,,,,,,,,,,,,,,,,,,,,,,,,,,,,,,,,,,,,,,,,,,,,,,,,,,,,,,,,,,,,,,,,,,,,,,,,,,,,,,,,,,,,,,,,,,,,,,,,,,,,,,,,,,,,,,,,,,,,,,,,,,,,,,,,,,,,,,,,,,,,,,,,,,,,,,,,,,,,,,,,,,,,,,,,,,,,,,,,,,,,,,,,,,,,,,,,,,,,,,,,,,,,,,,,,,,,,,,,,,,,,,,,,,,,,,,,,,,,,,,,,,,,,,,,,,,,78.51809406927637,80.2837344180312,79.64931569183321,79.33318764696648,78.30680425605968,80.36435305749514,79.93586724736008,80.17263803242433,81.06557636135742,79.74872320932334,79.38807032730138,80.02847942609439,80.7027021651038,79.01739428142159,81.06304147187977,80.27478519526503,80.51554861172201,78.96314681577925,,,,,,,,,,,,,,,,,,,,,,,,,,,,,,,,,,,,,,,,,,,,,,,,,,,,,,,,,,,,,,,,,,,,,,,,,,,,,,,,,,,,,,,,,,,,,,,,,,,,,,,,,,,,,,,,,,,,,,,,,,,,,,,,,,,,,,,,,,,,,,,,,,,,,,,,,,,,,,,,,,,8276017.0,1344184.0,1077103.0,1083683.0,2045168.0,588518.0,7463471.0,2084470.0,2547408.0,46486621.0,1099605.0,2772457.0,6373532.0,1453545.0,633017.0,2179532.0,319939.0,4989631.0
2002Q1,0.5496415922408516,0.7048133232755006,0.6234173213587626,0.23848232846756687,0.5858501526056322,0.5613098054870457,1.1550762318229237,0.3949910787433726,0.8072284846442552,0.9700164863377444,0.5748869030296531,0.7633048764550284,1.7479248823872147,0.5319106964747551,1.0650643935762687,1.306905302392197,0.5508507943419947,0.7538987802120718,,,,,,,,,,,,,,,,,,,,,,,,,,,,,,,,,,,,,,,,,,,,,,,,,,,,,,,,,,,,,,,,,,,,,,,,,,,,,,,,,,,,,,,,,,,,,,,,,,,,,,,,,,,,,,,,,,,,,,,,,,,,,,,,,,,,,,,,,,,,,,,,,,,,,,,,,,,,,,,,,,,3.559770053525653,4.407055182895925,3.5123066211324523,1.3738328074542092,3.7555060779195184,6.37748675190937,6.232829033952082,3.3988971884532715,1.7171181814009184,5.122628402970663,2.7056662501423,6.0697726187849295,11.07928896196962,3.245677377149037,4.960007036630368,5.014729364984506,3.5215911471263275,2.87217935274576,,,,,,,,,,,,,,,,,,,,,,,,,,,,,,,,,,,,,,,,,,,,,,,,,,,,,,,,,,,,,,,,,,,,,,,,,,,,,,,,,,,,,,,,,,,,,,,,,,,,,,,,,,,,,78.54425986638076,80.37682574828214,79.64374738531382,79.38391009137001,78.47583307049712,80.17746456264577,80.02486298743447,80.28652570473447,80.90501334380586,79.78657004717502,79.46767426477149,80.0582199567846,80.81504365828843,78.97312414148274,80.92708264981898,80.20794410002799,80.50933087088343,79.01752171698718,,,,,,,,,,,,,,,,,,,,,,,,,,,,,,,,,,,,,,,,,,,,,,,,,,,,,,,,,,,,,,,,,,,,,,,,,,,,,,,,,,,,,,,,,,,,,,,,,,,,,,,,,,,,,,,,,,,,,,,,,,,,,,,38.6444736506301,44.19371678772983,46.32404113085175,40.80063990488846,38.73435144183768,45.47606888775994,42.16565917477296,41.30003922658357,43.59812452216105,40.10140184856004,42.02603909931337,44.39106545744301,39.29853269819137,38.19818330458398,44.00612665315434,42.65873613097293,45.99398844414379,40.23790627606999,,,,,,,,,,,,,,,,,,,8276017.0,1344184.0,1077103.0,1083683.0,2045168.0,588518.0,7463471.0,2084470.0,2547408.0,46486621.0,1099605.0,2772457.0,6373532.0,1453545.0,633017.0,2179532.0,319939.0,4989631.0
2002Q2,0.5640625868944154,0.7098393305422819,0.6135607897264687,0.24040435701153287,0.5896728636159084,0.5427830604599251,1.1793230102562091,0.427187532191787,0.7965903913867407,0.9813165340933332,0.5776267335003404,0.7806887869919761,1.7650698694326954,0.5217492046616046,1.0329929308236896,1.2841336119202564,0.5323026755382002,0.7626242303212464,,,,,,,,,,,,,,,,,,,,,,,,,,,,,,,,,,,,,,,,,,,,,,,,,,,,,,,,,,,,,,,,,,,,,,,,,,,,,,,,,,,,,,,,,,,,,,,,,,,,,,,,,,,,,,,,,,,,,,,,,,,,,,,,,,,,,,,,,,,,,,,,,,,,,,,,,,,,,,,,,,,3.462256957637957,4.408808789376977,3.337784644332808,1.7096288427545934,3.9638352553461185,6.345895019131353,6.143937710700166,3.325974112387984,1.6962729856204573,5.020360621070841,2.5430775274736512,5.890855819421438,10.691436281966126,3.253542906101037,4.9308774972463585,4.993879076459804,3.5410041497566147,2.800230265878124,,,,,,,,,,,,,,,,,,,,,,,,,,,,,,,,,,,,,,,,,,,,,,,,,,,,,,,,,,,,,,,,,,,,,,,,,,,,,,,,,,,,,,,,,,,,,,,,,,,,,,,,,,,,,78.53402170013412,80.40757059415225,79.59171544368799,79.44269673200768,78.5825025491928,80.09696624754878,80.05491596733538,80.35709436806107,80.81221865732708,79.7880846253925,79.45548044551252,80.04535528847656,80.84848253491444,78.95702592218446,80.84653515970842,80.17018879175477,80.49386866050229,79.03096988122772,,,,,,,,,,,,,,,,,,,,,,,,,,,,,,,,,,,,,,,,,,,,,,,,,,,,,,,,,,,,,,,,,,,,,,,,,,,,,,,,,,,,,,,,,,,,,,,,,,,,,,,,,,,,,,,,,,,,,,,,,,,,,,,,,,,,,,,,,,,,,,,,,,,,,,,,,,,,,,,,,,,8276017.0,1344184.0,1077103.0,1083683.0,2045168.0,588518.0,7463471.0,2084470.0,2547408.0,46486621.0,1099605.0,2772457.0,6373532.0,1453545.0,633017.0,2179532.0,319939.0,4989631.0
2002Q3,0.6085606818780177,0.7126625673400052,0.6154909457014899,0.24088756656553995,0.5813607678470324,0.520000128396138,1.2022845890757252,0.44701333464294757,0.7939577055034965,0.9958455053768427,0.5924263090664369,0.7988772223347214,1.768676715542861,0.5355376637633787,1.0317492413569862,1.2776420472638192,0.5304311180249407,0.7744170885727162,,,,,,,,,,,,,,,,,,,,,,,,,,,,,,,,,,,,,,,,,,,,,,,,,,,,,,,,,,,,,,,,,,,,,,,,,,,,,,,,,,,,,,,,,,,,,,,,,,,,,,,,,,,,,,,,,,,,,,,,,,,,,,,,,,,,,,,,,,,,,,,,,,,,,,,,,,,,,,,,,,,3.362814898552893,4.415084139794228,3.1609159266793996,2.052284971270008,4.177272128034296,6.316038747307973,6.053732150124932,3.25017161510132,1.6706914998344087,4.918720332608215,2.382979510737185,5.713322825425057,10.304978351769314,3.265845995168387,4.904748365784057,4.970944371160657,3.5674560660539654,2.728790052920104,,,,,,,,,,,,,,,,,,,,,,,,,,,,,,,,,,,,,,,,,,,,,,,,,,,,,,,,,,,,,,,,,,,,,,,,,,,,,,,,,,,,,,,,,,,,,,,,,,,,,,,,,,,,,78.49181369510053,80.39435165259424,79.48790840313373,79.49694036376899,78.64249862425996,80.06530786199015,80.042406055756,80.4054876181172,80.74914255019453,79.75748590671348,79.36821226158291,79.98811633714803,80.82377041259379,78.94931164874323,80.78506185901577,80.1370101975848,80.46933731684639,79.0137768491153,,,,,,,,,,,,,,,,,,,,,,,,,,,,,,,,,,,,,,,,,,,,,,,,,,,,,,,,,,,,,,,,,,,,,,,,,,,,,,,,,,,,,,,,,,,,,,,,,,,,,,,,,,,,,,,,,,,,,,,,,,,,,,,38.29918669372086,43.70282891347483,46.44168990139736,40.39621545628746,37.58484939594861,45.28870494275424,41.43019268298823,41.8780975599206,44.49267374435475,39.90099717733983,41.96952829566162,45.56531384230288,39.23240670334626,39.1696536716909,43.98565958418074,42.99243216069129,47.58471875985979,40.11908922654358,,,,,,,,,,,,,,,,,,,8276017.0,1344184.0,1077103.0,1083683.0,2045168.0,588518.0,7463471.0,2084470.0,2547408.0,46486621.0,1099605.0,2772457.0,6373532.0,1453545.0,633017.0,2179532.0,319939.0,4989631.0
2002Q4,0.6777351389867151,0.7126847788422125,0.6275309432132788,0.24022574795536022,0.5631162159314266,0.4959070056568919,1.2233161688451413,0.4508080544218929,0.8022234184655074,1.0128214741920794,0.6150600544035694,0.8171291142182744,1.7583285326372284,0.5708024351002615,1.0701934342430552,1.2913190384237265,0.5464154120948648,0.7890599008939658,,,,,,,,,,,,,,,,,,,,,,,,,,,,,,,,,,,,,,,,,,,,,,,,,,,,,,,,,,,,,,,,,,,,,,,,,,,,,,,,,,,,,,,,,,,,,,,,,,,,,,,,,,,,,,,,,,,,,,,,,,,,,,,,,,,,,,,,,,,,,,,,,,,,,,,,,,,,,,,,,,,3.265301802665197,4.41683774627528,2.9863939498797554,2.388081006570393,4.385601305460897,6.284447014529956,5.964840826873016,3.1772485390360323,1.6498463040539475,4.8164525507083935,2.2203907880685363,5.534406026061566,9.91712567176582,3.2737115241203867,4.875618826400047,4.950094082635955,3.5868690686842526,2.6568409660524677,,,,,,,,,,,,,,,,,,,,,,,,,,,,,,,,,,,,,,,,,,,,,,,,,,,,,,,,,,,,,,,,,,,,,,,,,,,,,,,,,,,,,,,,,,,,,,,,,,,,,,,,,,,,,78.42990473838461,80.34125200497141,79.3566287678644,79.55645281285335,78.65916575605011,80.10026132781529,79.99781498947411,80.43089230908728,80.73362544867251,79.70785942071902,79.22863302813306,79.90830841759082,80.75270339420335,78.96053828758959,80.7613203314568,80.12485691063243,80.44746315176789,78.97773155266981,,,,,,,,,,,,,,,,,,,,,,,,,,,,,,,,,,,,,,,,,,,,,,,,,,,,,,,,,,,,,,,,,,,,,,,,,,,,,,,,,,,,,,,,,,,,,,,,,,,,,,,,,,,,,,,,,,,,,,,,,,,,,,,,,,,,,,,,,,,,,,,,,,,,,,,,,,,,,,,,,,,8276017.0,1344184.0,1077103.0,1083683.0,2045168.0,588518.0,7463471.0,2084470.0,2547408.0,46486621.0,1099605.0,2772457.0,6373532.0,1453545.0,633017.0,2179532.0,319939.0,4989631.0
2003Q1,0.797471241895111,0.709357697881142,0.6565785439080651,0.23728936665312347,0.5270849545940168,0.4669388150080439,1.2420789962095187,0.43275619925429953,0.8245289806977014,1.0350610685525004,0.6607810995836404,0.837447514479883,1.728842560238993,0.6442720657048407,1.1589084537583476,1.3316443023086644,0.5891320887625814,0.8080802510348187,,,,,,,,,,,,,,,,,,,,,,,,,,,,,,,,,,,,,,,,,,,,,,,,,,,,,,,,,,,,,,,,,,,,,,,,,,,,,,,,,,,,,,,,,,,,,,,,,,,,,,,,,,,,,,,,,,,,,,,,,,,,,,,,,,,,,,,,,,,,,,,,,,,,,,,,,,,,,,,,,,,3.164977138210421,4.424900868492089,2.8059834758131332,2.728619898986785,4.5992799633262775,6.258032783003998,5.875040475811573,3.1012585141988307,1.6243719922349198,4.7150577817774515,2.060111822241615,5.357531705086826,9.532185168541329,3.2863719891417063,4.849716561292036,4.927905618230594,3.6159473614248787,2.584866637337455,,,,,,,,,,,,,,,,,,,,,,,,,,,,,,,,,,,,,,,,,,,,,,,,,,,,,,,,,,,,,,,,,,,,,,,,,,,,,,,,,,,,,,,,,,,,,,,,,,,,,,,,,,,,,78.31656768168216,80.21797156016106,79.14981946738399,79.61375883229586,78.61047231856422,80.22020009790653,79.88177783656002,80.41440715479312,80.76580344355871,79.60653969296153,78.97227394484008,79.76222989189968,80.58920318569793,78.98636228055925,80.77104876063835,80.12385627865169,80.40233434373577,78.88672991621014,,,,,,,,,,,,,,,,,,,,,,,,,,,,,,,,,,,,,,,,,,,,,,,,,,,,,,,,,,,,,,,,,,,,,,,,,,,,,,,,,,,,,,,,,,,,,,,,,,,,,,,,,,,,,,,,,,,,,,,,,,,,,,,37.18030968765151,44.28074347394265,46.82041753045504,40.89497818532841,38.94699154337556,45.77824298688267,40.88198135939802,41.73467625948377,45.83973137518193,40.66485882692818,42.57677358313217,44.70494359210098,39.81611407710699,38.5708447001473,44.05040671817565,42.03636368051913,46.92461470573814,40.40089012848564,,,,,,,,,,,,,,,,,,,8276017.0,1344184.0,1077103.0,1083683.0,2045168.0,588518.0,7463471.0,2084470.0,2547408.0,46486621.0,1099605.0,2772457.0,6373532.0,1453545.0,633017.0,2179532.0,319939.0,4989631.0
2003Q2,0.858303947342329,0.7042821811555424,0.6710729907525369,0.2376643060777013,0.5133326434140244,0.4503196919696315,1.260920834864623,0.42257337928158567,0.8468806612729114,1.048799500652606,0.6563949406258912,0.8497617397195014,1.7030900790455878,0.6824716854710168,1.264880423039319,1.3693034384244642,0.6199230452666954,0.8238205858351791,,,,,,,,,,,,,,,,,,,,,,,,,,,,,,,,,,,,,,,,,,,,,,,,,,,,,,,,,,,,,,,,,,,,,,,,,,,,,,,,,,,,,,,,,,,,,,,,,,,,,,,,,,,,,,,,,,,,,,,,,,,,,,,,,,,,,,,,,,,,,,,,,,,,,,,,,,,,,,,,,,,3.0831181385077078,4.390325224593444,2.650949752066664,3.0121666629931556,4.7675037005698275,6.212481780317319,5.796727723567925,3.05155839319349,1.6412217088413161,4.607707316460479,1.876726698269119,5.167324562459686,9.132877217281072,3.2585839274304247,4.796449446187553,4.9237370855156,3.5787322478993486,2.508802378442379,,,,,,,,,,,,,,,,,,,,,,,,,,,,,,,,,,,,,,,,,,,,,,,,,,,,,,,,,,,,,,,,,,,,,,,,,,,,,,,,,,,,,,,,,,,,,,,,,,,,,,,,,,,,,78.31040136762188,80.17352685164856,79.09962217130254,79.7072841204322,78.59883744916267,80.33033767713295,79.8958908470309,80.45844863661982,80.85094891711543,79.61776545913003,78.92051926454573,79.76612743695414,80.55891151834228,79.04903251202832,80.83394931911754,80.18355165141008,80.47646500696261,78.92796473844555,,,,,,,,,,,,,,,,,,,,,,,,,,,,,,,,,,,,,,,,,,,,,,,,,,,,,,,,,,,,,,,,,,,,,,,,,,,,,,,,,,,,,,,,,,,,,,,,,,,,,,,,,,,,,,,,,,,,,,,,,,,,,,,,,,,,,,,,,,,,,,,,,,,,,,,,,,,,,,,,,,,8276017.0,1344184.0,1077103.0,1083683.0,2045168.0,588518.0,7463471.0,2084470.0,2547408.0,46486621.0,1099605.0,2772457.0,6373532.0,1453545.0,633017.0,2179532.0,319939.0,4989631.0
2003Q3,0.8805760327753054,0.6970078429841773,0.6774991042149108,0.24019143599448106,0.5131018655674754,0.4419530672991324,1.27952585544075,0.4143636148646069,0.8720241181599766,1.0567944126360065,0.6161951158055169,0.8560373579536122,1.6759688775316246,0.6993723254694958,1.396690628857593,1.4100961778281376,0.6464874070565183,0.8377680555702967,,,,,,,,,,,,,,,,,,,,,,,,,,,,,,,,,,,,,,,,,,,,,,,,,,,,,,,,,,,,,,,,,,,,,,,,,,,,,,,,,,,,,,,,,,,,,,,,,,,,,,,,,,,,,,,,,,,,,,,,,,,,,,,,,,,,,,,,,,,,,,,,,,,,,,,,,,,,,,,,,,,3.0145337617785195,4.3244002680091524,2.512297050838146,3.2480303812664615,4.900369953620643,6.154537849627334,5.727348709822227,3.0215252786680424,1.6902534986281694,4.496030232863711,1.6764044395306965,4.967571998406993,8.723846032864575,3.2002028775757085,4.722559511143033,4.933734706902936,3.492584690838716,2.4293327146719994,,,,,,,,,,,,,,,,,,,,,,,,,,,,,,,,,,,,,,,,,,,,,,,,,,,,,,,,,,,,,,,,,,,,,,,,,,,,,,,,,,,,,,,,,,,,,,,,,,,,,,,,,,,,,78.37878991237758,80.177435939053,79.15651326915399,79.82881508477286,78.60237715969312,80.4478037268318,79.99981622908815,80.54384628095323,80.98761501699448,79.70789053660329,79.00713986817364,79.87480508024332,80.61508889536304,79.14342131856702,80.94447943207688,80.2928817198893,80.64253080130639,79.0641936626593,,,,,,,,,,,,,,,,,,,,,,,,,,,,,,,,,,,,,,,,,,,,,,,,,,,,,,,,,,,,,,,,,,,,,,,,,,,,,,,,,,,,,,,,,,,,,,,,,,,,,,,,,,,,,,,,,,,,,,,,,,,,,,,38.65046151103767,43.9013375813153,45.24692583018493,41.12807131322716,38.23036251098948,45.74868462590761,41.5191618781715,42.48837484658147,45.06450803069404,40.38169711605799,41.62462262804965,44.69599791311865,39.28762938182104,39.0790698579589,44.71285114845981,42.74119591163511,47.069296313657,39.88132723752514,,,,,,,,,,,,,,,,,,,8276017.0,1344184.0,1077103.0,1083683.0,2045168.0,588518.0,7463471.0,2084470.0,2547408.0,46486621.0,1099605.0,2772457.0,6373532.0,1453545.0,633017.0,2179532.0,319939.0,4989631.0
2003Q4,0.8636487779872549,0.6893522779791375,0.6748493611244871,0.24485489127469406,0.5264805364244836,0.4407884257231922,1.2974743134851086,0.4103068065995079,0.8965662398694103,1.0593450181588877,0.5466288439849515,0.8567533878470028,1.6520984831837937,0.6938839233546465,1.5395204943447411,1.448956081438733,0.6644574589142055,0.8503311075597052,,,,,,,,,,,,,,,,,,,,,,,,,,,,,,,,,,,,,,,,,,,,,,,,,,,,,,,,,,,,,,,,,,,,,,,,,,,,,,,,,,,,,,,,,,,,,,,,,,,,,,,,,,,,,,,,,,,,,,,,,,,,,,,,,,,,,,,,,,,,,,,,,,,,,,,,,,,,,,,,,,,2.9584746371028556,4.228738613282947,2.395397612568125,3.4412609109868257,5.001004710282389,6.075336050566388,5.663329778403442,3.0069806949272,1.766626359097896,4.380412512130008,1.4680835502935328,4.759161468960265,8.30343498187376,3.1177133837792397,4.632425838617919,4.952405208858743,3.3616180441824945,2.34925009140853,,,,,,,,,,,,,,,,,,,,,,,,,,,,,,,,,,,,,,,,,,,,,,,,,,,,,,,,,,,,,,,,,,,,,,,,,,,,,,,,,,,,,,,,,,,,,,,,,,,,,,,,,,,,,78.51424103831839,80.23106564913738,79.31404509215953,79.97014196249913,78.62831307257996,80.56165849812874,80.18251508732085,80.66329792763382,81.15563262233138,79.86780431130518,79.22006692244052,80.0768375909029,80.75679640059673,79.26118388884541,81.09052248816722,80.439710350049,80.87866984799517,79.28111168268501,,,,,,,,,,,,,,,,,,,,,,,,,,,,,,,,,,,,,,,,,,,,,,,,,,,,,,,,,,,,,,,,,,,,,,,,,,,,,,,,,,,,,,,,,,,,,,,,,,,,,,,,,,,,,,,,,,,,,,,,,,,,,,,,,,,,,,,,,,,,,,,,,,,,,,,,,,,,,,,,,,,8276017.0,1344184.0,1077103.0,1083683.0,2045168.0,588518.0,7463471.0,2084470.0,2547408.0,46486621.0,1099605.0,2772457.0,6373532.0,1453545.0,633017.0,2179532.0,319939.0,4989631.0
2004Q1,0.7877088275033088,0.6777261623309032,0.6583754335422473,0.25288195248749623,0.5615596072557695,0.4511449835289271,1.3159403364335167,0.4114429608375479,0.924674557539482,1.0528346401143258,0.4246197453544266,0.8488087085952045,1.6256766723986849,0.6540025222267243,1.7211702402185964,1.4907375795912554,0.6737548546690085,0.859578264186562,,,,,,,,,,,,,,,,,,,,,,,,,,,,,,,,,,,,,,,,,,,,,,,,,,,,,,,,,,,,,,,,,,,,,,,,,59.92116521468556,75.90704306303665,69.88933454994705,57.224057314595434,65.15344111460622,70.99225389289946,66.00741313082676,62.04411999408311,77.85148839060183,67.33022276459201,59.76758891275928,74.8546518483334,74.824338046846,54.77735929495126,78.18356276621341,86.61933712288955,61.05419236961559,62.79786228821039,,,,,,,,,,,,,,,,,,,,,,,,,,,,,,,,,,,,,,,,,,,,,,,,,,,,,,,,,,,,,,,,,,,,,,,,,2.92100423308914,4.090469465202141,2.2916132524943484,3.567810663359457,5.053123959286018,5.990017320171192,5.612882648073037,3.0217721038169736,1.8917674964360593,4.257452106193449,1.2233700028087884,4.535170184994123,7.868670898612268,2.9874920572367327,4.50686726178822,4.995408704632016,3.1583510192170494,2.26036100306838,,,,,,,,,,,,,,,,,,,,,,,,,,,,,,,,,,,,,,,,,,,,,,,,,,,,,,,,,,,,,,,,,,,,,,,,,,,,,,,,,,,,,,,,,,,,,,,,,,,,,,,,,,,,,78.76324620349071,80.35922743170104,79.63323810044992,80.15541741424165,78.68018902986164,80.6769131596148,80.50657671088982,80.85038686904036,81.39711745961627,80.14887646719835,79.64820187152657,80.44046830758903,81.03125126118795,79.42341587057389,81.30175541593695,80.65804808469484,81.25799989909821,79.64593906424956,,,,,,,,,,,,,,,,,,,,,,,,,,,,,,,,,,,,,,,,,,,,,,,,,,,,,,,,,,,,,,,,,,,,,,,,,,,,,,,,,,,,,,,,,,,,,,,,,,,,,,,,,,,,,,,,,,,,,,,,,,,,,,,37.72562585207353,44.41176762766489,45.72232101506059,40.99797676507215,37.95703541827272,45.08979716539021,41.22983070408979,41.73137848162812,45.84240175799439,41.23962903189999,42.32672693292778,44.0227745696414,39.44557781252583,38.11561244078336,43.83796576396753,43.17774640364422,46.7232956964526,40.72322909884616,,,,,,,,,,,,,,,,,,,8276017.0,1344184.0,1077103.0,1083683.0,2045168.0,588518.0,7463471.0,2084470.0,2547408.0,46486621.0,1099605.0,2772457.0,6373532.0,1453545.0,633017.0,2179532.0,319939.0,4989631.0
2004Q2,0.754751566734352,0.6794954557529314,0.6499913475570869,0.25850095985736593,0.580116566988752,0.44864972950324666,1.3283802967551515,0.41094389340692167,0.936201731667497,1.0544398316815113,0.3834306592381135,0.8473414992867992,1.6233188400710887,0.6414409328493422,1.8153370266722726,1.5130614968177374,0.6711392568084517,0.8763674472743046,,,,,,,,,,,,,,,,,,,,,,,,,,,,,,,,,,,,,,,,,,,,,,,,,,,,,,,,,,,,,,,,,,,,,,,,,60.36626308197085,76.09541644225035,71.99047319179796,57.625549156481895,66.15495024375875,72.5061333045616,65.9591941044975,62.398663997740826,77.10147738550252,67.64244869193513,60.44944303941718,75.40268525118185,74.54747452697757,55.84953718534503,78.74463305619057,86.34374690146693,62.809782541125955,63.79009287368033,,,,,,,,,,,,,,,,,,,,,,,,,,,,,,,,,,,,,,,,,,,,,,,,,,,,,,,,,,,,,,,,,,,,,,,,,2.874160130811208,3.9720874075023187,2.2367311689603473,3.7437176425701786,5.137184247728586,5.825186558026691,5.530519565479668,2.996518405758209,1.968485611068015,4.140047197441444,1.0727768661051866,4.32330469094646,7.423976340456287,2.9221630465957436,4.42828679210531,4.986729876192214,3.0058690169047497,2.1989423290349164,,,,,,,,,,,,,,,,,,,,,,,,,,,,,,,,,,,,,,,,,,,,,,,,,,,,,,,,,,,,,,,,,,,,,,,,,,,,,,,,,,,,,,,,,,,,,,,,,,,,,,,,,,,,,78.89460540188,80.43245391690863,79.82039310747328,80.26515576528894,78.73561063016443,80.7784264561467,80.65986051224874,80.9301388893867,81.50455378287944,80.29690401688393,79.85262614346375,80.6350381662249,81.20634337139688,79.52591851173217,81.43759977573662,80.7797345461852,81.41551540844051,79.82596321685901,,,,,,,,,,,,,,,,,,,,,,,,,,,,,,,,,,,,,,,,,,,,,,,,,,,,,,,,,,,,,,,,,,,,,,,,,,,,,,,,,,,,,,,,,,,,,,,,,,,,,,,,,,,,,,,,,,,,,,,,,,,,,,,,,,,,,,,,,,,,,,,,,,,,,,,,,,,,,,,,,,,8276017.0,1344184.0,1077103.0,1083683.0,2045168.0,588518.0,7463471.0,2084470.0,2547408.0,46486621.0,1099605.0,2772457.0,6373532.0,1453545.0,633017.0,2179532.0,319939.0,4989631.0
2004Q3,0.7424682308374178,0.6909098727691804,0.6449747983502515,0.26286693320879634,0.589444818867889,0.43771054598546644,1.3359903290388646,0.4097565870270412,0.935319557986721,1.060554123713966,0.38930401608474957,0.849206566459074,1.6388848962956186,0.6433112824783989,1.8458528291909468,1.5208234156968718,0.6569839906118393,0.898746722165164,,,,,,,,,,,,,,,,,,,,,,,,,,,,,,,,,,,,,,,,,,,,,,,,,,,,,,,,,,,,,,,,,,,,,,,,,60.83373691802915,76.30458355774962,74.20952680820203,57.9744508435181,67.24504975624129,74.0938666954384,65.84080589550251,62.80133600225918,76.29852261449749,67.95755130806486,61.15055696058281,75.99731474881818,74.25252547302244,56.95046281465497,79.25536694380943,86.0562530985331,64.59021745887405,64.80990712631966,,,,,,,,,,,,,,,,,,,,,,,,,,,,,,,,,,,,,,,,,,,,,,,,,,,,,,,,,,,,,,,,,,,,,,,,,2.8240569409318623,3.8601206143079763,2.221232018493224,3.9462186959523082,5.237045961566326,5.597285611256242,5.425111284613217,2.9453713719426493,2.0161267390808826,4.024831454278611,0.9790358938369255,4.116426969674968,6.967024971648516,2.8965050995472446,4.377120440442893,4.9421700064982375,2.874756101745225,2.1562877907067493,,,,,,,,,,,,,,,,,,,,,,,,,,,,,,,,,,,,,,,,,,,,,,,,,,,,,,,,,,,,,,,,,,,,,,,,,,,,,,,,,,,,,,,,,,,,,,,,,,,,,,,,,,,,,78.95499906970265,80.47560236074384,79.93601202675922,80.32391507209306,78.79780060922879,80.87152756719742,80.70524506689294,80.9368197969806,81.5211270362964,80.36344136692283,79.92202867199434,80.72856699911493,81.32885172510497,79.5902313620555,81.52808427698983,80.83937719349464,81.42527775030807,79.88872019245116,,,,,,,,,,,,,,,,,,,,,,,,,,,,,,,,,,,,,,,,,,,,,,,,,,,,,,,,,,,,,,,,,,,,,,,,,,,,,,,,,,,,,,,,,,,,,,,,,,,,,,,,,,,,,,,,,,,,,,,,,,,,,,,38.87553140753048,45.21172822422163,45.97109249625937,40.61101820985309,37.65514935864852,44.86968626306937,40.78147747275116,41.12912189605376,45.34929019949053,41.23424701668817,42.93113188218702,44.02004911542805,40.26304919035212,38.34030939876184,44.24410754747834,44.19202460372067,46.66836190445122,40.18072488184666,,,,,,,,,,,,,,,,,,,8276017.0,1344184.0,1077103.0,1083683.0,2045168.0,588518.0,7463471.0,2084470.0,2547408.0,46486621.0,1099605.0,2772457.0,6373532.0,1453545.0,633017.0,2179532.0,319939.0,4989631.0
2004Q4,0.7550713749249214,0.7118685091469849,0.6466584205504147,0.2657501544463416,0.5888790068875894,0.42249474098235984,1.339689037772467,0.40785655872848914,0.9238041528063002,1.0721714044901975,0.4426455793227102,0.8546432256589219,1.672119591234608,0.6612452624455349,1.8176399039181845,1.5153775078941352,0.6381218979107,0.9253075663739693,,,,,,,,,,,,,,,,,,,,,,,,,,,,,,,,,,,,,,,,,,,,,,,,,,,,,,,,,,,,,,,,,,,,,,,,,61.278834785314444,76.49295693696332,76.31066545005294,58.37594268540456,68.24655888539381,75.60774610710054,65.79258686917325,63.15588000591689,75.54851160939818,68.26977723540799,61.832411087240715,76.54534815166663,73.97566195315402,58.02264070504874,79.81643723378659,85.78066287711049,66.34580763038441,65.8021377117896,,,,,,,,,,,,,,,,,,,,,,,,,,,,,,,,,,,,,,,,,,,,,,,,,,,,,,,,,,,,,,,,,,,,,,,,,2.767141727220495,3.7598363637798875,2.2438425092899514,4.1639245484192084,5.348873054092134,5.316829531204895,5.304429332317627,2.871625817775339,2.033402331210924,3.916656403642023,0.944325867534751,3.9232234655303033,6.514849913366917,2.9164180389257157,4.367376726396434,4.863609217987462,2.7872703925412763,2.135326521817303,,,,,,,,,,,,,,,,,,,,,,,,,,,,,,,,,,,,,,,,,,,,,,,,,,,,,,,,,,,,,,,,,,,,,,,,,,,,,,,,,,,,,,,,,,,,,,,,,,,,,,,,,,,,,78.9471493249266,80.49271629064648,79.97035676531758,80.33551174837629,78.86639973074513,80.95313281704104,80.64831770996847,80.88265444459243,81.4572017212079,80.35077814899493,79.85714331301526,80.71592652707112,81.39355364231015,79.6204342556385,81.57256053133655,80.84284017562531,81.30120694215317,79.83937752644023,,,,,,,,,,,,,,,,,,,,,,,,,,,,,,,,,,,,,,,,,,,,,,,,,,,,,,,,,,,,,,,,,,,,,,,,,,,,,,,,,,,,,,,,,,,,,,,,,,,,,,,,,,,,,,,,,,,,,,,,,,,,,,,,,,,,,,,,,,,,,,,,,,,,,,,,,,,,,,,,,,,8276017.0,1344184.0,1077103.0,1083683.0,2045168.0,588518.0,7463471.0,2084470.0,2547408.0,46486621.0,1099605.0,2772457.0,6373532.0,1453545.0,633017.0,2179532.0,319939.0,4989631.0
2005Q1,0.8036092849897328,0.7469663119785199,0.6532674745342316,0.2663809882959771,0.5723446552411452,0.39299215399743653,1.3361235067672523,0.4035110872310997,0.8937667490869882,1.0907803546410475,0.5785999156619228,0.8656632827489963,1.7305206437159433,0.7041081911428226,1.6962842901064752,1.4883682940682799,0.6019796882298788,0.9616383252020344,,,,,,,,,,,,,,,,,,,,,,,,,,,,,,,,,,,,,,,,,,,,,,,,,,,,,,,,,,,,,,,,,,,,,,,,,61.748294329178414,76.70853049380679,78.55833300285273,58.752687523887786,69.36133160459505,77.2239150043852,65.68265212354085,63.55909359110538,74.73154691016136,68.5894619734588,62.53736381695549,77.14616142892397,73.67505696369948,59.13527124988592,80.34433865444802,85.48830929802767,68.15153044123046,66.83232891998752,,,,,,,,,,,,,,,,,,,,,,,,,,,,,,,,,,,,,,,,,,,,,,,,,,,,,,,,,,,,,,,,,,,,,,,,,2.704585640055734,3.670149368239493,2.317349286283046,4.445193720137487,5.494768584859998,4.944475402619711,5.144022867345277,2.7547271056134894,2.003362844285385,3.8066975143845316,0.9853334117813618,3.7268520220560526,6.025691020303895,2.9954022220625474,4.389680576962191,4.732674263137642,2.725042941060106,2.1371770790120506,,,,,,,,,,,,,,,,,,,,,,,,,,,,,,,,,,,,,,,,,,,,,,,,,,,,,,,,,,,,,,,,,,,,,,,,,,,,,,,,,,,,,,,,,,,,,,,,,,,,,,,,,,,,,78.82026072610006,80.45162459741714,79.88539260447482,80.26673195433303,78.93812956234667,81.02828850926183,80.4152340683622,80.70878800468842,81.25065571086657,80.20415860713244,79.56945048885005,80.5416994834804,81.3667677397495,79.58836948808462,81.54486909687078,80.74639260980459,80.9429549061135,79.60098781150239,,,,,,,,,,,,,,,,,,,,,,,,,,,,,,,,,,,,,,,,,,,,,,,,,,,,,,,,,,,,,,,,,,,,,,,,,,,,,,,,,,,,,,,,,,,,,,,,,,,,,,,,,,,,,,,,,,,,,,,,,,,,,,,38.44036328043827,44.37112867004089,45.62654711697393,40.64665302224041,38.35843578069421,45.71298303103826,40.68408563837369,41.68699140550977,45.42673131179023,39.94330105777088,43.16583366634042,45.3225629806544,39.59331170015054,39.27925190174256,44.70228542681065,43.32857088067595,48.0070724430897,40.03692918461911,,,,,,,,,,,,,,,,,,,8276017.0,1344184.0,1077103.0,1083683.0,2045168.0,588518.0,7463471.0,2084470.0,2547408.0,46486621.0,1099605.0,2772457.0,6373532.0,1453545.0,633017.0,2179532.0,319939.0,4989631.0
2005Q2,0.8338912966372515,0.7767865230861063,0.675695894199289,0.26832806493196737,0.571277637525232,0.4088639529020872,1.3416007125420566,0.4049863001826814,0.8834041129054025,1.1094675998124843,0.6649171390086517,0.870862968465127,1.7834589755794428,0.7284309206870311,1.6559509476010796,1.4770945709843377,0.6165145874658248,0.9814383974359888,,,,,,,,,,,,,,,,,,,,,,,,,,,,,,,,,,,,,,,,,,,,,,,,,,,,,,,,,,,,,,,,,,,,,,,,,62.014779284674624,76.7305797321712,79.72357230530429,59.57235427849442,69.65572642898032,78.15084983882845,66.19366863879848,63.52852072624633,74.40606939130387,68.87874224633718,63.065823030449735,77.32186465454753,73.54301750363457,59.97927548737026,81.30589592871738,85.30805836961991,69.7112157129359,67.60528627293728,,,,,,,,,,,,,,,,,,,,,,,,,,,,,,,,,,,,,,,,,,,,,,,,,,,,,,,,,,,,,,,,,,,,,,,,,2.628594192529179,3.58870074143511,2.391722619924645,4.559382263490075,5.5605133265525275,4.667031606254891,5.068096034660589,2.6976073178358733,2.008938524010249,3.735707631945019,1.0186232753285438,3.600169398888809,5.689586787765337,3.0790853607935773,4.502308934196325,4.642390170336758,2.791111126162556,2.1578136789450943,,,,,,,,,,,,,,,,,,,,,,,,,,,,,,,,,,,,,,,,,,,,,,,,,,,,,,,,,,,,,,,,,,,,,,,,,,,,,,,,,,,,,,,,,,,,,,,,,,,,,,,,,,,,,78.82992505135664,80.52059251965574,79.87123614526263,80.27717898255001,79.03332827561493,81.0728785454049,80.37338394681801,80.71261402436878,81.20895657592017,80.19773251499845,79.50161412556525,80.48032038913333,81.42286339653077,79.6358557985693,81.573839637837,80.7714770392269,80.85142255260199,79.55581590193434,,,,,,,,,,,,,,,,,,,,,,,,,,,,,,,,,,,,,,,,,,,,,,,,,,,,,,,,,,,,,,,,,,,,,,,,,,,,,,,,,,,,,,,,,,,,,,,,,,,,,,,,,,,,,,,,,,,,,,,,,,,,,,,,,,,,,,,,,,,,,,,,,,,,,,,,,,,,,,,,,,,8276017.0,1344184.0,1077103.0,1083683.0,2045168.0,588518.0,7463471.0,2084470.0,2547408.0,46486621.0,1099605.0,2772457.0,6373532.0,1453545.0,633017.0,2179532.0,319939.0,4989631.0
2005Q3,0.855654219170898,0.8054975985760036,0.7119611191175232,0.27085803251269575,0.5794171265871381,0.45871123389042184,1.3527300425996116,0.410558977855981,0.8844459239344952,1.1295946638536638,0.7250924334108999,0.8722550653340632,1.837836769531355,0.7421453291136709,1.6588201967791678,1.4731584188121931,0.6677846270507473,0.989995319526733,,,,,,,,,,,,,,,,,,,,,,,,,,,,,,,,,,,,,,,,,,,,,,,,,,,,,,,,,,,,,,,,,,,,,,,,,62.12726390079499,76.60897849339986,80.07009365886198,60.74824171518486,69.33588898235925,78.56461826427692,67.1833744482246,63.16700051530974,74.44448007136172,69.14762352245877,63.46137236704374,77.17638314103256,73.53565777811531,60.62372682496686,82.6099544081486,85.21005925392437,71.09604314956894,68.18702098882251,,,,,,,,,,,,,,,,,,,,,,,,,,,,,,,,,,,,,,,,,,,,,,,,,,,,,,,,,,,,,,,,,,,,,,,,,2.5408178945417395,3.5143152861184292,2.4787744449056057,4.550395692896996,5.567661655027318,4.440492058267962,5.050389736228308,2.6782381281506833,2.033164485338917,3.6941822158526807,1.0595288063184436,3.5246237802349984,5.458536367100514,3.17953666116871,4.694814656335723,4.573485081914235,2.964717600418169,2.1980573978091242,,,,,,,,,,,,,,,,,,,,,,,,,,,,,,,,,,,,,,,,,,,,,,,,,,,,,,,,,,,,,,,,,,,,,,,,,,,,,,,,,,,,,,,,,,,,,,,,,,,,,,,,,,,,,78.9250924063323,80.66687478103886,79.8906006605948,80.33370491683444,79.14857689678591,81.09210157731168,80.44849798895928,80.83421703962323,81.26930747950632,80.27656182556922,79.56485039687439,80.4768369418812,81.52833467372848,79.73444574811614,81.63350253730343,80.87384421730086,80.92493371603526,79.62653778219662,,,,,,,,,,,,,,,,,,,,,,,,,,,,,,,,,,,,,,,,,,,,,,,,,,,,,,,,,,,,,,,,,,,,,,,,,,,,,,,,,,,,,,,,,,,,,,,,,,,,,,,,,,,,,,,,,,,,,,,,,,,,,,,38.16647515035553,44.44133005873196,47.02792910962957,40.79074298108841,38.67660721795681,45.69378466018364,41.15138748899027,42.01074573252004,44.82491493118771,40.84236471361153,42.79294540514851,44.75885438128819,40.00443631704644,38.28387593727057,44.2489551258652,43.71130183443306,47.24617855813619,40.61822501474477,,,,,,,,,,,,,,,,,,,8276017.0,1344184.0,1077103.0,1083683.0,2045168.0,588518.0,7463471.0,2084470.0,2547408.0,46486621.0,1099605.0,2772457.0,6373532.0,1453545.0,633017.0,2179532.0,319939.0,4989631.0
2005Q4,0.8668451992021173,0.8307495663593705,0.759075512148956,0.2744329142593598,0.5969605806464843,0.5394326592100542,1.3695457380910792,0.4209436347302378,0.8983832140731143,1.1501573816928052,0.7513905119185261,0.871218683451813,1.8881836111732588,0.7453155590564755,1.7089445655132776,1.4813787161351897,0.7537210972535495,0.9869279578352441,,,,,,,,,,,,,,,,,,,,,,,,,,,,,,,,,,,,,,,,,,,,,,,,,,,,,,,,,,,,,,,,,,,,,,,,,62.10966248535196,76.35191128062215,79.64800103298101,62.126716482432926,68.44705298406537,78.46061689250945,68.54030478943604,62.545385167338566,74.81790362717301,69.3841722577452,63.735440785551035,76.75559077549589,73.6462677545506,61.061726437776954,84.13981100868601,85.19357307842809,72.24121069626464,68.57536381825268,,,,,,,,,,,,,,,,,,,,,,,,,,,,,,,,,,,,,,,,,,,,,,,,,,,,,,,,,,,,,,,,,,,,,,,,,2.4475141784780567,3.449914400091525,2.567193637985226,4.419586533575088,5.523896718714729,4.280619638098988,5.086033270865393,2.69811272623959,2.0795068242627366,3.6810341984264525,1.098355109987634,3.501648048776425,5.332660830216241,3.280310158770598,4.951483626721167,4.527024273869492,3.2259964674444728,2.253713864825502,,,,,,,,,,,,,,,,,,,,,,,,,,,,,,,,,,,,,,,,,,,,,,,,,,,,,,,,,,,,,,,,,,,,,,,,,,,,,,,,,,,,,,,,,,,,,,,,,,,,,,,,,,,,,79.10472181621101,80.88090810188828,79.95277058966778,80.4423841462825,79.27996526525246,81.08673136802157,80.6428839958605,81.06438093131959,81.43108023370696,80.44154705229991,79.76408498871024,80.5411431855051,81.68203418999128,79.88132896522991,81.72778872798885,81.04828613366767,81.16068882524931,79.81665850436667,,,,,,,,,,,,,,,,,,,,,,,,,,,,,,,,,,,,,,,,,,,,,,,,,,,,,,,,,,,,,,,,,,,,,,,,,,,,,,,,,,,,,,,,,,,,,,,,,,,,,,,,,,,,,,,,,,,,,,,,,,,,,,,,,,,,,,,,,,,,,,,,,,,,,,,,,,,,,,,,,,,8276017.0,1344184.0,1077103.0,1083683.0,2045168.0,588518.0,7463471.0,2084470.0,2547408.0,46486621.0,1099605.0,2772457.0,6373532.0,1453545.0,633017.0,2179532.0,319939.0,4989631.0
2006Q1,0.8608697491146158,0.8533649846718119,0.827067937221795,0.2788437329002152,0.630359269360948,0.679508905949225,1.3950770403875563,0.4365430378715226,0.9295401452185064,1.1719376891597812,0.731360101000573,0.8628873145716475,1.940025729388031,0.7297316459707655,1.8338697052017554,1.4999841550804538,0.9012598967959806,0.9672027924086679,,,,,,,,,,,,,,,,,,,,,,,,,,,,,,,,,,,,,,,,,,,,,,,,,,,,,,,,,,,,,,,,,,,,,,,,,61.870096277154126,75.8956637544527,78.08078511940931,64.13931730514814,66.69483755665674,77.6656691454108,70.6601127523126,61.42849674520944,75.71536104397983,69.60932392027993,63.822356441162746,75.86340142343552,73.93516530737345,61.25044164416209,86.25487119940782,85.28633877715977,73.24048511175845,68.71811271750549,,,,,,,,,,,,,,,,,,,,,,,,,,,,,,,,,,,,,,,,,,,,,,,,,,,,,,,,,,,,,,,,,,,,,,,,,2.332851722434335,3.389376478835345,2.6714747950858433,4.116166465838921,5.3865972125455555,4.185098387070066,5.2098124941719215,2.773308467871918,2.1573627538979734,3.706089468537497,1.1373419954231971,3.54186731237191,5.346038172972884,3.4025522991446797,5.325572100347901,4.5190179284301335,3.648128512166294,2.3351904845970513,,,,,,,,,,,,,,,,,,,,,,,,,,,,,,,,,,,,,,,,,,,,,,,,,,,,,,,,,,,,,,,,,,,,,,,,,,,,,,,,,,,,,,,,,,,,,,,,,,,,,,,,,,,,,79.42406562397836,81.21791167639122,80.07666340271456,80.6244651414178,79.44282861434452,81.04701822959845,81.02740336567216,81.48391724346592,81.75811967849071,80.74702820893147,80.17890057432439,80.706694648029,81.92156686203238,80.1122607601481,81.87544310612066,81.35038206322324,81.66645383525906,80.19705889961516,,,,,,,,,,,,,,,,,,,,,,,,,,,,,,,,,,,,,,,,,,,,,,,,,,,,,,,,,,,,,,,,,,,,,,,,,,,,,,,,,,,,,,,,,,,,,,,,,,,,,,,,,,,,,,,,,,,,,,,,,,,,,,,38.25873375780064,45.66405051232564,46.78372242482075,40.86440063656588,38.78034082737938,45.33852700221089,40.85157227829903,41.20923141529989,46.14919291930922,39.18800582669145,42.82877100826198,45.26828093116468,40.06629119325278,38.88361418011287,45.28654586601411,44.78521203180593,46.87460001535941,40.37964431232705,,,,,,,,,,,,,,,,,,,8276017.0,1344184.0,1077103.0,1083683.0,2045168.0,588518.0,7463471.0,2084470.0,2547408.0,46486621.0,1099605.0,2772457.0,6373532.0,1453545.0,633017.0,2179532.0,319939.0,4989631.0
2006Q2,0.8727743216615306,0.8684841443276102,0.8720282443116694,0.285184097055276,0.6493388641000476,0.7720577554741123,1.4140458902176498,0.45602913668759676,0.9566144246868085,1.1915308847326262,0.7230314894476588,0.872507090980293,1.9662135927859792,0.7391246028452628,1.9052303395527515,1.5407483444152354,1.008529023730983,0.9541542298222244,,,,,,,,,,,,,,,,,,,,,,,,,,,,,,,,,,,,,,,,,,,,,,,,,,,,,,,,,,,,,,,,,,,,,,,,,61.8645522313169,75.53809186750361,77.11880855785168,64.71562731057944,65.46546023390087,76.93440473337903,71.69531824004183,60.990825484190175,76.28265425081571,69.72745122057869,64.03316571482189,75.43800391506937,74.13692123037141,61.402564990410355,87.26085317654776,85.35915624320064,73.66912628046295,68.86781307588781,,,,,,,,,,,,,,,,,,,,,,,,,,,,,,,,,,,,,,,,,,,,,,,,,,,,,,,,,,,,,,,,,,,,,,,,,2.2713781854679578,3.367279127509625,2.7214911779131525,3.893344359923056,5.3577186065164755,4.150222833778925,5.250641229088437,2.8212494232345735,2.220557071957714,3.721044272615506,1.1679306577770316,3.595661994903544,5.331415913676059,3.4358060113149036,5.583536878324292,4.468393713047867,3.912397527859548,2.3993997385758963,,,,,,,,,,,,,,,,,,,,,,,,,,,,,,,,,,,,,,,,,,,,,,,,,,,,,,,,,,,,,,,,,,,,,,,,,,,,,,,,,,,,,,,,,,,,,,,,,,,,,,,,,,,,,79.61312771939548,81.40755898633559,80.16468226468767,80.78067625196738,79.56958600287528,81.01082019339378,81.25561508254934,81.69867949135156,81.93727055985242,80.92567319571287,80.41490863296586,80.80147723684017,82.05766054283815,80.25408834665156,81.98574776663745,81.50499341126444,81.91268313075182,80.41968187111664,,,,,,,,,,,,,,,,,,,,,,,,,,,,,,,,,,,,,,,,,,,,,,,,,,,,,,,,,,,,,,,,,,,,,,,,,,,,,,,,,,,,,,,,,,,,,,,,,,,,,,,,,,,,,,,,,,,,,,,,,,,,,,,,,,,,,,,,,,,,,,,,,,,,,,,,,,,,,,,,,,,8276017.0,1344184.0,1077103.0,1083683.0,2045168.0,588518.0,7463471.0,2084470.0,2547408.0,46486621.0,1099605.0,2772457.0,6373532.0,1453545.0,633017.0,2179532.0,319939.0,4989631.0
2006Q3,0.8960432304756886,0.8770615169897279,0.9027593213997817,0.293224113074518,0.6597616430859096,0.8372394023696027,1.4293962151916695,0.4797532302757746,0.9836069930188467,1.2097442461578172,0.7142908582078019,0.8950713509586977,1.9723619464531428,0.7650522075356747,1.9472773261157703,1.6015647892396287,1.095914475046271,0.9427455663979785,,,,,,,,,,,,,,,,,,,,,,,,,,,,,,,,,,,,,,,,,,,,,,,,,,,,,,,,,,,,,,,,,,,,,,,,,61.99936888808503,75.21547884141378,76.37947185097364,64.27505324873293,64.45561683455377,76.09753441488003,72.02636428453164,60.98669666938616,76.70345268396797,69.7597576103076,64.302503341176,75.27931332285243,74.3102386310992,61.47589738361847,87.50730674977856,85.43927743659349,73.62044345480138,68.97295486939521,,,,,,,,,,,,,,,,,,,,,,,,,,,,,,,,,,,,,,,,,,,,,,,,,,,,,,,,,,,,,,,,,,,,,,,,,2.2458410651824416,3.376865934291035,2.7315142170762434,3.6953389844052937,5.393469342589899,4.172782740380156,5.242418123600822,2.857357055768377,2.2776990943043236,3.735652322805029,1.1928355232868209,3.6732010393887213,5.322411932388679,3.4014120213115078,5.773051238574133,4.391265535863178,4.079915263411858,2.4561634589660413,,,,,,,,,,,,,,,,,,,,,,,,,,,,,,,,,,,,,,,,,,,,,,,,,,,,,,,,,,,,,,,,,,,,,,,,,,,,,,,,,,,,,,,,,,,,,,,,,,,,,,,,,,,,,79.72651451657003,81.50505462135789,80.23512180333056,80.9313863996483,79.67535509581506,80.96885685534765,81.39722791095761,81.7889470712858,82.03165474657008,81.03114836425083,80.55042516409524,80.85827535215928,82.12782036470068,80.34228661537675,82.07693039002345,81.56754438679917,82.00578299184491,80.55423783466772,,,,,,,,,,,,,,,,,,,,,,,,,,,,,,,,,,,,,,,,,,,,,,,,,,,,,,,,,,,,,,,,,,,,,,,,,,,,,,,,,,,,,,,,,,,,,,,,,,,,,,,,,,,,,,,,,,,,,,,,,,,,,,,38.78832755843251,44.17938143358464,47.43521617112382,41.16564705934103,39.43460583303183,46.18633715928921,41.5347699962188,41.31102461139822,45.88358990659307,40.46268563593434,42.48025313596136,44.89790603116462,40.27649634585456,38.88254810679682,44.52202863261854,43.68352849532616,47.12202569061208,38.97844749940104,,,,,,,,,,,,,,,,,,,8276017.0,1344184.0,1077103.0,1083683.0,2045168.0,588518.0,7463471.0,2084470.0,2547408.0,46486621.0,1099605.0,2772457.0,6373532.0,1453545.0,633017.0,2179532.0,319939.0,4989631.0
2006Q4,0.9303126987481652,0.8810893540108494,0.9181444970667544,0.30274805696999063,0.660540223453095,0.8711939362070596,1.4414808542031243,0.5076745951651056,1.0102384370758384,1.2267871799497756,0.7113175513439658,0.9295342434893622,1.9613987313728467,0.8060915436482972,1.9536226291297227,1.6777027112646823,1.154296604426766,0.9358974113711287,,,,,,,,,,,,,,,,,,,,,,,,,,,,,,,,,,,,,,,,,,,,,,,,,,,,,,,,,,,,,,,,,,,,,,,,,62.26598260344393,74.95076553662992,76.0209344717654,62.87000213553948,63.78408537488858,75.3023917063301,71.61820472311396,61.3939811012142,76.89853202123655,69.70346724883375,64.64197450283935,75.41928133864265,74.41767483115598,61.47109598180909,86.97696887426586,85.51522754304612,73.06994515297724,69.04111933721154,,,,,,,,,,,,,,,,,,,,,,,,,,,,,,,,,,,,,,,,,,,,,,,,,,,,,,,,,,,,,,,,,,,,,,,,,2.258182190746167,3.4109821754019602,2.7078662821013912,3.5458633157803976,5.506969730882624,4.246973332534303,5.187323599229497,2.8843874317972915,2.3276039775856217,3.7490001370660155,1.216639284848734,3.769016207528674,5.301840948890549,3.3190995501592093,5.886607131084389,4.287085751759658,4.157940775521264,2.5004118403047664,,,,,,,,,,,,,,,,,,,,,,,,,,,,,,,,,,,,,,,,,,,,,,,,,,,,,,,,,,,,,,,,,,,,,,,,,,,,,,,,,,,,,,,,,,,,,,,,,,,,,,,,,,,,,79.75629214005615,81.50947471591529,80.28353252926723,81.06347220696647,79.75223028696509,80.93330472166011,81.43975364082091,81.74845619389671,82.03295501508677,81.0561502311048,80.57576562861453,80.87355276297156,82.13295223042877,80.37136427782353,82.14187873721845,81.53708013871316,81.9350800421442,80.58902139460045,,,,,,,,,,,,,,,,,,,,,,,,,,,,,,,,,,,,,,,,,,,,,,,,,,,,,,,,,,,,,,,,,,,,,,,,,,,,,,,,,,,,,,,,,,,,,,,,,,,,,,,,,,,,,,,,,,,,,,,,,,,,,,,,,,,,,,,,,,,,,,,,,,,,,,,,,,,,,,,,,,,8276017.0,1344184.0,1077103.0,1083683.0,2045168.0,588518.0,7463471.0,2084470.0,2547408.0,46486621.0,1099605.0,2772457.0,6373532.0,1453545.0,633017.0,2179532.0,319939.0,4989631.0
2007Q1,0.9842362159945434,0.8753945647455326,0.9114878038870552,0.31465618201544826,0.6478343831017493,0.8595358416852451,1.4465510863456734,0.5413641962955116,1.0343337068953484,1.2417038107712959,0.71210540388755,0.9846755104228064,1.9215993825056905,0.8756113025934108,1.9097863794989367,1.7829477230854391,1.1809470701614526,0.9319249350305396,,,,,,,,,,,,,,,,,,,,,,,,,,,,,,,,,,,,,,,,,,,,,,,,,,,,,,,,,,,,,,,,,,,,,,,,,62.7734050429609,74.74851370119163,76.05486564515098,59.96575638657871,63.454453868703986,74.38371212659658,70.16366726041348,62.48683594296756,76.8705906623328,69.53938202751087,65.09417274519357,75.99072110079433,74.48427780277673,61.40381668346861,85.35107257180934,85.5986323571993,71.94461492667025,69.098075737231,,,,,,,,,,,,,,,,,,,,,,,,,,,,,,,,,,,,,,,,,,,,,,,,,,,,,,,,,,,,,,,,,,,,,,,,,2.3195028999647636,3.4947261340701217,2.626639316772419,3.4406589915966355,5.718747802234064,4.388309680907298,5.046759146619653,2.885340134348497,2.366154542029428,3.7550380915926724,1.2319678603599222,3.888583418046641,5.272763564368412,3.1350150250139395,5.893836785629298,4.140929590756457,4.074870512857503,2.5343989171332635,,,,,,,,,,,,,,,,,,,,,,,,,,,,,,,,,,,,,,,,,,,,,,,,,,,,,,,,,,,,,,,,,,,,,,,,,,,,,,,,,,,,,,,,,,,,,,,,,,,,,,,,,,,,,79.66355564608031,81.36820910361753,80.29824435134557,81.18577275399664,79.79941655838769,80.88514314907047,81.3388649424053,81.5087082077123,81.89383268096654,80.96099739124146,80.43188108208598,80.81998947203962,82.03186821586813,80.31654653684828,82.17571419065283,81.3592429489411,81.61338635716574,80.47695800361623,,,,,,,,,,,,,,,,,,,,,,,,,,,,,,,,,,,,,,,,,,,,,,,,,,,,,,,,,,,,,,,,,,,,,,,,,,,,,,,,,,,,,,,,,,,,,,,,,,,,,,,,,,,,,,,,,,,,,,,,,,,,,,,39.43072094876004,43.91361559408733,46.8980541874479,41.28433449740599,38.27649622341148,47.94095922648074,40.98958314738622,42.85632377572346,44.91769233025071,41.24915465596772,43.31782892659752,45.10103560644807,39.69106924817221,38.73537608646281,43.79848657900474,44.09059533425192,46.87460444978659,39.59788454242219,,,,,,,,,,,,,,,,,,,8276017.0,1344184.0,1077103.0,1083683.0,2045168.0,588518.0,7463471.0,2084470.0,2547408.0,46486621.0,1099605.0,2772457.0,6373532.0,1453545.0,633017.0,2179532.0,319939.0,4989631.0
2007Q2,1.0170373454190893,0.8850592695998404,0.9146786556768848,0.3252772736442408,0.6410814138092671,0.8681685535327012,1.4634501803855573,0.5781461474599271,1.0715237064858933,1.2593999094673145,0.7246859852966273,1.022017525692467,1.9097549145381212,0.9126195414315958,1.8851496362628237,1.8548428930569945,1.183237396139912,0.9384094052474672,,,,,,,,,,,,,,,,,,,,,,,,,,,,,,,,,,,,,,,,,,,,,,,,,,,,,,,,,,,,,,,,,,,,,,,,,62.9842352219545,74.56638111529347,76.41806624241448,58.1903773713181,63.385258261235506,74.14061498541751,69.14744098248096,62.89994330927844,76.62402515090837,69.34241978427129,65.46420894474366,76.3808925355091,74.38308754983018,61.11873858004465,84.15503565586693,85.67210611406547,70.4810171547707,68.98872271209005,,,,,,,,,,,,,,,,,,,,,,,,,,,,,,,,,,,,,,,,,,,,,,,,,,,,,,,,,,,,,,,,,,,,,,,,,2.378563124235711,3.513907317518249,2.6144504063034986,3.385866289162892,5.952769574343185,4.541896401235989,5.014312287654387,2.961211600604499,2.4227646417926003,3.7891250870944972,1.283338960784678,4.017775346154722,5.227518351529412,3.141462534809637,5.943375936480954,4.029344793557529,4.199544606159846,2.546232793228578,,,,,,,,,,,,,,,,,,,,,,,,,,,,,,,,,,,,,,,,,,,,,,,,,,,,,,,,,,,,,,,,,,,,,,,,,,,,,,,,,,,,,,,,,,,,,,,,,,,,,,,,,,,,,79.63907423910429,81.34060236514854,80.33686724044425,81.26036410025259,79.80837066478365,80.91616005777554,81.31500419207846,81.40243265838103,81.84577988249573,80.94103234629394,80.41615097033451,80.83738735831191,82.0265056245929,80.29652303510528,82.19973889060358,81.30114993362481,81.4674630451418,80.45030173464329,,,,,,,,,,,,,,,,,,,,,,,,,,,,,,,,,,,,,,,,,,,,,,,,,,,,,,,,,,,,,,,,,,,,,,,,,,,,,,,,,,,,,,,,,,,,,,,,,,,,,,,,,,,,,,,,,,,,,,,,,,,,,,,,,,,,,,,,,,,,,,,,,,,,,,,,,,,,,,,,,,,8276017.0,1344184.0,1077103.0,1083683.0,2045168.0,588518.0,7463471.0,2084470.0,2547408.0,46486621.0,1099605.0,2772457.0,6373532.0,1453545.0,633017.0,2179532.0,319939.0,4989631.0
2007Q3,1.0365806745953787,0.9048237991347824,0.9211429289105281,0.33544435245246124,0.6364167169121858,0.8831404647621902,1.4884587992635312,0.6193474039647542,1.1196237117653258,1.2789232632982868,0.7467360187578552,1.0494887958273948,1.9137477587948684,0.9288402468439128,1.8654494347128117,1.906025569848495,1.1592192859823574,0.953494958290851,,,,,,,,,,,,,,,,,,,,,,,,,,,,,,,,,,,,,,,,,,,,,,,,,,,,,,,,,,,,,,,,,,,,,,,,,63.00632616415364,74.40814654606301,77.11074886238737,56.973217505701605,63.57386335565733,74.39562393631778,68.25961528857104,62.901964082047456,76.16653260935068,69.09458828727382,65.79245732986212,76.71630691438773,74.14193056914978,60.63526552137982,83.06734141587856,85.74617198883863,68.61460174165707,68.73946313724038,,,,,,,,,,,,,,,,,,,,,,,,,,,,,,,,,,,,,,,,,,,,,,,,,,,,,,,,,,,,,,,,,,,,,,,,,2.4457492613407408,3.492891196083617,2.645735356311401,3.3757192618196936,6.226800797197949,4.722265473796392,5.049949565497695,3.0945300763506243,2.4931893695885425,3.8451237964856557,1.3631526154609954,4.16182824278775,5.170103403385029,3.2785108732837123,6.005690363992711,3.936566966172484,4.459533982948637,2.538465318587395,,,,,,,,,,,,,,,,,,,,,,,,,,,,,,,,,,,,,,,,,,,,,,,,,,,,,,,,,,,,,,,,,,,,,,,,,,,,,,,,,,,,,,,,,,,,,,,,,,,,,,,,,,,,,79.64472732795184,81.37428847680225,80.3881221719598,81.29670822426729,79.77946135685406,81.00662784310302,81.32484117773606,81.36193447854386,81.84231130999156,80.95728067397204,80.47013802309543,80.89857619505466,82.07582848531364,80.28719539612484,82.20975139524529,81.30869783106623,81.4110731216654,80.46300236017417,,,,,,,,,,,,,,,,,,,,,,,,,,,,,,,,,,,,,,,,,,,,,,,,,,,,,,,,,,,,,,,,,,,,,,,,,,,,,,,,,,,,,,,,,,,,,,,,,,,,,,,,,,,,,,,,,,,,,,,,,,,,,,,38.87287483645599,44.68310530229638,47.2654956828422,41.48421267368325,39.17291767929677,45.96507178332022,41.2459782128014,41.63199278911938,45.12930459510034,40.93438196862291,43.3996767808966,45.56332247708354,39.92146132537261,38.463096229177,44.89260670978242,43.48454715982727,47.0434801298171,40.85626328334019,,,,,,,,,,,,,,,,,,,8276017.0,1344184.0,1077103.0,1083683.0,2045168.0,588518.0,7463471.0,2084470.0,2547408.0,46486621.0,1099605.0,2772457.0,6373532.0,1453545.0,633017.0,2179532.0,319939.0,4989631.0
2007Q4,1.042145763990989,0.9347223665198449,0.9326906115255319,0.34462219188784954,0.634667486176798,0.9091551400198634,1.5215399340052385,0.6611422522798068,1.1745188748534325,1.2999730164631031,0.7764725920579671,1.0638181680573322,1.9348979441613192,0.922928909131081,1.8596145495254273,1.9361838140090732,1.1165962477162776,0.9761707014311417,,,,,,,,,,,,,,,,,,,,,,,,,,,,,,,,,,,,,,,,,,,,,,,,,,,,,,,,,,,,,,,,,,,,,,,,,62.836033570930965,74.27695863745187,78.01631925004715,56.47064873640159,63.986424514403204,75.08004895166816,67.62927646853448,62.51125666570656,75.53885157740817,68.82360990094402,66.04916098020064,76.91207944930888,73.79070407824337,60.04217921510687,82.22655035644524,85.78308953989665,66.55976617690203,68.37373841343859,,,,,,,,,,,,,,,,,,,,,,,,,,,,,,,,,,,,,,,,,,,,,,,,,,,,,,,,,,,,,,,,,,,,,,,,,2.5167619281554674,3.4257414588622614,2.712555226601147,3.400392992179827,6.513786857868905,4.916391992121138,5.15802000899765,3.270898995594764,2.568382453570085,3.918963084768502,1.4628919258017608,4.314217433278789,5.105264357198379,3.529800339211518,6.084362846294555,3.8645513342643287,4.851634480398568,2.5145977652729425,,,,,,,,,,,,,,,,,,,,,,,,,,,,,,,,,,,,,,,,,,,,,,,,,,,,,,,,,,,,,,,,,,,,,,,,,,,,,,,,,,,,,,,,,,,,,,,,,,,,,,,,,,,,,79.6926427868635,81.47690005443171,80.45676623625037,81.29715492148347,79.73275141997455,81.15206895005093,81.3812896877802,81.40692465536276,81.89807612654621,81.02068958849252,80.60182992448405,81.00404697459379,82.18579767422533,80.29973503192159,82.21479552349831,81.39090928636784,81.468077476027,80.52973790156632,,,,,,,,,,,,,,,,,,,,,,,,,,,,,,,,,,,,,,,,,,,,,,,,,,,,,,,,,,,,,,,,,,,,,,,,,,,,,,,,,,,,,,,,,,,,,,,,,,,,,,,,,,,,,,,,,,,,,,,,,,,,,,,,,,,,,,,,,,,,,,,,,,,,,,,,,,,,,,,,,,,8276017.0,1344184.0,1077103.0,1083683.0,2045168.0,588518.0,7463471.0,2084470.0,2547408.0,46486621.0,1099605.0,2772457.0,6373532.0,1453545.0,633017.0,2179532.0,319939.0,4989631.0
2008Q1,1.0264270180829176,0.980353569922553,0.9515192767650877,0.3530108873759805,0.6377189870142941,0.9491256253009213,1.5674507522396368,0.7114472902028086,1.2491292600162915,1.3243116172515315,0.8198255964671258,1.0638621296475836,1.9820372682946867,0.8849568528421015,1.864398975051276,1.9341815116588157,1.0402502321864702,1.0108025380766459,,,,,,,,,,,,,,,,,,,,,,,,,,,,,,,,,,,,,,,,,,,,,,,,,,,,,,,,,,,,,,,,,,,,,,,,,62.36167386457017,74.15385440701347,79.37899163158256,56.85814335095199,64.68775486302007,76.50782850735384,67.25939723916888,61.41881992413795,74.62807308026935,68.47339355440283,66.24839380534996,77.01186577494339,73.22662237522593,59.11873928015347,81.62552384791888,85.84106011278827,63.87610850988308,67.79156108938507,,,,,,,,,,,,,,,,,,,,,,,,,,,,,,,,,,,,,,,,,,,,,,,,,,,,,,,,,,,,,,,,,,,,,,,,,2.591863455544316,3.3034990093748333,2.8586724239719645,3.481384056825335,6.862452690249144,5.14501909856576,5.372571364423645,3.544826734342725,2.673405563604379,4.027520125073217,1.6136375705528991,4.488513561203435,5.02171959190745,4.002732032156475,6.198889545703419,3.8223000736646933,5.477254646216133,2.463993541873775,,,,,,,,,,,,,,,,,,,,,,,,,,,,,,,,,,,,,,,,,,,,,,,,,,,,,,,,,,,,,,,,,,,,,,,,,,,,,,,,,,,,,,,,,,,,,,,,,,,,,,,,,,,,,79.7950466439921,81.68480327353767,80.5458334134995,81.24731506078562,79.6233925256131,81.38301154045531,81.50158418554554,81.56278380116902,82.02997636934266,81.14747754785103,80.85622239530286,81.18108821078457,82.38470333053269,80.33234577927396,82.19765181517343,81.58208447906895,81.67477859852158,80.66718753261617,,,,,,,,,,,,,,,,,,,,,,,,,,,,,,,,,,,,,,,,,,,,,,,,,,,,,,,,,,,,,,,,,,,,,,,,,,,,,,,,,,,,,,,,,,,,,,,,,,,,,,,,,,,,,,,,,,,,,,,,,,,,,,,38.33909020025183,44.22330863930635,47.43065035197574,40.58458105561954,38.37708740069417,45.94712113156817,40.41171763018897,41.34526332624659,45.71093871304039,40.95697357680089,43.32694284243336,46.45918876667105,40.28235322818821,38.32696836056711,44.71059181045421,43.54750366723889,47.27705880230447,40.5295047091325,,,,,,,,,,,,,,,,,,,8276017.0,1344184.0,1077103.0,1083683.0,2045168.0,588518.0,7463471.0,2084470.0,2547408.0,46486621.0,1099605.0,2772457.0,6373532.0,1453545.0,633017.0,2179532.0,319939.0,4989631.0
2008Q2,1.0242042338094928,1.016589288210911,0.9656347438255918,0.3589678248559353,0.635047738795447,0.9887056331602245,1.6053194306870169,0.7318677651556867,1.2824769709473622,1.3436832515837,0.8512442241891273,1.0543539656937877,2.0130033792701907,0.8635177163602453,1.8989619300022555,1.9562348704788584,1.0043351421685938,1.038913745232219,,,,,,,,,,,,,,,,,,,,,,,,,,,,,,,,,,,,,,,,,,,,,,,,,,,,,,,,,,,,,,,,,,,,,,,,,62.10638903872102,74.13050153020642,80.07765767898388,57.21459144561684,65.43336527364633,77.19674159060702,67.05018007717702,61.1796254389475,73.88651512081724,68.28376934615669,66.29722301044077,76.77802137031517,72.90668455666759,58.95682658163075,81.22372626331888,85.57314972405345,62.63866629243024,67.43673397930641,,,,,,,,,,,,,,,,,,,,,,,,,,,,,,,,,,,,,,,,,,,,,,,,,,,,,,,,,,,,,,,,,,,,,,,,,2.675050858632044,3.1741908343262177,2.873435929190665,3.5224399955365877,7.055391310323222,5.315204713406987,5.539210314539402,3.658587664998343,2.6833530743646063,4.090083428244208,1.6753410358604528,4.622676090066669,4.970396791316232,4.21970015764106,6.243637907460464,3.7574299210586086,5.907261296493457,2.4358643494992123,,,,,,,,,,,,,,,,,,,,,,,,,,,,,,,,,,,,,,,,,,,,,,,,,,,,,,,,,,,,,,,,,,,,,,,,,,,,,,,,,,,,,,,,,,,,,,,,,,,,,,,,,,,,,79.88578370778042,81.81657070517598,80.64276628597678,81.20905204921897,79.66921102854697,81.55930770877153,81.5950429366068,81.6996971881126,82.15363312383249,81.25356442999227,81.01095148012782,81.29269261567345,82.5319699119811,80.3851721598165,82.23411589490382,81.7089152167236,81.84745618146611,80.78999836157611,,,,,,,,,,,,,,,,,,,,,,,,,,,,,,,,,,,,,,,,,,,,,,,,,,,,,,,,,,,,,,,,,,,,,,,,,,,,,,,,,,,,,,,,,,,,,,,,,,,,,,,,,,,,,,,,,,,,,,,,,,,,,,,,,,,,,,,,,,,,,,,,,,,,,,,,,,,,,,,,,,,8276017.0,1344184.0,1077103.0,1083683.0,2045168.0,588518.0,7463471.0,2084470.0,2547408.0,46486621.0,1099605.0,2772457.0,6373532.0,1453545.0,633017.0,2179532.0,319939.0,4989631.0
2008Q3,1.0282031656578658,1.0485324878399334,0.9770737258284847,0.36274067859853365,0.6285207364344617,1.0303010335863896,1.6395724305466928,0.7296333929198708,1.2864480499976054,1.3597887453486621,0.876167637674725,1.0344251287654784,2.036133736969714,0.8483047968618441,1.9593711320253104,1.9912824246072731,0.9917849263980453,1.0645923394308254,,,,,,,,,,,,,,,,,,,,,,,,,,,,,,,,,,,,,,,,,,,,,,,,,,,,,,,,,,,,,,,,,,,,,,,,,61.959562976821736,74.18783573728503,80.35416358457417,57.70336243131431,66.28622528829318,77.45336142604769,66.99882190623923,61.476741332890555,73.20209848461785,68.19823051942238,66.21279890132044,76.2613034106944,72.7277441865808,59.32577084746146,81.00699410548263,85.04297931312448,62.37111822837939,67.20924178465808,,,,,,,,,,,,,,,,,,,,,,,,,,,,,,,,,,,,,,,,,,,,,,,,,,,,,,,,,,,,,,,,,,,,,,,,,2.7667565935352543,3.028832297958273,2.7981230566427695,3.544616074308321,7.138204689749665,5.4466624303682245,5.689095780524053,3.661050884318552,2.6225884022330566,4.122955210566339,1.6749903325799484,4.729585458345812,4.939668026579063,4.269862998840073,6.237600004274612,3.6793355107681562,6.224290521679086,2.4192464108458576,,,,,,,,,,,,,,,,,,,,,,,,,,,,,,,,,,,,,,,,,,,,,,,,,,,,,,,,,,,,,,,,,,,,,,,,,,,,,,,,,,,,,,,,,,,,,,,,,,,,,,,,,,,,,79.97637726598464,81.9077824162604,80.7501196289884,81.16829651069705,79.8242324239346,81.71104925410515,81.67809031914828,81.84161537497378,82.28479638884883,81.3544353449129,81.11000960681173,81.36599559894981,82.65525330417537,80.45601864900274,82.30682598884849,81.80493937526751,82.02056227737572,80.91379001037272,,,,,,,,,,,,,,,,,,,,,,,,,,,,,,,,,,,,,,,,,,,,,,,,,,,,,,,,,,,,,,,,,,,,,,,,,,,,,,,,,,,,,,,,,,,,,,,,,,,,,,,,,,,,,,,,,,,,,,,,,,,,,,,38.73525944688711,45.07586931093972,48.27616256009527,40.95697107963383,39.24190557137842,45.93188797223859,40.90088006315899,41.07523448895176,45.60265763072772,41.07644027253202,43.11731248088768,44.5584564526044,41.02635249242453,38.30996195167548,43.85934160103218,44.30787074121542,47.67757819442623,40.57647053151964,,,,,,,,,,,,,,,,,,,8276017.0,1344184.0,1077103.0,1083683.0,2045168.0,588518.0,7463471.0,2084470.0,2547408.0,46486621.0,1099605.0,2772457.0,6373532.0,1453545.0,633017.0,2179532.0,319939.0,4989631.0
2008Q4,1.0411655824497237,1.0745246540266022,0.9857722535808361,0.36528060916955046,0.6187125377557974,1.0718677079524643,1.6676573865266529,0.7070515517216336,1.2619457190387413,1.372216385816106,0.8927625416690222,1.0073587758931506,2.0488256154654105,0.8432206339358094,2.0372679629211583,2.0383011932550525,1.003629699246891,1.0856913772603098,,,,,,,,,,,,,,,,,,,,,,,,,,,,,,,,,,,,,,,,,,,,,,,,,,,,,,,,,,,,,,,,,,,,,,,,,61.972374119887085,74.32780832549507,80.18918710485946,58.22390277211684,67.19265457504042,77.24206847599145,67.09160077741483,62.324813304024,72.68331331429555,68.24460658001807,66.0415842828888,75.54880944404707,72.73894888152573,60.19866329075428,80.94375578327957,84.34281085003387,63.114106969307294,67.16246314665045,,,,,,,,,,,,,,,,,,,,,,,,,,,,,,,,,,,,,,,,,,,,,,,,,,,,,,,,,,,,,,,,,,,,,,,,,2.8659527993667653,2.8760715852506604,2.6397123219802685,3.5436817008829813,7.10349450666992,5.538931951584923,5.808683902087193,3.562278728870627,2.5015795809047496,4.126148817771537,1.611681507228536,4.808050482033849,4.9330335645219705,4.1535136884786334,6.187633798601242,3.5928799269371128,6.403149221956732,2.4174042532565525,,,,,,,,,,,,,,,,,,,,,,,,,,,,,,,,,,,,,,,,,,,,,,,,,,,,,,,,,,,,,,,,,,,,,,,,,,,,,,,,,,,,,,,,,,,,,,,,,,,,,,,,,,,,,80.06279238224286,81.950843605026,80.86128067153533,81.13533637929834,80.0831640219053,81.82663149666807,81.74528255869932,81.97590363574457,82.41159411797601,81.44452267724378,81.14281651775761,81.40022357459215,82.74807345331081,80.54646341190687,82.42140630107426,81.86406092893994,82.1772029426366,81.02902409543502,,,,,,,,,,,,,,,,,,,,,,,,,,,,,,,,,,,,,,,,,,,,,,,,,,,,,,,,,,,,,,,,,,,,,,,,,,,,,,,,,,,,,,,,,,,,,,,,,,,,,,,,,,,,,,,,,,,,,,,,,,,,,,,,,,,,,,,,,,,,,,,,,,,,,,,,,,,,,,,,,,,8276017.0,1344184.0,1077103.0,1083683.0,2045168.0,588518.0,7463471.0,2084470.0,2547408.0,46486621.0,1099605.0,2772457.0,6373532.0,1453545.0,633017.0,2179532.0,319939.0,4989631.0
2009Q1,1.064906068874074,1.093713496254495,0.9897585200736005,0.3646477352195855,0.6023048527825918,1.1155204054488754,1.6908682891685876,0.6517450706760396,1.1951312973743335,1.3802162074954005,0.8996709748742392,0.9668533399053403,2.0479381634348868,0.8498359937768156,2.1553317586215868,2.110687229250316,1.0525538287126106,1.1032543369262986,15.616499940189218,20.665624305786285,19.105194149014967,18.854786318980427,14.700905614337143,16.548956386530648,31.70419902444297,10.931594901400317,16.19698467894602,25.47389832853608,11.647975228924041,19.43455025420495,58.75724050165297,15.469183475316125,21.867372830037475,29.23250255802021,16.852970092474283,19.395148124028836,,,,,,,,,,,,,,,,,,,,,,,,,,,,,,,,,,,,,,,,,,,,,,,,,,,,,,,62.142439747605934,74.57004386666739,79.39912644871082,58.78664563475366,68.24539415150566,76.3385166116935,67.33332005925023,64.0274542510707,72.2184921132545,68.4138628018427,65.65985512907154,74.39857478176499,72.92413723939829,61.861970559049404,81.07046912638647,83.21528772259813,65.2594568792385,67.27441594043437,,,,,,,,,,,,,,,,,,,,,,,,,,,,,,,,,,,,,0.0,0.0,0.0,0.0,0.0,0.0,0.0,0.0,0.0,0.0,0.0,0.0,0.0,0.0,0.0,0.0,0.0,0.0,,,,,,,,,,,,,,,,,,,2.9770812556197743,2.706687569922299,2.3443510652029858,3.508647741082565,6.922931796566677,5.572405284060843,5.896169289815823,3.2913638845786526,2.274563455051923,4.083142782670115,1.4591245332376863,4.848776870864219,4.953370316481,3.779261308361325,6.059999420671659,3.4786311451074834,6.407118707325081,2.4326820848478996,,,,,,,,,,,,,,,,,,,0.0,0.0,0.0,0.0,0.0,0.0,0.0,0.0,0.0,0.0,0.0,0.0,0.0,0.0,0.0,0.0,0.0,0.0,0.0,0.0,0.0,0.0,0.0,0.0,0.0,0.0,0.0,0.0,0.0,0.0,0.0,0.0,0.0,0.0,0.0,0.0,,,,,,,,,,,,,,,,,,,,,,,,,,,,,,,,,,,,,,,,,,,,,,,,,,,,,,,80.14061700889808,81.9246201713762,80.98813114763351,81.09866586759708,80.50562000073812,81.90224957175775,81.78861907358836,82.1040882422883,82.54186275968509,81.5187122257182,81.08336297641354,81.36943693133261,82.7958680785216,80.65478440966181,82.58480473313588,81.86507637579805,82.31749422785877,81.13841724621051,,,,,,,,,,,,,,,,,,,,,,,,,,,,,,,,,,,,,,,,,,,,,,,,,,,,,,,13.904006144546834,17.902794503944197,16.474026906358354,17.793984855932028,14.223986647748482,18.15914907990164,18.661007448007076,14.026776567818255,15.764467016306162,16.30249547967882,12.69881045417729,16.608255652486115,18.86719389834915,14.647241967783838,17.145757229094244,17.266591328328676,16.65497021948646,15.09451978822409,,,,,,,,,,,,,,,,,,,,,,,,,,,,,,,,,,,,,,,,,,,,,,,,,,,,,,,39.96829384604438,44.56599117757695,46.39420240980383,40.88069933576813,40.14827576045391,46.20211784679449,41.18884673030052,42.26665253816217,46.47691700512465,41.34915978022362,43.74769356619603,46.42344170390752,39.64323960945176,38.37982571104933,44.60648261807912,43.61008906994659,47.70804796494869,40.79114437679464,,,,,,,,,,,,,,,,,,,8276017.0,1344184.0,1077103.0,1083683.0,2045168.0,588518.0,7463471.0,2084470.0,2547408.0,46486621.0,1099605.0,2772457.0,6373532.0,1453545.0,633017.0,2179532.0,319939.0,4989631.0
2009Q2,1.092165803787802,1.1124168994568477,1.0004082111240296,0.3714812036569453,0.5962496754231352,1.1542490061406636,1.703158245108501,0.6262733250923713,1.1560959849397854,1.387610759189215,0.9028839225874289,0.9425380712316278,2.049437130913548,0.8603566636791644,2.207780127698338,2.1421574080669377,1.0787811635186868,1.1124568251755664,15.60765882018249,20.67740918397685,19.145726355258603,18.800134721315413,14.687810330839694,16.53224573472335,31.579296818769322,10.925362202032716,16.238358256193937,25.410310029782494,11.699038021274264,19.334562085700828,58.64221900526331,15.400440678014105,21.879994094679287,29.321664820463088,16.85607517827228,19.26015021623117,,,,,,,,,,,,,,,,,,,,,,,,,,,,,,,,,,,,,,,,,,,,,,,,,,,,,,,62.47909003553735,74.833514913279,78.86979917659187,59.36512405327942,69.0566785060965,75.84420142968011,67.73772831353433,65.1504688263854,72.45136839280403,68.76372541149928,65.65235659307604,73.95573999884265,73.35873849800616,62.95613248966333,81.19385942798463,82.94996399302335,67.13843013004869,67.66431920735305,,,,,,,,,,,,,,,,,,,,,,,,,,,,,,,,,,,,,0.0,0.0,0.0,0.0,0.0,0.0,0.0,0.0,0.0,0.0,0.0,0.0,0.0,0.0,0.0,0.0,0.0,0.0,,,,,,,,,,,,,,,,,,,3.080541913339261,2.561459035616332,2.1946462184697944,3.4900765775196936,6.732681808706505,5.635194045354834,5.964638019921363,3.2086754615553024,2.174628407381592,4.074632936677423,1.3506936185698504,4.8984290811039095,4.9880250596957,3.6254634370929177,6.030778033631468,3.4390653447593875,6.408959394034444,2.452544235038364,,,,,,,,,,,,,,,,,,,0.0,0.0,0.0,0.0,0.0,0.0,0.0,0.0,0.0,0.0,0.0,0.0,0.0,0.0,0.0,0.0,0.0,0.0,0.0,0.0,0.0,0.0,0.0,0.0,0.0,0.0,0.0,0.0,0.0,0.0,0.0,0.0,0.0,0.0,0.0,0.0,,,,,,,,,,,,,,,,,,,,,,,,,,,,,,,,,,,,,,,,,,,,,,,,,,,,,,,80.23754599186124,81.93598240252413,81.07469860519076,81.10929690536985,80.81511604355049,81.95574360755712,81.84923474197018,82.22919325768197,82.64157035487904,81.60689832988902,81.05443834049964,81.40351753527963,82.8740425790622,80.79813025635677,82.77582197878807,81.9199503277278,82.45459917304491,81.23339631521053,,,,,,,,,,,,,,,,,,,,,,,,,,,,,,,,,,,,,,,,,,,,,,,,,,,,,,,13.725795850610833,17.746309146251743,16.307272487348186,17.655676196397746,14.120392478012286,17.990211008429426,18.066914528477813,13.969796083513307,15.666278165865505,15.989641573736726,12.66896442840706,16.437749695141953,18.620462151308548,14.422113558191159,17.012601332044504,17.20751013437288,16.55334102689608,14.555745576620088,,,,,,,,,,,,,,,,,,,,,,,,,,,,,,,,,,,,,,,,,,,,,,,,,,,,,,,,,,,,,,,,,,,,,,,,,,,,,,,,,,,,,,,,,,,8276017.0,1344184.0,1077103.0,1083683.0,2045168.0,588518.0,7463471.0,2084470.0,2547408.0,46486621.0,1099605.0,2772457.0,6373532.0,1453545.0,633017.0,2179532.0,319939.0,4989631.0
2009Q3,1.1244468445702185,1.1298170753574883,1.0157138747314205,0.3837596789051431,0.5970484887831281,1.1900276260347595,1.7059312676355072,0.6167035712465669,1.1298743988480136,1.3936797017457623,0.901208094128895,0.927602310289625,2.0503613647497203,0.8760417709442206,2.2157802369857587,2.1454482468967893,1.0939593515652375,1.1144306786478173,15.635832078872387,20.694181810385643,19.213813066099473,18.777471902283477,14.569706594279515,16.54976979258121,31.413043720189577,10.899249472895784,16.294477674900406,25.36724195310378,11.769573575185506,19.234115672783865,58.44655331612398,15.384872129027833,21.887541352194127,29.342751580402616,16.83299465185953,19.191594050414896,,,,,,,,,,,,,,,,,,,,,,,,,,,,,,,,,,,,,,,,,,,,,,,,,,,,,,,62.97646600227376,75.13681798002966,78.41852324324333,59.976033588171774,69.71728558196908,75.53530577104213,68.30906635744253,65.98087193777855,73.25767155027359,69.28275514556857,65.89304840853427,73.97050404432862,74.02358304163434,63.755094367462334,81.35305588084694,83.27847716816365,69.11058976335875,68.30618986751742,,,,,,,,,,,,,,,,,,,,,,,,,,,,,,,,,,,,,0.0,0.0,0.0,0.0,0.0,0.0,0.0,0.0,0.0,0.0,0.0,0.0,0.0,0.0,0.0,0.0,0.0,0.0,,,,,,,,,,,,,,,,,,,3.180493661295976,2.4298993007742005,2.1260611153262183,3.4773845086175648,6.504447656596543,5.708432424380756,6.0130220344636305,3.2351715884092345,2.1488995459724607,4.084023851990901,1.2564009975840502,4.947889581913921,5.039526246149029,3.588008928092732,6.064535509029799,3.4531836412611243,6.374031983879931,2.4791108798004315,,,,,,,,,,,,,,,,,,,0.0,0.0,0.0,0.0,0.0,0.0,0.0,0.0,0.0,0.0,0.0,0.0,0.0,0.0,0.0,0.0,0.0,0.0,0.0,0.0,0.0,0.0,0.0,0.0,0.0,0.0,0.0,0.0,0.0,0.0,0.0,0.0,0.0,0.0,0.0,0.0,,,,,,,,,,,,,,,,,,,,,,,,,,,,,,,,,,,,,,,,,,,,,,,,,,,,,,,80.34922025656071,81.96433432659484,81.13313339772522,81.15529251606092,81.07009308558477,81.98422015896965,81.91950047763687,82.35316908353879,82.71914534565607,81.70419322981091,81.0311799904016,81.47662425840262,82.96843554620017,80.97428615154115,83.00034751751363,82.00770106329647,82.58923143731438,81.31713016846797,,,,,,,,,,,,,,,,,,,,,,,,,,,,,,,,,,,,,,,,,,,,,,,,,,,,,,,13.663292881865821,17.610110461910775,16.27129247959187,17.544979168176926,14.033804144528272,17.916640600331693,17.87640070100347,13.94044807675121,15.651354640305241,15.900619204733388,12.621096540774221,16.410417682946406,18.451175636959334,14.32939168283705,16.956205664719313,17.11751865856759,16.48158130398206,14.4635454416506,,,,,,,,,,,,,,,,,,,,,,,,,,,,,,,,,,,,,,,,,,,,,,,,,,,,,,,39.39792063274059,44.22036333647042,48.59118915588417,41.4262469453033,39.11771245827546,46.57838649668618,41.34028611207917,41.51984872913153,45.65335411892051,41.32304079766649,43.03289248987451,45.8283458047682,39.7426774537258,39.05080952676881,44.64687159688732,44.30443765116904,46.33411756360541,41.46566038289352,,,,,,,,,,,,,,,,,,,8276017.0,1344184.0,1077103.0,1083683.0,2045168.0,588518.0,7463471.0,2084470.0,2547408.0,46486621.0,1099605.0,2772457.0,6373532.0,1453545.0,633017.0,2179532.0,319939.0,4989631.0
2009Q4,1.1584812827679063,1.1440525289311696,1.034119394070949,0.400111382218326,0.6043969830111448,1.2202029623757014,1.7000421980874039,0.6252780329850218,1.1188983188378674,1.3984933315696213,0.8962370084094371,0.9230062785734069,2.0522633409018436,0.8937655715997993,2.181107876694317,2.121707115785956,1.0947056562034656,1.109858159250319,15.648598849455137,21.244261741138615,19.237247168395015,18.66091178765305,14.496528425054494,16.432620592479715,31.348675055612446,10.880954881455816,16.358664391902504,25.351358275657187,11.86555956161653,19.218081107527848,58.3681648387274,15.28777709369091,21.893902029553857,29.312064294005793,16.81429012786697,19.09880809039358,,,,,,,,,,,,,,,,,,,,,,,,,,,,,,,,,,,,,,,,,,,,,,,,,,,,,,,63.60200421458293,75.45962324002393,78.11255113145397,60.67219672379517,70.18064176042871,75.4819761875842,69.01988526977286,66.44120498476538,74.47246794366784,69.93965664108946,66.39473986931813,74.47518117506375,74.89354122096117,64.22680258382498,81.58261556478193,84.15627111621488,70.89152322735406,69.15507498469516,,,,,,,,,,,,,,,,,,,,,,,,,,,,,,,,,,,,,0.0,0.0,0.0,0.0,0.0,0.0,0.0,0.0,0.0,0.0,0.0,0.0,0.0,0.0,0.0,0.0,0.0,0.0,,,,,,,,,,,,,,,,,,,3.2760758250803232,2.3133740700209993,2.1466616117810693,3.4794128441734182,6.259863839116632,5.801343226696637,6.043761730250103,3.3833873316016616,2.204297047753621,4.11452053529876,1.190065423691697,4.995635111499192,5.103447088748448,3.680372137769465,6.152908855343126,3.5142192592615324,6.316912877716212,2.510901444325353,,,,,,,,,,,,,,,,,,,0.0,0.0,0.0,0.0,0.0,0.0,0.0,0.0,0.0,0.0,0.0,0.0,0.0,0.0,0.0,0.0,0.0,0.0,0.0,0.0,0.0,0.0,0.0,0.0,0.0,0.0,0.0,0.0,0.0,0.0,0.0,0.0,0.0,0.0,0.0,0.0,,,,,,,,,,,,,,,,,,,,,,,,,,,,,,,,,,,,,,,,,,,,,,,,,,,,,,,80.47261674268,82.01506309950479,81.16403684945054,81.23674471097215,81.24917087012663,81.99778666171541,82.00264570680454,82.473549416491,82.77742153977977,81.8101962145819,81.03101869268521,81.59042127498513,83.08165379621606,81.17279918244027,83.23902577056248,82.12727223317772,82.7186751617819,81.39105627011092,,,,,,,,,,,,,,,,,,,,,,,,,,,,,,,,,,,,,,,,,,,,,,,,,,,,,,,13.630833426119265,17.57238480365423,16.185236020117333,17.416178985827,13.896894737992145,17.82275054942737,17.679876572665506,13.899011022000142,15.588186950579654,15.799132144979033,12.630370452077731,16.33730080343989,18.253005812055623,14.175526486998052,16.877632492317318,17.086292883156123,16.37570412813906,14.396376131317176,,,,,,,,,,,,,,,,,,,,,,,,,,,,,,,,,,,,,,,,,,,,,,,,,,,,,,,,,,,,,,,,,,,,,,,,,,,,,,,,,,,,,,,,,,,8276017.0,1344184.0,1077103.0,1083683.0,2045168.0,588518.0,7463471.0,2084470.0,2547408.0,46486621.0,1099605.0,2772457.0,6373532.0,1453545.0,633017.0,2179532.0,319939.0,4989631.0
2010Q1,1.2003527917799894,1.1601061175596845,1.061529420571173,0.4260512997941246,0.6227436213906857,1.2489927670351124,1.6823252096899541,0.660222032188922,1.1307498996108445,1.4027715539915957,0.8860407070126303,0.9325251402161759,2.0560773566481014,0.9185786261573262,2.0795952935070576,2.054222152319983,1.0762194068868556,1.096080336233793,15.681480353611839,21.629399479698677,19.28769023462642,18.68568645254187,14.405994850160601,16.57158818878037,31.305838327205343,10.903305388762966,16.468015773781392,25.351343406398442,11.91244523867886,19.167450375853708,58.38805988393844,15.234963857377439,21.799522162972593,29.38640181089096,16.828267980761606,19.050710894162687,1639.6786441005372,1735.9924794460685,1788.9599052774636,1720.7867086478766,1535.3017563250232,1684.956585440434,1968.8307406238853,1634.0368467345968,1704.0151274778907,1812.1589268214616,1516.5951525793018,1627.0672658094982,2068.595297126466,1622.2678051924868,1899.360808338332,2159.8330479907972,1704.6320289207422,1618.6917735014424,100.2085290790312,98.0551769698196,100.4131489326483,94.22738118102929,100.6838135958564,100.4025850190808,95.92204822200864,99.1777367751082,96.83635670851112,96.61208848149508,98.87292515539409,95.32727819048048,93.34597174783512,92.88389798964306,97.20909871114829,96.25017524513564,99.0854096238594,97.4740675900942,3240.78446946098,4267.9614952069305,4030.553543634022,4233.990167193254,3379.378146867394,4000.808470925418,4764.582527678594,3392.2843714932437,3940.548405480335,4045.302667052453,3081.30433331205,3677.067560136461,5013.630170111457,3366.50941133975,4967.0587629347,5300.844968776304,4128.165664901281,3604.4378574608113,64.42690463982552,75.82682407351732,77.9712029374866,61.37530692451707,70.45298831454025,75.73377907427965,69.94468418153573,66.38975120201522,76.57565671066402,70.82187844505762,67.27153485369776,75.6603519968806,76.06976424548327,64.16614814012857,81.7998379208195,85.95191247846066,72.74146652795947,70.35110373877828,,,,,,,,,,,,,,,,,,,,,,,,,,,,,,,,,,,,,36.051755570117294,35.37637699115985,29.108409069499096,42.494562988380025,34.604462085732266,32.69742724906149,46.843621828565,31.09180706230601,32.32222169194062,41.896886433828044,26.18104089460615,35.70621653149786,66.20009606297914,35.41892295788082,37.24050309946682,33.05179534459122,33.04521897942243,47.252771774016914,,,,,,,,,,,,,,,,,,,3.365278536457825,2.2140324408784777,2.295901615513912,3.4881261213338886,5.974452360587688,5.912530522892111,6.053852537402898,3.7102305946678165,2.376030579361788,4.175662960956719,1.1474456503879176,5.052901200498877,5.1886518967617965,3.9748519928501396,6.352504854597373,3.6607063188527427,6.235830205765055,2.5483078569302173,,,,,,,,,,,,,,,,,,,0.0,0.0,0.0,0.0,0.0,0.0,0.0,0.0,0.0,0.0,0.0,0.0,0.0,0.0,0.0,0.0,0.0,0.0,552.9296809815975,605.6573359269485,535.2480604731238,662.3513163615897,592.315521364026,683.4098073199762,489.16997602400187,505.35656584904666,629.2972521196393,577.3358823984883,519.3390126638191,518.1936333174084,528.5961752094275,658.3176747205486,422.9170048858222,522.0542956269824,1139.3083253371833,617.2704961561074,,,,,,,,,,,,,,,,,,,,,,,,,,,,,,,,,,,,,,,,,,,,,,,,,,,,,,,80.62191573555795,82.09845280470095,81.15486347833922,81.3664978240625,81.34305059015458,81.97912831459753,82.10269450297777,82.59867706337876,82.80519711521201,81.93385853403629,81.04471823570245,81.76899276516492,83.22556623074875,81.42233393039498,83.5309471416657,82.30428593224246,82.85484600638273,81.45180906722726,,,,,,,,,,,,,,,,,,,,,,,,,,,,,,,,,,,,,,,,,,,,,,,,,,,,,,,13.555333343336212,17.45247134231766,15.988886549516634,17.271592763190327,13.818714670548568,17.639732825573866,17.499687689335047,13.804193512766254,15.546229766120565,15.697452823819516,13.024613767150912,16.257836227506676,18.053949107537736,14.022693137979655,16.830290288311247,16.833137102381396,16.303197903867783,14.314397109343489,,,,,,,,,,,,,,,,,,,73.06499109032238,86.54354229196396,89.83353387354235,76.6607221751427,69.95250243745339,78.19083257772083,84.8201820621197,72.20048028745596,79.82920713635525,79.20564857999362,62.72496012030888,80.72691006714734,85.35878835826834,68.37598118030637,88.28562595074213,89.24650866805025,79.04112219813466,76.58582944780237,73.27066792721543,86.78860827877709,84.7854036949611,80.90831961898391,71.83396748625344,87.23851263774786,82.77692358447196,79.46478803758257,84.90882811642518,80.62296169230997,77.89524657848918,85.2872697838173,83.86572152679128,78.1748855068056,89.50552521794911,89.54330268193956,87.12355126561856,77.58762771957207,40.27323642894699,44.65681341750649,47.80951684610326,41.59678452249871,40.67040479934001,46.6993064806571,40.76127300589686,41.34534743249112,46.00749075834818,42.01931655719135,43.6824111025601,45.44244920455494,40.05955265947078,40.95920483251626,44.1239045414638,43.9743351666631,48.22212627364269,40.20259700449625,72.82866666666668,73.271,73.23766666666667,72.04233333333333,75.643,72.531,71.92233333333333,72.004,71.86433333333333,72.85033333333332,73.41033333333333,72.02166666666666,74.21533333333333,73.767,72.70100000000001,71.74033333333334,72.48466666666667,72.979,8276017.0,1344184.0,1077103.0,1083683.0,2045168.0,588518.0,7463471.0,2084470.0,2547408.0,46486621.0,1099605.0,2772457.0,6373532.0,1453545.0,633017.0,2179532.0,319939.0,4989631.0
2010Q2,1.222713133541259,1.152146780527659,1.0695621845786343,0.4359938611981277,0.6314193059614432,1.255029210207974,1.6674908850183237,0.6835718127956583,1.1240485105811058,1.4031283922091355,0.8805046843986093,0.9380774714491633,2.059246829124099,0.9270069878726617,2.0331672989148184,2.0239871622051613,1.0641201434077812,1.08508004781917,15.84601247438027,21.611215819731218,19.419641139972725,18.613021144438235,14.235338861654302,16.98705297690742,31.36060482427778,10.832676857517635,16.556590580231372,25.43921603216885,12.035783177940326,19.31875356898953,58.70284642820783,15.238600551950597,21.85429153122505,29.30137249645459,16.868679486541303,19.102387707540323,1634.2326247984352,1716.684394155772,1779.2374952073985,1713.423549754633,1510.0239613334693,1673.9301869823266,1957.5406987161157,1617.780049038348,1692.4683994031461,1799.6998487035673,1503.0845642453653,1605.7588542131482,2059.553942266909,1604.1328720945687,1894.3040616511453,2149.7314072668623,1690.4382264480348,1611.307681906967,,,,,,,,,,,,,,,,,,,3254.890531555989,4321.291877507361,4083.1433352036247,4245.506086464207,3391.409243580885,4041.5735159923074,4818.294416932251,3426.018420715705,3996.075642179071,4084.9102601760974,3108.693895905381,3716.4984650854426,5044.609127675844,3384.5120617432267,5022.9641025318815,5363.35874868837,4180.81246898751,3645.379589523107,65.11722279769867,76.11061695256541,77.83807240730191,62.548408894357514,70.44646957769565,75.95776712649601,70.74911246538053,66.49719259037592,77.22884403692431,71.53353702622397,68.04107257399644,76.69347025743363,77.1644356029347,64.59219521523141,82.49094466390717,86.91169589152065,73.37968462454037,71.28033617459715,,,,,,,,,,,,,,,,,,,,,,,,,,,,,,,,,,,,,39.11655982955888,34.13311297748387,30.16781512931028,46.290492241915,33.051684748677964,31.606809179108804,48.26730580028814,32.41997262387969,31.987066441598667,42.32969863090211,25.856781438131165,36.3285173496087,67.84329633339331,39.71832147777261,40.03468266024576,36.92919041810254,32.530302855544036,46.35390551796581,,,,,,,,,,,,,,,,,,,3.457862318032019,2.1147652212480894,2.3856680589799515,3.5429921789154912,5.748693792674418,6.050253976573449,6.053092682153453,3.9779364510843744,2.506770534493839,4.2203220137836315,1.1443953015440909,5.059980024389944,5.258658989526056,4.13767814259834,6.394873364284194,3.7145704408242435,6.120160633958693,2.589971733699283,,,,,,,,,,,,,,,,,,,0.0,0.0,0.0,0.0,0.0,0.0,0.0,0.0,0.0,0.0,0.0,0.0,0.0,0.0,0.0,0.0,0.0,0.0,525.1496147458497,560.9329615069345,579.2171410105828,627.4175134060102,553.9456063352427,671.7779141798452,470.4274163741339,573.7707279187522,612.6976100196233,540.6659287341171,500.6169840786428,545.0004721002895,517.4791414503184,605.1443458477822,414.7994050654787,500.8154882906381,1191.0429182771613,621.0068377593451,,,,,,,,,,,,,,,,,,,,,,,,,,,,,,,,,,,,,,,,,,,,,,,,,,,,,,,80.73168895575289,82.16061808740307,81.16594965841135,81.49230217295465,81.40127792778503,82.01146279202305,82.20511948613635,82.69016138270916,82.85901745865118,82.03478745537082,81.12227238650637,81.89604968367755,83.34505843446134,81.59024228130303,83.6913477614721,82.41125635791569,82.94305836758562,81.51696878456394,,,,,,,,,,,,,,,,,,,,,,,,,,,,,,,,,,,,,,,,,,,,,,,,,,,,,,,13.550020887357032,17.421157211532204,16.040248155545846,17.19539960736352,13.738021295252208,17.7047396631292,17.358590002882714,13.844452786020842,15.530276324385452,15.615988784048849,13.043442017455792,16.236443980213235,17.91007151815203,14.027163017975697,16.81341055212843,16.987462658400897,16.353149911061013,14.169495545291305,,,,,,,,,,,,,,,,,,,72.17754205266854,86.06026160238623,88.96189475171617,77.0868211941454,70.16004638520947,79.30922698422069,85.1258876964457,71.87109247339228,80.278424542972,79.26579309417937,63.77134840957248,81.48845657109263,85.51517373679336,69.57628372338971,88.95996627210154,88.62321240052827,78.90297393019686,77.04004397097908,72.4668807837501,86.05560376764873,84.01859939874919,79.31003662790958,71.40842954783307,86.34209669406195,82.53658354326093,79.14183385834517,84.44855351874101,80.37625622502779,77.58399865060503,85.05727715594772,83.88676455044867,77.7404794769639,89.21515811870825,89.498567250103,86.26362136853953,77.21936290918953,,,,,,,,,,,,,,,,,,,74.196,74.482,74.67,73.00033333333333,76.72766666666666,73.56866666666666,73.12533333333333,73.366,73.10266666666666,74.098,74.82066666666667,73.40366666666667,75.25466666666667,75.28033333333333,74.094,72.98833333333333,74.18366666666667,74.283,8289467.0,1344009.5,1076634.0,1085661.5,2049142.0,589060.5,7470364.0,2087518.0,2546397.5,46524552.0,1100023.0,2772103.5,6378945.0,1455033.0,634000.0,2180309.5,319913.5,4989276.5
2010Q3,1.2314086745294985,1.125263559742466,1.0639632646993264,0.43499739417873917,0.6346450566352666,1.2425505632345972,1.652329202763398,0.702653987053326,1.1062742425773608,1.4002632345168895,0.877544363568768,0.9432707650025282,2.0624890230003334,0.9240528037157439,2.015973555875571,2.013662839667874,1.0536681571945499,1.0741752525886585,15.730612574369164,20.95456140153741,19.48328451565919,18.590639139848875,14.157035670623948,16.8722515251336,31.462808961016332,10.828852834641655,16.655518725448662,25.47242832765254,12.013948724840729,19.33074441823179,59.023885531850325,15.11931895460975,22.023294298620936,29.38025393397266,16.916987139433925,19.08181932781382,1619.6946071472578,1698.1825904170166,1754.1978529267026,1703.4309013251354,1503.316567768088,1653.4087549130575,1941.18574400788,1604.0454458958718,1660.0684659323022,1785.05871919819,1495.8318054298277,1586.2522558383594,2044.3078611037888,1590.0555390795698,1887.5275063145757,2137.6872547896046,1674.3770831091938,1610.0675178356723,99.38872953156316,,,,,,,,,96.51286364658272,,,,,,,,,3241.7781968704157,4343.854494541114,4104.545681567764,4244.529774210964,3393.193871270203,4051.71888683188,4827.815314241478,3428.18950207658,4012.478913370827,4094.236604224173,3112.4260336670472,3727.429418169205,5052.475889505529,3380.9191750713653,5041.497838213823,5374.948572282031,4201.012888105229,3661.283044760762,65.74410969312595,76.33728211149659,77.73031323545919,64.1094768330684,70.17309030649571,76.20192205938996,71.50644907326927,66.62943702329986,76.90273534232762,72.16075553550927,68.81039685213571,77.75317273625956,78.27314271348196,65.3036342174734,83.56864237216908,87.39219381854257,73.074444560786,72.07865338129189,,,,,,,,,,,,,,,,,,,,,,,,,,,,,,,,,,,,,37.40901422046526,34.26418148022373,27.74142336986949,47.36581416417726,33.52920746201552,32.36625275506629,48.457875018330505,33.50918046792057,30.579513054303696,44.07118250524108,24.745961948931303,37.089395242343585,68.67846707238228,40.39063229087755,38.30756631942894,37.04309363706131,32.01504283712934,46.912833829420855,,,,,,,,,,,,,,,,,,,3.5519778063912075,2.0180191398053933,2.4508678411189586,3.635551574997712,5.555927207046696,6.212575644140297,6.038540554689124,4.234189001839809,2.627039782484413,4.257558386489671,1.1755123478719536,5.028167251565854,5.322086729513076,4.231708996837383,6.334312746132923,3.712179862581027,5.968159618158662,2.6363853523564496,,,,,,,,,,,,,,,,,,,0.0,0.0,0.0,0.0,0.0,0.0,0.0,0.0,0.0,0.0,0.0,0.0,0.0,0.0,0.0,0.0,0.0,0.0,493.23107685726757,551.9911000456835,594.8811716643493,642.7859245508496,460.8330356829519,612.6157501027044,495.6937713245561,462.9463239960997,591.9245058962375,502.0726466400862,443.5780767038312,466.7384351998063,455.5125293801814,579.3545221365789,379.98139788805446,496.44062146586276,976.6873568336132,567.7282839647346,,,,,,,,,,,,,,,,,,,,,,,,,,,,,,,,,,,,,,,,,,,,,,,,,,,,,,,80.81601100693558,82.21152580172473,81.1848426092863,81.62638651665746,81.41598968067176,82.07692712581931,82.31343293982258,82.75632832762064,82.92747854723378,82.12171894712402,81.25301767800462,81.99523462901709,83.45155416449245,81.70526129945078,83.75994267689325,82.4737175846054,82.99513626407044,81.58303893916279,,,,,,,,,,,,,,,,,,,,,,,,,,,,,,,,,,,,,,,,,,,,,,,,,,,,,,,13.484392302094307,17.39124993654908,15.87899766582761,17.080474962353403,13.629327691630333,17.61987777118421,17.285759015503945,13.805543425527091,15.440232014454658,15.52808836063775,12.538468385023432,16.042892800810037,17.69949117057369,13.848899991921762,16.563867572217735,16.97314135302418,16.33900903380952,14.190860641433506,,,,,,,,,,,,,,,,,,,71.22245794733143,85.53973839761376,88.03810524828383,77.5131788058546,70.43995361479053,80.49077301577933,85.47411230355429,71.52890752660772,80.721575457028,79.3342069058206,64.82865159042751,82.31154342890738,85.68482626320663,70.8237162766103,89.64003372789846,87.97678759947172,78.69702606980313,77.55995602902091,71.90519090604465,85.22501488156716,84.26220549749145,79.4148597347211,71.1244431363875,86.14586341643336,82.27098053925262,78.54122137987888,83.95487736768096,79.92629124975453,76.85988868504525,84.46812121976086,84.23308564899568,76.84261298721182,85.52659116109547,89.45903978135026,85.5044850602202,76.89093464699663,39.53381287312657,44.83111255042935,46.88244950952106,41.2337023079209,39.94193310596765,45.99817888818273,40.52036597902116,41.45667807351416,46.30064520357471,40.9880107576365,44.42561804826648,47.01563745232081,40.73385639041032,40.10200588753997,44.58015756761242,43.41552666002929,47.1861018016401,41.35191790267545,74.08533333333334,74.33866666666667,74.54233333333333,73.28933333333333,76.427,73.74633333333334,73.15866666666666,73.18933333333332,73.12666666666667,74.05,74.581,73.24366666666667,75.37533333333333,74.952,74.11633333333333,73.0,73.72233333333334,74.15633333333334,8302917.0,1343835.0,1076165.0,1087640.0,2053116.0,589603.0,7477257.0,2090566.0,2545387.0,46562483.0,1100441.0,2771750.0,6384358.0,1456521.0,634983.0,2181087.0,319888.0,4988922.0
2010Q4,1.2255254001492537,1.0824835421701904,1.0449451301508663,0.4229574448290085,0.6311920160126042,1.2134274595223165,1.6378547025283248,0.7135521679620934,1.078927347230689,1.3938368192823793,0.8759102450199925,0.9461266233321319,2.0621867912274667,0.9103615822542683,2.0312638517025543,2.0281278458069814,1.0459922925108136,1.064664363358378,15.705886140578544,20.53270196360289,19.559720630765472,18.663490206295943,14.180818352215098,16.614307968524095,31.451495443745085,10.773658521399296,16.62618112901959,25.493893939867995,11.921279164313292,19.28079340290233,59.32150325282149,15.068137001155604,22.137323308705078,29.535976220495286,16.927889632669448,19.051507596362516,1608.4365288028152,1685.4638038684825,1738.1285700301726,1692.1496217210056,1487.646741217634,1637.70918365357,1934.701135084617,1589.421771961687,1608.5902269744543,1773.921225279966,1483.7093232438758,1573.209343823398,2031.4158886809719,1633.4406144990412,1892.0193311002715,2126.382869592939,1671.6716860999275,1602.9147879564985,,,,,,,,,,,,,,,,,,,3224.5548340363343,4351.2894336953605,4108.328970746822,4247.033604267329,3394.8257480069783,4045.4637725244,4809.254434810071,3409.237476059161,4002.182789115116,4087.366452562324,3102.4352463695677,3722.039141112925,5057.049610635613,3367.847092724443,5040.602364741354,5353.969878245056,4198.449647370449,3662.273913450911,66.31176286934986,76.52527686242064,77.6604114197523,65.96680734805706,69.72745180126844,76.5065317398344,72.19975427981448,66.88361918430897,75.69276391008403,72.68382899320919,69.47699572017014,78.6930050094262,79.29265743810011,66.33802242716658,84.94057504310425,87.34419781147619,72.00440428671412,72.68990670533265,,,,,,,,,,,,,,,,,,,,,,,,,,,,,,,,,,,,,37.6768299111952,34.221881809910826,27.350097169911297,46.83173447400836,34.043240513281496,28.020054752123244,49.08133013939483,33.49775868531087,29.035395057052195,43.56967980281357,25.65730706768324,37.05873595032649,67.18421905266271,40.45727320316821,35.54728577100654,36.51617929007733,28.698117654930275,47.01923270174923,,,,,,,,,,,,,,,,,,,3.648070945315732,1.925414926279984,2.4811668190041845,3.7626023148209358,5.408143619895554,6.3941747531904,6.013923606123798,4.449616393194926,2.723392096427192,4.284682822703484,1.2321443979491986,4.962538374087583,5.373960235546579,4.233370970380047,6.166248757397938,3.6467543238836257,5.794253723471841,2.6886871630854468,,,,,,,,,,,,,,,,,,,0.0,0.0,0.0,0.0,0.0,0.0,0.0,0.0,0.0,0.0,0.0,0.0,0.0,0.0,0.0,0.0,0.0,0.0,451.32007273451705,403.3226545271299,424.96535401422955,559.0133947673663,565.8167602752505,532.5554313714907,408.72205957959847,415.5263597017832,510.1544288394059,447.8768236755348,407.76828826049797,456.726858488403,394.1955902245317,535.2003357844923,339.7316488812356,478.9693492075961,592.7908510605312,510.1011980033249,,,,,,,,,,,,,,,,,,,,,,,,,,,,,,,,,,,,,,,,,,,,,,,,,,,,,,,80.87038430175362,82.24940330617135,81.21434425396313,81.75481348632533,81.39968180138858,82.17248176756011,82.4187530710633,82.7948332262914,83.0083068789031,82.18963506346886,81.41999169978648,82.05972292214042,83.53782117029748,81.76216248885129,83.73776241996896,82.49074012523646,83.00695936196125,81.648183209046,,,,,,,,,,,,,,,,,,,,,,,,,,,,,,,,,,,,,,,,,,,,,,,,,,,,,,,13.401280564879874,17.30779781431212,15.828042093236801,17.025758153297396,13.659756526509048,17.551455879090117,17.239997946557185,13.783652488032695,15.39254141130515,15.44959081692799,12.332128461789349,15.95634142194341,17.59487682613551,13.774372866252945,16.43348621765193,16.8767865153307,16.361065558561737,14.090211250098585,,,,,,,,,,,,,,,,,,,70.3350089096776,85.05645770803604,87.16646612645765,77.9392778248573,70.6474975625466,81.60916742227919,85.7798179378803,71.19951971254405,81.17079286364475,79.39435142000634,65.87503987969112,83.07308993285267,85.84121164173165,72.02401881969364,90.31437404925786,87.35349133194974,78.55887780186534,78.01417055219763,71.4217227717462,82.21974270552235,83.4189473795248,79.35601139629487,71.17591849968953,85.48397719621039,81.83030557222143,78.03446067023609,83.60759148662386,79.66948397259435,75.82306839750038,83.90267623989651,84.58898916395505,75.87415686473918,88.21159622953763,88.83796814800056,84.56853861315172,76.83291711494581,,,,,,,,,,,,,,,,,,,75.43533333333333,75.63033333333334,76.069,73.81400000000001,77.28166666666668,75.04333333333334,74.231,74.71233333333333,74.41699999999999,75.24866666666667,75.94133333333333,74.769,76.37566666666667,76.385,75.13666666666667,74.27466666666668,75.30033333333334,75.31566666666667,8317502.0,1344115.5,1076021.0,1089648.0,2058996.0,590238.5,7485254.5,2094811.5,2545336.5,46614829.0,1101370.5,2772582.5,6389298.5,1457798.5,636041.0,2182110.5,320369.0,4994066.5
2011Q1,1.2011655680087465,1.012386714622862,1.006235889735783,0.39500629132450016,0.6194362087616028,1.1593533292949025,1.624372097673813,0.7167629690387405,1.0314256361277228,1.3836243664749108,0.8798909755415611,0.9473013271331949,2.064914248954049,0.880050447903393,2.09724351813304,2.074624609873371,1.0442027514387255,1.0559331897587398,15.623313751000598,20.488234820196208,19.666530707634106,18.78210452849652,14.23837494750257,16.437483657695903,31.389521034575548,10.698516040115726,16.442263280246152,25.4169893025823,12.014681288529747,19.19081832376073,59.18503769753128,15.030421613026151,22.247562267545817,29.67520204177691,16.885217683113073,18.9850946726097,1573.978352817357,1658.720122711185,1688.118624712524,1660.1214480515334,1474.1662429836654,1624.3304057949542,1922.117812370493,1569.619352234683,1636.8806569886012,1754.9144285588145,1468.4235945966632,1551.1182869058687,2001.0800378878073,1544.9236674606084,1896.6975948876943,2092.0892831438896,1657.3487619305722,1594.7822369037574,98.80266795911028,96.4184351636804,99.61699743234216,93.5391836992618,99.1867027876072,97.82416914129747,94.13166134044992,97.05976954552776,96.640183022677,96.3199884735734,97.6708103152738,93.7787340971643,93.73656014548328,91.66340768805608,96.87835928991056,95.4273625068583,97.59346716255452,95.7612028552623,3210.752829434883,4331.629857038278,4082.682358638516,4239.603625846395,3389.186111909845,4009.9254510343503,4746.827246790161,3358.412523692124,3953.101114116004,4051.602086985155,3068.44432614912,3688.890958146832,5041.594985316987,3332.283435100671,5005.293315704971,5281.708007093744,4166.38636343222,3640.7350781025207,66.75952147279845,76.61190732870004,77.57669380541972,68.43870505738116,68.89233666206323,76.73813899123778,72.81328208075776,67.20839472914395,72.94154034187785,73.0699146581375,70.155434866783,79.65214680747195,80.3631046856878,67.84593199676104,86.92289551191699,86.5104265039513,69.54630500655291,73.09548029134224,,,,,,,,,,,,,,,,,,,,,,,,,,,,,,,,,,,,,40.95998746711458,33.64884706109376,31.27643485901256,49.22703200346218,38.07324027172365,34.94989392881755,50.78671480622652,32.98130340535464,29.24435960238088,44.968208573079735,25.08400272952663,37.440636080749705,73.65897516443115,47.433566851401785,33.54708867205278,36.542378408754175,29.667054799897883,44.86116759507557,,,,,,,,,,,,,,,,,,,3.745292076286388,1.8282478714321058,2.4598643218417613,3.9439566761670495,5.293942653170823,6.610172406766706,5.9700570060738745,4.634676443854572,2.79415074291769,4.296075734751947,1.3380228981817455,4.836645655543928,5.416396515766986,4.11782688470523,5.84477558585011,3.4973289493613366,5.561469310419318,2.7450707481376044,,,,,,,,,,,,,,,,,,,0.0,0.0,0.0,0.0,0.0,0.0,0.0,0.0,0.0,0.0,0.0,0.0,0.0,0.0,0.0,0.0,0.0,0.0,481.5501704967094,560.0968625170175,443.18693996059204,554.3030352188529,448.3668672776666,520.0406033541635,387.1942376762601,429.26981420488806,488.3534756078699,471.7022235048048,497.88168846672227,434.95635196367556,419.3286270196016,586.7687515391451,319.21115324554046,493.90180290946927,646.7385246721377,466.6031408515643,,,,,,,,,,,,,,,,,,,,,,,,,,,,,,,,,,,,,,,,,,,,,,,,,,,,,,,80.88888293145943,82.26553318708578,81.25792569100378,81.89509820315655,81.33262991269699,82.31983682132459,82.53551170901454,82.80076223799648,83.11657456376021,82.2390349835799,81.66863011001914,82.0795193595252,83.60607511759304,81.74307105173654,83.58373680005242,82.4372015111072,82.97083947934593,81.71790473130987,,,,,,,,,,,,,,,,,,,,,,,,,,,,,,,,,,,,,,,,,,,,,,,,,,,,,,,13.334448486679888,17.285252546597185,15.750638556785688,17.03038597886574,13.638099912552011,17.394315052278873,17.07354353278921,13.705119559676323,15.283614264343338,15.335650596566982,12.290855160297866,15.804615320658515,17.422869594933683,13.51902805947153,16.22094071984433,16.67926712876336,16.342220917292185,14.009272485120489,,,,,,,,,,,,,,,,,,,69.36475936848771,84.53236267746843,86.23035710115288,78.37357290658659,70.91956369326155,82.80191906791343,86.12549740833255,70.85991839212161,81.62138848531627,79.46068849780909,66.94623528597965,83.90746630893233,86.00912237609744,73.2801130140137,91.01027521892854,86.68823896571716,78.36347729668324,78.53721436949795,70.86426195771634,83.89319585621303,82.9996763802641,78.79145520889635,71.37625010960085,85.27672789699203,81.77069536814473,78.97814531101267,83.2639977277139,79.4443900842011,75.9447280483412,83.5055707501955,84.79907551666224,75.23970362931088,88.0552781915629,88.65299657322873,85.87634817686862,76.54108656695823,39.66433787995167,44.77462842699754,47.56394140639898,42.05048816248047,40.40571086289231,47.04151329725433,41.12107986269748,42.65667866259784,46.51597646825528,42.34886604923786,43.65285895648821,46.25194841581536,41.7019687636864,39.47752839967092,44.32113560735355,45.36725218185752,47.48586553517625,41.42791062771733,75.48566666666666,75.68666666666667,76.16366666666666,74.219,77.722,75.24666666666667,74.42366666666666,74.90533333333333,74.552,75.38933333333334,76.04166666666667,74.64633333333333,76.67566666666666,76.36833333333334,75.14033333333333,74.16366666666666,75.11966666666667,75.49433333333333,8332087.0,1344396.0,1075877.0,1091656.0,2064876.0,590874.0,7493252.0,2099057.0,2545286.0,46667175.0,1102300.0,2773415.0,6394239.0,1459076.0,637099.0,2183134.0,320850.0,4999211.0
2011Q2,1.1761243737260134,0.9723924846793132,0.9786784509687007,0.375780235443053,0.6074408749184309,1.1213794366461016,1.6090383920060358,0.710894448415614,1.0207451431710965,1.370024390943649,0.8675526343936024,0.9445113564676,2.036758729510157,0.8622751604737832,2.126483046641659,2.121550242016745,1.0326506745239004,1.050367050841031,15.543926360134723,20.31254869749303,19.55104290629604,18.534631965636176,14.514427255817756,16.48024877130185,31.361753362602578,10.690591246601002,16.487040093745545,25.39024825961688,12.190356789629043,19.115006381700045,59.15808192766227,14.823457308002846,22.273549149184653,29.77805625294343,16.926197191642757,18.920503554664066,1593.2548536850045,1644.0102619977438,1700.1371109278348,1668.84545507514,1479.5871711840157,1613.5123341536832,1915.2065938984226,1561.163968540227,1621.4135939687244,1752.6374139024488,1470.831264464599,1554.9082969590008,2004.510886018445,1524.3695663270023,1869.5370434546505,2096.2494800999707,1649.817477872218,1589.8135350222178,,,,,,,,,,,,,,,,,,,3167.9078670188937,4294.564628895445,4043.7413170554505,4211.858166852573,3366.554390096789,3961.943531186128,4677.796185782545,3308.7198440294883,3904.5757562627314,4006.37035338604,3031.8285003776045,3651.357158425238,4999.64790056185,3290.46867430782,4947.387025400186,5207.5960403129775,4123.97116079722,3605.688253902729,67.42291364535862,76.90785245797171,77.779440593753,70.05551952934417,68.73440180524793,77.63903731918622,73.46290410068157,67.88747585709042,71.93629270236862,73.48822641182565,70.26867396456251,79.9475252274249,80.78109877944316,69.14338825026873,88.02569140714891,86.145589278948,68.76380814388435,73.33478537336396,,,,,,,,,,,,,,,,,,,,,,,,,,,,,,,,,,,,,40.001014487957725,34.93503906641176,28.20738873305409,51.61689884999951,36.26750757456553,30.415027104378094,51.583158164051355,34.141285580109574,30.18856875519172,44.01612599971004,24.73725160055999,37.32930496578751,69.65779611824992,44.2962920286479,32.70203127501166,36.52157040039738,29.41437450666447,50.60611141810073,,,,,,,,,,,,,,,,,,,3.842071255811641,1.7667370448162656,2.475724429578887,4.09956314037109,5.259362329793092,6.794827910817801,5.943849051500922,4.731006343613328,2.8565852021525777,4.315666207630507,1.3899854338892637,4.771387274492085,5.434389004871075,3.9993918005155553,5.5963608709529105,3.370771688262841,5.445909853603276,2.8162373626014214,,,,,,,,,,,,,,,,,,,0.0,0.0,0.0,0.0,0.0,0.0,0.0,0.0,0.0,0.0,0.0,0.0,0.0,0.0,0.0,0.0,0.0,0.0,383.2683477409723,271.2174864357706,294.52887490058055,426.2984418460494,323.62138382567446,354.37291271111644,298.75488129953493,307.25231473264625,391.2852281307072,338.65113435701267,304.8290300036943,312.430876674996,290.0606376432249,407.84328940514325,273.1845693497199,425.16341681417384,514.9232879213373,376.4540572594022,,,,,,,,,,,,,,,,,,,,,,,,,,,,,,,,,,,,,,,,,,,,,,,,,,,,,,,80.89361127952546,82.30064601352635,81.29003840855833,81.95638375622048,81.29549665971251,82.40989600383301,82.58907027446249,82.79159195079325,83.17479631578473,82.26171311894736,81.77773854241131,82.1026000489133,83.64073041093019,81.72741498953002,83.49139608369283,82.43411550521182,82.9084412966717,81.75960479379913,,,,,,,,,,,,,,,,,,,,,,,,,,,,,,,,,,,,,,,,,,,,,,,,,,,,,,,13.294950646544873,17.4141622589692,15.761104626927716,16.844681204760466,13.686871335453828,17.33924902539751,16.99766756254458,13.662887897389895,15.274820148932411,15.28317549893003,12.249308647165137,15.776531371891112,17.35772638097494,13.393527519625893,16.22062158930919,16.736090497728473,16.440741884428846,13.902684385286555,,,,,,,,,,,,,,,,,,,69.01981167337907,84.34735596115527,85.77708231625289,78.79765173050167,70.5467208778521,83.41706035270869,86.09098412538549,70.6330632464491,82.11903527293728,79.45467628677258,67.90612963663334,84.17751857574433,86.05940057553228,74.1055966824248,91.63906613539811,86.25053315241121,78.7663856228605,78.46560615299107,70.4653967595566,82.99586410844016,83.0330592283877,79.23181137278702,71.07628638271565,85.11657614569229,82.04664978475262,77.2044571325812,84.07875454642212,79.49536696209601,76.64201325775421,83.92215835743532,84.33996719625922,74.61646843613875,87.44491564285416,88.15990757094623,82.00866231605524,77.34664298548721,,,,,,,,,,,,,,,,,,,76.891,77.065,77.58133333333332,75.27333333333333,78.91633333333334,76.39466666666668,75.70466666666667,76.29466666666667,75.81433333333332,76.68633333333334,77.46766666666666,76.09666666666668,77.74900000000001,77.82333333333334,76.60666666666667,75.47166666666668,76.93633333333334,76.815,8342419.5,1344431.0,1075495.5,1093556.0,2069430.5,591219.0,7498638.0,2101187.0,2543325.0,46701716.0,1102907.0,2772533.0,6401666.0,1460091.5,637840.0,2183575.0,320950.0,5000666.5
2011Q3,1.1465724857378712,0.9497260640490082,0.9556924389605242,0.3599418235880968,0.5936415506243328,1.0905664906907226,1.5921544531275638,0.6966699403177736,1.0353468398652559,1.3528783888114486,0.8433239816544756,0.9385106849502394,1.9846784483070685,0.8508535388481134,2.136006211724925,2.1753779556141692,1.0143989123644772,1.0472795120940859,15.423351499536732,20.116367027563506,19.54335791462941,18.314452933347344,14.258222911777843,16.455173724474395,31.365897592246657,10.656685741655693,16.63465458412796,25.356980158447097,12.060392202236729,19.18223524106596,59.29918461624948,14.71196620858655,22.235160619649946,29.74425239263126,16.811480341543025,18.757760658255442,1599.246119538596,1633.5696040867708,1709.76164737028,1662.607123484679,1476.5452832465292,1605.9706917958051,1914.4217845763587,1571.654015617228,1625.8447905867167,1755.0209427309996,1468.0821304074798,1564.4658038916702,2016.2959864179063,1523.8248617347397,1864.5137069112216,2091.066538827819,1644.8698165743388,1582.8878714636887,97.60106015743162,,,,,,,,,95.34327315729468,,,,,,,,,3130.933141904986,4229.260362317649,3981.8759592895176,4155.039247224854,3318.3271929714074,3889.700496391879,4588.910475888964,3246.741571208323,3844.22901093696,3939.7364431754986,2982.6250546101523,3597.612751648856,4921.527240778152,3233.2973904946584,4853.627917840938,5115.985395850661,4055.9019022769594,3545.612283864056,68.24061691449508,77.34961766848613,78.21426280974637,71.11871038978981,69.0276176809583,79.07190248381276,74.1326480369308,68.86231155635298,71.98165482594636,73.90741416751662,69.93697905957477,79.72533299082625,80.69084118280063,70.37023215842443,88.55652138705376,85.99491448889079,68.99674868255364,73.3956526353781,,,,,,,,,,,,,,,,,,,,,,,,,,,,,,,,,,,,,42.53927997331215,32.14900329444377,29.859480857453068,53.31298221526822,38.27378098337057,25.813002297603408,53.90934441812488,32.659634926801296,26.73536645690437,45.751751635783684,26.771212311147558,35.36266496312739,67.34245815879655,43.46447469252849,35.238820956100504,34.6638109014528,27.222602160510455,49.09025299005218,,,,,,,,,,,,,,,,,,,3.9378125758565186,1.731366843624013,2.512481669362029,4.247448545776116,5.292079525532143,6.96245337519123,5.926204116468377,4.750215568221953,2.9095625060186414,4.338267295654381,1.4092814090616452,4.739645966610164,5.430559742538286,3.8546169941456037,5.372208876480675,3.2453513462752217,5.407743188671798,2.9003763139468424,,,,,,,,,,,,,,,,,,,0.0,0.0,0.0,0.0,0.0,0.0,0.0,0.0,0.0,0.0,0.0,0.0,0.0,0.0,0.0,0.0,0.0,0.0,331.1065075457572,321.2375413721056,227.5864928940125,386.7721980178777,287.3321645876084,327.94919052259434,291.7728713530497,217.62077983710185,371.07747594935364,295.224944879661,230.40973911184412,289.92563497684756,288.49333496580107,327.5583550315014,286.78881973162964,274.6655604191467,465.0771503536878,307.0015989037689,,,,,,,,,,,,,,,,,,,,,,,,,,,,,,,,,,,,,,,,,,,,,,,,,,,,,,,80.87933796956426,82.34631076260176,81.31432122166446,81.9572736727161,81.2685057081894,82.46451560115528,82.59456340018697,82.76292256059962,83.19824836340274,82.25879928640177,81.79342745143771,82.11958663036677,83.64473196708082,81.69819896226971,83.4201376634055,82.45667815764483,82.81318153386516,81.77913840589443,,,,,,,,,,,,,,,,,,,,,,,,,,,,,,,,,,,,,,,,,,,,,,,,,,,,,,,13.149361557974224,17.499528186129993,15.575899246917743,16.672160543181313,13.728485988451636,17.17726265466273,16.909031199758438,13.550134060380106,15.316729082576103,15.21979882383511,12.226050451305204,15.725202535293528,17.25192515056674,13.24140717454107,16.142216585884757,16.685400191013144,16.48473505058952,13.894936761826825,,,,,,,,,,,,,,,,,,,69.13886451866323,84.41776749788501,85.68213114926685,79.218812844642,69.67739977426031,83.5959444756414,85.76479885521336,70.49350542933426,82.65723190347072,79.39223836672485,68.7889619084474,84.02266660714754,86.018899478273,74.60543591534633,92.22625149580533,85.97381629250513,79.63165330775985,77.94178183935819,69.60017342902084,83.00897151879411,81.61358599969837,78.48111323471912,70.94450345319694,84.25268440858088,80.19400194796415,76.37958016475426,82.85706481271264,78.23298786630012,75.70551556020988,82.10085302704452,83.20262061409458,76.12991953365334,86.54852468715933,87.10559109086816,81.9790539927344,75.55040246521209,39.17615804053965,45.85485693961429,48.64042100354973,42.49573059635683,40.08038578509961,47.12545985799282,41.25318821322461,42.22948332404128,47.16840728455024,41.9490383666306,44.5859237507416,46.85104371339336,39.6118162394312,38.81627246023901,45.14373334179464,44.43980376341198,48.22291576884045,42.43712416596085,76.34133333333334,76.65333333333334,77.07066666666667,75.23100000000001,78.34333333333333,76.16866666666667,75.46933333333334,75.76033333333334,75.565,76.31933333333333,76.873,75.64999999999999,77.596,77.13833333333334,76.35066666666667,75.151,76.25566666666667,76.36966666666667,8352752.0,1344466.0,1075114.0,1095456.0,2073985.0,591564.0,7504024.0,2103317.0,2541364.0,46736257.0,1103514.0,2771651.0,6409093.0,1461107.0,638581.0,2184016.0,321050.0,5002122.0
2011Q4,1.1161375725273686,0.9454947366488167,0.9393932203349921,0.34927164964434987,0.5794813656956336,1.0687007433682736,1.5744350571925887,0.6756726422278716,1.072482380835925,1.3334728537699923,0.8092324084103607,0.9296766314489653,1.9136485732287252,0.8468208527747101,2.1202672235003757,2.228447192495713,0.9887476616728977,1.0464202473061428,15.321311798620359,20.00710365392375,19.70409689491085,18.11958344296678,13.970721847763377,16.445408082214684,31.341687546800195,10.471896538108256,16.676933754036096,25.3204766649474,11.820788616757744,19.164981441954456,59.515891217342705,14.67370855866042,22.24951547560438,29.75077314094554,16.428306184927735,18.576664163239265,1594.6821230302348,1623.1478407413838,1700.2855866045295,1651.5611401014155,1481.4603447182737,1599.077068993305,1918.2239949708194,1573.5593913165603,1605.796185982637,1751.1851611716438,1472.4508041291206,1546.301920952593,2011.3021483227294,1524.0206040234934,1844.1444821693715,2083.5021034398846,1625.1593177210912,1572.5120741692767,,,,,,,,,,,,,,,,,,,3070.590463418321,4147.929633800429,3908.960283726439,4079.421386884138,3252.38617963178,3803.1173350124095,4493.036233135604,3181.516807126525,3783.075626692821,3861.480517405436,2928.615978974435,3536.1283017021124,4819.680475360899,3171.547300383477,4737.83393377348,5020.770675662557,3974.1650658507992,3467.8330346433627,69.17694796734787,77.93062254484212,78.82960279108092,71.58706502348487,69.74564385173049,80.95092120576324,74.79116578162987,70.04181785741265,73.14051212980716,74.33444476252022,69.2389121090797,79.07499497427685,80.1649553520684,71.4404475945458,88.49489169388035,86.1490697282099,70.29313816700913,73.37408169991565,,,,,,,,,,,,,,,,,,,,,,,,,,,,,,,,,,,,,43.36718806455176,34.151768849161385,30.369337556436893,56.59680198341941,40.3207438999751,31.11505749306823,52.47459016652149,33.09919450681736,30.590885403485284,46.8187705854261,26.54780249469968,37.66061563076112,71.18872736031454,44.20020222980682,39.38045765468914,33.635888575444426,33.45674542083954,50.52906278318975,,,,,,,,,,,,,,,,,,,4.039190298817401,1.7227530903212953,2.5719323054664254,4.374822760803873,5.3907959223101924,7.10814380993912,5.925109751019371,4.711633901242765,2.948927953437147,4.370653253709684,1.3923970429190733,4.754144841618359,5.413074801790746,3.7172023105585623,5.197481133309621,3.132310879498436,5.4512451492613065,2.9963946189718236,,,,,,,,,,,,,,,,,,,0.0,0.0,0.0,0.0,0.0,0.0,0.0,0.0,0.0,0.0,0.0,0.0,0.0,0.0,0.0,0.0,0.0,0.0,339.1527258965038,277.3736068147323,177.67008126121448,391.46755233003444,256.13811401870583,311.9675469144149,261.2923659544619,295.75144910266346,327.566270549273,292.4006490985845,222.97601938306693,272.5881151644501,270.6584761298798,333.0797356385209,307.85002701497996,369.2373843573985,541.8336910702093,275.826004459194,,,,,,,,,,,,,,,,,,,,,,,,,,,,,,,,,,,,,,,,,,,,,,,,,,,,,,,80.85816781945086,82.40751003678612,81.33771467877348,81.91124436790686,81.26336771940115,82.48575157368714,82.56085461633596,82.72472325061061,83.19038075705232,82.24045261107095,81.72020389613178,82.1382939611947,83.62846250439594,81.67131499646369,83.38472945284926,82.5120048260361,82.70753769011725,81.78335206899663,,,,,,,,,,,,,,,,,,,,,,,,,,,,,,,,,,,,,,,,,,,,,,,,,,,,,,,12.941870032020264,17.592136956837788,15.429085463201375,16.44152588765931,13.760469570603547,17.154616478761646,16.678444442611134,13.35778744191322,15.172233487697005,15.081796353363165,12.09500695058925,15.785073874602192,17.225693966872456,13.137090067536404,15.932487934357756,16.576200961621588,16.08542833556451,13.78215226936394,,,,,,,,,,,,,,,,,,,69.67656443946998,84.70251386349126,85.91042943332741,79.60996251826977,68.45631565462605,83.38507610373651,85.21871961106861,70.41351293209499,83.20234433827572,79.29239684869353,69.55867316893958,83.49234850817577,85.91257757009731,74.80885438821518,92.72440714986806,85.88741158936647,80.83848377269639,77.05539763815277,68.70711115147463,81.91666460322281,81.14449168191481,75.43690319492045,69.44983141183448,84.18236154164782,79.39009817625214,75.21837305295374,82.43867487970167,77.29177253612981,71.44905784829736,81.43511544292866,82.24324474346436,74.15479450408414,86.08125714044603,86.77214850977218,81.34415055130061,74.58160943370083,,,,,,,,,,,,,,,,,,,77.38,77.74566666666668,78.30866666666667,75.76799999999999,79.06133333333334,77.12266666666666,76.356,77.02933333333333,76.68833333333333,77.32033333333334,78.031,76.95966666666666,78.52499999999999,78.41733333333333,77.36633333333333,76.25666666666666,77.60933333333334,77.23966666666666,8365280.5,1344128.0,1074709.0,1098085.5,2079956.5,591975.5,7509508.0,2104626.5,2539509.0,46777236.5,1103928.5,2771783.5,6417333.0,1461517.5,639302.0,2184356.0,321000.5,5005884.5
2012Q1,1.08032494247337,0.9685552016651333,0.9312208786638677,0.34462655927734037,0.5635073203776345,1.0597635573516115,1.553737600359789,0.6443128566486216,1.1511973792018315,1.3090648947389876,0.757006045376547,0.9166925009195641,1.8068039736865504,0.8534900770347305,2.0727005080027645,2.290988862904711,0.9532122674645805,1.0487582967492266,15.174082474217206,19.81640399335794,19.69663732655265,17.641610464853393,13.815067829541567,16.395304395700176,31.17055978721591,10.269349957471576,16.484204727500895,25.128339363474744,11.584929230406521,19.091002887885875,59.467911172480235,14.541289289317046,22.26747236034476,29.54892170290392,16.22032633009832,18.200769177082666,1579.6926129353978,1627.540257162509,1681.2333766854333,1649.932710914967,1450.4933129050457,1589.3958309460702,1902.6886856229844,1591.5386450591343,1593.222014591631,1743.0600605099712,1461.9199844829775,1524.072791029485,1995.4243740932588,1521.5930462442402,1835.1907072092574,2086.904737686412,1612.9267066680995,1577.8404751412095,95.49546915062422,92.26377161430548,95.8416478304885,91.58108395550798,95.79737172136336,95.21288825283033,91.14286120965691,91.71096464886897,93.41280424399709,93.7497506766806,94.42258656469946,91.46001736966286,91.90045890129196,88.88449802819652,93.33431054336047,93.65290740243776,94.11826889901631,91.84965631557576,2977.2459371688515,4025.190205702893,3805.048113357511,3964.2891387448585,3151.7934527522325,3680.830721241181,4366.685166036024,3092.9906026983203,3702.745993157833,3749.695885737142,2851.511616061962,3448.5312964353966,4664.278706213884,3086.129352313027,4574.2765194922185,4894.561536876405,3853.21921381101,3352.952447613863,70.38270844872805,78.73396692016085,79.78243811688937,71.25603681770612,71.157003841309,83.63995006928805,75.52275622189195,71.66919589115655,75.97121027330199,74.78698142617363,67.86468046114838,77.66621049899827,78.90081668577496,72.39289719893681,87.57609493560096,86.67460159086899,73.20028584154223,73.09285950022695,,,,,,,,,,,,,,,,,,,,,,,,,,,,,,,,,,,,,42.906066362476665,35.21030247722808,32.71893371865412,58.8150723598572,39.050145118404075,27.455454305599062,53.036713135256285,34.316695467339756,28.15518438583579,45.606191908204586,25.676696668991486,37.273054550353415,69.22405025916683,42.34052017927919,36.05299716110953,33.33029083519703,34.73823487058238,49.76562609999259,,,,,,,,,,,,,,,,,,,4.135729072026023,1.7484578803439863,2.671849859045923,4.495996945679968,5.571951716334565,7.229599035487944,5.932420783649941,4.5633500433836405,2.9887953177208564,4.40615521442621,1.3261915657206353,4.817306059588989,5.363503495976041,3.543009944764802,5.063619733341847,3.029081566485157,5.60430680273504,3.1124545123943412,,,,,,,,,,,,,,,,,,,6.617009865593446,21.835331323566333,8.029163992445842,5.3574500569742005,6.314899918379302,5.369204693043209,9.205535110723547,2.817831948829825,7.157477495927759,8.995485739764323,2.712560079879571,5.536477676218826,18.12488816006701,3.376779668475612,5.3662918879202905,9.575361549059952,5.37620859685646,6.342884154449582,284.8780679987066,272.8067511525843,205.86378816092733,353.8747179119292,235.5768370134712,258.17524517072076,238.568333768952,270.28232341679734,327.2030817707718,276.1411711256668,242.62221561223487,223.21329436613544,247.2630327309332,308.42646397378746,294.0164370204985,331.01085181169134,255.9218143527261,254.87172882183864,,,,,,,,,,,,,,,,,,,,,,,,,,,,,,,,,,,,,,,,,,,,,,,,,,,,,,,80.80791622794906,82.48416048415594,81.34223440705915,81.77154349295715,81.27144716415098,82.44861399264076,82.45325801440919,82.65759235043902,83.12762921360554,82.18287867509935,81.50137199765574,82.15092727924936,83.5664309420103,81.627876470988,83.39202453407619,82.60931080511648,82.54732155365846,81.751288903033,,,,,,,,,,,,,,,,,,,,,,,,,,,,,,,,,,,,,,,,,,,,,,,,,,,,,,,12.747593148093395,17.515677147873948,15.308860311400338,16.229314005247762,13.606774359318603,16.633351442456725,16.51567041649722,12.920237824899004,14.958097031811251,14.901374299712566,12.072030316989332,15.648800201854757,17.099268071730343,12.959986364625037,15.714080623113556,16.658116502346466,15.80428317445819,13.505334561652043,,,,,,,,,,,,,,,,,,,70.89462558019319,85.37241919863787,86.65846834026836,80.01099257904295,66.4510014343535,82.56902484496769,84.22948140154925,70.46291773293416,83.84811349602596,79.10743800913612,70.27352905111972,82.34072972577289,85.66895111422811,74.59774689854436,93.2212783072721,85.98910642098318,82.77116789793732,75.4978012896539,67.24298246773377,83.45098845796815,80.41703211618076,76.50166779063179,68.02462328160644,82.72301282471422,78.72354180448635,73.65448893018997,81.40284737642651,76.39293997293807,68.88815624974879,80.63587665652753,82.04434948126622,74.04708459469438,85.14445547347673,86.28385020588405,81.21009886990392,73.60563155196117,39.94640278667953,45.6229506805542,48.73699649831994,41.71395105825132,41.01514068534076,46.61824907005779,40.66406105643249,42.35123097897215,45.78067586330265,41.49305924256921,43.40551988219715,46.44295537986,41.22967387850334,38.90755999013169,45.24359333284327,44.29023667879506,48.07049663613303,41.72388506042617,76.743,77.216,77.63066666666667,75.53766666666667,78.81633333333333,76.587,76.089,76.42533333333334,76.27433333333333,76.86433333333333,77.40433333333334,76.217,78.18233333333333,77.691,76.82900000000001,75.61200000000001,76.77533333333334,76.961,8377809.0,1343790.0,1074304.0,1100715.0,2085928.0,592387.0,7514992.0,2105936.0,2537654.0,46818216.0,1104343.0,2771916.0,6425573.0,1461928.0,640023.0,2184696.0,320951.0,5009647.0
2012Q2,1.05987694559454,0.9751553262263738,0.9230504643232754,0.3407063347274493,0.5523854320331151,1.0428050756927376,1.540921790521628,0.6194629337964499,1.1834374307877071,1.2928421228036813,0.7290584445012257,0.9052570820244908,1.7487937629899923,0.8534783413583562,2.0265737789732836,2.3153494748897088,0.9182873162185308,1.0498339219226236,15.009202971003972,19.711625728254205,19.446008653186187,17.43401533275685,13.761079233034591,16.38682862588292,31.034173054864908,10.184814600240992,16.349918468377897,24.96673253202331,11.416222831617496,19.055467708568344,59.089809532785374,14.462708181867725,21.723068934853654,29.419050086306964,16.07902357945996,18.00572121956803,1572.6576719279765,1618.2902397432968,1669.2202285077449,1631.3025650724846,1446.2893593470712,1565.8613101169256,1878.264077549628,1561.0730441288893,1573.9853821365616,1728.0215791041057,1448.6281087393472,1511.299701040259,1989.880940328022,1512.6305839181346,1825.922028472346,2089.4595860957493,1587.579468548532,1568.6110143654275,,,,,,,,,,,,,,,,,,,2921.6933111909143,3939.878621501588,3730.124506708945,3881.951581669255,3085.74394890266,3596.4658215558024,4274.733218759215,3035.295322620741,3641.469204283936,3671.119725343573,2799.916650307568,3385.3590600484204,4556.994922651833,3023.5526349647043,4461.249987006895,4804.306097523084,3769.050218027869,3273.2339094131007,71.1335350817301,79.3718499219781,80.25978889344675,71.13846685935778,71.95514538193727,85.44473899194023,75.88806007124056,72.5512456107949,77.84287510369954,75.16565787730765,67.24481020032356,77.0882929162085,78.3548464247026,73.03449573131147,87.07472434406303,87.23783518098463,75.17773520542661,73.46564135244026,,,,,,,,,,,,,,,,,,,,,,,,,,,,,,,,,,,,,40.50251297395603,36.09222997540492,26.790916027329605,52.640140235909264,34.35370149251687,28.003216519980295,55.3136111208257,32.14327608217003,26.910116135023586,44.2366752483966,26.711526363390682,37.50963811880375,68.8538847783435,43.58526309892245,36.88197682160122,32.63235160493233,32.388274450101655,49.41477662411843,,,,,,,,,,,,,,,,,,,4.290260834220383,1.7752664485774194,2.7323920421301113,4.548815786661641,5.77390214084998,7.338290297998242,5.99338955570047,4.559308615685859,2.960961724015714,4.484982121914831,1.2756320079174601,4.9332893424975754,5.377313728535586,3.554818715269866,5.007487252497367,2.9441886671830217,5.73944113937741,3.2191062888224207,,,,,,,,,,,,,,,,,,,6.5527039715411215,21.80350326248005,7.901285532466273,5.293745265550428,6.264234787755158,5.306418661306827,9.070355405946499,2.712473671183451,7.0942716494211755,8.925964629027154,2.7020905985230237,5.548056117145626,18.050867491593046,3.2806144439703915,5.302284468618653,9.542837456970004,5.310434943405391,6.218752122424554,274.8140936280106,235.80624968970793,211.8645746885239,352.04478796682247,241.48118812756863,323.3421935381542,224.74098579859702,249.23913785956367,303.91061199069077,251.91739315375975,191.14807795006323,204.944797899591,228.5173793603541,265.53029099374334,265.4271651245239,307.30493436077495,421.526295928577,258.6318481695376,,,,,,,,,,,,,,,,,,,,,,,,,,,,,,,,,,,,,,,,,,,,,,,,,,,,,,,80.83393222806032,82.58246087889337,81.42372202255703,81.76613353878034,81.33914707914033,82.48073215723932,82.43866994211977,82.65147744689482,83.12472719761107,82.20055471576269,81.40628407246561,82.1907542136392,83.58159639258868,81.65558177970568,83.40458075965726,82.70148245983441,82.54727784949608,81.78680231323432,,,,,,,,,,,,,,,,,,,,,,,,,,,,,,,,,,,,,,,,,,,,,,,,,,,,,,,12.504633601177913,17.248206988955943,15.350310317340398,16.178968702818494,13.455514785215474,16.392241305962376,16.353842605908664,12.754883667059037,14.80258478358498,14.739928130628474,11.935828116801101,15.51884454585953,16.824396411350172,12.873848282871943,15.50618503112764,16.77358103923522,15.784706985057316,13.376205252291108,,,,,,,,,,,,,,,,,,,71.61322042668563,85.62686289019041,87.02384864741099,80.18352279121841,65.81461458493024,82.22514822896329,83.91845651927845,70.26295420126411,84.17333973165087,79.09361080294934,70.66798048114926,81.71557817810803,85.65611837366772,74.65668732034311,93.29433711730499,86.32201878476094,83.5593698587004,74.80688851222375,66.15712699716639,81.70077737575909,78.92683695096103,77.13903536027284,67.53536287235814,82.52356916900725,78.08052150300354,71.33419234715045,80.54187575154006,75.61246888478524,66.25626931430378,79.61988718324545,81.45023489803016,72.48291260797231,84.06709807177413,84.5868126299733,76.26291083121444,73.53848325523619,,,,,,,,,,,,,,,,,,,78.18033333333334,78.57166666666666,79.02,76.79266666666666,79.88466666666666,77.74766666666666,77.432,77.75066666666667,77.68433333333333,78.194,78.943,77.52866666666667,79.31566666666667,79.26100000000001,78.14466666666667,76.932,78.544,78.34666666666668,8378043.0,1341888.5,1072334.5,1101048.5,2086773.5,591604.0,7507182.5,2102107.5,2531595.5,46783759.5,1103145.0,2768249.0,6424799.0,1461558.0,639639.0,2182682.5,320506.5,5004357.5
2012Q3,1.0498895844401244,0.9737666801620969,0.9162158113416035,0.3382845704642031,0.5445202875976489,1.0217876617241837,1.5337395265615283,0.5972377878301472,1.1864024042145414,1.2819167010623334,0.7160825364345659,0.8940476529949472,1.7209308645660772,0.850023205506118,1.9755298553295721,2.3117141328432025,0.881537519176226,1.0506119063408117,14.850458744316715,19.594627381219873,19.490329896023656,17.511874480897475,13.66505541126264,16.24122531005195,30.8723281147907,10.089189491876931,16.22064275449464,24.834729391466084,11.312902570597958,19.05780960649611,58.83925478116017,14.376415182354995,21.52849761174267,29.321061239870797,16.018187874524564,17.875391540935468,1552.3126133417422,1609.9027855755278,1645.029034692222,1610.7177647314654,1425.1039576341054,1558.8899959091493,1865.7797821477016,1535.8136509131116,1569.100621121571,1712.0426987122319,1427.6315823141804,1504.2939040972753,1973.7641325349662,1490.3967765863372,1814.673611285642,2080.451689069087,1596.0879655624433,1542.0283874057736,93.86812834257734,,,,,,,,,92.5509547094967,,,,,,,,,2879.7239710541603,3901.79169250755,3694.584402891146,3838.9282223552495,3058.047455450709,3556.672027190336,4227.788364023959,3013.1416394939374,3609.164831763534,3633.8635843285097,2780.851049777305,3355.7385289700514,4506.935713409488,2995.711681217473,4408.732978278811,4765.512690990787,3730.5522336031695,3233.965644236095,71.57706390561535,79.92517365135087,80.42057770355082,71.0322932880444,72.40091707985108,86.71189468043886,75.97282805555336,72.92787374145567,79.27277398905946,75.48786712044294,67.06198925404153,77.00028918132895,78.21618112563264,73.40871887937811,86.72688523993179,87.89809078914249,76.73015464180082,74.30724447636092,,,,,,,,,,,,,,,,,,,,,,,,,,,,,,,,,,,,,43.09966546522338,37.50557591902951,30.103918344817778,55.835041447553,39.4351970217876,31.39948851318257,53.18676465873119,33.54245436776063,28.25771257696022,47.72916985859433,26.921709045576126,36.76341612581049,72.70003041245435,48.062361773839314,36.89985860538608,34.079799141688135,34.776689173579385,53.888779868217306,,,,,,,,,,,,,,,,,,,4.492201056386241,1.8103234896988645,2.7698337954409316,4.5473364096752205,6.011900381576012,7.432238279948081,6.099209004378825,4.6448163039037,2.8795777756966174,4.599904169872894,1.2270313593157232,5.103027086090302,5.435201328176728,3.7034529942259495,5.018311799745652,2.874223905975034,5.8826777334646065,3.323691032599543,,,,,,,,,,,,,,,,,,,6.4794327063532196,21.818869134952156,8.017428971867062,5.183325662708876,6.206528360751327,5.196247685953724,8.849247842446696,2.604417427009522,6.9452459523971894,8.772030034334168,2.581266066020996,5.44797839495833,17.684723165874534,2.935146439500213,5.190090453273643,9.4015805731219,5.195207606663366,6.212713636051478,270.41592885522897,261.5836919477429,218.33689119229865,328.8311281931034,250.81420299692104,212.72755591517705,206.69773648460222,199.4349964487544,259.744990256406,231.58389036711125,174.3274445449132,210.5527050314948,217.56708617400622,308.7416026458947,221.42514801207426,264.9345971600922,303.77602902820587,236.60154968536423,,,,,,,,,,,,,,,,,,,,,,,,,,,,,,,,,,,,,,,,,,,,,,,,,,,,,,,80.91344034045014,82.70169767473624,81.5634615793566,81.84755454839659,81.45684817727052,82.55688536988231,82.48208063104549,82.6865980986383,83.15803142345996,82.269186337747,81.37850132149525,82.24969436496056,83.64795228323015,81.73472615828085,83.42829890077243,82.79722834558874,82.66185000463463,81.86851781777153,,,,,,,,,,,,,,,,,,,,,,,,,,,,,,,,,,,,,,,,,,,,,,,,,,,,,,,12.32559522649501,17.11395886562201,14.980816552741986,16.093601496474694,13.399776931393355,16.226444509058055,16.21259301070142,12.741879006818086,14.672305652082464,14.611037807135434,11.804754628983666,15.312091321444486,16.67446886163232,12.75311902171803,15.342431607028244,16.65581765836037,15.811188726360097,13.245215608169294,,,,,,,,,,,,,,,,,,,72.08514381043736,85.63517003176425,87.1994103121145,80.17074422108668,66.08775977218993,82.13228713784261,84.05381973029412,69.88685012799077,84.2706921059779,79.20092825697797,70.80027889608995,81.36731911040616,85.80016762741747,74.8608044168995,93.03312924345084,86.88040777415021,83.58055236220028,74.65946199463633,65.09432339835121,80.09391118278042,77.3751015342439,76.65389970657239,67.08000404856126,82.7520604474489,77.08509220906737,71.05804758855412,79.79883662695347,74.71114842077216,66.75495405430115,79.04949681202342,81.36369798101916,71.85334126170541,83.60676043332244,83.36348597067492,79.30292365249419,72.263585878567,40.75596259286423,45.6533540217656,48.21271347360244,41.89764720765184,40.94538306585757,46.73076393487769,41.77949318429029,42.34153718459326,46.65908621771756,42.04791897092229,44.05111774908461,46.37001260972249,41.28482859926368,40.19375984693025,45.54892852144294,44.91656929379396,49.33976567086909,41.84791847328872,78.27,78.65066666666667,78.98333333333333,77.35133333333333,80.43133333333333,78.53566666666667,77.88333333333333,77.867,77.90133333333334,78.425,78.96,77.63866666666667,79.632,79.16699999999999,78.61666666666666,77.031,78.43633333333334,78.44933333333334,8378277.0,1339987.0,1070365.0,1101382.0,2087619.0,590821.0,7499373.0,2098279.0,2525537.0,46749303.0,1101947.0,2764582.0,6424025.0,1461188.0,639255.0,2180669.0,320062.0,4999068.0
2012Q4,1.0499085274919655,0.9625227919463959,0.9095128456712537,0.33638253553100744,0.5395869599916017,0.9956437052314672,1.5316010825570556,0.5789864217247813,1.1589627857959204,1.2761762813949977,0.7178529736876612,0.8840027640609982,1.72347139875738,0.8430083761007949,1.925195857694379,2.281947529362378,0.8469628971406628,1.0507958749873385,14.694690973050296,19.136013373478303,19.129773913792057,17.364734524027277,13.509793398606973,16.121003829550702,30.70267638867951,9.967531333530141,16.130702054524583,24.627081986729372,11.286181341201162,19.006695290519257,58.340321166923445,14.089435623416893,21.296354256829012,29.054493318004813,15.894142034497436,17.717420354098095,1515.523960785988,1590.3059584741839,1638.788294694102,1580.4674217805837,1428.446161743882,1541.7016791776387,1852.8084548461554,1525.1362958141715,1546.1788447709728,1698.434096624945,1403.4642953687912,1480.3105380378263,1974.2300649505082,1479.614067190557,1794.7040866851357,2050.9852095140723,1581.043282623555,1548.5292956336605,,,,,,,,,,,,,,,,,,,2856.9948302779217,3871.320198933946,3662.748729773976,3791.1911004271274,3033.9295806321124,3525.229364033497,4184.72548942004,2995.9490414812394,3570.5387991490043,3601.3648464143903,2766.074507022556,3325.565569730432,4472.183967935619,2971.768025074314,4373.079347067735,4731.292383559334,3703.589294073808,3202.803156780424,71.70669256392652,80.3690095065102,80.33719528611306,70.97320303489165,72.48693369690257,87.40341625833285,75.81635565131411,72.85168475659289,80.11314063393895,75.75949357607583,67.4285200844866,77.44520740346428,78.52815576388981,73.56388819037358,86.62229548040423,88.58947243900386,77.69182431123039,75.53425467097186,,,,,,,,,,,,,,,,,,,,,,,,,,,,,,,,,,,,,45.17406342670954,38.277601323198475,29.834008020131876,65.37425222639074,39.905037604967234,30.836037878790734,54.54966331733094,36.348584926162204,28.029716957626498,48.93804432043006,25.316040474384515,38.55609987954929,73.64996934349558,54.73572395429549,36.40732833699564,36.548222801410354,35.964916698936214,53.581982368273366,,,,,,,,,,,,,,,,,,,4.730356743119993,1.8476367503559936,2.7743369141344063,4.487291752831858,6.274845735207581,7.512390069244726,6.24084544602111,4.822332179950917,2.7470163276014987,4.7406185122100775,1.1878418615745334,5.3032671542277265,5.529546812602558,3.9772904945837535,5.07713189093107,2.8132996287654786,6.021682332208958,3.4159568248804675,,,,,,,,,,,,,,,,,,,6.400187311146607,22.21381997907747,7.876933347904279,5.136569689330638,6.058113962171219,5.1544666696161805,8.099575493456076,2.493296937211422,6.7765518488252265,8.458592191806753,2.5856832983894082,5.259444818782854,17.308661538221937,2.8659000339308682,5.146514396666528,9.13332912579867,5.154186404784896,6.0293491720958725,227.57683000051983,299.83392467406867,180.76951503146077,316.7009264562099,197.8709320535068,164.8378678946838,201.55674099468285,173.08001957188185,227.15139727304793,219.68676628380734,174.90984291280338,172.47434469227485,229.64070970953,232.10044203682713,192.00785885825732,263.7853426177985,280.3836500190907,226.0061376292809,,,,,,,,,,,,,,,,,,,,,,,,,,,,,,,,,,,,,,,,,,,,,,,,,,,,,,,81.0447112035405,82.83168096221449,81.75058199102722,82.01476841986586,81.61255757943816,82.6737684802376,82.58599141242556,82.76433210402787,83.22961216532342,82.38738027139101,81.43384260838346,82.32862414215087,83.76402038217087,81.86181559102548,83.45509580549414,82.89197838946039,82.88355059221082,81.99339096596117,,,,,,,,,,,,,,,,,,,,,,,,,,,,,,,,,,,,,,,,,,,,,,,,,,,,,,,12.016469504423037,16.931786156170414,14.626042445073917,16.0166603496055,13.268519046627743,16.023725984812298,16.035696423714096,12.726491993360503,14.496935801901252,14.398706582549591,11.775736524470314,15.174697805631842,16.406606775273946,12.550644046036506,15.25349948049428,16.408802897654063,15.681784931555486,13.109005760891913,,,,,,,,,,,,,,,,,,,72.2070101826839,85.36554787940749,87.11827270020609,80.0347404086519,67.24662420852636,82.2735397882264,84.59824234887819,69.38727793781102,84.10785466634525,79.39802293093656,70.65821157164109,81.3763729857129,86.07476288468668,75.084761364213,92.45125533197206,87.60846702010568,82.88890988116204,75.03584820348598,64.22885019022146,80.23309730577452,76.15318273210141,76.41232116810703,67.00440695947846,80.86777210228226,76.08617986223814,69.6672590194472,79.1508265544702,74.14144299237276,65.78005524684039,78.53236307180465,80.93128433421576,71.2458794669717,82.61286108030203,83.42501088956826,80.89185828615867,71.78623598795069,,,,,,,,,,,,,,,,,,,79.518,79.96966666666667,80.50966666666666,78.31933333333335,81.28133333333334,79.97633333333333,79.25366666666666,79.23700000000001,79.21,79.70966666666668,80.343,79.15833333333335,80.793,80.806,79.733,78.428,79.96666666666665,79.646,8383131.5,1338831.0,1068895.0,1103256.5,2091977.5,590305.0,7494018.5,2095876.5,2521232.0,46730976.5,1101485.5,2762651.0,6417775.0,1461729.5,639172.0,2179971.5,319440.5,4993716.5
2013Q1,1.065001095126936,0.9364768551774093,0.9039537370403834,0.33582860684601734,0.5393550400323808,0.9620594511540448,1.5378476616899988,0.564733911848577,1.0862139283911578,1.2784179253083667,0.7434545840302003,0.8741620337109964,1.7727947209427786,0.8293238296614296,1.8704925573786406,2.212961987907344,0.8083322870326596,1.050332292475956,14.649415483214085,18.981908518936713,19.062376607006136,17.61422624552019,13.469743984984852,16.068443964194316,30.683457927083836,9.909889493771063,16.051630094551623,24.49089103688166,11.175378084057265,18.898008311845143,58.02586912210241,14.081198951108096,21.155905230854103,28.804502072212795,15.762931564134654,17.50452686696033,1504.6556346999018,1575.009758968362,1635.887063425201,1594.9162604311734,1412.3392728188387,1517.623750730949,1830.9816543624263,1533.6067223846335,1500.4773862942757,1689.2727070753208,1354.8922766401315,1497.977531832351,1952.00906323259,1477.8598556296117,1770.9212675592403,2093.015903134128,1557.634909445181,1524.1556184450403,92.80573493935714,93.1647856686121,93.61416122462724,90.11615699464784,94.52960433421882,92.69122506109818,90.42927880970647,92.25690027618232,92.22188094672347,91.60311703682576,94.03417405627884,90.78415271630465,90.52236540986762,87.90087893156995,92.50009437736212,91.8903635754275,92.31101866677804,91.09447228101337,2859.318829975381,3886.320698061141,3669.314533894716,3779.3069373930025,3048.554480727348,3536.647124835522,4184.972660323333,3014.4865749225933,3559.1937905763484,3608.3219902757055,2784.6867321648365,3327.424554040286,4491.875812203379,2982.539147961942,4396.89429604358,4748.583226234473,3720.2313254434257,3209.118178765714,71.37709798467338,80.68503942967236,79.7242783919782,71.05113660600563,71.96982607423011,87.2645298134566,75.23233021473251,71.97442088676178,80.14535352086465,75.94298335887397,68.43276333985276,78.65576220547271,79.48532821591962,73.35242545085369,86.81525740157213,89.3916434508005,77.90109772786872,77.51551494457487,,,,,,,,,,,,,,,,,,,,,,,,,,,,,,,,,,,,,42.97358243791349,37.65371141845662,34.416087511650304,56.185756291021924,38.442719274733136,35.63663498197737,57.102319462101555,36.25142991268629,32.228350737039044,47.53844224784872,23.287793353530187,36.43666617331094,74.05398949547396,45.575013080963124,27.200334805593865,33.34784787898183,30.614317208840887,52.76408629612809,,,,,,,,,,,,,,,,,,,5.046873614333559,1.893854775260684,2.750715036006546,4.3638117540489665,6.585290463691079,7.581575510750143,6.450787310774537,5.144655642355929,2.544576350486267,4.940602868306822,1.1544736783349014,5.5904899506322865,5.699326459587932,4.462208064062092,5.23302306668863,2.7743232231831834,6.163119742814503,3.512228368662395,,,,,,,,,,,,,,,,,,,6.234925664096019,21.549495978283367,7.722744561091462,5.113045502501237,6.14844925292242,5.125748061952847,8.292090014010808,2.357192309950989,6.5211107206878856,8.357358436842224,2.4224610312263843,5.284464893259795,16.706628378094052,2.6537545863714125,5.121165005004794,8.933745246459305,5.130238232626434,5.921589082750389,217.55476824733216,286.296548691466,187.4343324613533,260.04419779852043,315.8471133025492,252.2569184123235,175.0632284160624,178.79854345391894,214.04055571304613,215.43240336746084,196.24738695635304,186.58795511025656,203.8687349333561,209.33582946895012,193.7248360172496,271.237177582049,349.74109995930786,183.4895767773608,,,,,,,,,,,,,,,,,,,,,,,,,,,,,,,,,,,,,,,,,,,,,,,,,,,,,,,81.25635605135602,82.99698541582471,82.02919668977191,82.31970617095637,81.84345376666697,82.86572062601037,82.78084516008373,82.90347249463147,83.35945563595423,82.58399681060574,81.5963575882803,82.4345760142389,83.96033359451823,82.0647216787202,83.49285267451845,82.98835486348868,83.27704737799904,82.19133801929823,,,,,,,,,,,,,,,,,,,,,,,,,,,,,,,,,,,,,,,,,,,,,,,,,,,,,,,11.848728776489336,16.75806884182572,14.377558572069486,15.778743783751974,13.112449533695886,15.897434172900526,15.858321887697484,12.742543286483508,14.420306589732567,14.235157720044636,11.683037270485253,14.962072388759324,16.262502487938143,12.48797682734146,15.066891019256131,16.225208902880453,15.458520496978391,12.91211890353456,,,,,,,,,,,,,,,,,,,71.96552154784675,84.70903521671582,86.74172127994636,79.6233964030984,69.80623348999296,82.86912056072322,85.85573698554079,68.5774855450977,83.64839987398182,79.80093672315789,70.18383393839368,81.82287045673564,86.60805487992378,75.7063057848566,91.41133354929505,88.6536329583793,81.00824752890799,76.28703845606006,63.284267422231856,79.19921600225948,75.18143684436701,76.33844527699783,66.1762734360304,80.5609182117906,76.31183364280199,69.72909132517228,78.12926794623428,73.7158044729566,65.29317749981543,78.5477225419393,80.43689549983505,70.75322350883164,82.18130825659186,83.44379950937098,81.64110048379231,71.91211869706683,40.41809453161461,44.78388317271041,48.5977251908397,41.94754051705299,40.5272937224946,47.23242382794864,41.81047565605337,42.69506607763253,47.36873287243682,41.30680490246413,44.05628563056597,46.87193737364839,40.88235562578053,40.76507342608483,44.83821579747256,45.28057292684068,47.71886676839159,42.29919160734053,78.60833333333333,79.14933333333333,79.57566666666666,77.68533333333333,80.40866666666666,79.22500000000001,78.52466666666668,78.30466666666666,78.371,78.87866666666666,79.416,78.146,80.08633333333334,79.86066666666666,78.79466666666667,77.485,78.68733333333334,78.86433333333333,8387986.0,1337675.0,1067425.0,1105131.0,2096336.0,589789.0,7488664.0,2093474.0,2516927.0,46712650.0,1101024.0,2760720.0,6411525.0,1462271.0,639089.0,2179274.0,318819.0,4988365.0
2013Q2,1.0711947541160383,0.9213727050187878,0.8957874675396696,0.3328957730915299,0.5347628069795258,0.9325907057363174,1.535837425229159,0.5531971233213345,1.0447899720777771,1.2748684507234735,0.7489650936064798,0.869012565127199,1.7894162939288614,0.8254622910971252,1.8348699331975806,2.169455848012929,0.7965496887478153,1.050081700533723,14.638131564366468,18.900401964532747,19.082599638148736,17.65778350126418,13.497608614459768,16.096102493384773,30.810127249297214,9.94479193047236,15.954016650526908,24.50053340752952,11.26316128735981,18.898870629131405,58.02465863996822,14.244961569250881,20.97486800568749,28.57313495848721,15.656997046162944,17.4347720595844,1523.5389922974284,1579.403145842405,1630.7260293500258,1586.0226279205576,1418.1916147012614,1523.149306800622,1834.667764665756,1542.0937272696533,1516.9037284150286,1695.0773513159536,1377.6890903270132,1501.098783314721,1979.1879932385264,1487.159156190971,1797.965448354139,2065.7873807958176,1575.7880548539538,1519.167245173531,,,,,,,,,,,,,,,,,,,2858.632674185626,3895.000293833653,3675.490405965294,3775.611172461731,3059.4894601410697,3545.3106975853498,4192.376174469585,3027.1043373902444,3552.648056266989,3616.020647205733,2797.3812554358083,3333.241434428369,4510.491611633924,2987.6614383339925,4415.904950559202,4759.717727825276,3734.187949615553,3217.2872075173523,71.26494007716414,80.98500928290616,80.07692261604258,70.69314591062795,72.07087208257964,87.5605341665114,75.09612416482489,72.0133104753198,80.49798840913493,76.21285999155073,69.77256092291935,79.51678556827096,80.12312894871694,73.46396979784991,86.98855678202357,89.9656000085058,78.19829421442972,78.4783140186708,,,,,,,,,,,,,,,,,,,,,,,,,,,,,,,,,,,,,49.40316509340008,38.68043577615497,32.043408465321086,67.31381045797676,44.89091653729843,34.437838871543946,59.78113427383914,37.508363804563146,32.9584092136387,51.06092427558795,29.233102447834714,40.878869378770986,81.87541399608384,51.89931419210777,34.51418528678546,36.93703709514919,33.73572630719635,55.35279148361273,,,,,,,,,,,,,,,,,,,5.252410701644767,1.9188823227755554,2.676627207387378,4.194630150321429,6.8636565280355315,7.632418377772366,6.583437850531334,5.379920883638392,2.365991784328414,5.046790556750879,1.1409779474650932,5.708406433389617,5.764724469862859,4.800365696935595,5.258669036305146,2.6935696705502385,6.294815900591303,3.5329091583006025,,,,,,,,,,,,,,,,,,,6.531064400585945,22.94420390799602,8.078640321407144,5.239417301761679,6.37330100701311,5.251724143185058,8.910103150816399,2.3404057594483105,6.671169380401321,8.940980412566379,2.644173256500526,5.591752047210556,18.532208961173335,2.9544075956911575,5.250966312046871,9.178339589087797,5.261327573063897,6.293981102290449,201.69694915719728,242.8763293591066,163.88801093698547,237.21936580870883,173.8073193698176,138.04874802386882,154.10918958188793,170.84388556804691,172.66398817528582,178.93880761596796,146.5708453297519,139.68964784668708,184.21427954639765,186.36401887038838,186.1537346884254,232.09938668615052,216.49299065133573,159.58008041368055,,,,,,,,,,,,,,,,,,,,,,,,,,,,,,,,,,,,,,,,,,,,,,,,,,,,,,,81.42107186566474,83.08259997271524,82.18761736806927,82.51942042642625,81.9761702576084,82.96713882928667,82.92395908361392,83.02434405976524,83.45260233053295,82.72714941271732,81.75637499534054,82.54165396364864,84.09609297549709,82.21853155346253,83.5029568094099,83.0833791130145,83.54472504215792,82.3232473784697,,,,,,,,,,,,,,,,,,,,,,,,,,,,,,,,,,,,,,,,,,,,,,,,,,,,,,,11.861828938008614,16.52066989148207,14.399833529277025,15.646633529245666,13.141599563998975,15.663448482562934,15.67955315826984,12.781465439439495,14.3306632047534,14.16280942451774,11.626654339936428,14.853605913196159,16.12074409298321,12.420932628721298,14.955105922622568,16.32264957657409,15.306111402603301,12.83209690653728,,,,,,,,,,,,,,,,,,,71.43774370662706,84.15497885742246,86.26207206972234,79.76441301941875,71.36551298719844,82.7403443080065,86.33704815886253,68.38054686724405,83.00641216593154,79.83307160706218,69.56834240786372,82.37841562768988,86.76573112063461,74.77434276131495,90.51465402914138,89.3566733431713,80.32843598258339,76.69808946000386,63.91905621460403,78.30973894977434,75.38920208608188,77.123891627534,66.73191008519201,77.65647917303052,76.14957497548804,69.88774923342051,78.79536538109285,73.83307046097526,65.84848529949592,78.14998124579908,80.64218520282043,69.67406847951831,81.98615326608544,83.59118242939319,78.81535271856318,71.41722210235125,,,,,,,,,,,,,,,,,,,79.37633333333333,79.812,80.29533333333335,78.23666666666666,80.87733333333334,79.84633333333333,79.141,78.97,78.98433333333334,79.54166666666667,80.32466666666667,78.884,80.56700000000001,80.87166666666667,79.42999999999999,78.27300000000001,79.756,79.55566666666667,8384654.5,1335813.0,1065011.5,1105453.5,2096275.0,589098.5,7472482.0,2088264.5,2510805.0,46646887.0,1099751.0,2756403.0,6400113.0,1462071.0,638268.0,2177027.0,318021.5,4979168.0
2013Q3,1.073429002245455,0.9121633381377062,0.8860636022969506,0.32847021565792567,0.5276207119213867,0.9048849108937523,1.5289338646898305,0.544337552806894,1.0184261489427373,1.2683167621167608,0.7430324384772059,0.8675206666308732,1.7889892781010328,0.828212723333683,1.812683153305399,2.137714038959165,0.8046451717987804,1.0499844949086683,14.697834810634582,18.96535779610173,19.092480190462638,17.888608013083815,13.612704625428062,16.222748991150443,31.07090395617929,9.971896232798379,16.00391112125552,24.631626990900493,11.334724407956665,18.904446014960893,58.42758282295447,14.403765016024188,20.92161242184525,28.53404770345187,15.590374115673244,17.49073427929947,1528.3616721870262,1572.0315540932736,1633.3074650088297,1577.3706139187013,1395.2779172461544,1510.4599920091614,1826.7752416035453,1542.3706170106666,1498.2868549841087,1689.68147824233,1358.8194722177113,1491.63360533138,1972.5502204528486,1475.4052154161495,1783.6658621740853,2063.846983211127,1572.727946140194,1529.8749660043825,92.698568702201,,,,,,,,,91.70964099167358,,,,,,,,,2858.8052568701805,3891.0348954174938,3673.3433255115033,3769.794553429824,3058.329357357494,3546.202437333953,4195.536173688283,3026.6902792220408,3542.8071849083058,3616.725980624693,2800.213916917632,3336.2013762051915,4520.55042083424,2982.306125755351,4420.616441164166,4756.141141439412,3739.467670744821,3221.184856919366,71.22724913116053,81.25155439355113,81.10035493884148,69.99247230094933,72.54594026910118,88.04019516801478,75.21993708455804,72.61387000130438,80.96227077250816,76.53201631015459,71.52129267475937,80.25030047075256,80.62892779272374,73.74970688129994,87.19171387793675,90.39181626125871,78.43283330061912,78.78022846727072,,,,,,,,,,,,,,,,,,,,,,,,,,,,,,,,,,,,,46.68532061431296,37.43639959818185,31.07378822974214,62.0782216509819,42.822016507191435,33.653030008296845,61.65075278823806,38.687693149264376,31.29794397929619,51.56615239162949,26.142208972061784,38.9399635147145,75.81370064964761,52.61526509696245,35.32005593368718,37.12474355567882,33.528211251430875,57.1502540129141,,,,,,,,,,,,,,,,,,,5.384951741667412,1.9294076251826557,2.5578059773750526,3.9757624736868102,7.130454933348331,7.667277999931713,6.6696277520768055,5.574851284717978,2.1904118625891424,5.09074382675956,1.14321161913026,5.7099002410065784,5.762993414825331,5.0633550908369385,5.2019802763910405,2.584841255660408,6.42317865201647,3.494224163913911,,,,,,,,,,,,,,,,,,,6.382259561040986,22.368000977419225,7.941140275072872,5.1545516664812885,6.237832624989914,5.165501613369997,8.913785031543787,2.2841203805651107,6.589144876138865,8.751532755668398,2.553952723119629,5.472195665819324,17.884232780713464,2.862346914847521,5.168537265262037,9.346997287722779,5.178487551492969,6.255193840094867,147.33569973503535,183.80144581241439,100.13584281378357,181.75485624615564,149.01262744427441,122.49407552988713,128.43489815172333,125.64603096784872,157.58192130368712,138.92675663608273,125.35241772326157,118.70020693538982,156.22843073849856,146.812715904786,190.73004978961063,196.0284888081712,234.42142583250157,137.6396791293903,,,,,,,,,,,,,,,,,,,,,,,,,,,,,,,,,,,,,,,,,,,,,,,,,,,,,,,81.56670152344849,83.11335427813599,82.27003115923242,82.66476656440193,82.04795406039354,83.0121360921233,83.04498629341143,83.14489228120954,83.52856934313995,82.84506646896294,81.93618138226441,82.65636914643673,84.2012235604363,82.3505472729361,83.49382520013862,83.17952599346249,83.75005282736804,82.4186057558468,,,,,,,,,,,,,,,,,,,,,,,,,,,,,,,,,,,,,,,,,,,,,,,,,,,,,,,11.904981837885872,16.59209205691419,14.175443252464573,15.65044724251196,13.160388997740197,15.530858307263976,15.686355368734008,12.937475030065771,14.341311843769223,14.188908527535718,11.6668170457107,14.849894212907268,16.184879306380125,12.389692741371551,14.881397154604237,16.33995368592744,15.269981737928816,12.841055236492986,,,,,,,,,,,,,,,,,,,70.61766862853528,83.59853917046446,85.6455406421464,80.29753942175816,72.40702867544334,82.11025218420784,86.3410353159028,68.60382188317654,82.15119523941226,79.61168281748037,68.7593046593797,83.11326417476464,86.67628242428496,72.67862538140217,89.62526543910273,89.86275565973219,80.35557784578897,76.61164040675114,64.14800541605605,78.55318145253179,75.35058579089885,79.3087349017383,65.84393451152681,79.85526315312235,76.94167022022931,69.83199100022645,78.05563599973586,73.85938761668348,66.17331759824526,77.26669110290453,79.98854798059457,71.42886441135491,80.93369312535376,83.1842857601035,80.27034614685746,72.21478906111483,40.50471050425018,45.50831700626206,48.69872533758765,41.62344109871066,41.38914879553282,47.76748460529097,42.20126717720483,42.77573563900914,46.51820005327867,42.91939880063565,44.735470353454,46.2568844243331,41.04661818667889,40.63559704151372,45.08516563512568,44.55792130298903,49.34516916912069,42.23766882590494,79.10533333333333,79.51466666666666,79.988,78.35633333333334,80.556,79.94233333333334,79.00166666666667,78.784,79.003,79.37233333333334,79.81433333333332,78.68900000000001,80.53166666666667,80.46333333333332,79.39133333333334,78.25466666666667,79.29333333333334,79.29266666666666,8381323.0,1333951.0,1062598.0,1105776.0,2096214.0,588408.0,7456300.0,2083055.0,2504683.0,46581124.0,1098478.0,2752086.0,6388701.0,1461871.0,637447.0,2174780.0,317224.0,4969971.0
2013Q4,1.070375148511571,0.9099871016660968,0.8741951931229972,0.32280540440452715,0.518261441066707,0.8804649322158854,1.517381048391012,0.537731412023195,1.0105699505883279,1.258396861851399,0.7245478838861136,0.8693047345309314,1.7687997070273278,0.8370011559077621,1.8019543561183806,2.119868125120562,0.8304728524207453,1.0496015120816533,14.79411756174407,19.04972926033602,19.216322718667797,18.131849964848907,13.8860525967235,16.189646056327444,31.441710412236674,10.084271836760028,15.571311357654613,24.8598425893305,11.434769697287809,19.023569234457316,59.17406287824548,14.49287707882046,20.92179432699899,28.573847984346525,15.68785345801715,17.757450655636873,1530.8754857571464,1574.9616395567577,1622.1034733615063,1549.9586471009445,1399.674636872465,1505.8270718431604,1825.7242417997666,1541.837732321978,1495.191497508919,1690.3499543488679,1361.5167862723845,1495.8684466983457,1979.8516555085184,1486.088552495532,1793.7020164888509,2068.6419144881406,1571.4611909663015,1510.022817492983,,,,,,,,,,,,,,,,,,,2854.051432307935,3881.0255255331326,3668.5043790500977,3769.485723709257,3050.248166251632,3545.425950857089,4200.589281819951,3017.327105319599,3534.9874290701464,3616.116353942635,2798.341446653446,3341.946728515687,4530.254078696898,2971.351314613398,4415.897743650532,4745.124727155286,3743.08842318218,3224.932693478476,71.33071280700189,81.47839689387027,82.69844405313776,69.06324518241712,73.41336157408904,88.73474085201723,75.65160853588455,73.79839863661401,81.59438729749225,76.91214033942072,73.47338306246849,80.77715175550374,80.9626150426397,74.23389786999643,87.40447193846755,90.650940279435,78.66777475708248,78.42594256948358,,,,,,,,,,,,,,,,,,,,,,,,,,,,,,,,,,,,,44.547485683700934,37.24188227869196,29.877813456451175,68.66139589054994,37.186144783877204,32.425377500900204,58.851579526682244,37.125644327550425,29.983579145851948,50.05084353872507,25.248204571078865,39.117027550115814,75.42145528167434,48.05986296534284,31.116563059389883,38.89102773203578,31.70292454023438,57.5248839570033,,,,,,,,,,,,,,,,,,,5.43642549030184,1.92656339811772,2.404181458021586,3.7289844719880465,7.361943360271439,7.676521455943298,6.700107671753071,5.708722881087441,2.0307811640884603,5.067140062031789,1.1589647300137096,5.590575660571598,5.6856809064213065,5.231608248887217,5.061537295966438,2.45225653410001,6.533112287047845,3.4010529101254323,,,,,,,,,,,,,,,,,,,6.417270266653735,21.654422731919553,7.868447414294042,5.002699634550571,6.396297647805876,5.009185700878351,8.9281785051953,2.2688825220763813,6.624115646384552,8.753175974272327,2.513674372587604,5.477466601321374,18.13017323191307,2.899392192588637,5.013578879190067,9.583972365330165,5.026799950199512,6.3924413176797215,170.45254066523856,178.5494115091379,158.31771465467133,237.3582292242226,155.10795009288506,129.49807040973488,143.8706269462701,153.95733370247572,155.47314361728223,168.931623678473,114.50024243639177,171.0539172099051,181.48009101092276,173.546392282123,245.60617857024388,174.47362049924763,166.02363251455387,163.70928907212067,,,,,,,,,,,,,,,,,,,,,,,,,,,,,,,,,,,,,,,,,,,,,,,,,,,,,,,81.67587055953078,83.08706033332403,82.2731547829264,82.7361068382155,82.05242191533108,82.99500445257962,83.13020946289097,83.24729116439374,83.57937269037285,82.923787307714,82.11108603411476,82.76740087567569,84.2623498695484,82.4461994948812,83.47036531593305,83.2687400300343,83.86817475247501,82.46680884638522,,,,,,,,,,,,,,,,,,,,,,,,,,,,,,,,,,,,,,,,,,,,,,,,,,,,,,,11.91588149355324,16.59997664986766,14.38380279101179,15.70601918585468,13.211466237052887,15.580559986870725,15.737038229203682,13.010223820351904,14.334681739030247,14.223849878902646,11.704711657804156,14.823662112493846,16.24042627220619,12.461292208789661,14.88340640342522,16.310321275344524,15.250081424708743,12.91772192626712,,,,,,,,,,,,,,,,,,,69.57906611699096,83.13744675539729,84.95066600818494,81.11465115572469,72.82122484736523,81.0802829470625,85.86617953969385,69.2381457044817,81.1939927206744,79.15430885229952,67.88851899436288,83.88544974080988,86.34993157515665,69.64072607242632,88.84874698246085,90.12693803871719,81.10773864271964,76.00323167718496,63.89821465198065,78.62056417644003,77.73084898441994,77.86164084594661,66.37117935832889,80.29584158064135,78.10111013421573,70.78897205310618,78.12584910670178,74.24817441646225,67.43939321220108,77.83084575222301,79.8018849294435,72.28856623441618,83.27685558406037,83.52422020128988,79.23342537031367,72.26901792857927,,,,,,,,,,,,,,,,,,,79.60199999999999,80.052,80.61933333333333,78.51466666666666,80.92533333333334,80.46966666666667,79.358,79.28433333333334,79.474,79.81233333333334,80.23733333333332,79.43133333333334,80.84066666666666,81.02766666666666,79.553,78.842,79.99233333333333,79.69133333333333,8381281.0,1332332.0,1060579.0,1106196.5,2097184.5,587949.5,7444566.5,2078907.5,2499143.5,46538434.0,1097593.0,2748951.5,6380627.0,1462302.5,637273.0,2173513.5,316480.0,4965092.0
2014Q1,1.0604380183229163,0.9177586873244081,0.8606893207501131,0.3147286112117289,0.5043609930667903,0.8582026627313855,1.4975399624226946,0.5338431140224905,1.0285830357593548,1.2431867883550412,0.6872988248171512,0.8762518135159542,1.7187835863598697,0.8563660982078578,1.811171197807607,2.123601007082679,0.8862223987698026,1.049971787379306,14.919448620365218,19.140658721073947,19.319523457466552,18.336111915931177,13.912991220407237,15.987031640465228,31.832350805252236,10.202365681614626,15.520096833339691,25.032600130287527,11.68639279279733,19.068668815293076,59.534174649344145,14.779978209650123,20.845587477517935,28.599570282774003,15.892558473430972,18.023517260272346,1517.053974228613,1569.212919227621,1611.3189526837434,1568.3141307354776,1419.2959782347843,1550.7101067183607,1794.465172763465,1551.2566105566802,1496.3327867744858,1686.7952006961584,1374.4836668818905,1504.1938665197683,1986.0290387265266,1479.3176251272882,1828.535269532829,2055.12064415626,1566.048343270215,1510.512878417746,94.72883335640114,94.71205353441474,94.30559371634024,92.8655354721268,95.06323228758164,94.48245754882952,92.81326291653647,91.9326569890658,93.461304197594,93.37559653788946,94.59729316019806,92.04231091474252,92.66507589717202,89.99047864480401,94.63896002994278,93.80829133545652,94.34797078540632,93.7263353151542,2845.314750644986,3860.4685446702674,3658.542141109248,3771.554691660708,3032.890067015692,3541.04610285478,4206.602595548095,2995.9555727159964,3526.0440427552203,3612.3015523881354,2789.508078213365,3349.2240559350157,4538.239638905615,2952.5492057541337,4402.314874778729,4723.5411656442175,3741.7601259863377,3228.5348870774847,71.56595242889773,81.69947648528591,85.40380499715353,67.5526115833022,74.89005828745181,89.82349051088886,76.47624639646202,75.90053580360012,82.51305622087393,77.36681844054934,76.01722712256846,81.0383764099939,81.01906982772772,75.0207198311151,87.61890263437384,90.71084182934561,78.92902277538278,77.04335743844486,0.017747972584960293,0.022431583669807086,0.02510958282950423,0.018958682181820813,0.018973812706878188,0.02520889681714273,0.023222639335499666,0.01684050203397019,0.021422808112274445,0.02229558903283707,0.016704537579738634,0.021217728639599802,0.03153681107085339,0.01729637787868471,0.025992820582044548,0.03001960642597274,0.02293054957306104,0.020257194600312525,,,,,,,,,,,,,,,,,,,46.210443002193585,35.55712011321528,31.004825181196875,61.014209773288584,43.43199622154059,35.41353989180712,61.02880734241628,33.39564287514621,30.640764316206628,51.03232587931636,26.082158109157668,38.34092567227518,83.31634432091448,48.27220775007566,36.525992119846315,41.38064469260496,40.4267468120959,55.8857311275353,,,,,,,,,,,,,,,,,,,5.3834896559019345,1.9011383969604456,2.1896324227357598,3.4095873433426673,7.595647407276421,7.679533280544007,6.6627842224952225,5.779038161403634,1.8731488069683757,4.955715019584313,1.1960575584918216,5.3095002060440715,5.515978316384272,5.2749733958915845,4.794774313489094,2.273126994308537,6.652646099640617,3.226138305407969,,,,,,,,,,,,,,,,,,,6.336293698558523,22.1947024242804,7.957984917535197,5.06841177649651,6.341097055710632,5.082394334626151,8.894103497978104,2.2591670479171433,6.6037568282167305,8.753229767340155,2.5139451165735633,5.440348286632162,17.915296958281647,2.9694179364333655,5.0763442597498605,9.557923282080674,5.085599569272551,6.316369341747011,156.7039410505758,142.44389469577175,156.10582206354593,218.9603390909068,168.05921641539163,124.32552419762192,125.94437827874945,145.42260690098755,163.85704768737637,158.92686759533956,154.18027476263444,124.95734946864573,182.44664789716958,158.17896632625903,218.32606811560828,178.00282236910937,166.40154290791793,163.0958806817217,,,,,,,,,,,,,,,,,,,4.417382862032671,4.3417444134001695,2.89580175718482,6.895653232715036,1.7483636506796616,3.256786095857073,2.412135029761888,2.3922037149342983,2.1598837176139316,2.7005968895907726,0.513037865729909,2.225638803043319,1.2096716299494619,1.0745278025394132,3.32870658052545,3.309272581018882,-0.9893928875351718,2.374021827973364,,,,,,,,,,,,,,,,,,,81.75783971186743,82.98143943807325,82.16043302937805,82.72265612495545,81.9667589108465,82.89157412496192,83.17865843615968,83.35121539829728,83.6018613005016,82.96449123996601,82.31074791191007,82.89416526650105,84.27685524963347,82.5099958941263,83.41503459495442,83.36640836759861,83.88987645706352,82.46028847583766,,,,,,,,,,,,,,,,,,,,,,,,,,,,,,,,,,,,,,,,,,,,,,,,,,,,,,,11.86994891785681,16.630714740473376,14.351357640006613,15.823580373530145,13.357167603514661,15.526628337671518,15.81744880667019,13.096914680225767,14.353317436409005,14.27243554080035,11.79912810659401,14.843630064376999,16.35176738052274,12.563497971437508,14.947625121027684,16.370634986934927,15.35577846239342,13.00332273998228,,,,,,,,,,,,,,,,,,,68.17252133470164,82.67425585947579,84.07356329251876,82.58551710597763,72.38601580805387,79.2088206021556,84.61131629537444,70.52183070882093,79.91677167090405,78.30538286690253,66.71123671406306,84.93022413907234,85.64734553989035,64.809215061533,88.07511334589856,90.10304021298826,83.02395483504422,74.5726253869648,65.08493501025914,78.61613333972778,77.64248034279169,78.08407400380356,67.26965890978313,80.13364998610626,78.69571672164777,70.6742445762796,78.69885716199961,74.75171244280607,68.78942996420383,77.86239977581657,80.06415543436607,73.06335364369964,83.8514755933113,83.24406613380617,81.02349419742984,72.60670745126352,40.27431390392011,45.41010777326834,49.24408188254174,41.47561336959424,41.6974680440104,46.26247543549945,42.2872237054957,43.49260965494699,46.8371988549117,41.66832803653901,44.97447077181178,47.65540023878835,40.90818200640587,40.56001883369689,44.54788031449454,45.63220173654864,49.03906845522329,42.36155092756107,78.56866666666666,79.00166666666667,79.42966666666666,77.98366666666666,80.18133333333333,79.32066666666667,78.679,78.17833333333334,78.443,78.88799999999999,79.13166666666666,78.32100000000001,80.03133333333334,79.80966666666667,78.38966666666667,77.801,78.611,78.77133333333333,8381239.0,1330713.0,1058560.0,1106617.0,2098155.0,587491.0,7432833.0,2074760.0,2493604.0,46495744.0,1096708.0,2745817.0,6372553.0,1462734.0,637099.0,2172247.0,315736.0,4960213.0
2014Q2,1.0529544961623252,0.9207281727060205,0.8426502493731381,0.3101035080530667,0.49809666728495294,0.8425522470231592,1.4881235768875247,0.5305692045282528,1.0336626684996033,1.2325877861595371,0.6640722776251615,0.8798719160690227,1.691245163855524,0.8637392554415726,1.7989662486771731,2.108616035589386,0.9179519198028637,1.0456320822584302,15.046677949230121,19.118722260740125,19.52421426725102,18.640038295719926,14.045601156480087,16.100530647957154,32.25960294239511,10.283532534981939,15.171881328073379,25.225900275372677,11.860784784541643,19.1203504427974,59.927269030184405,14.96379930141162,20.918533299378186,28.713418959845878,16.018421120367332,18.131154455098287,1532.9102196126119,1579.230548019525,1621.6471841781674,1553.0514761398147,1419.4439650323902,1557.16869842954,1802.3160419578596,1546.4161331436997,1503.150988909771,1692.7358043520842,1383.075266437752,1512.0798408548376,1999.4170958591656,1493.4035255384151,1810.7593979357755,2057.6138911169714,1574.834532867655,1515.298510992499,,,,,,,,,,,,,,,,,,,2855.826133709468,3858.795860155533,3668.296256496661,3785.32995392698,3036.3078256150225,3552.6586781987407,4223.919098916433,2995.5186675567948,3534.001854763209,3622.983797977357,2795.652640257428,3365.9985575261685,4557.481905796532,2951.5186916592247,4408.115865238862,4717.996585434402,3752.162224346416,3242.554474587735,71.96154770184536,81.73249371464664,86.68355983144653,67.24096081843722,75.92555572012142,90.37857304341661,77.31186111826874,77.39000275660561,83.11330801399406,77.83909030594157,77.3099714747548,81.34508785226778,81.3552830379658,75.65752818268564,87.94749468025393,90.69664942168187,79.00809720932264,76.45646713037551,0.01741128972938527,0.02265338811475811,0.02604992760752579,0.01924002358279756,0.018906155440918386,0.025461597979433027,0.02322851438164853,0.01700600207577521,0.02181411185760545,0.022304389315544116,0.01673301753908707,0.021202297566021464,0.030931569044101343,0.01749382505559927,0.026846649114296076,0.030373515509968425,0.022617580489878393,0.020799256004882215,,,,,,,,,,,,,,,,,,,45.260511810847916,36.987051884368924,30.91209338955287,68.46787240402831,39.65748057584776,31.49735878999019,57.01464660680422,34.77207098043923,29.688378177800303,49.2645215219343,25.978422093680003,38.7250129867839,76.81688656256573,45.86256119371536,35.47269893537689,37.36309054205752,38.68513326245275,56.524481352497794,,,,,,,,,,,,,,,,,,,5.334437875422402,1.8948816521947922,2.040214541984404,3.232184901632851,7.651767836133208,7.581889885034623,6.6091327915814855,5.801480846615149,1.7703857490934365,4.853998336858027,1.219906940281498,5.07245691882558,5.341957785564889,5.340684313348279,4.611900105856603,2.1564235128778915,6.634197120386736,3.101584730021426,,,,,,,,,,,,,,,,,,,6.3830283179009335,22.12371433935487,7.885544731349763,5.116034434689044,6.357396321647827,5.132070929188325,8.717518180806735,2.2832382767396764,6.51858387767402,8.683420227501754,2.465880094215842,5.461831401222586,17.420100678430515,2.8836379120138544,5.124408146858303,9.342365228464798,5.134807048568459,6.344248703304769,166.34906957692814,181.0671165947895,163.76383406208188,206.00620481407208,163.00894754643213,131.820565461744,141.56637128274605,147.06729104989475,147.21789860570632,164.64397201509144,154.0405174535546,129.01222435298655,186.22516100754697,159.0844771808925,209.5284257929769,196.18943503883636,166.19833948335426,168.24124242106504,,,,,,,,,,,,,,,,,,,3.8435711886768,3.9605288996779797,2.6801955052153974,5.9219282172863705,1.7849176857457072,2.8067556410148478,2.7186455746281775,2.6594383052233126,2.1928376785062977,2.743133138392855,0.9579506458494514,2.250343114181423,1.4680034484218438,1.2686342440334972,3.6205162152096433,4.66407567534841,-0.1245870810742012,2.393043415260076,,,,,,,,,,,,,,,,,,,81.76137528359402,82.89324195950655,82.10844143956754,82.66920778571095,81.8970708445491,82.81326267249534,83.19327394562197,83.35411470384847,83.61032548205198,82.95640866815225,82.39283019888823,82.9427913200746,84.25059127184595,82.51573600703564,83.41413708801242,83.39146021763939,83.8548137840407,82.43061275182073,,,,,,,,,,,,,,,,,,,,,,,,,,,,,,,,,,,,,,,,,,,,,,,,,,,,,,,11.916980581268696,16.708389553943636,14.429500352289347,15.786385665609613,13.452949957401112,15.607273905796541,15.879432836984442,13.21597989422396,14.442043861227978,14.330793060985574,11.879218815094523,14.841019866790319,16.374051459044235,12.63916339733759,14.979349469627952,16.44105056004613,15.42157960784213,13.030623665422247,,,,,,,,,,,,,,,,,,,67.07888526872242,82.7098617295294,83.44974772028849,82.81619902678256,72.30830596581043,78.72493650536686,84.0612319048578,71.38813685101019,79.37313963906375,77.82464587252493,66.4233101372446,85.11414146741875,85.28624844902616,62.44675616745431,87.82746638647033,89.98056103333576,83.9339788594315,73.80584751822767,64.73561332651525,79.5138071780399,79.04033973174428,79.3682407241338,67.49317930609165,80.81451393413155,79.5912774377311,71.30429744755429,78.84155073696134,75.40026690196446,70.24789535916216,78.11542571886217,80.96189118233697,73.19769124483922,84.44629741169699,83.5812702418955,82.33400985323577,73.86974644759148,,,,,,,,,,,,,,,,,,,79.46666666666665,79.84866666666666,80.35033333333332,78.67333333333333,80.74066666666667,79.948,79.547,78.994,79.17366666666666,79.71633333333334,80.03966666666668,79.217,80.68133333333333,80.90166666666666,79.32166666666667,78.681,79.84333333333332,79.68066666666667,8381343.5,1329161.0,1056049.0,1107587.0,2097729.5,586766.0,7426217.5,2071033.5,2488297.5,46464397.0,1095439.0,2741684.0,6370837.5,1463373.5,636951.0,2171958.0,315241.5,4955946.5
2014Q3,1.0463424261067829,0.9216961925210693,0.8206782693511818,0.30769506814849285,0.49699995610884773,0.8322620006810506,1.4853873357010399,0.5283936602177014,1.0328180433585568,1.2246585699689465,0.648171749253887,0.882014065508904,1.6758285736064382,0.8635487202785197,1.7739027593153045,2.0825321475302934,0.9366868300779381,1.0376681439266116,15.208058608454262,18.983163029427853,19.83542358370896,18.923054046881916,14.177267786666555,16.259473777185033,32.77120270638316,10.392633146486801,15.395755108798017,25.489075313121408,12.056915513800757,19.23352178513847,60.48077110103279,15.126659928267188,21.043667210642788,28.85644886288672,16.0840779711257,18.24997418444273,1537.9709332150205,1588.0960616026032,1628.0038513488978,1571.7921180614414,1427.225157199155,1557.2833629831484,1799.8917506816504,1542.2271542633675,1507.3914614288947,1696.1558964444414,1393.1838174833856,1512.9851086280387,2001.7198405400427,1493.2280854614248,1815.5498477979818,2055.359907801468,1578.696106033857,1513.7211299473418,94.42829605092652,,,,,,,,,93.7690527560842,,,,,,,,,2880.234086228303,3876.8479069378127,3698.409545812588,3815.961975761863,3059.5019082955587,3581.127877834559,4258.985731312771,3017.0830090561917,3561.395992504302,3651.341299365605,2816.8279746955304,3393.6839608524906,4596.11625220391,2970.140866844737,4436.42017055131,4732.259860833355,3779.16213391459,3269.9182910287595,72.50430387244258,81.61220339861208,87.0469097359185,67.75666782551356,76.72729240796714,90.57474059381745,78.2368858298419,78.57917576519696,83.50789236431025,78.3410958774563,77.73002960376695,81.6437040515391,81.86821723372908,76.24188854641108,88.3805538083353,90.57935020070876,78.92968577598775,76.28684263662217,0.017789288915232786,0.023289989748487696,0.025893702932404908,0.01945772747815403,0.01852378100647307,0.024998250975614332,0.02389346490552997,0.017375261632645755,0.021981553698744778,0.022748021075505484,0.01715455550782785,0.02173840779587303,0.03168254588309032,0.017431539200813105,0.027936426178896773,0.030805799594689612,0.024432321833091342,0.02132003683598294,,,,,,,,,,,,,,,,,,,46.45473170695444,35.00102416058928,33.69223217799294,66.27889749957332,40.954001401003815,35.96008798912145,58.9455179112448,33.77949985244703,30.313198411842265,50.7919924263609,27.761115468667118,39.61249569063081,78.9624038478276,45.81457092901231,35.05412038078405,38.25235068337623,31.788065717271763,57.69331735607734,,,,,,,,,,,,,,,,,,,5.266616764370014,1.8985901419586966,1.9255767665558867,3.1446575512901624,7.567192941958406,7.403789485498669,6.528095168383802,5.7747295529831435,1.7064144110483002,4.7417683997770705,1.2379682349280619,4.836011376037654,5.146694226045775,5.400389708835001,4.467358874639558,2.0766976666057873,6.506534625415135,2.998025532140009,,,,,,,,,,,,,,,,,,,6.456372621653939,22.413994469214668,7.7595937350568995,5.188916052971872,6.379403838781386,5.206764437344911,8.941387109477263,2.2977110692226352,6.538748164428749,8.7390715876295,2.5041988489192124,5.493434849875788,17.613169644213595,2.891230678625982,5.198296737309432,9.543729894284724,5.2093068036867525,6.350941855440878,182.2160425669692,220.38650449445942,142.39657328936025,236.77822102264398,177.2021927526334,149.79091667076972,156.84768741928505,155.55658761806703,189.89252580597218,171.56824315762864,139.4181731305466,157.3159177656869,202.08896515959847,166.08344789571532,203.0399986280173,196.46969016380027,215.74646015743988,163.35439348769094,,,,,,,,,,,,,,,,,,,3.243557628824569,3.5671793782469967,2.4390028806865867,4.908136696264102,1.8384199503455392,2.308867842939797,3.0474338997426913,2.9469324965761228,2.2326168265076176,2.7898656847624363,1.417168723746148,2.2758554230911567,1.7345543986541316,1.4641360876500735,3.9162952690329704,6.11042636991255,0.7602138171879409,2.411344202733977,,,,,,,,,,,,,,,,,,,81.69720463371272,82.80104942484094,82.08116877123527,82.56686298170689,81.82140171185844,82.73677363772511,83.17417942643043,83.277092003055,83.60227476415818,82.90196437643603,82.3883512266726,82.93328893860377,84.18226609694607,82.46914760249388,83.44985895837867,83.36000673693744,83.75590724636803,82.37129925423936,,,,,,,,,,,,,,,,,,,,,,,,,,,,,,,,,,,,,,,,,,,,,,,,,,,,,,,11.984571783203679,16.779397229544543,14.476863544557917,15.8940089146943,13.455629136187962,15.753296181858016,16.03160455541317,13.357580840287648,14.466272594864044,14.419943277046507,12.045132525570903,14.943577192449403,16.48976592033064,12.741495151359203,14.998598645459387,16.552219631673243,15.350430226401443,13.098304272383091,,,,,,,,,,,,,,,,,,,66.14243110063379,83.13843718888849,82.97366174827523,82.1772515916971,72.36802122822101,79.16577577253297,83.91061316262422,72.06412432351894,79.33393596288786,77.55406215998407,66.76620799106819,84.6765966604934,85.12422916483848,61.59634796356928,87.98789393085718,89.71857462932532,84.25972242338808,73.3979289713801,65.1598847625835,80.57411013503746,79.67844099475977,80.49852433483835,67.25120036964528,79.69153549775591,80.275915580837,70.79007812319506,79.44378385137881,75.8355137925109,71.7473998010052,78.56166609618595,81.8175784693447,73.76800193368499,84.26896947249041,84.43249234484215,81.88016433843056,74.37872660381267,41.36034577836252,46.29706456184503,49.47387123664014,42.700923968036,42.34149991752055,47.58159800756004,42.61318765506389,43.58684421814774,47.87950995395035,43.07729561183381,45.19923328187273,47.24162682268133,41.73032859430528,40.46394178533025,45.949153878412,45.42654426354549,49.54102832217973,42.75568915559992,78.675,79.20433333333334,79.546,78.45233333333333,80.07266666666668,79.56266666666666,79.03233333333333,78.16366666666666,78.61266666666667,79.11066666666666,79.13966666666667,78.55133333333333,80.32933333333334,79.96466666666667,78.84100000000001,78.17333333333333,79.046,78.97333333333334,8381448.0,1327609.0,1053538.0,1108557.0,2097304.0,586041.0,7419602.0,2067307.0,2482991.0,46433050.0,1094170.0,2737551.0,6369122.0,1464013.0,636803.0,2171669.0,314747.0,4951680.0
2014Q4,1.0402650594079759,0.9198169474485025,0.795982160525567,0.3074728125867116,0.5005423835394093,0.8269830895644048,1.48894912498874,0.5271940212315555,1.0249362523824854,1.2195668555164754,0.6404571483038002,0.8818622049061193,1.6741426761781677,0.8563459260720501,1.7359597941999154,2.045250809797641,0.9391388513493957,1.0267279864356518,15.411789940619911,19.11314347722155,20.16120925655921,19.147283554970457,14.332630947659327,16.402087610953323,33.266734506426836,10.517120875008032,15.48591671504129,25.774227317090226,12.16369145983331,19.446883315307936,60.97793168484998,15.322653643957192,21.174316562521373,28.999110425621616,16.14154065012822,18.5734930865901,1534.3344588606824,1595.4156660213573,1635.4521352470006,1577.1692367171404,1430.4178486719093,1564.0348657922539,1797.3390463954952,1579.815235695888,1514.1134578714357,1698.805634613131,1407.3676723165145,1512.306164521763,2007.092409642428,1498.6653114363826,1829.1381390189395,2049.41480800313,1569.592619285835,1524.9627383023608,,,,,,,,,,,,,,,,,,,2921.664569769632,3907.508452792597,3743.758559696673,3859.495696322543,3095.8326419406303,3621.0331629853554,4303.72586516596,3054.9986338510835,3602.183225209048,3691.5612345238433,2849.128532838233,3426.626534285057,4646.394765893322,3005.317928213423,4479.952054304178,4758.052645602455,3814.181690845815,3306.907881263242,73.16819599681435,81.35582640145535,86.4657254354814,69.04975977274702,77.25709358445962,90.42319585187713,79.17500665542732,79.33028567459726,83.66574340082178,78.85299537605273,77.34277179890977,81.9728316861992,82.55742990057742,76.6798634397882,88.85304887703693,90.41315854826368,78.73319423930685,76.61333279455748,0.018370416235898853,0.023066407508794066,0.0260882053350047,0.018760483501452315,0.018858563867248858,0.025187303891225,0.023770101422513484,0.017404687061886397,0.021896921121070733,0.022896705978407723,0.016749093367276698,0.021698786476628925,0.03218709598905723,0.01768396098877239,0.027611214014378552,0.030572860176006866,0.02514287893910401,0.021386771363430417,,,,,,,,,,,,,,,,,,,47.724760621919465,38.19152229120283,34.00437359318275,65.36810637340794,42.54116301024118,37.1733939389979,61.106120466040025,33.764742533081346,30.31900215370126,51.727950210750905,28.228446892484428,39.0308529162007,79.10795533043446,47.29317353477033,34.912560911433374,41.10539673559436,32.43561396388951,56.6102629688102,,,,,,,,,,,,,,,,,,,5.194225528988719,1.9170073162294583,1.853705788019195,3.1502079839852546,7.348003211738595,7.153144022705355,6.4371861021528405,5.704579700930951,1.6829192799006243,4.631700922698273,1.2476691130819662,4.621765307049244,4.941620094056649,5.458538300899968,4.379126997209367,2.041329760170992,6.2915926470407335,2.926016161349441,,,,,,,,,,,,,,,,,,,6.543235690543376,23.2478027853745,7.747984910289737,5.192067306195592,6.485523115208893,5.20732956643941,9.062627129510256,2.302929504141862,6.603671540397964,8.837210479990599,2.4829241373283075,5.552769195191294,17.732139096278793,2.964878468975754,5.1992510330749875,9.744770026382124,5.208290058234583,6.420941287054106,198.8437743663347,194.53871881601057,142.22320197133115,217.08106350217727,174.90477999334996,147.09418651225965,160.29039939350855,164.7716255808235,155.05543651651698,182.9927489971589,146.5565106410609,136.27327431650664,212.80552254792696,177.72723137793056,221.1564065738795,205.91092932435495,201.1099448773956,176.09308508065416,,,,,,,,,,,,,,,,,,,2.668606883324859,3.182850854501866,2.220417365552001,3.9369558606665436,1.8728340527397744,1.8556084095862577,3.351776093451599,3.213983905944429,2.264351103446327,2.830830852994506,1.8636657356187016,2.2992316175427114,1.99159573684584,1.6579578160924824,4.205701764753424,7.463185766471169,1.6286830749289736,2.4299531335273272,,,,,,,,,,,,,,,,,,,81.58358037082583,82.72426917757925,82.08995675981912,82.44127310762673,81.75476853274591,82.67838956481759,83.1338881917879,83.13757789479926,83.58553845328821,82.81713571544573,82.30807066252906,82.86975447482054,84.09028738157453,82.38512049634411,83.52096935865447,83.28212467782454,83.6194025125278,82.29779951810225,,,,,,,,,,,,,,,,,,,,,,,,,,,,,,,,,,,,,,,,,,,,,,,,,,,,,,,12.03740697746525,16.816358716921787,14.55429338076492,16.073520140683428,13.529904514734588,15.817868537039852,16.1662456548337,13.422079694535181,14.460021311319577,14.507533000717116,12.056633139254131,14.987979266296325,16.61975127334659,12.827558510914022,14.892593099166316,16.703659060413912,15.312453551279653,13.202718089234564,,,,,,,,,,,,,,,,,,,65.40616229594215,83.87744522210629,82.70302723891751,80.82103227554268,72.53765699791474,80.5004671199446,84.21683863714358,72.42590811664992,79.77615272714431,77.51590910058846,67.69924515762419,83.67903773301548,85.14217684624502,62.34768080744342,88.50952633677393,89.39782412435063,83.98234388213613,73.42359812342742,65.9320162554137,80.91709364909029,79.30889310177832,81.65494664699727,68.3222267036177,81.92470110908447,80.16786672694187,71.27820628665012,79.9620752708366,76.25900510521001,70.07767104867119,78.80317338773946,82.111958161666,73.63465016182124,84.71247737877123,83.45514790627216,82.17912296595696,75.90038811824473,,,,,,,,,,,,,,,,,,,79.10533333333332,79.50633333333333,80.10166666666667,78.32566666666666,80.27466666666668,79.86733333333332,79.19333333333333,78.63766666666668,79.012,79.41066666666667,79.70266666666667,79.099,80.42333333333333,80.43733333333334,79.128,78.70433333333334,79.72633333333333,79.18866666666666,8385221.0,1326604.5,1051433.0,1109779.5,2099311.5,585612.5,7420246.0,2064961.0,2479344.0,46429386.0,1093193.5,2735176.0,6372429.5,1464604.0,637060.0,2172188.0,314602.0,4948386.0
2015Q1,1.037239459856248,0.913974761872801,0.7649623821904867,0.31053799609576643,0.512273639139813,0.8284027775496352,1.503437157638691,0.5268702199051292,1.004153348233803,1.2188791809005475,0.6455246569299419,0.8791297929888262,1.6934239956120836,0.8366636379607825,1.6764162365717212,1.988576613439475,0.9209997657651497,1.010283388932522,15.628719646066305,19.11924824872385,20.402199040784602,19.45026408158913,14.553423966462796,16.752256548044112,33.77276963157183,10.622554799307053,15.525298977911577,26.132855513090885,12.573112157256332,19.713242100413893,61.814411339059156,15.48262989311388,21.42229021102672,29.42869305053799,16.286420129206682,18.871184979442535,1553.8383908279177,1612.8386806519995,1642.7846723977336,1597.0806875005162,1448.7219925062482,1573.2462991713514,1806.8252021209778,1534.987415745679,1540.6929390633122,1707.244876182011,1381.5943773517806,1511.537599872864,2017.112220917249,1505.5691356798238,1827.3399421799554,2053.262526620453,1600.1099493355784,1527.4514193808736,96.06886716679216,96.91508052149942,97.74941542355738,96.53532588940368,97.64213142550572,97.14981803370289,97.23132671855402,96.25435332120136,96.79442230593656,95.84332303113436,97.9909276430818,96.90285121223688,96.78813461357986,96.66135081015676,97.8185399834022,97.50565486148976,98.24733531642954,97.58059991916107,2978.1761396437128,3954.6351871590514,3809.314118402549,3921.684629397217,3152.901892864439,3677.638360593835,4366.355988844782,3114.63265411384,3662.0462074948578,3749.597582476301,2896.1937094964856,3469.672359315483,4717.134072913064,3060.3100428208486,4545.617324550223,4799.474026316787,3864.353021807719,3357.460031770419,74.02752910406849,80.8731348464463,84.47734387877888,71.62334045832877,77.37944092548354,89.70656277726847,80.21821916970627,79.61461490264847,83.51883779532226,79.40823470163703,75.64092612248123,82.32179433103165,83.54585302528001,77.05910184241085,89.52099432799358,90.10320560710086,78.26218254844527,77.64140095100261,0.018266790988287752,0.022465298732649366,0.02594994129576262,0.018586825226237214,0.018022013792289508,0.025547520096243233,0.023303134799195244,0.017429331213047513,0.02228463337799416,0.022646066764454412,0.017130295536509688,0.022017702716004568,0.0313548065109963,0.017376526673923948,0.02703521167644987,0.030689826101724715,0.02521807433130762,0.02120486332711302,,,,,,,,,,,,,,,,,,,47.467772740136226,38.07950388700297,32.30911077712673,71.01733538968575,43.20625343474675,32.68045439781059,60.34791918545015,32.65271618198131,27.878509399848856,49.77449051454163,29.919956550086678,35.348586708663646,75.21040358404542,47.77875949176038,31.338451181555495,35.4707966639666,27.003991528491525,56.580366637287575,,,,,,,,,,,,,,,,,,,5.106626997572721,1.9499922126528813,1.8293550404191008,3.2864445953320427,6.944070045500305,6.795594066010566,6.309152992514388,5.580993764950587,1.705686432691564,4.514337403599508,1.2476458125286922,4.421578069959198,4.71733624043587,5.537776054650751,4.348210896152322,2.055755609487455,5.911726289550243,2.8857114617393536,,,,,,,,,,,,,,,,,,,6.537509808588505,22.397724793081096,7.735430338621303,5.224763137072976,6.407720536380073,5.241282221685771,8.933433541577562,2.228085915147638,6.519751494759723,8.774259846493393,2.4394967142533983,5.486311855466123,17.49628552608499,2.92196285357751,5.232586727268366,9.486111413925626,5.241836020533786,6.5250509635004255,188.4874594179618,222.7482821686153,153.49614348026694,250.0703868394319,208.17267356973312,199.09076672834993,184.15540657021378,155.17494818943803,160.06874638813972,191.90280164507044,139.2879774829644,151.69960853751772,227.5669292015276,194.98519314040556,200.88873764254672,222.86855512198684,197.50620386902807,175.76376619361383,,,,,,,,,,,,,,,,,,,2.037890534271438,2.773094273211523,1.9842851410911637,2.8655996284083853,1.9307082131421864,1.3766618517395552,3.6708353852071114,3.506922143012287,2.3020776907077827,2.875840691951645,2.324594240953289,2.325796737449626,2.2566249058258117,1.855480517781165,4.5088428288615425,8.914626801036524,2.514603361654198,2.4484365423265912,,,,,,,,,,,,,,,,,,,81.37076680673269,82.6417688081008,82.14534730152425,82.2478762375657,81.6848664511546,82.62544746707923,83.04692014858762,82.8784732789232,83.54652474301405,82.66561807912058,82.10066778384,82.72158210321797,83.93686589185138,82.22689747902749,83.64862967802526,83.11875554031657,83.39742935668698,82.18362509330366,,,,,,,,,,,,,,,,,,,,,,,,,,,,,,,,,,,,,,,,,,,,,,,,,,,,,,,12.123986568140852,16.902021589629097,14.589169255808157,16.229474347954863,13.664660736882151,15.698795652156612,16.26794155255045,13.022206570943586,14.525739186147856,14.577809304602026,12.174000470362392,15.040623719547064,16.72564818230334,12.888554733582124,14.966613449666355,16.768946282487313,15.372124554528659,13.265306471858883,,,,,,,,,,,,,,,,,,,64.88310908840927,85.20261518294457,82.60487631881371,78.09763077096716,73.09269731229124,83.28763751025699,85.1756712486357,72.4993226949013,80.95948559461041,77.81277849392407,69.60309312549848,81.76035717628189,85.51545006342786,65.41364151339015,89.60458768707903,88.88888191518402,82.69266033816996,74.03444778692035,66.37615131060606,82.57256036120692,81.16172217080897,82.0805108751813,68.92916194280217,82.2219655212181,80.7297874320341,72.24850051011278,80.58260848725371,76.87459416882214,70.77701113808877,79.33154206990591,82.69084628064275,74.10950546778199,85.09174800989304,84.06531452959368,82.84134290107826,76.33410046393055,41.38916641702337,46.95210806759709,48.70603783402649,42.29966236144334,41.32200339706107,47.78847712728732,43.2294463464025,42.72902589596374,47.64989612380439,42.73760293098314,45.40952858875213,47.55537800147426,42.0035086536998,41.19634432059483,45.67556195576356,45.85821854252369,50.38976220366428,43.15687922089334,77.71166666666666,77.99833333333333,78.51,77.363,79.11833333333333,78.226,78.15366666666667,76.959,77.257,78.08466666666666,78.152,77.41266666666667,79.302,78.861,77.54899999999999,77.22166666666666,77.94233333333334,77.99033333333334,8388994.0,1325600.0,1049328.0,1111002.0,2101319.0,585184.0,7420890.0,2062615.0,2475697.0,46425722.0,1092217.0,2732801.0,6375737.0,1465195.0,637317.0,2172707.0,314457.0,4945092.0
2015Q2,1.0239613501668594,0.9104980775987624,0.7439615435239095,0.31107409931830265,0.5146274741407068,0.8290523018503098,1.506037506799868,0.5280332115118161,1.000465813448858,1.2144072807429767,0.6395236673076512,0.8742797808367512,1.6970533647582973,0.8324196246537924,1.6373171914756255,1.9537865593193435,0.9025450351750376,1.0006182558068089,15.908031843949205,19.357873909402393,20.693493301990173,19.76834060868377,14.789079331065706,17.078609106237195,34.373268345768146,10.777883358716942,15.658917753252215,26.54465469681752,13.087379402651582,19.943690421839527,62.63287464466683,15.695009282957066,21.639364859228778,29.76978404673539,16.52276336543546,19.2090705973489,1546.3836171024032,1598.388165357455,1637.602078672162,1584.5681931424513,1439.2522756843628,1553.4779956452696,1810.267698758953,1510.6287641391552,1536.6313026950259,1702.1529969344704,1373.1499899191115,1498.3288178671633,2014.9897866045603,1497.6955353859648,1819.2248139288154,2047.7621897455251,1610.7399090538506,1521.107518372581,,,,,,,,,,,,,,,,,,,3026.1646903829374,4005.409982616023,3863.117698694348,3981.7702465791,3204.8634011764093,3733.6029406564576,4421.083323338466,3170.0059186346925,3719.937509699399,3801.964252492299,2940.935884676785,3514.394918715522,4780.667933106187,3107.209383173866,4601.8638389593725,4844.185505824532,3913.251422343613,3402.704438875764,74.7766550192502,80.5611231782786,83.34548278473989,73.14470798764131,77.76568169521342,89.50330112815661,80.95044846116578,79.55877499214844,83.39465288185113,79.85379819986157,75.10494137957073,82.74031934918521,84.23692561104943,76.89659919928951,89.58941125100256,90.09757190227938,78.22497853081603,78.36651529780981,0.01842376043937086,0.023019194879853936,0.026242179190315053,0.019491591329298657,0.01801651243836879,0.025055171864958786,0.023401963824902117,0.017028148428127002,0.022049912837229194,0.022705287218683232,0.01702273626727897,0.022048481733850083,0.031135311623374438,0.017899097675300953,0.027031839679069466,0.030815456432657477,0.025210084033613446,0.021296629382892573,,,,,,,,,,,,,,,,,,,45.70917871819964,34.98752231274276,31.968256186566332,67.30406730568052,39.512135665351956,31.78860718922731,63.0707280122386,31.254216852939532,29.25815021598016,49.93865289828879,23.846777779868734,37.712411936994755,76.65730121014555,49.39369391829647,34.697136367404035,35.14815673244794,28.537687831237946,54.774906497839545,,,,,,,,,,,,,,,,,,,5.047925009821885,2.0028684135285637,1.82214902319569,3.3830522329296615,6.60068898034671,6.504219103407014,6.274612716694936,5.446328293520615,1.7509478928874314,4.4276835427959,1.2446817895610356,4.261060144430209,4.507166440428618,5.530768751273455,4.358993113890705,2.0930480100062367,5.74709292801886,2.8652541088208188,,,,,,,,,,,,,,,,,,,6.488316933693232,22.842327409841122,7.727437466440179,5.2152903246196045,6.554602492660959,5.2347047148657575,8.928066260259323,2.283063840930108,6.602820649161394,8.846719557474902,2.4393895311604172,5.5286201844528495,17.621098518729575,2.946715643073061,5.222961250568079,9.681478545654283,5.231831530087559,6.317663986470609,194.44967149953519,204.49372068265308,177.6376785700239,241.1161592672921,210.8829201622947,183.151388513008,163.3339782780676,148.62238106920597,169.91392495149478,190.9525785737546,157.24230082645013,144.21783147023405,237.68114276842186,201.77674813921135,201.35797810782898,205.26818360240935,219.98607837856142,180.77880989832138,,,,,,,,,,,,,,,,,,,1.6970665825112707,2.486423330960182,1.9642580817508706,2.2781105625782305,1.828566866591072,1.3064961879947492,3.8037060177347426,3.6263508783022393,2.2828773336366925,2.884801176244216,2.6765244217823976,2.3454264442570714,2.4499726654403466,2.0378099041720885,4.76994911183167,9.568490308565204,3.2683173866249304,2.473433548840599,,,,,,,,,,,,,,,,,,,81.2975890067044,82.65832289864639,82.18976873612596,82.20277205003607,81.66422131243215,82.63613161684928,83.03613528946975,82.77898823224386,83.55008604685854,82.62183794112809,82.01362532383786,82.62842584098011,83.90478804981112,82.17211219098269,83.73248635353438,83.05734651182902,83.3178151207508,82.15588354802847,,,,,,,,,,,,,,,,,,,,,,,,,,,,,,,,,,,,,,,,,,,,,,,,,,,,,,,12.196164685846444,16.98412118967798,14.707899723983289,16.383341396925303,13.84390135997757,15.697396463958937,16.364115951826214,13.065387889370145,14.595253258614145,14.678986723472306,12.285406613087664,15.189340849150193,16.84227224088392,13.01217905273137,15.009233578836195,16.890653337716802,15.378060646025101,13.37284219345651,,,,,,,,,,,,,,,,,,,64.43131779030445,85.78054495536432,82.86536714775605,77.37857386977609,72.54874281934502,84.93083548298044,85.86540654477685,72.09768206139799,81.63035146481278,77.92802387438729,70.7991097859729,80.67123386074981,85.34397501433054,67.52434224858234,90.28130261049525,88.82781645519063,82.41716113183082,74.4966349667407,68.49701688717866,83.160331715524,79.94465924607348,82.11209802846864,70.11418363551141,82.0619322603427,80.7351495342473,73.04945157174089,81.55952210242582,77.5258931609492,69.99634534060677,80.32915028833057,82.45013015749164,73.60883300265444,87.67625430066694,83.75628778252255,83.6747222540847,77.09840550790082,,,,,,,,,,,,,,,,,,,79.22133333333333,79.47333333333334,80.008,78.78433333333334,80.217,79.52133333333333,79.59166666666667,78.445,78.69866666666667,79.514,79.55499999999999,78.83966666666667,80.54566666666666,80.58333333333333,79.05666666666667,78.604,79.74966666666667,79.57100000000001,8387538.5,1323243.5,1046407.0,1112274.5,2100295.5,584310.5,7422454.0,2058356.5,2468944.0,46405050.5,1090306.5,2728079.0,6382785.0,1465437.0,637396.5,2172286.5,314160.0,4941157.5
2015Q3,1.0030429206211515,0.9082891631936805,0.729154471657006,0.3101832044842119,0.5110787965611387,0.8305902513811078,1.5013295142910987,0.5305870104194514,1.0079209407481957,1.2077234297153632,0.6270059814683258,0.8671326770978691,1.6920555255733627,0.8379301956433833,1.6095859047079377,1.9323398934371658,0.8796668793605182,0.995118520910935,16.077758819227192,19.546597967078483,21.041099577138876,20.06967302767486,15.013270118673848,17.207220531770652,34.80320993464363,10.83145477669448,15.825695811240863,26.90294724148281,13.219871370654682,20.122030692118148,63.532367517988725,15.899042362613194,21.89558623022231,30.19458210969824,16.851682032347597,19.551814972485857,1544.6564327867202,1599.5047061898856,1653.185068012058,1600.4893645388865,1453.8671510781317,1586.997347244021,1813.3887362567202,1520.2297581119733,1542.332438718664,1705.9531382461541,1376.3270381330146,1501.0334348887861,2022.9669146856897,1508.6129346695225,1835.7556476158445,2018.8051475930233,1617.1524427880722,1515.2316658671357,97.85682226025068,,,,,,,,,97.89261865903224,,,,,,,,,3057.233344538661,4051.262879459309,3898.026418637392,4038.461265084584,3245.934883257358,3782.9058688896735,4464.197623752047,3216.3865022762584,3767.805861076558,3844.157683026861,2978.711964974336,3553.9736147021554,4836.7081696229225,3142.981445568618,4642.991647847338,4883.73528293469,3954.9611331499855,3439.020496184502,75.48746825962745,80.33034114459146,82.59851544450282,74.0869737047846,78.28424797137227,89.59393470948658,81.46503773412336,79.14456534730397,83.22798800015771,80.22344061065088,75.21268256992813,83.21521922832572,84.75031978262855,76.28828492592866,89.21793395212534,90.29848681835136,78.46507739077038,78.98313989587142,0.018250475221864605,0.022969413734861496,0.02710146566412966,0.018939478980231638,0.01949247167589526,0.02509268352881288,0.024246977849461032,0.01738475963658988,0.02202103736062718,0.022968724018057888,0.017466069335058197,0.022861490432580085,0.03111505418060222,0.01812811672951581,0.026024509157991833,0.030964157088881172,0.025138356544097268,0.02143715201845248,,,,,,,,,,,,,,,,,,,46.63209591586786,39.787010670152256,30.14167932535714,68.84942383516803,43.13318137655395,34.95237239088538,63.44206360573484,33.84939323694853,27.314051819501028,50.690229799867566,26.301219661279333,36.35390048073892,79.20828650962086,45.98116826068529,30.125802652765696,36.94881280644271,34.758730476943555,55.41188463104814,,,,,,,,,,,,,,,,,,,5.006637298329766,2.0750583141418617,1.8364330648941538,3.474519509679784,6.263845603850111,6.241454288449863,6.304613257709294,5.29036926907027,1.824030150553744,4.361416162104383,1.2375994009961087,4.1304867968434165,4.301000318050371,5.459146214529549,4.4115300719430826,2.157977024948633,5.712275103122069,2.8644466847499395,,,,,,,,,,,,,,,,,,,6.617159603644375,22.770376856505777,7.916713353445039,5.272595319034152,6.63368045967647,5.295378283897227,9.147464854992991,2.3082035104174063,6.6338371503198506,8.896550710619163,2.4742309321144798,5.543772936543443,17.85910250332714,3.039530429412954,5.281203937194572,9.751435511143308,5.289657469947995,6.506208081982425,216.54189402740494,213.2187764163172,185.95916056625052,346.8496397262213,247.71088239047438,189.00937810180332,184.81322643074532,174.20097317447636,185.76863537937314,212.694553520755,189.2661465152569,161.7348154935397,279.5468613342748,196.43605754246545,222.75125714852663,255.05488526714748,210.47313066231902,221.24645652813842,,,,,,,,,,,,,,,,,,,1.525612546128455,2.2754521720012506,2.106323147077007,1.957707479633359,1.606212155718706,1.5232289822815792,3.7850984407813075,3.608881878716858,2.217069888053139,2.8652227733166824,2.9345584601103893,2.3597051717144892,2.5863417032596225,2.208809274819444,5.002835909480853,9.566777813963553,3.8974708213919493,2.5035669225537265,,,,,,,,,,,,,,,,,,,81.3133672736822,82.75143358437548,82.23312556591551,82.25978484059819,81.67985742799506,82.69683964141063,83.07536906134135,82.78091698216085,83.58222281218204,82.64863978353463,81.99519988672783,82.5599995555733,83.95519226053287,82.18318606455547,83.79344759325937,83.05844853773898,83.33123283300256,82.18720866599763,,,,,,,,,,,,,,,,,,,,,,,,,,,,,,,,,,,,,,,,,,,,,,,,,,,,,,,12.198237978336309,17.08271647267156,14.746511920918307,16.545966673547206,14.019321195836504,15.608483264876723,16.433348520063603,13.072845559688576,14.71038659429216,14.756287037198616,12.431926168814119,15.251244041489587,17.051904391746692,13.148109396451108,15.052938819650416,16.9106833598134,15.208012054383152,13.47596739237756,,,,,,,,,,,,,,,,,,,64.06410805744031,85.88453194397245,83.44638168588824,77.96837073448057,71.18702515350994,85.95578665338783,86.47161754221729,71.25868894110052,82.0424680236408,77.96205516679248,71.64643428724202,80.03779829133875,84.80467985734127,69.3278706375291,90.74824696863274,89.07914855310246,82.74228042818257,74.95313107007698,68.61246646336366,84.01696764890772,82.69791901075203,82.74441493430925,71.75205702523643,82.35426421695031,81.79582888739755,74.46734277021065,82.15864208967218,78.31213713698766,70.6074025198597,81.19067743125198,83.12597468135364,76.49218045665428,86.02951148120333,86.05733412768647,86.62354744532078,77.52889398681607,41.41132642345224,45.66174432798361,49.70957678565135,43.2096178114296,42.6075236046708,48.24723914144668,42.51854320082636,42.99629729704177,48.35668013634935,42.79098911682461,44.90113500985955,48.28734445228358,42.57743307013337,40.43802270563267,46.05603466983445,46.06435516934691,49.65660941261295,44.50318739418702,78.33966666666667,78.65866666666666,79.14633333333335,78.572,79.585,78.93266666666666,78.96766666666667,77.446,77.97433333333333,78.78533333333333,78.44233333333334,78.044,79.962,79.56166666666667,78.31833333333334,78.04433333333333,78.78266666666667,78.76666666666667,8386083.0,1320887.0,1043486.0,1113547.0,2099272.0,583437.0,7424018.0,2054098.0,2462191.0,46384379.0,1088396.0,2723357.0,6389833.0,1465679.0,637476.0,2171866.0,313863.0,4937223.0
2015Q4,0.9757562693557422,0.907237997334756,0.7219216026285974,0.3082047001017191,0.5020200901583416,0.8319546692189469,1.4891958212703424,0.5345095581636037,1.0274598975691436,1.1989901086411123,0.6079456942940816,0.8594577490765528,1.6774671140562554,0.8529865417420415,1.5966806672447156,1.9252969338040153,0.8567883196992945,0.9939798343497347,16.224309577380595,19.64493928263171,21.168511900787806,20.368021487891856,15.05102416381346,17.348833119809434,35.30984426328933,10.855205389869539,15.999957182451578,27.246748555495085,13.336079385582709,20.28900404298965,64.49757527220167,16.08699866614746,22.107206517190836,30.546210655954564,16.703597881718974,19.785494718329474,1549.2832621357088,1610.2318516414268,1669.0536416062778,1584.1078078388298,1456.5560638164638,1603.0827710936044,1816.7898795305682,1540.5592609242844,1550.0611829364923,1716.989681926479,1394.9568944792154,1515.1332335845477,2054.040792953957,1512.923200103522,1825.3689121249968,2041.2203560696646,1599.83169638412,1541.9593436391372,,,,,,,,,,,,,,,,,,,3075.581315222123,4096.549606320568,3914.545241096337,4100.116307144117,3278.365806866384,3830.367773539501,4499.567802387427,3257.6190274943992,3809.211738860875,3880.328771071912,3013.2901890176126,3591.263417874305,4893.366374992611,3171.517354145348,4672.234686169567,4922.21436769165,3991.753697929844,3468.9372363014486,76.10834761705382,80.23540083068363,82.37865789197842,74.34497784924534,78.97062940793074,89.99620138508838,81.76629463500458,78.48204475789912,83.05852132266892,80.51452648785049,76.04144992801989,83.72266709145742,85.06690158104207,75.35601403237096,88.47166046887853,90.70073567226837,79.04776152996837,79.40894385531615,0.01867907917503793,0.022956282643451186,0.026901573161385927,0.019454032005020393,0.019368464332996726,0.025953508398009834,0.02445927300297147,0.0170247651113677,0.021896628057633587,0.02306686134516628,0.01661034081089918,0.022934515545566594,0.031043724547016677,0.018125141868941385,0.02605770300486212,0.031014943312598416,0.024845195321458603,0.021577159556068568,,,,,,,,,,,,,,,,,,,49.6745928973661,39.35160777811697,32.812341134801926,71.88066954956987,44.6828922285618,38.36298759020811,67.82427933515926,35.50587899085581,31.483441120272236,53.577197715341896,26.271971401085615,36.35063174508004,81.24229103718898,47.56628949453618,32.62796793289936,36.421726049165564,45.084009103919755,56.437764350046194,,,,,,,,,,,,,,,,,,,4.98321563089693,2.1600547982745018,1.8660381834426785,3.540367885070855,5.962431386283053,6.0148346212843045,6.395668383558839,5.123081791609009,1.917965802285796,4.316453565435802,1.2282302601206025,4.025217105744223,4.108566412468208,5.313620830524104,4.500098193010455,2.2431090395074427,5.822151621839993,2.8841274228808578,,,,,,,,,,,,,,,,,,,6.550681953204485,22.543452806938152,7.966686106569263,5.309163246438396,6.674590337648155,5.331747517101206,9.3427722293872,2.3220642035085755,6.597963433365379,8.980278904865548,2.4323980788582733,5.55257899762602,18.32286628869344,3.0387520544583215,5.315049542379091,9.814999799566495,5.321876293020786,6.425240632904282,211.3544504461187,199.31710654464808,160.44398055881052,310.40752322967626,216.62451260055326,188.57212279229748,198.84528910005312,168.2855069481261,182.34398260873337,206.00702748147128,157.20490320012266,146.99074614544662,231.319758504116,194.74662060031605,209.208678730265,263.62454571659197,253.7915241237488,192.68375748453198,,,,,,,,,,,,,,,,,,,1.5110175633753733,2.1434661769006897,2.3652864321417755,1.8848263067634756,1.2994284553473743,1.9594502974205443,3.6631272989488153,3.455276645389228,2.118291170622814,2.8213683869314163,3.080036354849051,2.358948548982583,2.663544183860974,2.3569308873148587,5.1659452953492835,8.958379308441096,4.329494738258023,2.5331219056576955,,,,,,,,,,,,,,,,,,,81.41827691288069,82.9084747088773,82.27175839643427,82.40956687180004,81.73105480841818,82.80158127466088,83.16157550060124,82.8816215066721,83.64116639794534,82.74390419621672,82.05050700559433,82.5299925002286,84.08315379780461,82.25780426543437,83.82543637518098,83.12544941011544,83.43352268955972,82.27328269267028,,,,,,,,,,,,,,,,,,,,,,,,,,,,,,,,,,,,,,,,,,,,,,,,,,,,,,,12.256481646260898,17.235107819363925,14.876733358115226,16.518880002842298,14.07764676241493,15.600536851602389,16.497803464046356,13.127762267742462,14.831864514586313,14.821583441284808,12.29948133682058,15.327147148042128,17.07307684999151,13.280963455519807,15.109341689046799,16.99527270296446,15.373666062861107,13.558046343333398,,,,,,,,,,,,,,,,,,,63.82146506384598,85.53230791771868,84.283374847542,79.75542462477617,69.17153471485378,86.22574035337468,86.88730466437009,70.14430630260019,82.16769491693604,77.89714246489616,71.95136280128659,79.9306106716296,83.93589506490034,70.53414560049839,90.96586273379303,89.60415307652286,83.74789810181665,75.31578617626205,70.27457939086564,85.36488921463439,79.8724512999658,83.44684656436237,72.71064215990992,82.91052403776871,82.39928537828915,74.79912955952035,82.61303707515296,79.04718441706568,72.11705692090355,81.8895177387027,83.49897316913618,77.1688254004079,85.98238040099088,87.10698688778096,85.41601883770817,77.91700970578803,,,,,,,,,,,,,,,,,,,78.813,79.13933333333334,79.70933333333333,78.39533333333333,79.78966666666666,79.26733333333334,79.19066666666667,78.03966666666668,78.43066666666667,79.15499999999999,79.141,78.649,80.15833333333333,80.13433333333334,78.72733333333333,78.655,79.50966666666666,79.06533333333333,8389064.5,1319464.5,1041946.5,1115450.0,2101354.0,582965.5,7432355.0,2051717.0,2457456.0,46401631.5,1087274.5,2721226.0,6400649.5,1467023.0,638199.0,2173146.0,313944.0,4938555.5
2016Q1,0.936530328094248,0.9087271169043061,0.7227443279069959,0.30326513807553,0.4833077192981789,0.8338642227945514,1.4649604309367106,0.5403548448531528,1.063855876854283,1.186031212658262,0.5775150701981866,0.8478379623405126,1.647561454468078,0.883795381326396,1.6001102252845387,1.9384448969452803,0.8289170858838288,0.9991124985548292,16.33432321572247,19.880246684102634,21.44466154496685,20.656473033468284,15.283353828551505,17.49390062944243,35.82402544979355,10.921145470358518,16.186485469476878,27.546144306245253,13.234697322211447,20.441973850869473,65.16387608335889,16.242202423319625,22.725386616232175,30.729718865094416,16.739160016568604,19.97219328248214,1549.1365299080978,1602.4057842355137,1703.4627044531194,1590.24347052735,1459.7819475330784,1665.6940899485655,1813.3548807544278,1542.106960134908,1545.546098135532,1714.638680323416,1400.812735619351,1520.7143587135859,2023.8676351619968,1522.2590763515984,1816.253117108815,2035.096982455342,1587.897116535106,1554.8743662766956,99.14938358758737,100.0,100.0,100.0,100.0,100.0,100.0,100.0,100.0,99.37919906631016,100.0,100.0,100.0,100.0,100.0,100.0,100.0,100.0,3078.1983006295086,4137.325192975327,3908.9920393916514,4166.541547481976,3302.148600397269,3872.814658053768,4523.464615360337,3291.868513196652,3840.5867979615546,3907.1445157180337,3042.210307647795,3623.620896611112,4947.991962947705,3189.7006085743715,4685.655022656488,4954.350920302629,4021.614805807464,3489.943766808976,76.68540162509971,80.24465891236296,82.82592975761082,73.65992604287518,79.90965094076927,90.8936155450241,81.76133507534624,77.35036763784005,82.85326098917297,80.70240509540035,77.94611404645212,84.32379278760986,85.11046771378014,73.75261712390521,87.04781063833157,91.41102668838606,80.025381983861,79.61699341184399,0.01883926756359534,0.023337647813954338,0.02704710752618927,0.019349301429360283,0.020162248815747186,0.025751338211209042,0.024370045151714384,0.016922554427385262,0.021747275780653403,0.02304687032113913,0.016084290150650965,0.022794348855041842,0.031114568805324712,0.017393471795538854,0.02651340852248005,0.03061497609024175,0.02337393519624234,0.021449879025597342,792.4230141809438,760.718671705464,684.7698257926191,1113.235694275194,855.0738660564056,859.2077133566089,1074.3208381493969,659.1162595741608,586.0901549084604,828.0772064640727,624.9009076013452,781.0239533440766,878.5867305860173,723.439965785848,606.0468860317139,541.5874247976374,874.5129974928807,870.8913323517381,50.48896784433684,53.15369270843086,37.31049679766312,79.567589032985,45.01453251958851,43.00111840816949,74.67621592394924,38.556754797186755,31.400730887996392,56.126782013780605,32.2579829697612,42.89648578210703,80.8371063272084,52.313058380347954,29.16630687451592,33.00176599066021,47.435281751672164,58.39908979634487,22.84991617011906,25.40123456790123,25.41666666666666,30.53701015965167,18.28728674737305,24.01960784313725,25.634294636659543,23.16905474203537,24.60176991150442,24.964621260225346,18.524305555555554,22.56840299739054,25.905020541625916,22.651712745609455,26.89285714285714,21.066666666666663,22.74509803921568,24.377262193057835,4.982254005520306,2.271970158728402,1.9169582516317967,3.5904692881160956,5.6757986927757065,5.838539718170126,6.58224968306922,4.926423708787756,2.0468467483362915,4.295812447528033,1.2102465886411538,3.9538721460970385,3.9107314558538904,5.089947583344675,4.634704286619545,2.3605151878137467,6.126548851920839,2.922032190942123,70.42945225736868,71.52057975384868,69.03635372983373,71.47861632672989,75.82688177183405,70.59550920669653,73.56578027024023,69.37124899580341,64.24844035135968,72.39514652999203,68.05124772403714,67.4208969402157,80.08732558270161,71.51928259625826,69.26369846033947,74.28562179139652,68.2881623525184,72.79797234649399,6.6264109034503775,19.085463820407323,7.9003374565246896,5.262201156991695,6.69464937081218,5.282341974869934,9.191200253411246,2.3008701557468374,6.62671471110937,8.90600818601225,2.4678933668780467,5.543089486030139,18.47018334827083,2.974509700240671,5.270512740629794,9.848269888226469,5.279912649991578,6.385608997406118,227.8648528600462,220.7996259921225,176.04725184678628,267.39835361511786,246.06234737326048,166.73626938276124,190.70052600228806,182.51409612964096,178.15462548833878,209.83798200346052,178.4182303948955,132.77573939266043,248.3959790179627,174.20863777957564,200.36914499588997,246.82721965824115,206.75555248539277,195.3637732792751,425.2998249704278,163.4129835640898,357.6023288132441,3162.716921698461,216.2317220038506,265.1507814378579,4638.342898123468,465.61476888810927,182.25950197276944,2833.2579068542664,631.2841739013277,-13.143896244969916,5841.743242622953,372.40051927953874,765.6475753096563,392.4263466041683,692.1649243129795,219.86150509326583,1.7319370659511877,2.1021788885615966,2.917788336448637,2.170826904077522,0.8379252043709644,2.9981418884599544,3.3264130339697373,3.122242136096444,1.9494740666310117,2.7334002630991203,3.112369584892791,2.3606648394446457,2.6617535375031873,2.4996240646636045,5.340349361610317,7.46777668282653,4.6494240833913185,2.572495310971852,,,,,,,,,,,,,,,,,,,81.66185705807948,83.17895143661859,82.30224635619433,82.71559595213571,81.83266269611217,82.976568873781,83.32682454746346,83.14262404626191,83.74451595885658,82.94830371694128,82.2180067773868,82.5381494493772,84.33720802197564,82.43577926998184,83.82070718038227,83.29001008491342,83.67979624850992,82.44964867641704,6.367187499999999,7.203539823008849,6.870370370370369,6.81132075471698,5.875968992248061,7.125000000000001,6.386178861788616,6.999999999999999,6.582677165354328,6.556272909646884,6.494949494949497,6.006896551724137,6.745454545454547,6.91150442477876,7.208791208791209,6.776923076923078,7.303370786516855,6.583333333333333,317.88203198136205,212.6210626820264,169.71967119982727,625.8009664192017,346.1502410419208,198.8239700804363,504.3490238103838,166.2013182597851,214.89450690530902,358.7868175796678,155.17944891495162,184.33402868170054,553.6340937798466,241.71121852098054,316.1883822592694,306.1044888163571,214.68181252414297,355.5942006166518,,,,,,,,,,,,,,,,,,,12.353027809715893,17.399100229710623,15.022048044680336,16.664592349435782,14.20915570715143,15.658747025103157,16.537644373815233,13.24710225254112,14.8994382848154,14.89258797644915,12.341454253359315,15.410734433069365,17.00623564891499,13.373533042863048,15.086233034797388,17.09012041172863,15.44116069651194,13.65894147682432,67.5451567733382,72.00542218631914,71.21559977241498,63.99927671976984,66.63806829160941,73.0261882460924,65.11838232136724,72.9317654210323,73.00573216356064,65.8069809558571,71.71998870126245,69.56683968138096,73.77236277804018,70.8945237354002,69.71564901988148,66.94710446367228,73.92763239114565,73.70356232287016,63.60895784481141,84.42270983927553,85.56828196962601,83.68877790228551,65.8756150694714,85.51070935177373,87.14449630184932,68.39054383405922,81.82991639828954,77.66810399314456,71.78082179199723,80.5490309542727,82.46930910835327,71.085051024005,90.82994073207026,90.61052258096079,85.73903014920896,75.62612350582373,70.44709699064656,85.65559558280991,80.56093262497518,85.83497141981505,73.91325355310443,81.65643568282398,83.31067705880686,75.47053839087003,82.60532144535567,79.65237821990749,72.13505668212177,82.92513632241257,83.62078744148351,78.68034431373783,86.28534115943398,87.52511964283258,85.97935782206272,78.73942730837949,41.3180041811567,46.3412413927154,49.03906971689398,42.42691544473377,42.27020845386846,47.71343330824701,43.25251569888714,43.64082024498249,48.48302769783827,43.83968059645346,44.25971552277296,47.1331894468204,42.29914893305212,40.08500486582984,46.71159734626181,46.76865321909779,50.48261409691088,43.36083797207473,77.15933333333334,77.53766666666667,77.95566666666666,77.02499999999999,78.47433333333333,77.56166666666667,77.856,76.101,76.54033333333334,77.57066666666667,77.48166666666667,76.717,78.82066666666667,78.38633333333333,77.16733333333333,76.99866666666667,77.48533333333333,77.31,8392046.0,1318042.0,1040407.0,1117353.0,2103436.0,582494.0,7440692.0,2049336.0,2452721.0,46418884.0,1086153.0,2719095.0,6411466.0,1468367.0,638922.0,2174426.0,314025.0,4939888.0
2016Q2,0.9125262815383828,0.9051817731925601,0.7300468955523732,0.30474354483258165,0.47627335265508114,0.8326787818418327,1.4509898426161794,0.5464713510548388,1.0952889389918012,1.1792548149598376,0.5603616962010238,0.8496046105474372,1.6307108574517142,0.9002716476086692,1.613363155060021,1.942095170259771,0.8206352716019006,1.0007676566318109,16.426466596326293,20.10823205932031,21.675462726860136,20.94534863520392,15.416621692312292,17.584309981484537,36.22971164581464,11.059625425105104,16.25678961538828,27.79001760411338,13.268013934748076,20.610775036587498,65.75148736906294,16.27101577362103,22.637805294795516,30.924776988979758,16.71198580294677,20.17403562322579,1540.0990654441173,1607.040888673619,1688.2533860877634,1581.3625213894536,1456.2548302712219,1658.9173359581623,1814.7297617751954,1548.0293939191426,1545.7630845536694,1716.0370299999408,1396.3032294571506,1518.0028149333375,2026.427454511855,1542.8884044498868,1818.527781077742,2050.7436358119758,1585.2808241103567,1553.502980996136,,,,,,,,,,,,,,,,,,,3073.727129761684,4153.919249381796,3899.939209070833,4189.316743409122,3313.255165416435,3894.503391867353,4524.095656763783,3306.9205034266583,3849.519632322556,3915.239004444363,3059.669111691827,3637.549306944125,4970.825148953249,3191.782900843098,4683.988519719463,4964.747709253305,4030.790601035984,3497.0618515577626,76.97777219157352,80.53022699839225,83.18829424201678,73.2901243617337,80.7397467870292,91.38729540196417,81.88889622444225,76.76493633085656,82.7195058912937,80.9055512292726,79.25086275269057,84.73066544350074,85.27356509820832,73.19876632067472,86.42080503953864,91.93292645104295,81.28973010856043,79.780946920376,0.018677550086502688,0.02307271816207844,0.026973061124654356,0.019470189452710025,0.020881735559135074,0.025963537639397218,0.024514023417975983,0.01685737488163191,0.021483233843652066,0.023095667767385614,0.016065427421526567,0.022864402566675567,0.030751369199807976,0.018365291708060588,0.028136434336459522,0.030989323346148262,0.023979555279562442,0.021629864238732463,763.8232293074215,714.9946419629897,666.3351225001974,1090.847121588657,828.7267681987584,802.1141387626303,1025.6111690309497,638.2843044251264,566.6898685263969,802.8159117157435,618.7763095121281,749.0330265214574,873.5376253039162,707.449208478907,592.1902721604705,543.0270916336062,808.0034812646799,848.0536361639108,51.51642381784916,53.161667484917906,37.86118579139042,83.47831776822895,49.05105317595839,45.79645902877982,70.62319708779444,40.51425150775009,33.89438308594887,55.79722424926923,29.815805562525195,42.42871392800362,80.91294661816336,45.717647304411486,36.43821799888097,37.560839985424465,43.17397132393158,58.22417350074408,22.433848037416638,27.5,26.284722222222218,27.82708284804721,22.07172119323755,21.83006535947712,26.02752696770443,22.8234398782344,24.165473944235004,25.66376078657086,18.81944444444444,26.610736081829057,26.76569488087519,18.552643018605455,31.179271708683473,24.84603432700993,25.15114379084967,25.59119490278911,4.975863868256226,2.340239799737871,1.962591527619583,3.5833926090365265,5.479431297903749,5.627831705422931,6.702229186045954,4.7750633174331165,2.1551840005338367,4.28120183627223,1.2029375076432618,3.864198742964731,3.791453165093862,4.804886457804874,4.777103070134023,2.459909828268416,6.40455019432224,2.999852827823886,71.280966869806,72.95195232644843,69.17545999494507,73.49590582012581,75.8041332712311,72.2373990579436,73.84945885488781,69.99891741580267,65.22174053666103,73.04654190696387,68.65412499750028,67.927589783636,80.44103553637711,73.04329120816661,71.64602651631101,75.42733571186024,68.94228639404413,73.10375771133212,6.492051102564349,22.03564881804142,7.813719942544727,5.480869219429063,6.815672221987593,5.50645563915219,9.485208070992055,2.380667584615922,6.892466158428454,9.366881256478763,2.49398882964888,5.59548082069758,19.111064555749785,3.1032939160601187,5.4933137418926625,10.388591830795484,5.500565026803239,7.0870462495491715,228.76228578481897,233.51575854207613,178.41451676274784,361.16687079221873,198.93771399596312,194.05294600003828,212.25370950702242,215.59383042600652,186.1476487759324,221.50025403969298,169.5575181548098,157.3620030505538,247.11370691544187,200.4227318206047,289.2894324827414,281.0101755098815,258.9159930012453,212.74183796159818,447.70877029231804,190.55793046456765,3503.4284525986345,3021.5372223816494,113.47700666354503,238.0173333195879,4782.166391953028,432.1138041365952,145.58721348500598,3402.1850740742125,542.9087692070465,218.14556989671868,7270.495283599977,396.7133648078677,13400.89254670468,1024.345725332502,661.6788698327904,217.39524675766572,1.8284276447469612,2.092827182895818,3.0341297224723154,2.2734231381118066,0.7196813033082528,3.290852001800063,3.4305576328895797,2.854973148483181,1.9230967210704235,2.7102452284140464,3.023042034712763,2.2950270788393436,2.667426924287147,2.557555947801374,5.180137356918183,6.616559321299991,4.395111646883853,2.585624362113234,,,,,,,,,,,,,,,,,,,81.80865174447145,83.32844805284162,82.34723040359184,82.87118049803419,81.92409846495495,83.10251316274191,83.4182129896376,83.26223906791184,83.80962863853468,83.06770161337175,82.30746185201176,82.58799044996579,84.48575596713735,82.5211288188415,83.81679251587593,83.40059650374651,83.80570766997462,82.54697338513074,6.341085271317828,7.263636363636359,7.037037037037038,6.719626168224299,6.274193548387096,7.16842105263158,6.338775510204084,6.985074626865671,6.385826771653545,6.580123106311438,6.728971962616821,6.689655172413794,6.686363636363637,7.175438596491229,7.47311827956989,6.628787878787878,7.147727272727273,6.395833333333335,324.17320615663255,225.28446210564468,178.30500231195708,641.0281521899876,360.97608138368594,210.0090862003612,527.6150985983688,178.2813073060486,223.02220236593558,373.83621141112906,164.28482077782982,193.06035447463762,575.8756000281683,257.7121095147714,325.42798392070523,327.20231362099406,215.5085364355089,381.6821187652612,,,,,,,,,,,,,,,,,,,12.434481054255478,17.446122911809535,15.041030258399509,16.802745098871327,14.32754368798519,15.697773074127594,16.587588163220204,13.36113319230176,14.975439990990793,14.96082873782052,12.374507838723884,15.399629655255787,17.026921257419033,13.46243703250195,15.189489356334064,17.15407162954216,15.498829685465711,13.795857324055952,67.98087804072914,72.20146422871579,71.13868354946753,64.06639050512423,66.74605031740238,73.00878702729588,65.83792779543113,73.11031043348505,73.20158258366254,66.25502909223634,71.90641992836082,69.58915696925455,74.1233870001002,71.03124239594068,69.90476295910626,67.31495503764457,74.175399034195,73.90075409903527,63.97004296530144,84.04921689789168,86.42336009649632,85.23123862756003,64.48361225265812,84.98094454868715,87.08631737278367,67.8141669132372,81.9553482563152,77.61494268756074,70.78788073897131,80.90807538757814,81.72241487135169,71.31402810201016,90.88370752878745,91.08662274250015,87.39333718037324,75.7200816725369,70.40856167923526,84.61910714857052,80.66644567452839,85.67603622683544,73.21859747441339,85.01298051015327,83.89833105780056,76.38722488044837,83.88634142817332,79.9000582738829,72.54516292592513,82.54469881530702,83.83194839680954,79.99217937503852,86.88253558917046,87.28435495553354,84.58037771915161,78.84168980026642,,,,,,,,,,,,,,,,,,,78.48833333333333,78.601,79.30466666666666,78.13266666666667,79.52266666666667,78.54166666666667,79.04266666666668,77.39333333333333,77.71833333333333,78.762,78.827,77.99566666666666,79.75633333333333,79.82166666666667,78.416,78.09933333333333,78.90833333333333,78.63266666666668,8391357.5,1317140.0,1038443.5,1120174.0,2105189.0,581970.0,7446758.0,2046582.0,2447490.0,46422992.0,1084316.0,2715575.0,6421177.5,1469620.0,639384.5,2175588.0,314017.5,4938080.0
2016Q3,0.8977754076644869,0.8980228359401573,0.7441668788757525,0.31071863080210393,0.47650486552301635,0.8291946871402923,1.442568825129375,0.5533569852183523,1.1261537282071437,1.176464862137059,0.551264240083833,0.8611559207903313,1.6211376110451405,0.9082822989235152,1.6376329760267019,1.9419284802500771,0.8264089687808396,1.0008338866602469,16.62889288938033,20.370613438072795,21.81937209510142,21.27446113438017,15.707176700516207,17.82355717810752,36.754482223029,11.136656325609666,16.42133751285538,28.113292048000027,13.349816363192918,20.873812618175048,66.40749299889866,16.364462795981005,22.690180531703778,31.0565586331914,16.84893566388858,20.43205908636279,1529.2333172426459,1593.5652808106302,1684.1433641148994,1586.522747049692,1445.615200530051,1642.6020982856755,1807.5060566068782,1550.123643613787,1535.0363878052333,1705.9898241581907,1381.265630976203,1508.2757804811135,2016.8346449016726,1508.9626614448914,1811.5432506169168,2010.5637492649325,1572.4862053652407,1552.3971400084388,100.2888231229103,,,,,,,,,100.4783148803801,,,,,,,,,3082.318807373113,4182.4123894575605,3916.141406764096,4208.997994215308,3338.7943851188065,3927.581561774907,4536.355199516812,3329.361697682178,3865.734793812353,3935.246781585226,3089.104896942044,3660.728892566172,5003.940334862339,3204.009674454637,4702.630204494419,4994.269826466962,4050.82806847296,3516.3730092016344,77.03493270016313,81.05601739891247,83.59622455841556,72.9835206140793,81.53872973075171,91.65570733699636,82.05720058497887,76.49721974050458,82.62402945735158,81.09983781188345,80.28786616847029,85.00448915211594,85.48108169957654,73.32961980300803,86.27891379296364,92.37045266481606,82.88158798160308,79.87813133085552,0.019338148126210198,0.023688724987426288,0.027516208706390863,0.020890564962444177,0.021130149762072236,0.026313707549798265,0.0247530332126453,0.01740361713412283,0.022016501935298426,0.023547669356905773,0.016157357325176747,0.02317430878061101,0.03118853396474422,0.018567204646492256,0.029085078151495594,0.03152406110026416,0.023470590108595268,0.021996356764781195,732.2999174531792,666.7881927773456,646.465559603626,1066.6667406547203,799.250061739917,741.932414470668,974.7877881095036,615.5600332713987,545.7374560520931,775.4799105037216,611.6062733550002,714.7143546144873,867.1677982616496,689.6030413470289,576.9546765551978,544.9393709737112,738.4247852678844,822.4918117015666,50.42496894890762,44.878784466242365,33.08984056350387,79.83798964846711,43.87450873427667,42.58440005638337,80.08373205797729,35.49187950352679,30.631488581919303,54.4956932279168,27.951517483750507,40.696096834037355,72.89384805555065,44.98508371640458,33.26318308103324,35.208984701219485,59.41801653142263,56.1135892726261,25.97498160412067,26.62037037037037,28.125,23.45679012345679,23.83177570093458,23.0392156862745,27.83595113438045,25.05747126436781,23.54740061162079,26.46663981742516,18.22916666666666,25.97137014314928,28.63636363636364,22.22222222222221,31.9047619047619,31.4207650273224,25.49019607843137,26.85185185185184,4.968821768640102,2.378320027784145,2.0090454395392063,3.529920634792618,5.349983238173951,5.397797122928708,6.788476360392987,4.649933736927103,2.255807095279507,4.275703603282001,1.2003554724205012,3.7658250058720197,3.729729757088154,4.455708139760315,4.93698169372868,2.552694405793033,6.700545242590687,3.115063140450455,72.15361008351483,74.4187016441987,69.2750643480774,75.5967903782601,75.71551015489648,73.98439760742224,74.11248133914037,70.65942949220543,66.2261533479973,73.70126036167663,69.31495304288694,68.42206551541909,80.78399191891214,74.62587564138764,74.16634769924006,76.60437684108472,69.60957742910303,73.36633687548965,6.574321571949497,22.38217894250173,7.844472428975303,5.339939461022921,6.812407351719399,5.369549197847337,9.705647770119635,2.277069023982764,6.717743377492632,9.325257076844421,2.5083044984815968,5.689549897278823,19.58746112029187,3.0412915255255064,5.3565320932666785,10.111688267313678,5.361473434761086,7.193623762477363,212.45440593134052,235.2882716563064,136.1311705587125,312.0414325899924,184.5011589714187,209.26187286789636,199.38090232908434,172.08903823395926,165.40309956128274,198.74035109611276,164.75084419202935,132.2244905169398,239.98548331787003,177.222373321348,208.60320454841678,225.7441869513592,199.3463322320437,197.18282263144903,415.2288435903662,181.31727687414002,2363.2614248964533,3093.40594392638,77.340973306686,223.85637001477838,6295.631753770663,424.4058671681472,148.39033219333194,3692.003961434044,446.16311023026515,220.17680853940234,8304.008894587017,357.0844274118036,9113.116090661508,1325.4819442836194,2831.1727199200723,261.57808584529516,1.8641176921815565,2.125771727394057,2.8446668755963205,2.286218233461401,0.7999093743468345,3.0603189673650237,3.840251259226072,2.5989872598103037,1.9940932458591272,2.7276982209971345,2.8090698931639753,2.1766343988535146,2.6596327445250187,2.545391471028828,4.759776127433001,6.034569190132499,3.6474148869358616,2.578614505483569,,,,,,,,,,,,,,,,,,,81.9073152370659,83.40646043630119,82.40330942021735,82.9395371170079,82.01957241412435,83.20538710797246,83.4675332275001,83.30152376625583,83.85391657703451,83.14227565511997,82.35667548866826,82.67815154082398,84.57687788947534,82.55349431492635,83.80646372090929,83.48815465247559,83.86582216776289,82.60054933607236,6.39746571258199,7.274675324675323,7.013801537386443,6.888659237958303,6.046545593091185,7.009742441209406,6.335371361659419,6.8638608428446,6.216535433070868,6.552960753910761,6.523364485981308,6.522909777987719,6.727272727272727,6.916423001949318,7.32895044413277,6.902855477855478,7.200300417972834,6.323571116928449,327.602633279534,227.68257632267756,187.44584694442105,656.5314630963501,379.8404133256684,227.00265846441968,555.6054004434693,201.91167534712534,232.132619530411,388.4029541239686,175.99065274224836,200.80255471188724,599.8835279353274,272.95935463167024,325.7761103636161,338.6823006941676,226.26711908877422,397.9702564068411,,,,,,,,,,,,,,,,,,,12.563634148448863,17.597967604204698,15.134475537406537,16.979756390679384,14.565525253233549,15.755014773278745,16.632998021146143,13.524082129802576,14.980930145086942,15.044489612287682,12.781948974633998,15.497061906053808,17.04406319012873,13.511604124051185,15.222606409682827,17.050460731410183,15.64860928368603,13.925365873099338,68.41912195927087,72.3985357712842,71.06131645053246,64.13360949487576,66.85394968259762,72.99121297270412,66.56207220456888,73.28968956651495,73.39841741633745,66.70497090776367,72.09358007163918,69.61084303074544,74.4766129998998,71.16875760405931,70.09523704089374,67.68504496235543,74.424600965805,74.09924590096473,64.80428055718153,84.10557050121294,87.03708424684197,85.27011567649598,64.31109008419688,84.413183811957,86.75220916812503,68.02739114281593,82.3675238448849,77.67300204764305,69.0559445628341,81.19887676182309,81.419007575551,71.18158342299189,91.02486096894943,91.23816344235627,88.99111225242095,75.64323687065871,71.77439754135544,84.23748769215273,82.62188638914928,86.00107152686418,73.84534038680685,85.81039130527162,84.68789599915372,76.29188303810365,84.90272378868089,80.58526414308523,73.25797870698557,82.6530300576213,84.29373059351857,80.31208935300204,87.4756108697336,87.25696484582711,86.78486709596095,79.696523789552,42.04303857258689,45.24264742621698,50.08368979992243,44.18469677213965,42.56782509083087,48.05087949839168,43.65451473687821,44.13185562264013,47.82432498069492,43.62439611697232,45.53933084933529,48.51299509792907,42.36313241270583,41.51537359952826,46.14278085524284,46.48086940515265,50.28468947136145,43.90959462092368,78.22866666666667,78.42666666666666,79.16000000000001,78.35233333333333,79.45966666666666,78.69133333333333,79.008,77.141,77.68433333333333,78.64066666666668,78.35233333333333,77.82966666666667,79.76100000000001,79.42,78.469,78.03166666666667,78.369,78.419,8390669.0,1316238.0,1036480.0,1122995.0,2106942.0,581446.0,7452824.0,2043828.0,2442259.0,46427100.0,1082479.0,2712055.0,6430889.0,1470873.0,639847.0,2176750.0,314010.0,4936272.0
2016Q4,0.8931679827028829,0.8880682739629765,0.7630418976648785,0.32127268628978445,0.4839140625237236,0.8242623082233231,1.4414809013177345,0.5598168188736561,1.1547014559467728,1.1782491102448414,0.5508589935169567,0.8814015063217187,1.6205900770350659,0.9076506721414199,1.668893643628738,1.9375314525448712,0.844038673733431,0.9992859581531137,16.824709410352668,20.592789351259846,22.114349026952066,21.4024933707111,15.922324150517476,18.15514885428484,37.28853191398529,11.249089152969228,16.444994918501415,28.389965626209513,13.50584492187865,21.157634225628307,66.80929570620286,16.033371845497495,22.7618865184377,31.196271496452677,16.934687043847084,20.65277550842396,1519.6345723009533,1573.0493383695014,1664.8732031153213,1585.9066622795383,1452.250712843405,1638.1919763711555,1794.0511197450955,1525.3512749514462,1517.8914363312513,1694.7765143956226,1358.5059863697898,1493.6281865511748,2011.5803651830424,1499.1546986714116,1805.9775498094245,2027.3727768644205,1557.2842353041453,1535.148343735105,,,,,,,,,,,,,,,,,,,3075.369206300464,4191.708056610003,3926.972448984685,4197.438436656128,3352.761209103298,3941.917018049098,4523.233319624087,3333.0146651859613,3859.9463518268126,3936.4667247030575,3109.256220593514,3664.420730022374,5010.337437281885,3200.857623831346,4703.862928582944,5006.789383869155,4051.835094535769,3518.6406981775663,76.90189348316372,81.76909669033236,83.98955144195686,72.86642898131183,82.21187254144976,91.66338171601544,82.29256811523263,76.5874762907988,82.60320366218177,81.29220586344357,80.91515703238694,85.14105261677345,85.73488548843501,74.11899675241202,86.65247052916614,92.68559419575494,84.60329992597549,79.9239283369245,0.019269946426164898,0.023832965566456622,0.027516509422568752,0.021203764445453157,0.02055338776815267,0.02648626197148943,0.024820535594828358,0.01785447647022826,0.022289702969403545,0.023465072873736312,0.016423118754877782,0.023231833182377457,0.03091033752344613,0.018675232880357676,0.02844166805780695,0.031142880358363472,0.0239116383770652,0.021459312174490666,703.4924113009761,620.7065155786254,627.5857643189504,1044.574325585295,772.1171422206698,684.0277731091439,925.2569519595457,594.1615916134032,525.9797149603803,749.7265593926924,605.3533857356434,682.0580200301744,861.550182254405,673.2347646886251,562.5666951387764,546.2666059388025,671.7580179203503,798.7160359748915,46.64484997311794,40.663113043981994,31.918861895806693,76.7741128819724,43.217835291891234,37.11770926350744,67.36929536300259,31.319181602711915,27.861581248746983,51.47426864800062,24.694463318194533,41.20505993974596,76.26275765259138,45.68457085150473,31.217618457803088,33.03726155633807,31.38903191176138,53.85609623964747,21.889446734432962,25.787037037037038,21.30208333333333,28.086419753086417,20.32770793219315,25.7516339869281,26.836782596573716,22.97276019524484,21.747110747110742,24.339020311349667,21.66666666666666,18.585946573751453,25.419992360914176,22.493852000894254,20.44164332399626,21.047358834244076,19.865196078431367,24.12510936132983,4.965673977845193,2.3935875942873706,2.0590463621082575,3.4360053510883946,5.287136481428669,5.152416173653276,6.835729564279584,4.562767904699545,2.343468403878131,4.280872005997603,1.2153997194243464,3.668477547097345,3.727268187968354,4.07644347165828,5.111441689565523,2.6380520350823398,6.991078515194278,3.2595821949395356,73.00512469595215,75.85007421679846,69.41417061318873,77.61407987165602,75.69276165429352,75.62628745866931,74.39615992378796,71.28709791220469,67.19945353329865,74.35265573864847,69.91783031635008,68.92875835883939,81.13770187258764,76.14988425329598,76.5486757552116,77.74609076154843,70.26370147062876,73.67212224032778,6.491044392108078,22.42596344676407,7.81961868604987,5.372708388983071,6.798232938990914,5.400613368205994,9.519563331463454,2.232245251292241,6.674201401585551,9.16319580786201,2.4870337412462513,5.618476305017596,18.83890272858324,3.0050839706530366,5.386992281993026,9.949176375992119,5.3938392951414045,7.108865607842161,239.96801665960365,280.58834991499685,251.12451021714904,303.02021716132543,316.3436092841947,206.70717474274045,203.96316057551982,197.6781229523071,190.04623116901868,234.0932059586804,183.14222375737572,157.56184005615313,279.3357332681588,192.27612083992202,212.06381413179645,250.9947079704903,226.4709179569569,235.05876375766698,441.0763497510066,160.6852018028814,1789.650080614787,3082.3241609173456,145.61631364769343,204.3971603204839,6115.038154112553,417.2603655310038,181.29723773474922,3584.2893977242747,380.7423148543661,243.6247413806187,8800.760983855767,369.198598916151,6935.645897946459,4442.724916865122,1898.2389890955862,244.0079491360127,1.8208645561005463,2.184692571662407,2.381704592266035,2.1855590646102145,1.0596671808172282,2.337348943666473,4.537677634836367,2.3727591703656223,2.1500628810107245,2.7863869997950474,2.498903280289979,2.0090933882019923,2.653558759196494,2.46223309206982,4.103690077067304,5.798532866131479,2.5933393892214918,2.5496518607663656,,,,,,,,,,,,,,,,,,,81.94217596038321,83.40614007423862,82.46721381999646,82.91368643282212,82.10366642480855,83.27553085550458,83.46742923539882,83.25361311957042,83.87193882557418,83.16171901456698,82.35785588193315,82.7957085598331,84.60015812141167,82.52959759625034,83.79603658283251,83.54123875886452,83.84867391375256,82.60282860237984,6.453846153846153,7.285714285714286,6.990566037735848,7.057692307692307,5.818897637795273,6.851063829787233,6.331967213114753,6.742647058823529,6.047244094488191,6.525798401510084,6.317757009345795,6.356164383561645,6.768181818181817,6.657407407407407,7.184782608695651,7.176923076923077,7.252873563218393,6.251308900523561,332.5598461005714,233.52871987759303,195.89915117911968,568.6721735678475,379.2331422223698,238.05479331444405,587.3787825326714,214.7455444299208,240.21193467128325,405.452621762777,186.72471126419816,209.43946809126223,600.19312853579,288.57004704817706,325.5417518139295,346.9801576018358,231.55874458391443,413.1616499038727,,,,,,,,,,,,,,,,,,,12.658850871647754,17.66396160335107,15.079027151188601,17.11059143351692,14.790128279967272,15.762807363234508,16.587325222057455,13.596189149610733,15.037606934790546,15.08380150347405,13.030973545392728,15.554861406494917,16.96790613872638,13.579897195315347,15.251070596006219,16.973854181152994,15.826604584500654,13.995897647064943,68.8548432266618,72.59457781368086,70.98440022758501,64.20072328023016,66.96193170839058,72.9738117539076,67.28161767863277,73.46823457896771,73.59426783643936,67.15301904414291,72.28001129873755,69.63316031861903,74.82763722195982,71.30547626459979,70.28435098011852,68.05289553632772,74.67236760885434,74.29643767712984,66.0167186327056,84.62250276161988,87.37127368703564,83.80986779365851,65.32968259367361,83.89516228758218,86.216977157242,68.9678981098876,83.04721150051036,77.84395127165168,66.77535290619734,81.34401689632615,81.58926844474398,70.81933745099288,91.26149077019284,91.06469123418279,90.27652041799684,75.41055795098058,71.69860389267413,86.69623240649001,85.55262914129607,86.63510266041611,74.73946545643177,88.00401444325715,85.35112001674908,77.53494040332605,85.26051492573919,81.31862702086735,71.94570248877807,83.29650568962687,85.42490000171749,81.84579914386117,89.57226683153985,87.63315690649188,88.56446226503202,80.3120982552661,,,,,,,,,,,,,,,,,,,79.63266666666668,79.90933333333334,80.60966666666667,79.173,80.505,80.04333333333334,80.18900000000001,78.724,79.21766666666667,79.926,79.844,79.452,80.78833333333334,80.84533333333333,79.67766666666667,79.43933333333332,80.10699999999999,79.59433333333334,8392343.0,1315824.5,1035015.0,1125743.5,2111087.5,581433.5,7466801.0,2042625.0,2437897.0,46462246.5,1080793.5,2710505.0,6445093.0,1473074.0,640961.0,2178347.0,314073.0,4940046.5
2017Q1,0.9023862317166181,0.8719857658076812,0.7912242407867369,0.33873727521823976,0.5033087495755956,0.8156544318207667,1.4489362684234488,0.5678759704779094,1.180627803027131,1.1857873827006613,0.5625837385890283,0.9166636428033829,1.631609678475531,0.8928988024184566,1.7151927913584115,1.9243678407137699,0.88368428067937,0.9942652546488876,16.99398102595454,20.738032459621174,22.356669059497335,21.63312660861767,16.116104145796804,18.443696548214113,37.768469109408585,11.349486217782873,16.583995527299166,28.674119511263076,13.59774851644794,21.415758784821307,67.25148499269275,16.15631904042503,22.86416995589358,31.33469594713722,17.046891906588588,20.90336057191552,1507.3632481243649,1543.779733692523,1675.096146872746,1550.9721868447457,1437.943445877206,1629.7770482487228,1754.183656567003,1531.7025345954416,1491.818720511565,1670.4864414861681,1331.6945199407296,1494.7891364027832,1989.8032212030778,1450.274596823164,1820.8180193437124,1985.9802638031304,1563.8585995945118,1510.8419851414062,101.6630304893977,102.6367842889908,102.6539615668338,101.9932528539552,103.1931768190342,103.1679493789687,102.2871593203044,102.3464547703728,102.0434283878866,101.6109541619522,104.3807375062449,102.798814420631,103.0809432730329,102.5854548820407,103.0835287139807,102.1217998085752,100.8206897098173,103.3925852042042,3078.8406873191434,4196.648180938762,3947.429682025364,4165.815963745494,3371.1783707275063,3954.313894003033,4503.633479613101,3330.3308063284157,3844.737204590524,3933.583594453521,3131.3368364746034,3662.138382211184,5009.940176946259,3194.675644019324,4708.096542383382,5020.4052893243415,4046.8048814538047,3518.8079549687864,76.43084619006878,82.82361948421627,84.35180711961851,72.92663323277817,82.88061822639592,91.31417004580443,82.63384667985675,77.15323192835454,82.60621565642879,81.48950526719008,81.08560789265657,85.0832799140027,86.10034876288795,75.98101460978177,87.7943398694096,92.86048354644046,86.85534729100901,79.90695382133377,0.01906715223474053,0.02336912189422165,0.0274297324754487,0.022215487571023984,0.02035236780061582,0.026744820018540786,0.024905163607314637,0.017649461992669816,0.02222281578033601,0.023380450598595923,0.016411702999143737,0.02297195782137392,0.031008018364846825,0.018389791733744557,0.028766109878129505,0.03081730539867079,0.023588509435403773,0.021155701227855945,671.4622046394518,570.8760540774425,606.96555685425,1020.3099705042147,741.7611580249231,621.6420782050556,872.2654854878161,570.5189830982337,504.24316567212225,721.4159025128322,598.0194578617263,646.6022980895964,854.4370134284094,654.8866041443671,546.735605831845,547.8209235502444,600.1102251822191,772.0398601752889,47.56829889092634,42.72841515086293,30.177310303585834,84.50051162898711,47.8270053166646,31.873731076592964,66.79326072438319,32.76142259402691,32.56959361313991,53.193472722544705,26.044170743941432,40.735551333342215,76.89931191806485,49.82612801555445,35.67567009511128,34.49238830878038,36.818653334188035,57.34195319534841,21.778039157631714,25.293209876543212,23.038194444444443,24.814814814814813,19.66305254378649,25.03267973856209,27.064398661257297,24.132420091324196,23.319228319228316,23.792715426778823,17.34375,21.178861788617883,26.464283518123292,18.583289862632583,22.190476190476186,23.640469738030713,25.451680672268907,23.682667828576758,4.951574309350644,2.3568529916506424,2.1013828652230755,3.2817633171703497,5.303587973696156,4.863072720570814,6.824364978012363,4.4982682141351455,2.4177687569988118,4.2902294245616055,1.2316295377266082,3.545846028674141,3.7972343885899087,3.5940581848818147,5.301721224666918,2.7071826423537977,7.2858379700108795,3.4583591858940994,73.87082810214628,77.32416428343497,69.48873722789627,79.717352937226,75.5938044882799,77.37710041834558,74.63805078070409,71.93916682208305,68.19491900991154,74.99873272590457,70.55769224700319,69.40734197778376,81.47631155714096,77.73866783518893,79.07797145718247,78.92836629207912,70.91789360000757,73.92820923130716,6.723320661239827,22.915397756016873,7.907530534099224,5.581572803040763,7.041485586421186,5.605502560691644,9.959118312458617,2.31253923662927,6.848020968287579,9.580402681971028,2.604065138588811,5.8032749576021,19.674900489397633,3.3228814024944375,5.590884042655585,10.493994866054233,5.600827699548803,7.545084665979115,229.27214762023797,247.6590345393968,212.58541054779857,361.26764739674337,222.57834497621354,262.31751556664216,221.63796860142716,194.908174501112,181.51670654887232,232.9308010434703,183.17595489051715,156.97028970452288,285.4019457604309,201.25602744676726,235.753155528031,268.574117922918,243.84395126088518,232.18482405085746,444.5327589657671,123.25420648201948,1696.4729754453415,2986.491020598538,153.0978622784041,56.0515418020905,6365.086296481622,1044.7587801161676,188.6931568562211,4184.94295471839,241.16485667581748,431.84526338387616,10868.990072650797,373.26401094628324,6831.45257032227,8129.56012309738,1868.0124936627615,266.20168651818835,1.659308991852344,2.2909599946125536,1.4841869527598972,1.9078216532581869,1.7360131088680015,0.8138620574548618,5.778333166721254,2.1726688134860064,2.4686793103437776,2.905356742782636,2.0257167204580906,1.76268261221784,2.63077600795887,2.2914322924733423,3.0848334583296824,6.015709546262123,1.1425608392382431,2.4899189543568436,6.123470536198866,4.978071509760372,3.65698375107152,10.398548784286529,6.273247215019595,3.4548734061313966,6.696107841188496,3.8345045050710205,3.8578709581860027,5.910724056578647,3.1580521423029895,3.3203323454209204,6.5713634168149495,6.217208378711001,9.521662899977132,5.122240814941337,4.343553790361069,6.483462502961385,81.89618375102724,83.29146668733414,82.54958780839725,82.74485194065241,82.19446282018562,83.3084123895175,83.3986654936162,83.06865140767229,83.85524740773758,83.10574510977322,82.28668807389244,82.96808279874995,84.52708769022706,82.41671698239931,83.7767676505396,83.5516100906487,83.72251437811742,82.53335455581663,6.153256704980843,7.252252252252254,7.130841121495325,7.158878504672895,5.999999999999999,7.094736842105264,6.453061224489796,7.094202898550725,6.508064516129035,6.651775671957056,6.390476190476189,6.475524475524476,6.910714285714286,7.176991150442476,6.721649484536081,7.356060606060606,7.079545454545453,6.791666666666668,387.65373229090386,273.55543915486794,213.8636960092629,687.1170880757069,436.7500845656096,260.27367683383983,623.1362449158545,280.2232287513477,259.9895083207791,449.32283552734026,211.23125470386353,227.5663205270774,667.3163008239171,353.71631268511624,421.49396621239475,391.4937822363629,264.80828114017703,470.5213282529534,997.0782298006848,735.4779610979117,626.598742582963,1611.707407204127,1099.9255802400853,752.8630908104119,1347.9354075231897,776.9229155794808,739.4797929505957,1103.8311805459718,623.1207897981187,680.8600275835253,1468.1559224509588,885.3130215616478,953.0448761465983,946.2414134951632,635.3479642163893,1153.2037240905258,12.73111697667211,17.711917528822575,15.053377543879458,17.22157451952489,14.929466656485163,15.930076906057106,16.659403115548866,13.63937868322772,15.009431251970385,15.134461197701036,13.1540479913055,15.581024034465855,16.97224586909265,13.688284187219793,15.085709237552319,16.90685684934823,15.630691689933341,14.074175750024956,69.29112374134999,72.7908646015668,70.90736906342413,64.26786284184014,67.06989372209637,72.95636714876092,68.00209672414309,73.64697883992733,73.79035242417444,67.60148301347617,72.4666160677055,69.65532111493418,75.17916578561889,71.44238716137086,70.47378873480423,68.42125188310436,74.92047161843945,74.49393904782755,67.94849288711798,85.86052564170818,87.35671302571119,79.93387140657076,68.26024806853411,83.4518134402756,85.28870119088124,71.13923675253218,84.21772462822078,78.19458620815749,63.44409320832484,81.31091032668765,82.43804865685532,70.0217245679662,91.67984230827211,90.37117795877191,91.4995507868765,74.9468439485302,73.27573358576089,87.47690069503837,86.13377837710773,87.56457228593058,74.37034835348102,86.37038771808051,85.33075249540389,78.52282478323272,85.77657702714846,81.90112325128361,72.1825339835146,83.6902146605594,86.26023983762605,81.15510985277716,90.05837574311475,88.29608607095273,87.44288466288333,80.7424119987573,42.27930030189119,46.79247723896233,50.03018672529868,43.02824278627059,42.7557349535768,50.02513835272521,42.91483490444379,43.829431853124,47.62380678238245,43.74627860104687,45.57219872031185,49.15005891650296,42.19820161115445,41.78467430753754,46.47099312895283,46.44550596917481,49.43983472637301,43.89546316473744,79.30900000000001,79.60266666666666,80.13033333333333,79.13666666666667,80.32266666666668,79.802,80.11766666666666,78.46633333333334,78.97566666666667,79.69866666666667,79.431,79.05066666666666,80.67999999999999,80.45866666666667,79.20733333333334,79.09866666666666,79.668,79.39333333333333,8394017.0,1315411.0,1033550.0,1128492.0,2115233.0,581421.0,7480778.0,2041422.0,2433535.0,46497393.0,1079108.0,2708955.0,6459297.0,1475275.0,642075.0,2179944.0,314136.0,4943821.0
2017Q2,0.9079166356721825,0.866127964136869,0.8083227525103852,0.35355728701907285,0.5120406874130756,0.8149765749801191,1.4602213118327543,0.5669582253217911,1.2068913257247238,1.1942142836814118,0.568940665816856,0.9378391963994857,1.6427195634199352,0.8920751939227525,1.7406422087438753,1.927384646320033,0.8983633918563025,0.9953097774982903,17.214225426303127,20.951885890371454,22.635992341101893,21.801931350008324,16.40697529951098,18.315011598386413,38.36246750257471,11.412327533408446,16.718425321422405,28.997281261164243,13.795495748506681,21.67722628167157,67.79183514911007,16.413437036256074,23.137591012335125,31.399294038732595,17.09663868507194,21.204758383796158,1514.822800572732,1564.3845696324559,1693.395048885578,1581.9640228679852,1450.1226785540205,1626.636002946474,1776.946577296603,1529.8619293239105,1514.218232241644,1681.7170442661534,1359.9267375721781,1503.890569202224,1982.8931111687698,1471.3176473804433,1821.4132784071592,1981.6632979714661,1554.2559069839526,1517.2461068933883,,,,,,,,,,,,,,,,,,,3094.314443483541,4220.217340651052,3986.061496400004,4168.817648595696,3398.259365946276,3986.5495520604586,4510.608922043182,3351.3556018696995,3862.986889574841,3953.693094264673,3161.9450012372645,3683.399803853966,5028.312770007389,3213.693197053398,4730.06385994984,5055.158052448383,4068.812330390036,3540.3560019298925,76.32898210474104,83.49603076271035,84.84644011044513,73.1939302855626,82.93855440343165,91.12832065309794,82.90695785697174,77.64055615753588,82.9115758503409,81.64966414447954,81.0459499534995,85.08487629809818,86.21637728267885,76.94082968552131,88.52879229039416,92.99025272870114,87.6845811100372,79.81430199829609,0.01902472767700436,0.023369823658183256,0.027767651461679865,0.021111837039250514,0.021078383112362088,0.026186117572570985,0.024991421468223977,0.017053097210505887,0.02243418300501474,0.023467265463409145,0.017008642191366722,0.023160976175829767,0.031397445888920586,0.018261226334517884,0.029303288255341668,0.03101847903535969,0.02371512563445919,0.021106538241411163,666.4659426016835,544.465273381386,599.4152557150968,1013.7027670541877,740.6375821385474,588.5226990926286,841.6437056005138,564.5610909276933,496.59965233391824,712.8794727926063,600.1344146941404,632.4415033078569,859.5355003073059,654.3564706374814,544.1131430523197,545.4987971824694,559.0768811822113,770.8304533498625,44.59066944032327,37.31080418144512,32.39929117574135,76.31588370244644,45.76713055843754,34.36484914617019,62.134622002475325,30.071413520280945,28.490904100980448,49.291807493751485,28.934151095352387,36.95469677680055,78.1285642868157,40.08707832040467,27.48906913546983,33.53464512493089,25.519047837865493,51.616729420038865,24.242231599532133,30.146713615023476,23.493165784832453,31.130910784998832,22.52688282759638,26.50326797385621,30.172883124300018,24.444444444444443,23.893893893893893,27.264512362198086,20.629133597883595,26.036585365853664,29.00113167421451,26.069042787079315,34.0,27.538392050587174,34.865196078431374,27.3681917211329,5.001576668237532,2.4119793478312697,2.18817298610409,3.163593246594228,5.341725434916544,4.6688929487741975,6.857337877876914,4.519736552126014,2.4767703361206137,4.338106037040474,1.3481165422002568,3.5424975622009915,3.8804564500683503,3.35636261695213,5.5065472491298335,2.7989605560190016,7.555695013216242,3.5983037401738627,74.5540313624301,78.47473772956774,69.94266306944196,81.07160298978015,76.09623290675628,78.18253679313592,75.08635497079935,72.30471064133378,68.92054719866694,75.62358222930047,70.6973807553038,70.01120827651266,81.91579461489741,78.79734513812511,80.36548761443079,79.78906056012094,71.46698806385146,74.57806793322887,6.650149818378792,22.857552909461333,7.695261449138426,5.472988386551973,6.872582225708116,5.495128620807906,9.566413793706689,2.2650940601534226,6.812865501159686,9.28391935372871,2.5066047816515944,5.537846926177395,18.06828146813572,3.0659467144359525,5.484017839202639,10.13792896965104,5.491440735065046,7.150524925094272,239.46261176567697,238.74449118980434,189.81734646126162,292.2033796431138,234.9646241889906,208.29883131779727,211.01452077184106,190.3597635704277,194.17452326689113,226.15481254284202,170.62038697258745,150.9710858571813,279.72446101050065,195.65570005780577,205.36821079489508,247.0146351184158,274.2185378351424,218.27032243346432,420.63128288019243,416.9375390286949,45.667131553329796,3062.257110163672,544.4594997077004,34.98299979184858,6174.724649793587,1020.9931700526669,213.4554937975383,4199.157002835837,154.5236918322358,261.9469197813215,12132.308250614424,317.64751576612105,437.1190733657228,7064.8422578847,1846.9592312276081,650.1316327541886,1.5911739883081106,2.3510387226616194,1.1973453752787908,1.804228352960267,2.0555137490478685,0.42062256371023554,6.654404423354934,1.9919345833533668,2.606213480299021,3.005919946820559,1.7300223921683753,1.5773735297742222,2.689272642532818,2.1266263752077728,2.3886147691416477,6.123748358125082,0.969655949236521,2.454645578395363,5.960886821999409,5.325984167116105,3.666375162539516,10.954537854976925,7.188277051211128,4.091182497301757,7.2608042353443025,4.438675532147006,3.64739102508676,6.2386784558176895,3.3003369776990685,5.870991294156502,8.492101476242386,6.351179336724666,8.417401425129102,5.709643283703507,4.9362492284623745,6.643847887533327,81.84745411389686,83.22868599963272,82.5937026930667,82.66883259234137,82.19543506399197,83.32241771290875,83.34485374252662,82.98468135726534,83.83589084861329,83.06679532032202,82.25964632394725,83.0621545379264,84.48751241678087,82.37728642622126,83.78096836323658,83.55666385902104,83.63719257519625,82.48645166636867,6.145038167938932,7.504504504504506,7.259259259259258,6.971698113207546,6.097560975609754,7.385416666666668,6.538775510204083,7.102189781021898,6.401574803149609,6.629578788505113,6.564356435643565,6.597222222222222,6.714285714285714,6.972972972972976,7.154639175257733,7.238461538461538,6.920454545454545,6.6,374.3412732032612,250.79815948559104,223.3960958599611,698.3270310072292,418.763523229225,282.5826222870849,653.6585206197759,266.44271886489696,265.1350710556446,446.07260742292095,208.56986791916157,236.32149050171716,649.0145710959289,346.83940270767863,317.85129317587837,380.9245624555431,241.43838708971913,473.5033953256834,997.0630843581662,731.33563880315,617.4585265768932,1605.5799774049817,1076.2897944538079,748.3400275767091,1392.7918302066594,780.9964273236095,737.7201364184137,1107.9244098799322,611.9107219396761,682.5177461255656,1479.0862607570825,882.1608425686063,967.358971419856,948.8135677457758,626.476624483992,1156.2365097552406,12.840558357328714,17.708216472590877,15.143154411203838,17.45006677539877,15.07923365365673,16.016074564442512,16.72696278781897,13.742168415306843,15.037810378992413,15.203916600911388,13.196316381771616,15.648855874612236,16.96932940416007,13.806440413776949,15.011443067326256,16.90959686313468,15.686845941917108,14.15136352044176,69.70671254421413,72.97867924301478,70.83406136562652,64.33413534405567,67.17853659856249,72.9403487396967,68.68499864544502,73.81885719281901,73.97833566370757,68.03442076263902,72.64722184782548,69.68268740839493,75.5126073192441,71.5727381520817,70.6520326728412,68.77122460082336,75.15677059774649,74.68074117411457,69.0143157488533,86.60382740983285,87.3999641846074,78.26282449711394,69.66627834213998,82.83675162964832,84.8794971439149,72.12099070701687,84.74714612739177,78.39086199915839,61.41774673968285,81.30346771494874,82.96872864293363,69.73882140810935,91.81812508291839,90.14380020994868,91.37991238535132,74.56554078939057,74.38946504394194,88.27573842343362,86.81880200562118,87.40498640676513,76.16666558032327,86.32923639038844,86.62218105225246,78.18481328668624,85.73809204033655,82.66755864429628,73.75759321159552,84.17604694816121,86.88929206516684,81.64222485180306,89.55013003240494,88.5780668672109,88.73835302775959,81.45926415420702,,,,,,,,,,,,,,,,,,,80.01366666666667,80.063,80.712,79.871,81.12033333333333,80.08233333333334,80.78666666666668,78.944,79.46733333333333,80.33566666666667,80.16733333333333,79.68599999999999,81.26466666666667,81.14766666666667,79.70933333333333,79.68366666666667,80.563,80.101,8391184.5,1315371.5,1031416.0,1131119.0,2117809.5,581224.0,7488169.5,2037753.0,2427545.5,46503927.0,1077099.5,2705844.5,6472819.5,1475804.5,642590.0,2180958.0,314145.5,4942070.5
2017Q3,0.9132755773783718,0.8670394656444705,0.8186995100407369,0.36781303070912846,0.5146107353930205,0.81989209801532,1.476346156405221,0.5591579355290122,1.2332622664913477,1.204608520936599,0.5732287571165374,0.9508707610630441,1.6562484070669719,0.8995943705797425,1.7530708268947266,1.941946283250426,0.8976311248825758,1.0005460428184922,17.426396975387505,21.152802079180198,22.799575721478433,21.996642670670774,16.53812136011311,18.317780355168388,38.82848473883866,11.388637014090731,16.8447540136515,29.27073709255565,13.918115157996809,21.95287786318991,68.25345293319782,16.575587795664866,22.910814829902037,31.65961520068098,17.193011294221993,21.416287328488707,1507.2477821402742,1570.775113371029,1720.228925315973,1585.9189645053202,1452.1293791670641,1624.4478265722332,1778.672537453311,1513.08632983308,1517.1708961555723,1684.1321723363217,1366.4798401944897,1511.2556506548337,1991.1131989945775,1461.3986164705861,1835.3596905599663,1979.47917552705,1551.9576593234267,1515.1609662777412,103.27944236243,,,,,,,,,103.2930475138809,,,,,,,,,3112.8505213771405,4228.677643980401,4008.724558323577,4169.644707825778,3405.669412598342,4006.3678431649096,4502.863856015032,3364.006171592296,3880.058067607132,3961.633632103653,3175.2857515707137,3695.397230652408,5023.534576446857,3227.6580747924854,4727.844292922969,5069.373084053457,4083.570102854529,3550.136985245373,76.44594935918408,83.93903929048446,85.45797454912103,73.64839920171664,82.51226223328133,91.01009442111139,83.14756054953743,78.16109296213912,83.46497933880825,81.77933036236792,80.7587837795856,85.09063425283566,86.14923587740482,77.39572491756321,89.0975441503216,93.0595782770763,87.48744867245723,79.63676588744801,0.01973331591235084,0.02347696247031168,0.028087540635122348,0.02116876266818141,0.021425344253357643,0.027348126679138836,0.025433720037766356,0.01743290837546532,0.022791130991808572,0.02403351796491546,0.017700827185791714,0.023439228573733116,0.03149540989358871,0.01992096639378352,0.02837794761353123,0.03229647309864655,0.02352341996785027,0.02240340706674871,681.2083612953672,534.4624848445369,601.209722578688,1020.021336826624,760.8453210659108,575.5502543035551,826.018682012656,571.1208835264033,499.0071110136115,718.4805996630652,609.2959449450804,633.5267196052516,873.6815829843105,666.5809444590279,550.9639816185135,539.9630492560666,538.7098608019769,787.9725864487939,44.834160044721344,34.29485135858057,34.86448544392965,72.99917213708714,43.45459314650573,32.58083197821083,62.69409569924932,31.314960355456655,28.59211301415595,50.42433720517026,26.272273632367597,36.78372752419086,81.49839665464528,45.23094605312148,34.44429670875992,33.79434622324867,30.0579556855956,55.29861792338011,22.354672553348053,22.441314553990605,22.645502645502646,27.9320987654321,18.317901234567906,25.735294117647058,26.354978354978353,22.89655172413793,23.145645645645644,25.041609903930073,18.227513227513228,20.955284552845526,25.61115332199669,18.75,28.33333333333333,23.949531298591676,29.50980392156863,22.93924656476764,5.100592514047802,2.529495210316118,2.308967358255604,3.0600751301014446,5.413839656885561,4.5383100170570305,6.91523821594839,4.611383412412804,2.5204988181260046,4.4179437820146035,1.5489806100406582,3.629564412101925,3.9893788607823235,3.2743155907922614,5.727319562997063,2.9053656003749646,7.810604361515133,3.7023109608855114,75.09305876432286,79.38079998223355,70.67067693382889,81.84896002174492,77.05082966790853,78.26230112263906,75.6792833387521,72.44577982454783,69.43353355437122,76.22686988424779,70.44156855449242,70.70117257567036,82.42965510821665,79.45169453535965,80.6976812716987,80.40603132474935,71.92755661425946,75.52484314542083,6.710086103433602,23.00344905159176,7.809340874737725,5.4883649235254515,6.892051410157076,5.50943583164368,9.760870708039224,2.301277651502488,6.85478857604309,9.339941143514414,2.5346537458904064,5.575629777345272,19.039785764375086,3.2181295205608427,5.502070976576854,10.030416306637168,5.5070096146133425,7.187739097761181,264.1619106148757,261.27969419099406,207.7064862633881,339.8182371712422,224.82292715796936,195.34618333698546,236.8165528943179,228.8611513176129,198.19659529170838,237.37998065490027,172.78499828392563,156.4438317792809,294.5626257641132,200.1155970053212,226.99525975372458,264.48031411312206,299.9010001755388,232.05861637149178,461.79858078580776,383.19460453051147,202.6500110588998,2065.534826134921,732.5694227867662,8.1674559750176,3161.500374739473,955.4245281811751,212.42638122228058,3836.5768370196697,167.99241794639929,252.4587453491495,12614.727733029535,309.71767297525673,294.69527111492215,8081.375406040588,51.168498555401186,1201.7452017516002,1.5712645182516338,2.3855502950602903,1.2110556586358194,1.7975038347707497,2.1419932465159497,0.3130777636246837,7.338783778988954,1.8216685530496102,2.6231730416418753,3.1022650929522255,1.5199448937318643,1.4154108311764557,2.807367678781579,1.944993857547184,1.8128011111727451,6.216729351246634,1.528393220731702,2.42911599983251,5.981291755174861,5.0903287057964,3.099392376098508,11.905033832469275,7.928102811979829,3.5047722275288153,7.57748472017225,4.561169070755018,3.677668732390843,6.307438175961272,3.8498500783103893,3.679479527865044,7.158895309335849,6.8542909305325255,8.496314262139435,5.699261379882606,4.088343707345013,6.868124450590977,81.78044379820095,83.18294404161942,82.61056780524342,82.63771806544472,82.12601897136796,83.31393233726422,83.28790888796402,82.95284071627813,83.8063144142926,83.02578618622674,82.25325161223913,83.10596854962064,84.45431276732803,82.37889040122774,83.79998327962048,83.54919653994853,83.56222258708658,82.44261136346188,6.327621124785793,7.310287966537967,7.272486772486771,6.880079825834542,6.144780487804878,7.484375000000001,6.540816326530614,7.054718078916746,6.716412401574805,6.69085849961913,6.712084759877858,6.495162835249042,6.774193548387095,7.06684362934363,7.228361254295533,7.311538461538461,6.943373340143002,6.674999999999999,381.5161029238394,253.1506470741877,215.15697519706654,885.456515713335,404.54357257497554,291.85159851521547,683.5761189887015,267.0288472087945,264.2286440079966,467.18333551993936,214.26631520682247,228.38701268462702,711.1256209475315,387.2004867053678,333.44598198849053,403.8131132129999,257.8209976950408,476.22332911285747,992.0407132229119,711.3177484241143,619.3087250225844,1622.2959982999896,1074.3564774486285,750.1519119686254,1435.979255207386,787.3836362485217,732.1865383196438,1104.5522827109107,611.2017713892864,686.1929969477496,1465.4356712016631,898.7582811779645,972.6667727987318,960.2639986842086,626.4275256870911,1129.2658419177044,12.93128173246681,17.686161391313803,15.220191276862595,17.613007572655707,15.189433394778437,16.072257175642527,16.786530153807313,13.856318719601362,15.11983412225564,15.279814010547453,13.243681074924258,15.714164486074282,17.029414734509675,14.002898875992425,14.935952816201022,16.858190300371962,15.938983464801527,14.27421206811424,70.10527145436316,73.15954444007379,70.76379701775726,64.39969771281847,67.28773743183383,72.92549696326535,69.33685102915601,73.98510502526935,74.15967383133628,68.45457502463007,72.8229072834712,69.71431435453465,75.8311854474984,71.69771225232287,70.82109507478202,69.10608010500162,75.38338077880137,74.85876763057689,69.54252960741125,87.1011139077056,87.43180169084945,77.82124372984431,70.22103502630722,82.07470589700701,84.79179539588132,72.39544700114311,84.85596747655424,78.49889583206736,60.151167355013996,81.29289050471625,83.37942388753854,69.75668878160369,91.76266771352805,90.18553320745333,90.1824788959421,74.19289990966284,74.88271141218821,88.72496709409309,86.83169331033308,87.01391908318872,77.86915414869578,85.57509283317661,86.81232868967851,80.36168059533998,85.97195595272663,83.16848882476948,73.87015756405046,84.66849365592003,87.27185305159215,82.08778438404292,89.54046138382627,88.60371941187306,87.90891637489233,82.36885546567412,41.96247336199176,46.33210549126385,50.27967803096874,41.87774506505705,41.80463794780491,48.77990846160776,44.52239827907573,44.13696003843359,48.63758785526263,43.06072313252003,45.96768263016281,48.02910159529176,43.20090187232508,41.39880544091344,45.57631674457993,46.49475782979209,51.23838996561838,43.65123258359903,79.47433333333333,79.57433333333334,80.28466666666667,79.86266666666667,80.628,79.97966666666666,80.59666666666668,78.40266666666666,79.01533333333333,79.94033333333333,79.38466666666666,79.216,80.97266666666667,80.21499999999999,79.33266666666667,79.41933333333334,79.63600000000001,79.66866666666665,8388352.0,1315332.0,1029282.0,1133746.0,2120386.0,581027.0,7495561.0,2034084.0,2421556.0,46510461.0,1075091.0,2702734.0,6486342.0,1476334.0,643105.0,2181972.0,314155.0,4940320.0
2017Q4,0.9164215552328281,0.874846804410979,0.8217534966621417,0.3798924070535589,0.5100398276183084,0.829476895183794,1.4944962633385763,0.5460078686712879,1.2592186047567973,1.2153898126813276,0.5752468384775781,0.954626399734087,1.669422351037561,0.9154316330790485,1.7510941730029856,1.9663012297157705,0.8803212025817515,1.0098789250343296,17.653230321804855,21.428087829173926,23.11081117651451,22.19115928229293,16.70704498217871,18.51198431248357,38.771838964123575,11.563302747212555,16.98436274827264,29.49753103812326,13.998915223294194,22.128930567793248,68.93347517445284,16.781284318714764,22.936962429131107,31.785228684214335,17.169851038827915,21.66888404067546,1495.441002479599,1559.4887991091705,1694.1409360159598,1577.4313052688285,1442.963049348474,1622.5017673115005,1778.0373318470636,1518.7791716415534,1524.1396913448548,1676.156676958502,1364.8293439201402,1507.1868363139872,1974.6703269574596,1462.9905475676999,1833.5404377771474,1971.3706640342248,1547.6750954160639,1507.8290758093656,,,,,,,,,,,,,,,,,,,3138.9362180364733,4239.230300185656,4026.274354633065,4177.993973029923,3400.183669132935,4025.4495601601657,4487.029925751149,3373.297359648069,3903.984291541597,3965.715761397422,3179.1817682965934,3706.179520323948,5004.897771449703,3247.5029053928224,4709.6267840497785,5077.680048064083,4101.041775300956,3552.556945143562,76.79422234600611,84.14131046258895,86.1437782208153,74.23103727994257,81.66856513689105,90.94741487998617,83.3116349136341,78.6451189519705,84.21722915442207,81.88150022596251,80.30965837425833,85.14120953506347,85.93403807702836,77.28243078713372,89.37932368987464,93.08968544778213,86.37262292649652,79.44197829292213,0.019698756304507598,0.02357707340732076,0.028914987699216046,0.02141558229768275,0.02138304460029911,0.02651045967519956,0.025497965570164132,0.017313535994777425,0.02291173278711123,0.0239768908622291,0.017003350386346663,0.023448966310517145,0.031314666688178214,0.01987105472255649,0.02737611918305938,0.0321658801810664,0.0233369631743357,0.022263070739952626,712.7728575842723,540.6930064715749,610.7937788031745,1036.9544422663723,798.4950240506381,580.9428956497604,824.4446050370335,587.925843066481,509.9915668387274,736.1341194433148,623.9087537633138,647.3220352932552,894.8683618232894,689.5742132747795,564.8715220777217,532.3994887951978,537.3666163930623,819.411513464856,46.190906853860845,40.83800840647454,32.77818782784718,74.13164281547692,44.536811586099844,31.288018675927738,55.860798436079214,34.33498266357225,28.492796381157714,49.915539410550736,25.123553445629437,35.80693980088378,79.08379347858039,43.212855364492974,32.45880406861241,34.05672734541563,37.063910153222345,55.060314275187906,20.432955590495045,19.87284820031299,19.62962962962963,31.769547325102877,16.706774510084124,22.22222222222223,29.50642665692008,22.574712643678165,22.41549305769489,23.33703782180392,16.61375661375661,21.1449864498645,24.134606925535603,23.540292575680706,32.698412698412696,23.009878485881632,21.372549019607842,22.610345187595243,5.247216730183026,2.714170565855293,2.4718609029030345,2.977245760480609,5.51026185043297,4.474246884284102,6.996795212839268,4.7799197704362575,2.5543314057226683,4.52816289303841,1.835745654644073,3.79159018970611,4.117113995940362,3.3568530298376262,5.965784928619257,3.0333439961678126,8.04606691680103,3.769681949388527,75.53872459027518,80.05794843742001,71.71080171123313,82.13964394014678,78.4139176494159,77.74450113681847,76.46366347902348,72.43636261260004,69.80393240081436,76.84277644299445,69.94689840858474,71.51743685419734,83.01889572668406,79.7516081317067,80.21732435022291,80.80513946062767,72.36191847233415,76.73965634737468,6.765520024431838,23.248788233092544,7.819678983002835,5.451559299724515,6.874349709597288,5.47149645630049,9.530883062354322,2.295135797120619,6.86977990674209,9.267717251741342,2.5580389745271943,5.633754353658925,18.404794428033927,3.225383461415059,5.4629804894745035,10.12521534928788,5.4682856268355735,7.272822721608387,237.52698248454615,232.91457718198077,209.51647581348422,313.23732009367563,239.04760158864505,217.7495175303789,222.59295978863094,207.69908418447537,188.5825986290529,235.87160261703892,171.32714546452343,154.65678600318734,302.83325225690834,195.87550932227384,201.31295405569844,258.93199830676133,290.70711935082204,220.6643637721106,422.1850788246194,850.0210239841783,195.62695705882226,1627.7967040892809,729.5352959828346,-1.7775019038135706,2511.6905453613535,691.9120347160017,137.20785463344237,4673.3769947583205,168.6373549706605,1124.9840916115713,18796.849267088608,219.00965483085164,293.02742550148287,5661.2305274130695,538.8764330139776,1380.796690232441,1.6133126204587795,2.4011990532948877,1.541101353649815,1.906240693952164,1.9910261516933923,0.5168265654367257,7.760060345477958,1.6714633921416777,2.5269951799125727,3.1867914387913876,1.4121790472159252,1.3065142681837303,2.979397413680941,1.7661698600789484,1.424774432627198,6.209668587180011,2.7225876779728186,2.4161552688897445,6.431874668616396,5.59621833665031,3.555856899285094,12.339873576397133,8.060121157482468,3.4205379767326307,7.731311542916026,5.228438811118641,3.8811331940009994,6.677630703809475,3.82281149078237,4.006165419373522,5.258025755059202,6.9279296294995865,8.867986646379114,6.055594767314933,4.824034516128428,7.040263208344546,81.71591833687499,83.1769032714137,82.60614169329268,82.66859740156156,82.00408314445441,83.29523756030956,83.24857187589306,82.99382651878423,83.78254732935646,83.001673383678,82.28041398992117,83.10379411370305,84.45108712566403,82.42710619015169,83.84228070660333,83.54252951038177,83.51807045959977,82.41758241435284,6.510204081632653,7.116071428571429,7.285714285714285,6.788461538461538,6.192000000000001,7.583333333333334,6.542857142857145,7.007246376811594,7.031250000000003,6.752138210733147,6.859813084112152,6.393103448275861,6.834101382488477,7.160714285714285,7.302083333333333,7.384615384615386,6.966292134831459,6.749999999999999,383.8986398731961,245.62056356742255,215.95982092115833,685.0344457288572,409.30575015876815,298.99661520707724,761.8502831426847,304.97443869587784,283.70682799976,490.4246971886504,236.94382827980496,260.2652026917063,671.9041319425934,408.0919743488034,342.2468701781756,423.78631206339884,280.98017947772803,497.26830268152673,997.2154815429778,693.3723910452894,619.7673249739435,1549.5227826256203,1052.097957779976,745.0434064568602,1462.9104387138711,783.9068532784654,740.5119792679284,1130.0710941021252,603.3265774675568,686.7876935619374,1461.8671099146802,896.61368152262,959.3944055013811,974.9254798120068,617.3179368935498,1150.4141301644988,12.962790073051845,17.60454010212997,15.202907164453604,17.593771421708666,15.304861617960345,16.14617803213455,16.81787199202303,13.928411295733143,15.144481648458585,15.329743290931715,13.343371508609236,15.720452103606144,17.111430851477145,14.093354345752395,14.9905307039578,16.848608618958846,15.76796381475808,14.381698223607838,70.49689226007273,73.33757838201134,70.6947725531921,64.46497076795238,67.39716558084065,72.91112048161034,69.97605360125588,74.14905894198434,74.33830474744836,68.8695211992548,72.99658813433112,69.74767712213622,76.14370811430533,71.82049576755787,70.98641685090587,69.43477674440399,75.60604367167939,75.03321881414769,69.49466175661749,87.23453304075343,87.41152109883197,78.78206036647097,69.85243856301871,81.2367290330691,85.04000626932256,71.94432553930787,84.57916176783323,78.51565596061681,59.786992696978324,81.29273145364739,83.61379881267247,70.08276524232082,91.5393648952815,90.49948862382607,88.13805793183013,73.89471535241647,75.41854980645326,89.13106964271188,85.13551278404567,87.59849362580287,77.58779857280517,87.45885170109909,87.65681646380003,79.79534751143919,86.16176997445523,83.36233261045074,75.39243521240712,84.89041657564462,86.15643471431032,82.91662693004953,90.17805029827178,89.34807685726076,88.00897610076942,82.83538325610087,,,,,,,,,,,,,,,,,,,80.812,80.92333333333333,81.548,80.46833333333333,81.60533333333333,81.20433333333334,81.52033333333334,79.88,80.33166666666666,81.08333333333333,80.788,80.63933333333334,81.93133333333333,81.569,80.425,80.56599999999999,81.079,80.77566666666667,8392408.0,1314412.5,1028186.5,1137489.5,2125983.5,581280.0,7517462.5,2034246.5,2419284.5,46577765.5,1073906.0,2702891.0,6508132.5,1477526.0,644722.5,2184613.0,314522.5,4949452.0
2018Q1,0.9174957388218012,0.8928676149178381,0.8143838240563421,0.39077413058576865,0.4953677675792028,0.8478606781214783,1.5191809812017374,0.5222257738408952,1.2864891273758081,1.2284350275228213,0.5723442948766814,0.9451621066448805,1.684894045488427,0.945028112675421,1.7295405522452327,2.0091167527156926,0.839315974763159,1.0253519262714368,17.96827460747736,21.706431814104267,22.870748100405006,22.422778271556684,16.972296915386814,18.541144385810785,39.0771268239019,11.77438012767737,17.002673271504964,29.848327981520704,14.190403160768206,22.398424831766917,69.471941631759,17.05231461471851,23.331082533922345,32.05310960895309,17.23635914248965,22.0310362596058,1476.1438023983774,1552.5058411346718,1686.3061729989633,1586.9235843337144,1449.0419058764485,1621.5761954902803,1778.9732664129738,1483.9710420942688,1504.326995878252,1669.4250865662887,1347.2513121070745,1505.0962833531155,1982.4275750426955,1439.4454319737767,1829.0559397571956,1984.851509154232,1513.7398870963875,1499.6390872250508,103.9898318153339,105.5198259326357,105.0164042643898,103.8834873888248,104.8254544479163,105.4573651783894,103.7331790886459,105.6475669226836,105.6569837863886,104.9973511589486,106.7785756667729,105.1616845721646,104.9707486629961,102.1561858932255,104.3227743010607,103.9581288423096,102.4769980691005,105.3926261935645,3162.3540721778577,4239.732962453036,4035.127803606314,4190.557014484349,3378.714717510866,4040.031591961349,4462.072485071204,3378.585228314053,3933.9513654121606,3962.7855232920297,3168.0228860615484,3712.646787994016,4965.906596384107,3269.397917096649,4673.1829855016695,5073.821315047669,4118.7519583491885,3547.9643072036283,77.49676632268836,83.98521573977524,87.02331917391345,75.06859516499088,80.13093621314361,91.05361394775798,83.44766163238758,79.13273000414198,85.34728245852075,81.9388129460736,79.5583640066867,85.20557883428859,85.41639259043208,76.32419727286431,89.37837084848526,93.05514495896438,83.72736026347181,79.08878498233759,0.01946176390442453,0.023296660126852598,0.02830323700626332,0.020451564229215242,0.02120960920556151,0.02606902789695512,0.025597649881342777,0.01740554627904222,0.022821557021000714,0.02385546854147716,0.01672382660542676,0.02310724781801877,0.03133421328245371,0.019970001041442656,0.027354024197790636,0.03172471052744674,0.023754326907809077,0.022250303715738204,774.682609767162,570.3208625630641,634.6134228964547,1073.2761460747895,869.2080928752673,615.2806748019585,843.3729385385775,623.7085166028246,536.045617902472,774.889487568846,649.9453523788176,684.1594890188336,930.1721029569304,732.2360876669338,593.2409665487122,519.7981578789963,564.8894835270797,878.9788563987391,46.58847274945952,40.36942827728129,32.60434553811275,74.79875012626654,40.32134857348186,31.701530093845868,58.20515451442096,34.16776923206266,27.564356931693155,51.22197185101476,27.41219715571097,37.03635336525846,82.22167926086667,43.58670646006353,33.46473284226536,35.057258158414356,31.73404264160103,55.93647575530793,21.023176058189275,26.13458528951487,20.0705467372134,29.664450775561885,20.323278567660317,24.57516339869281,30.89609205483102,23.97663639042949,23.56176443332407,24.547155006045916,17.477954144620806,19.016576055331104,24.080940199562516,24.020439225918675,24.507936507936506,27.983870967741932,25.40305010893246,21.63003673728311,5.462593300755228,2.993756233056071,2.683186467808517,2.9161704812005245,5.6405564309001965,4.495695884425161,7.125904775063479,5.034783590560531,2.5643703834361102,4.680674124953864,2.263020986923618,4.0958999864943175,4.270512977764392,3.6588543439526653,6.221247345016938,3.1798127592972514,8.260076649678101,3.77827809138591,75.7356091618199,80.38790174242068,73.11210388599966,81.58642705642289,80.42329689695445,76.14183822164986,77.41404539125416,72.05432227708518,69.82449866617085,77.39768477027059,68.78539983373335,72.42280127397215,83.70155429598013,79.46143111901692,78.33897990565123,80.85227433906991,72.62340569697693,78.37622029075008,6.959267096137754,22.904778724494538,7.966701715811353,5.53407744142589,6.807053660559541,5.55955517742754,9.723562131448759,2.286547680410693,6.964633171330858,9.343792796755627,2.490722414044889,5.662287880483922,18.412439419990267,3.2830117132862267,5.543410859602246,10.152022834670577,5.554059215909174,7.325593325175138,253.72308166928735,247.48297093913652,218.49497025419146,345.4286918849743,211.54194158703865,230.9521463994458,235.1401084129407,203.15942461970002,197.849801345745,244.32580720766478,159.4585739281591,165.87797428127266,318.5381771377844,196.8268011559012,228.4915713139284,270.0371882325041,260.63154502035826,250.5039586181044,425.6576300924954,951.1252425270798,168.50074904219227,1264.9863476459886,741.6464734797344,26.268652523254136,1893.137074416434,634.7848545945357,96.08644623782685,4681.212569058888,179.69559030951697,935.6155623110302,20945.41496378487,128.3193597595293,1400.8434029397235,2801.9366463116576,529.4593738411057,1523.4995563872599,1.7378620256833595,2.3763593847968942,2.4899801439757625,2.1801056472300724,1.4932937182966297,1.5247500841896482,7.874461198376928,1.5174420517404865,2.2459171935668367,3.2601363413949382,1.4234952331398034,1.2361774291758265,3.2436699202365236,1.563841322121207,1.182420775185816,6.134799711325761,6.330391387782652,2.4164474701363945,6.143665457797594,6.198566750991969,3.6925089509222215,12.422417187634919,8.508206838722735,4.214657895792504,8.178237875152949,5.551530411838286,3.767596757635866,6.861269821334643,5.962332120470007,4.1916194798979145,7.6488627857095475,7.122391936074245,8.255772157451563,7.2942197921118375,4.661245191427286,7.23256117392257,81.62913362723611,83.20453184098602,82.56047742686688,82.77564387710729,81.77311941807625,83.24762534204918,83.20841912809304,83.12542792364141,83.74644700094967,82.98004000986347,82.34357447904685,83.02195835907872,84.4686876859693,82.54530667427079,83.90410937909789,83.52108489798445,83.49866944071859,82.40039948091164,6.235521235521237,6.972972972972973,7.133333333333335,6.572815533980584,6.401639344262295,6.958333333333335,6.512396694214875,6.442028985507246,6.868852459016392,6.569554594540151,6.49514563106796,6.286713286713288,6.677272727272729,6.833333333333332,6.819148936170209,7.129770992366412,6.681818181818183,6.636842105263159,348.55442805909183,233.80006715768468,202.8571497947266,690.7335425361757,399.62507184003397,274.7056386623064,714.9737301815117,270.69082056906774,245.58021773090277,446.6404652045678,195.28413881507348,219.4600372955946,635.7928196586724,349.0226443047442,395.9763256061437,406.9975378833725,229.59756188667833,455.09532974701966,945.4725098970607,706.0423433258195,607.559656808106,1583.548413359584,1051.3748230505994,742.6092316971271,1504.8532626438935,805.6416841005083,743.5201773565035,1122.7792008145764,595.3915831507588,691.4932262860689,1473.2132846455313,894.714381611068,1007.181365364245,987.5933478200549,606.3972861779421,1146.8525244828018,13.098738128742111,17.67127452352483,15.179265314986283,17.59201696350906,15.479822533933595,16.200389024943533,16.834109359113867,14.007487366937138,15.245842229603715,15.4084465883033,13.423013524078094,15.820529658061043,17.17309499734412,14.213191839549909,15.019106787535748,16.82046190421781,15.80470865753822,14.485496655318636,70.86539906361106,73.50612820049416,70.62992588709345,64.52927201545776,67.50735690231825,72.89834342602083,70.57338750388638,74.30532492553792,74.50786605636092,69.26711438651556,73.16355137576544,69.78687957654635,76.43601161369251,71.93593312417204,71.1392121770052,69.74292979204235,75.81549758150324,75.19569538356653,68.61487677700684,86.99000777195191,87.50191740572362,81.75246564805288,68.03759804848782,80.11952875674208,85.79206851021426,70.32079720791292,83.6233022959703,78.38137367486856,60.49925976319634,81.32827660376914,83.59731991024796,70.87402475713478,91.00692980975093,91.27743891289349,84.52353504462813,73.59748526377221,75.3608449720327,89.00099281324023,85.64436512955749,87.08743176557168,79.67616542254164,88.00229193373173,88.30422274700915,80.41006195026303,86.89399169208626,83.88537288383154,75.49762046968145,85.80943026899027,87.18733175709566,81.63395127008604,89.46357676529496,89.34996791314876,89.41527311638774,83.23279388926282,41.09647922931715,46.73586586127499,50.53798275295141,42.41893612622926,42.43806933040505,49.46322247821296,44.75235128497818,44.4641566312964,50.13014694090499,44.08677549174161,46.28898296273737,48.17948490347324,42.89113207075604,41.50113474052804,45.97795763628886,46.92626386988252,50.95424016252521,43.9695620464797,80.02,80.28166666666667,80.64766666666667,79.887,81.21766666666667,80.48433333333334,81.10366666666667,79.16033333333333,79.59933333333333,80.45866666666667,79.952,79.73266666666666,81.518,80.84866666666666,79.77266666666667,79.78666666666668,80.25033333333333,80.13333333333334,8396464.0,1313493.0,1027091.0,1141233.0,2131581.0,581533.0,7539364.0,2034409.0,2417013.0,46645070.0,1072721.0,2703048.0,6529923.0,1478718.0,646340.0,2187254.0,314890.0,4958584.0
2018Q2,0.9144812184498875,0.9057998859509304,0.8106776896715597,0.3941176577706553,0.48427216615174506,0.8543426474044473,1.5272380665356533,0.5140747819207584,1.30606513072374,1.2332298090417484,0.5794478133045083,0.9405627575169718,1.6875454138005799,0.9606505258513243,1.71050584131511,2.0270052515121866,0.8098227471066817,1.036555609389139,18.3148532887475,21.780629362360035,23.26202733085684,22.646612660481857,17.233183978633093,18.62505566747606,39.52059231814086,11.983626744247443,17.142028025667464,30.25763646051211,14.296043511706618,22.65627915827259,70.46316763770056,17.33337493933045,23.505700339003475,32.331415359312864,17.449944049927208,22.400558650403113,1473.1420235895848,1550.244399826207,1668.2294756363435,1597.6765030638057,1446.107651974393,1624.0791572023177,1781.5931395236692,1471.4779605224644,1512.7975821216403,1669.6018022028472,1356.7565094014287,1509.203809320654,1981.486339364867,1441.9914770503624,1838.413006454961,1990.5950372550424,1539.101944182578,1496.5445171713245,,,,,,,,,,,,,,,,,,,3191.685094090889,4249.207017055625,4054.135798305952,4219.913999291733,3382.0678894007337,4059.514059987757,4464.65983678297,3394.1568549284493,3966.338696309168,3977.591326341734,3172.924150561339,3731.71548792382,4964.34781692797,3297.7145834310377,4662.546262697691,5089.027453529063,4140.608823960227,3563.3710136869327,77.97695484010424,84.05342987402604,87.47091766192634,75.56516663604332,79.21067140803089,90.69986278802729,83.29693613831328,79.4560618649561,86.0347932239573,82.03266858495455,79.12878790085738,85.44641504968828,85.34416406777304,75.87003389825689,89.04877746232438,93.069799553097,82.5901123950466,79.29586276119727,0.019850438507301348,0.024271964663792216,0.028253946116594094,0.020390672708735753,0.021457212599439217,0.026574701572121506,0.02609466559649639,0.017361166611378154,0.022894420003191293,0.024088357840337388,0.01675881681819625,0.023232127644528824,0.0312110024740019,0.019984925193297923,0.028043235380185813,0.031228312085745134,0.024262749058389387,0.02273261059114666,812.0206164325934,590.8525356629751,647.81483583673,1095.8529176742197,911.783506161461,634.2175880510517,865.262813484828,646.1301517692618,553.4611198079995,800.8805951673494,664.0778179434876,702.3031824839287,955.9027802561236,756.8384386702877,607.2444443051697,521.333689656578,580.3350292799125,915.5938185740399,49.460946472378616,38.65226673463805,28.055039574811424,71.08156721987285,44.81280433998463,31.255975826775312,57.29753435445297,36.91768606667167,28.203867804623332,50.919756997903974,25.10041912843642,37.71226795720472,82.7144609222014,48.974088960615795,32.00892265029829,35.26655795116004,33.57597287118686,56.30563182444891,24.596192098001865,27.934272300469484,23.262786596119927,30.29621865051634,19.193417693417693,25.424836601307188,30.083730245297655,23.838383838383834,29.112408488555275,26.24464288623685,17.47795414462081,21.31561008861622,26.70715166403789,24.474885844748854,27.251167133520074,26.73264907135875,17.085084033613445,24.24768050238779,5.652452395776652,3.2609265187197303,2.948164950104657,2.8561574830186554,5.761271722894453,4.503548511669328,7.183678623864721,5.365576440610344,2.6120713114565515,4.821642572761817,2.6773541856500134,4.230931565654001,4.429190482262179,3.9482479853444254,6.503857405699218,3.3697117510566903,8.438423218552527,3.832905708709273,76.41592859244052,80.9048755591279,74.77273518513384,81.92439430496485,81.97070448796117,75.8075251807696,78.73673951191802,72.3717174646144,70.50208669525868,78.25881638975366,69.07530994147338,73.65675055511554,84.38509451062599,79.68914270626532,77.89537323027382,81.1741206181701,73.44759048523652,79.70980192834581,7.087489455717128,23.52892027665108,7.8888995314462145,5.6076284267989935,7.181772448943193,5.634904225590423,9.892900169867001,2.4630169281954277,7.012169551025506,9.58790487188681,2.5046881926657996,5.7940183946639845,18.283901095268362,3.3216367830376843,5.61739651262943,10.379977763792446,5.63227017256769,7.393237989971572,255.3965172841019,272.67068831858626,219.06731827843902,329.9552702891626,264.42254015626037,233.2113616603966,237.08374071910094,228.0188814537625,205.07132189380545,258.2141942094373,176.8019347616107,161.70958832503237,336.4148253718373,227.69628172710316,250.04930106835408,270.4127010218765,278.36694470449345,266.4046306962621,433.0122881080762,669.1254282679034,196.83874110444015,596.7038237772302,531.5273717164016,4.581078732049547,1719.2734026137568,639.0842441829765,93.88436523611392,6558.807163779422,176.81125552115333,1012.5988505523683,32417.943685840648,103.40213238787632,1493.7356591511077,3699.3506467576326,529.2991190154735,1238.7892850612532,1.8756497387681628,2.4286696487037056,3.148215422622449,2.4542674575959,1.3452775483004966,2.238940411995307,7.969012788421127,1.5135519351859386,2.219902436729343,3.358133046132387,1.4525823177792418,1.3494763532523004,3.4708561508079425,1.4652387379497271,1.2555392156530156,5.836642214982004,7.867151708718985,2.462404259128615,7.47882620624681,6.567857366658238,7.044372383151269,12.44385162402439,8.409243791557369,3.9135452111669515,8.31060082550799,5.699429961816758,4.469469679770713,7.111522989164118,4.3610265814067,4.7073896531704715,7.649689942204705,7.9733202963944425,11.598075238314488,7.318652417341447,4.04268830744681,7.5020506861648695,81.64714423076781,83.31730397656315,82.58390063828888,82.89307475416638,81.71105579215822,83.27103771153514,83.2812633443671,83.29592255451348,83.81350221666213,83.04915965153212,82.44579535002754,83.03037041603498,84.59136273099584,82.62262975720927,84.02875617569433,83.5729466315684,83.55004909473158,82.45216444157973,6.019157088122608,7.318181818181815,7.467289719626168,6.62037037037037,6.21138211382114,6.770833333333334,6.242914979757082,6.738095238095239,6.772357338012058,6.502330679398674,6.616822429906541,6.351724137931033,6.60294117647059,7.028846153846153,7.333333333333334,7.023255813953488,7.103448275862069,6.529411764705882,343.84883789457126,236.17978077377293,206.65555105629278,681.0482589401693,369.56431737291246,265.5335430500613,747.866214774859,271.17493040922915,260.519826253431,451.96000487174575,208.96960060898425,233.0512511834008,651.5131071253846,354.91064252168076,291.47464164775033,419.87423680813197,231.07726255030641,449.7727209247352,993.342507417295,725.2144837200836,629.8877027802403,1605.9554422143879,1009.1246305705225,747.8426291293707,1527.9076623199617,831.6301778684615,765.6374709643536,1133.5327130303708,625.5151376626076,712.6132552865628,1485.0148013947646,925.3540024974975,991.1523399690514,1015.9974514529312,632.1719881990024,1152.2199873194195,13.22212150822819,17.690844932503914,15.17822926094365,17.63491859156898,15.572728100853638,16.262330846959458,16.85051717517024,14.050102934583167,15.285376909030711,15.476831362075249,13.574034531036903,15.883574230431329,17.255620933193526,14.302162859782309,15.03477009832919,16.82082949495566,15.887493975643238,14.616063549339088,71.31731057750031,73.70882525184332,70.55007233118155,64.59706819480964,67.61480334054067,72.87981820332438,71.32220253542535,74.4892649849263,74.71008057717107,69.72730959440149,73.35469590374517,69.80509603452582,76.80121169444844,72.07780898635339,71.3371180781984,70.12517800500582,76.07253068917575,75.40129132578392,68.10461317567984,86.40411601696579,86.86324197102792,83.88344421908579,67.46756785036362,79.75534134093476,86.28106957495139,69.7587075307311,83.47342160484756,78.39888889308651,61.50243543937182,81.28406907175629,83.7403299806653,71.33903967447011,90.89233081639165,91.56282501601466,82.94003547068685,73.6764692821411,76.60137370655107,89.6113560630837,86.65536930675903,87.8438628959054,80.18266826638904,88.80519877940407,88.41735032573077,81.22809584525577,88.22150793833796,84.62176305329358,75.54142158923604,86.24820694249064,87.77460093334642,83.14126414530841,90.02821197111065,89.62564559642298,88.71114603216178,84.44673868801763,,,,,,,,,,,,,,,,,,,81.42766666666667,81.53366666666666,82.04566666666666,81.29366666666667,82.37933333333332,81.66133333333333,82.37566666666667,80.557,80.935,81.78333333333335,81.47833333333334,81.141,82.642,82.34833333333334,81.166,81.106,81.82100000000001,81.602,8394273.0,1314685.5,1025343.5,1144641.0,2135412.5,581380.0,7555184.0,2033273.5,2412815.0,46680226.5,1071078.0,2701001.0,6547691.0,1480616.0,647571.5,2188719.0,314886.0,4960275.0
2018Q3,0.9077305705188121,0.9167979472292537,0.8076177343513266,0.39101612230385097,0.4738122686395184,0.852992693076306,1.5232941573561725,0.515859354215189,1.31964912297755,1.2317820164222169,0.5938609949924757,0.9370049322673839,1.680275007856833,0.9675063745457665,1.689032755132847,2.0284871406127665,0.7843695613604367,1.0455000213781236,18.600860731534148,22.00908842971449,23.888462446890546,22.860652363861522,17.58835550073752,18.742120100767508,39.98623144835886,12.070201333940618,17.341753390400783,30.6587453736376,14.466845597608524,23.05984325971926,71.23227723097732,17.60450999821674,23.73829583549576,32.50735496125629,17.57793498369762,22.816167646423505,1477.681140026908,1545.7066184881853,1670.9212944365372,1608.922172328126,1439.6480831835445,1621.2136326547295,1781.1167249243538,1478.0193305592961,1501.8714120359346,1666.6058463716508,1347.9805275239032,1490.3769050719457,1969.5308826635305,1427.497693993295,1827.290285041801,1964.2768955725064,1498.0424343255763,1496.390306265281,105.229089241132,,,,,,,,,105.1698311038302,,,,,,,,,3211.767207529505,4258.548943658509,4066.192739023086,4253.342454658789,3394.533065122373,4067.2965148233066,4474.81982666409,3405.6261366718395,3984.9841349878393,3993.268767565972,3179.1017287134496,3747.125151915369,4977.50197556076,3324.1177635552017,4656.884767079245,5102.297414445026,4147.653953688548,3580.823358869428,78.35329247585939,84.22946342267134,87.60824676076145,75.84776908614535,78.62307356549343,90.00331817563725,82.91180661905824,79.65828537484299,86.45515667395284,82.14579945505793,78.8766505268044,85.8295522247356,85.56075720905247,75.64560642081365,88.40489066076695,93.10733086524274,82.31720592997445,79.91635085116786,0.02025480685245926,0.024949121423110655,0.028556188183619317,0.021810915736175024,0.022208780298086615,0.02752797099928255,0.026366384167806543,0.01823695044332619,0.023258160180717816,0.02462507906656786,0.017616778953372575,0.02338683801205949,0.03185763554383631,0.02047872735097274,0.029145981137571806,0.0319744825092321,0.024263057272248017,0.023363723169405028,835.6390939437812,609.9590213131277,655.4170333412613,1111.7756733560093,938.4559286647128,646.6032321447925,893.8774299865308,661.7420536138227,567.0206341444299,821.0427051564403,671.1190846379736,709.9935428063865,977.0739968165786,771.5753978062648,612.6439512511288,532.9909166442877,591.6114372204817,938.9234852175098,46.89060743705804,37.0115103567798,27.28055956013505,72.35591378500749,42.98610899169929,31.52141967713905,57.79442473026619,34.176944740210594,28.34559316286565,50.22883361851434,26.168192274814924,35.698583233582035,82.59634685224727,41.47643049468828,32.06805994043545,35.177885353662795,31.693889234941565,55.87698878982227,22.087685194337364,22.181165423916045,17.33333333333333,29.991319444444443,19.50394003025582,19.2328431372549,25.132751727061304,19.85547785547785,19.872463163747565,20.625815232354196,16.675020885547198,20.54030507908685,20.966616465863453,21.623638344226578,29.110336817653888,22.71171610016598,22.94117647058824,20.013518909113003,5.836436605390112,3.5390384107055395,3.272062157485157,2.7985664510767467,5.882219793783561,4.516537779638551,7.193396416516617,5.780525517499079,2.6838145181404855,4.962349733886954,3.119967921978973,4.2572420220866425,4.599743548856841,4.272102988068522,6.812937115526962,3.599931404868051,8.580290944454255,3.912042441464561,77.42460828900732,81.49316402693823,76.73301560989707,82.79144911769191,83.28462127032765,76.23802000595101,80.40128985223835,73.16285465638495,71.62792744799398,79.35173734227722,70.37265195275089,75.17876918154529,85.08742179065516,80.19883306490368,78.28011450717317,81.63739989683582,74.6856679124867,80.88929295951439,6.813274287459069,23.36469587363509,7.941334703029955,5.603345627706778,7.129399294342414,5.629756888076087,9.889914050526635,2.393777988865269,6.965735804359462,9.38729690258881,2.4708924460748585,5.74460121094522,18.117328771659768,3.288981679125929,5.611648569312214,10.217291102674343,5.628383095105077,7.322508985300478,299.54121566472105,248.91391795131113,241.6904520079571,317.15566690749534,221.22111214549875,255.7114251259322,250.90150129083275,232.10007316337226,198.02491738497605,262.21750768005614,217.08221624506615,169.87740460769348,372.3804953963096,212.89676506457081,249.71309246767103,301.22227935296996,314.594590587852,274.59407153489707,405.70701814915014,1064.368378801178,83.88617842024397,754.47493803912,411.66043922101363,24.2171569101752,3236.9298110185996,736.7305334327742,85.5396151732979,7522.891305830558,97.87750552880343,1024.7195975234374,36820.84738374371,85.0196164647082,1636.7770941492445,2492.238124060849,683.3636633514639,693.5462478575162,2.041231853503927,2.54054668517818,3.670732411380327,2.765842271422411,1.3744725738885977,2.7875604378069294,7.983500666142841,1.62537680583309,2.356593854790206,3.4749747147904597,1.5129188396584348,1.6238736270167935,3.689281359551478,1.4371274480914957,1.5822225925146556,5.348752126796852,8.089616516501067,2.5450201603821623,7.227122876737639,7.074270483580094,4.615037307867196,12.75738085714906,8.471957845772078,4.401403667586557,8.388277163443849,6.368918318942799,5.816011621197507,7.614508870927282,4.862404111502552,5.315516352213217,7.64933548106659,8.251239286374027,10.445733384839315,7.960503041480565,5.587215801569018,9.045460658182018,81.74354615902263,83.50655651674982,82.65556121056187,83.03352070916694,81.76019911146274,83.34559356861439,83.44617947918216,83.5197830850768,83.96326966058619,83.19249963407655,82.58785575021656,83.09500707444316,84.80646943332819,82.68166433864069,84.21072843211583,83.6811154862526,83.66391623443687,82.56048675645334,6.111111111111112,7.44090909090909,7.247795803209309,6.588487071977639,6.070534806910569,7.001206140350877,6.409212591919357,6.76113394998287,6.601625823477575,6.57634581490916,6.65937275341481,6.505723180076628,6.867081447963801,6.779729199372056,7.307291666666667,7.086627906976744,6.918003207698476,6.54812834224599,346.879380844845,254.2870065616477,220.16665474609945,691.9396614907539,366.07957217959296,254.03781869130074,756.235116455799,255.2716944219737,262.38736179162294,456.6030091849639,192.3617228642236,229.40055083322773,650.6237180436152,359.83610770156287,365.5074401166752,415.85474490708947,224.10672315456796,473.8137925800513,999.730053034027,791.1465136477699,646.8299729723043,1537.7247521732947,1072.34280464291,742.9157901666523,1636.395061073289,834.3206909606141,787.1972219723873,1161.1840657025543,618.4867124359528,733.8276680384669,1433.8802670182636,925.9337977214118,1123.9607295061448,1055.4309372757216,638.3438243084265,1196.2040276731311,13.34843450960619,17.7165405489738,15.081136650203334,17.632961189623163,15.746998706812136,16.373673471098627,16.848951658056865,14.132793441286813,15.29183499945999,15.534082951803269,13.691490413774318,15.937742439442424,17.28631786093132,14.298188721606891,14.970088254668937,16.70344447335947,15.759097043625474,14.720229664194491,71.83478099380874,73.93828445657918,70.45849502487562,64.66759963060782,67.72010056909127,72.85679911138139,72.19049039669473,74.69488902741988,74.93788544863395,70.23672315086716,73.56478980826812,69.8068986768873,77.22363673347905,72.24039211430309,71.57037893870995,70.56562525950959,76.36687216788626,75.64068037677724,67.71094071421369,85.47327943492039,85.6631811272634,85.73030850379213,67.60437235518702,79.93108745061915,86.66826667675477,69.80044617618505,83.8293072099648,78.50848980141167,62.953149332248074,81.18383433811954,83.97085702781004,71.63176915145948,91.05064881809449,91.54452994759937,82.60720120771516,74.05276414850618,77.62208134914793,89.45643844704733,86.41654892193841,88.3804142042155,80.36052681603202,89.22720366097563,88.68019289708788,82.30573811360301,87.93214113785827,85.06599900334103,76.87089933192338,87.0632660078162,87.93535651961177,84.1208609973262,90.40584904382807,90.80934622113757,90.9569112903036,84.59450987956147,42.24916947680233,47.18471028791288,49.42514479865467,42.76236600296079,43.43825645407625,49.51224422976959,43.04030157363781,44.51856126875283,49.70179977967329,43.38280979872106,47.10195596052183,48.02903322942225,42.11901834351723,41.62910777721046,46.39638703981981,46.77814340103076,51.38362890964222,44.29315876179612,81.18566666666668,81.426,82.085,81.40766666666667,82.11966666666666,81.86433333333333,82.417,80.433,80.962,81.72500000000001,81.147,81.044,82.695,81.95299999999999,81.247,81.15633333333334,81.41566666666667,81.574,8392082.0,1315878.0,1023596.0,1148049.0,2139244.0,581227.0,7571004.0,2032138.0,2408617.0,46715383.0,1069435.0,2698954.0,6565459.0,1482514.0,648803.0,2190184.0,314882.0,4961966.0
2018Q4,0.9002924722094988,0.9245345519019774,0.8073207519207716,0.38409208933972494,0.46654779762953386,0.8448039813977681,1.5102867949064376,0.5278400900231575,1.3277966189229016,1.226553147013213,0.6143468968263343,0.9372702035707635,1.6672855328541598,0.966814986927488,1.67092085130681,2.0153908551593545,0.7664917167697232,1.0525924429613012,18.855889191492995,22.153638189404614,23.819945680793662,23.04594056991721,17.62390468095331,18.776198868914037,40.384154893679,12.141811497163102,17.44527505422147,30.99079270598281,14.618024015131171,23.316144639861832,72.35588553812225,17.8463504631578,24.084114768820086,32.73374216793353,17.781918944587215,23.087608723649158,1458.27627192255,1559.9616166062413,1648.5824418186269,1610.2527520204394,1463.0455406988974,1618.7149293129469,1790.5522878981976,1481.7475244835055,1510.3158236356594,1672.9775659027594,1355.6700536785745,1490.105152045476,1990.3886113662531,1435.5472127419089,1838.289959541373,1990.2466620258149,1522.733155375699,1504.9340202911012,,,,,,,,,,,,,,,,,,,3223.326005028689,4267.72277182368,4072.204366214055,4293.503609294725,3414.966545111476,4062.979176093923,4491.092238869008,3410.1802554254023,3989.452647379645,4008.511706057917,3185.291577344552,3758.676795758256,5004.57773497883,3348.2129365494834,4654.657053039202,5113.827349038871,4135.762429132887,3595.836674557271,78.57298636134799,84.53189096352735,87.4975164033988,75.91846911282043,78.43531881333205,89.04320508857751,82.34359561024088,79.75292275605894,86.56276764356915,82.28271901391395,78.83619756565152,86.31845389128755,86.07868613274238,75.76016240806517,87.56796102842338,93.1677246226958,82.9653214115071,80.89900140529726,0.020081760006246018,0.025115946008680973,0.02807734717478418,0.021743495273370026,0.022774288536444455,0.02666744611490901,0.0266721436802649,0.018565145745241665,0.023414139672654873,0.02475374043884373,0.017610510162069094,0.023507342988655283,0.031713795774229635,0.020781310002669962,0.029886293792255682,0.03242856393974687,0.02365066759240325,0.02390447695440805,839.6814079200883,621.9216626343837,653.9442805731039,1114.677825864178,941.8120809817077,647.2560645476865,920.4140304339801,665.637543156571,572.6559915732777,829.3670054294657,667.5455630158289,703.1912907268156,987.1330423269261,771.780787378766,607.0147580085342,551.8728340419808,593.1523452600021,941.9911395555549,47.699658290908836,37.36266843158276,28.05329220288779,69.23173992917631,41.608618024073664,35.12679421503015,58.77014042775878,34.052940761001906,29.131895877284936,51.29923283287487,27.47355808329707,38.65397563264218,83.20288722397599,41.42684925476407,30.543963994876282,34.88439176432936,30.388028755495682,55.92954124729959,23.490894209126257,20.84967320261438,24.177777777777777,28.947681947681946,19.297739297739298,18.666666666666668,25.41256018854556,21.756024174028834,24.462839959023167,23.337793437184953,18.26023391812865,21.15646258503401,22.73745000512768,22.53229974160207,30.78590785907859,23.142726059392725,32.12169312169312,21.593210503028264,6.010345705406839,3.821929691698473,3.6380098639217144,2.752908913832745,6.008827724703407,4.531905280892339,7.155898184615787,6.265142652396936,2.7860100703804314,5.1020506709817255,3.5715920208971306,4.178520138417644,4.776813301599676,4.614477544646392,7.14705629349167,3.8660253537080584,8.712305518018168,4.021636199376291,78.78768833012397,82.20120493167104,78.84334066000861,84.19991649846862,84.33624647487466,77.49672144377871,82.31087519025527,74.43869114264534,73.20363134711651,80.66237897340383,72.66193901679394,76.92056496221457,85.81335336969867,81.04129853117904,79.57284055402516,82.2743187594438,76.30892767632531,81.9034877471779,6.7557775139536185,23.620238719588993,8.065390739017415,5.67276794344061,7.370998141733104,5.706237712386585,10.077235134996162,2.4382412440281103,7.161960616053914,9.5490427190473,2.548868089397827,5.887148696443151,18.78802772224983,3.313901349618743,5.683554663071631,10.183116128324992,5.702342670465391,7.437521747081741,263.2875819407082,247.59856758056574,228.50563470302745,292.21886505371896,224.30486321434358,236.07066076896774,269.37308007055447,229.17972053976362,202.29139892522264,260.81623167640953,172.53947191155567,150.5370763014785,346.5859778837407,194.6864377284451,245.10850495049783,274.456735979969,285.6500113693998,268.370075062572,381.7595628392513,1479.0126120176135,77.61692390041566,707.9687622661112,802.2477979635382,1937.5158279614648,3228.435744561074,935.87122153435,125.46902872531855,7265.508186503054,63.368983241296505,95.71835357389737,34497.849600382884,118.32494005664196,1616.6414402219164,2091.5819702246704,3600.084946732781,1344.8517843061622,2.20576859466087,2.687339712433587,3.967809893963132,3.059366057077262,1.585938825872477,3.080127752678611,7.894519842425126,1.8346154789772504,2.6335685178717108,3.589228844597588,1.5899890022818464,2.011739547707328,3.864086867871659,1.4711702749437812,2.1452857687244427,4.782740816272744,6.917954993986022,2.6479697868154695,7.032326709450793,6.49211464177318,4.683896433033577,13.213042551165374,9.668483642332825,5.070320949345719,9.220273537125268,6.263277577579225,4.225651457230507,7.849866799916997,4.728505406788375,5.690767874258156,7.871089151317394,8.83650673154585,10.768771856631929,7.237457153160169,5.445698561777587,7.901328611295557,81.9001759829735,83.73160766570102,82.76006072428238,83.17776065955941,81.91562567830285,83.4557433778013,83.66413804835773,83.7388664367683,84.15678112180201,83.3783007045279,82.74277442070903,83.21266415044316,85.05348014970667,82.71039922987919,84.41640601309196,83.8248529841946,83.80736523011295,82.7069493210553,6.203065134099618,7.563636363636363,7.028301886792451,6.556603773584907,5.929687499999999,7.23157894736842,6.575510204081633,6.784172661870501,6.430894308943093,6.650360950419647,6.701923076923078,6.659722222222223,7.131221719457012,6.530612244897959,7.28125,7.150000000000001,6.732558139534883,6.566844919786098,343.53428046350086,265.8260455644479,214.37415726205316,693.0473520624611,370.95479346685914,270.69067962068976,765.2323874876377,268.63450378149304,261.1363920608201,471.07381388640175,203.7702390512848,250.84429393806823,674.51693336321,378.67442520548434,380.1118906844065,453.65903501962435,248.19800749152145,459.8047019878996,1029.2107076610996,830.2533662642468,691.7368318341659,1652.8374409058702,1096.9443769693926,799.2910826759262,1567.350326806591,866.1215580566071,790.7331429184719,1147.409424523118,635.9876456695795,743.8900574601396,1546.7254530721325,951.2650750752067,1078.993236148349,1055.6775738184342,665.1546377629738,1166.5348348618231,13.462303289156432,17.76705784941365,15.14109191404737,17.58029790115337,15.80418939282588,16.485766817208013,16.90921471818313,14.236879980832425,15.329449704685794,15.59299860397166,13.874603128131604,15.996356712676276,17.3309304988048,14.387424535423996,15.034438355376816,16.723345621131166,15.990845893873246,14.78595538533377,72.38250936507987,74.18009542441663,70.36150675684935,64.73939349245812,67.82440585471645,72.83170592594,73.11391956399356,74.91052106211588,75.17750125116733,70.7688528682158,73.78362957888797,69.80112571204052,77.67247329171336,72.41253244183818,71.81995747275309,71.03293361010887,76.67843289476812,75.89566624720563,67.56956933309964,84.33259677616189,83.97165949598505,87.03378162906922,68.49046174596157,80.59404245170397,86.85859523807956,70.52004908517092,84.67396888921732,78.71124763063327,64.64515546518376,81.003819986355,84.29149308127673,71.75516641693564,91.4500905557629,91.2152061234925,83.52922827696987,74.67328130558047,78.4621446510415,89.47104531088361,86.68424346528653,90.19756873091634,79.21224192924359,91.16892390326834,88.71621371343544,83.44797228522422,88.47092601057444,85.30656335164393,77.52659319680212,87.59480910028635,88.13183838178958,84.12489139856102,90.14280065903787,90.38838305386864,89.2345361251046,85.46166825131488,,,,,,,,,,,,,,,,,,,82.00866666666667,82.26633333333332,82.85033333333332,81.50233333333334,82.953,82.56366666666666,83.06466666666667,81.407,81.79733333333333,82.47,82.16133333333333,81.95233333333333,83.468,82.76733333333333,81.92866666666667,81.819,82.37533333333333,82.17200000000001,8402152.0,1318286.0,1022532.5,1152988.5,2146280.0,581608.0,7597814.5,2034457.5,2407092.5,46817167.0,1068680.0,2699582.0,6591768.5,1486913.0,650800.0,2193745.0,315424.5,4975637.0
2019Q1,0.8864016649593914,0.9285330015102341,0.808407430049256,0.36752568900685756,0.4601698390975173,0.8236333665323783,1.4779041049323218,0.5546847443118738,1.3275264917149867,1.2108131819692665,0.646888102151409,0.9394529789048413,1.637816220402289,0.9512157740969126,1.6489854561845056,1.9750146199065277,0.7557933127584401,1.0552375067473039,19.073373249041317,22.373931850253378,24.053647428968468,23.128485019867558,17.612944742317353,18.924653384833125,40.81869189315521,12.193656328712922,17.63084476210519,31.29705939756488,14.83838625798405,23.498298608780136,72.61290944873271,18.077968621495693,24.051418226744044,32.928277230399146,17.922662497310228,23.309900402235165,1495.3572356593545,1575.378849167099,1700.2625420152806,1616.6772135645863,1470.1624848488023,1638.2119194653185,1799.8334865012853,1485.0143979995157,1519.1979572144887,1685.8673692580428,1369.4316618961188,1546.740210328424,1956.5813678950055,1440.4514811929357,1836.761393824448,1983.0417253655933,1544.0941491891147,1541.994972992571,107.315259688175,106.1094569610758,106.9371056037111,104.322068294679,105.4811210310215,106.7207648927954,104.7890041709792,106.604526853084,106.8433102220728,106.4702406488642,109.2407030248171,106.828918137285,106.5371826084196,103.6535390546764,105.7615074169788,104.9904948106801,103.5461368638212,106.7505707099815,3231.553917396657,4279.579597306865,4073.118181604872,4350.92352776193,3450.065514690863,4047.825500168033,4520.259428058604,3412.1398177543733,3982.451924610585,4028.9834612047816,3191.867507215819,3768.854527784538,5054.399907598096,3376.9340964293037,4660.0914066419,5127.437496242693,4108.615402342178,3617.4047436412498,78.61650040934435,85.0357482436683,86.90112004580365,75.63403984560257,78.74291605403883,87.50941879889716,81.41477244160704,79.66942942219461,86.27639777971301,82.44146749672753,79.04514722220262,87.0133109522136,87.0326543387543,76.25730472322552,86.26919979499804,93.2663730208073,85.0278424940187,82.50355017474098,0.02011121437356266,0.02486571454099133,0.028067420548249625,0.02193573348256541,0.023786569179813834,0.026632805774679594,0.027141006934767287,0.018671656249064087,0.02378648202836087,0.024944931100441693,0.016976847625067303,0.023631495328141145,0.03232660600252823,0.020378029547137015,0.02947317466226101,0.03229864206441888,0.02424303803878253,0.02372473296898087,823.7416032583795,631.9886910337934,644.9993676126912,1109.7237521201341,923.7875957072077,637.4252411566428,958.8824156977954,660.1900301746242,573.3251849094993,830.3064710474977,655.2708897556462,680.9677951390927,993.7214930463562,758.3530028415782,588.8466790284225,587.7903825278081,587.1537192124564,926.3561586394825,47.75376380421598,37.24184831598821,30.467969869953563,69.08510772085491,41.18576697500781,31.630708205275212,59.34810776950734,36.366388695141204,29.143803793020947,51.3428420247374,28.323090188405807,36.115072742513476,83.91806675518764,41.492777128602356,32.799943148684086,35.408206338806345,41.26546792125536,56.552323270631845,22.73912079667144,24.803921568627445,23.075675675675676,28.479960899315742,17.74033965510792,20.5,23.91214224222924,20.837923296613624,22.98245614035088,22.058637895104063,17.32456140350877,23.044217687074827,22.401173388015494,21.379310344827587,27.27443609022556,20.09009009009009,26.08333333333333,19.74205134930349,6.168980248647733,4.111901749397771,4.1018356893673165,2.7004836525820215,6.127245848835284,4.537730063846078,7.046792319802715,6.868248921814156,2.9255017866736264,5.237581905207022,4.062343542272892,3.9287727405116293,4.974944579295256,4.981726693792519,7.5235319016539375,4.194638661213837,8.793916918452522,4.174221990604192,80.63681691804479,83.04335522980735,81.4096552077502,86.48238510019159,84.97670293921948,79.94941178717107,84.7328890950588,76.41460552859839,75.45684427874829,82.31390988288587,76.48603620332374,79.09489821129151,86.54454275735941,82.3349550867534,82.19989209630377,83.14009027193319,78.55288939113777,82.64496835719983,6.654600181971241,23.736634849084066,8.11656983154374,5.644509774714389,7.487994076738524,5.671807079446312,10.373997394740625,2.4322673666406707,7.069354922778394,9.770704346081427,2.5220514414087423,5.855073598122962,20.091976976345464,3.3192879997352773,5.653207427768804,10.25160483701939,5.665900287291386,7.381746136102401,275.3953649846974,254.21173757185596,272.44167854054507,331.5984135419783,228.7656508900447,240.14790188056858,253.67573143940083,282.4625679694116,207.4681861156657,283.4334588741808,197.072835515729,151.17288914145416,446.8362522001712,193.1750815909806,205.00799683718725,300.6427211896294,298.7774431515798,272.27721160741737,366.59921675879764,1491.7214845433678,664.4272045594644,957.3994858242864,787.035858403773,1988.3538246537487,3303.050646431155,332.8830861585674,4471.384407363772,7170.648106335861,25.237651034107216,1354.8961136512069,32700.61790011131,191.5433061602172,499.63371075964335,1343.4033043358613,3645.524248977329,1297.6941351427324,2.4138073301385297,2.947300448977911,4.018473314668259,3.4128157156280174,2.133052109972853,3.0366368582546337,7.801719147559907,2.232540512583351,3.2125018477234257,3.7457013369898178,1.6960616190765778,2.7049220699839345,4.030406146229945,1.6059514804196033,3.2037889549785867,3.9744356886212353,3.715078044742874,2.802966182364643,7.534222165355065,5.997228987969703,4.294500589982662,16.38588448648497,10.622130970430765,4.433743153586098,9.891445070110152,6.674319069769758,6.407531196028291,8.195149493954947,3.8838154732548684,5.759111212837903,8.881850393448659,9.315388638286457,9.675234960586822,5.550125697877017,6.559720829260011,9.311657653872905,82.18141924401493,84.08374553143508,82.94836766133494,83.35350027149978,82.24528766125808,83.65028275230276,84.03534556280142,84.05590957731472,84.49210735271355,83.68739498587178,82.96593331988842,83.4244526431158,85.46541385831158,82.71067229999332,84.72091277674686,84.06252713865732,84.05409847557509,82.94341547478852,6.229885057471265,7.55413961038961,7.107608887321459,6.691763425253993,5.968780757874016,7.268421052631579,6.459242705346601,6.764349104657878,6.679156831890902,6.673701922926439,6.696755930984903,6.736111111111111,7.072429041546688,6.478942486085344,7.386656746031747,7.258206106870229,6.953488372093023,6.730230970531347,335.39541859542334,259.9255344454544,214.65050897445212,675.5691681116126,332.73351951152915,280.4301828729643,733.7512158075833,248.62206555520154,254.04913350122524,450.3939343549683,192.3487242946743,216.7254243444005,653.3001783631628,357.85694142370266,387.15562461870616,460.8955640082761,219.41177302834572,454.90003938920023,986.2754284074979,824.5678342276586,665.1163986063677,1648.5352837262174,1084.6213370839243,790.0998450681119,1586.0691225626063,864.8798942220865,798.8838821745494,1161.3382875451334,643.0699900982313,766.2723366230471,1554.7997114589693,976.5835193018697,1047.0865238154165,1060.4580621215846,670.0791873218681,1164.680578661084,13.497044272961798,17.73963448530687,15.123874206231308,17.539981719014797,15.79156492717393,16.339986313849035,16.91291405991599,14.301650296193278,15.305450749098268,15.62372264756491,13.912461058009146,16.067022572688042,17.41208666754608,14.435339008394694,15.055569003583706,16.647677747182446,15.816029858919935,14.835561262075283,73.06127643413579,74.47534599177912,70.24111555939403,64.81664379555517,67.9244295668801,72.79764279176229,74.27667524259601,75.16943755816642,75.46820950205714,71.3991351440755,74.04027727944997,69.7626646741952,78.23571673119537,72.62603089782753,72.1402201742541,71.61659330967423,77.06452576835157,76.21818738449942,67.65843103151605,82.70044243422106,81.4470914531852,87.7698361105506,70.59276032792087,82.07043739679074,86.8872785328181,72.24210191062326,86.36558775130898,79.07253067801557,66.89646479238273,80.75786785493953,84.7845856341926,71.56404824861838,92.3056203882139,90.40058207580222,86.44271273769589,75.74056382473893,78.92437950143002,89.81780991392768,85.70506862423534,87.3390605815279,79.54820941467742,88.23624113443648,88.71186702777615,85.35699172306549,88.48202598383938,85.93708747556222,78.91816109865012,88.31613344466433,88.84993260662905,84.90141928763556,91.67849949257379,90.38519045997616,89.42287524838501,86.09495675239097,42.10751001024539,47.09053732372649,50.57490205534302,42.10163964094397,43.92479456600238,48.79104849433588,43.44029165084477,44.71201766875107,49.17924265070997,43.25291417138958,47.05729756376353,49.1263588844944,42.7858378567376,42.05951133218704,45.39883349711153,46.33958136271146,49.96344906809288,43.84159512932288,80.77,81.154,81.51233333333333,80.54933333333334,81.89533333333334,81.35366666666667,82.05633333333334,80.00733333333334,80.66933333333334,81.37266666666666,80.798,80.582,82.70566666666667,81.45033333333333,80.972,80.78500000000001,81.20233333333334,80.99666666666667,8412222.0,1320694.0,1021469.0,1157928.0,2153316.0,581989.0,7624625.0,2036777.0,2405568.0,46918951.0,1067925.0,2700210.0,6618078.0,1491312.0,652797.0,2197306.0,315967.0,4989308.0
2019Q2,0.897042896536457,0.9307202005044263,0.818269896710807,0.3725994206557069,0.46673993955851634,0.8202432231441443,1.4781893207871757,0.5738068110429025,1.3336382078241453,1.2191587354225115,0.6628699740194542,0.9535841978238863,1.647745064281309,0.9597389093891109,1.660102672500237,1.9699319236759711,0.7537357236697413,1.0673580953959263,19.202853454175514,22.655554117729967,24.281398903575887,23.239685298537154,17.688315816916848,19.099100455127967,41.109627251161335,12.287904236700387,17.775150881703055,31.52891892270817,15.013226629985974,23.77440929667892,72.98874963698265,18.278840097809717,24.211533130978037,33.09255985604797,18.055394830024163,23.50285877217673,1498.6066517018119,1589.123548300174,1709.90401909781,1616.74545548331,1475.1756040752057,1638.4697007021434,1802.2348259006149,1492.0991734519478,1517.203966464761,1689.4103967250385,1366.8038314010362,1555.4916965045456,1999.1265973414297,1439.5414367756755,1848.8013054224878,1983.8766244490134,1546.330089660439,1536.2855335274276,,,,,,,,,,,,,,,,,,,3261.7140600240286,4323.827497414424,4113.406465318419,4382.275658008596,3478.7909734376567,4067.749455396553,4564.592006619172,3445.374776911815,4017.300309588727,4067.775980720707,3225.857955230745,3807.224546667508,5109.314913420807,3417.787047092204,4690.619059401516,5170.399818462164,4124.981154886099,3656.13197151835,78.54474519299605,85.35384365716166,87.04709084283249,75.63333489627635,79.01122230500938,86.89638617396461,80.94404855496448,79.71105714232331,85.95202776485881,82.60623023387939,79.29703670257571,87.40112820642442,87.79513041892142,76.90494514690974,85.79368412510661,93.31123212177708,86.10332866568953,83.48333606751707,0.02023355922388669,0.025261776195482748,0.028078793111728118,0.02230625315187701,0.023556880437016273,0.02714196018205728,0.026567557470597518,0.018786223566851487,0.02428600558461609,0.025085225548056245,0.01739837977588337,0.023916005034363513,0.03283420601043236,0.0205731247172115,0.02974477727719121,0.032211359606173294,0.02496007178390265,0.024231437516386605,795.3466603353568,617.8954774454936,622.3702051850602,1079.3409023136044,883.0915207778883,614.667033501184,948.7670701611581,638.9542950147309,557.5384766613396,807.7286453939006,627.2355096713043,651.5619913258868,965.8878796593629,733.4036394378488,569.5768236200299,596.939033462934,568.6254200690953,895.4181093524409,44.893663641678806,38.0137922687806,27.571592214295386,62.1423828685664,37.73403720908213,24.674092722111197,59.55290384274688,31.32658625810584,29.05073265358339,48.85986798408148,25.58624479759288,33.05689160056934,79.95037486641625,37.390137898681715,29.32685982532121,34.36987415568357,34.48193097626512,52.665255967615046,22.33831089986639,21.098039215686274,19.054054054054056,25.83333333333333,14.3607960199005,16.75,22.128771736614873,19.764075220731563,19.537764866712237,21.522517691949247,15.0,22.345360824742265,18.61977603551089,21.666666666666664,24.25474254742548,20.071444102755258,22.869674185463655,19.36713479646144,6.351046294260046,4.424767435429203,4.442755950817371,2.7530863860306947,6.320238844855322,4.603120116826771,6.992070574060911,7.4052200644233865,3.0934767176616984,5.401183665518938,4.482731388127651,3.850068363724652,5.140571032448388,5.400611728750431,7.891619577739134,4.490391020029744,9.078514224647718,4.320126198837902,82.44950481937961,83.98073743202913,82.95425063113173,88.05078738441163,85.97103895262222,81.90924441467185,86.41708504862545,78.11369698017005,77.36530883494116,83.76230882513065,79.46820086773306,80.71728970877857,87.40259283085639,83.5165066616092,84.17895057270971,83.95971926095082,80.34800107375216,83.68092266510476,6.765157684348584,23.558328174795463,8.188818214741518,5.6361599583841,7.463928309333593,5.6654124841533635,10.10599367304365,2.437888274248477,7.085193628920672,9.630734191860514,2.513540198647831,5.815039795915803,19.028950618011926,3.302692946191455,5.648103146232457,10.217650854317853,5.656245144196104,7.32834899683146,290.1232551604963,270.6551020125001,230.16623348472882,323.3438465084352,221.6898085750395,250.50096098143152,256.46623398989686,247.21499692446085,252.503360155146,267.909169148488,194.68982643614189,161.65350025705325,286.5031447504257,210.20452855271023,270.42031957773634,304.24037649470137,276.5704105695049,286.00382761780224,537.8893473769159,1483.1852674907266,673.0703453337472,974.8470164184407,608.5019166382502,1967.235450573315,3415.4269454825558,310.8776871816221,4445.527959168812,5115.720919537078,15.574160763619885,1533.4878349400913,20775.20075480237,223.5190488296788,499.5010971758529,1424.1662001062207,3600.328801716313,1367.086365477881,2.4686057098623744,2.960120872543025,3.8804326289722653,3.4619987055005983,2.4237014675580553,3.0002781591789973,7.288063917237499,2.4741746575499803,3.408414598766838,3.742773240124357,1.8082878095379107,2.9744551254930487,4.01990868803097,1.6725846829916726,4.182254275953133,4.036256199143304,2.2086023769182455,2.8828860066844673,6.704779796332211,5.445353551014782,4.438027785381997,16.145303168538536,10.622712301436978,4.198057892270119,8.778542800029488,5.60047143885103,4.23042257750756,7.375062517007185,5.663290513754196,5.773282796786443,8.08801844177634,8.65730711056865,9.191622934686873,6.7656197320816105,6.593301329202416,8.198132901960692,82.27538054137835,84.10219403275529,82.95753833818092,83.43056190452583,82.42131245038267,83.67816772464832,84.0532716399386,83.93905293987287,84.464617771828,83.71239293731682,82.98007936598641,83.52716062970896,85.35374677441982,82.67239713824031,84.74002092084434,84.09893363594135,84.02978193898998,83.0194197792631,6.256704980842912,7.544642857142857,7.186915887850467,6.826923076923078,6.007874015748032,7.305263157894738,6.34297520661157,6.744525547445255,6.927419354838711,6.69704289543323,6.691588785046728,6.812499999999998,7.013636363636363,6.42727272727273,7.492063492063495,7.366412213740459,7.174418604651164,6.893617021276597,325.486963036855,249.9592370871757,210.6879535048561,661.2180529740406,348.8753707687534,286.3319835766686,765.0471677385628,246.47326511239658,248.90322360664376,448.1849014976392,183.42639831335057,211.0443112937144,642.9134661004002,355.394771212577,382.78632946130466,433.2741318125751,213.8617713904751,440.5191654032588,986.3197289323267,819.6593511476566,682.073840444712,1806.9656451979097,1096.948170611731,762.3750296868615,1536.4652005042915,854.1654056968063,795.1901091500164,1147.6842629862895,629.1718924965957,741.9030450745149,1517.9640517068988,952.2075550467345,1106.2852616045777,1070.924117724695,724.0779492935415,1162.530375960872,13.705475767962271,17.766370138465216,15.152754223393757,17.49910405936628,15.982546402679619,16.29761189196755,16.91826948824036,14.384255487277796,15.313541832333057,15.732293484593107,13.994515893247948,16.133582214158682,17.360340915899307,14.66326529106518,15.06178868791957,16.684159175114868,15.817773325242825,14.945722612836912,73.38798097631756,74.62673830402814,70.18383595440471,64.87918766930225,68.03599867353412,72.78776142939172,74.79822193945854,75.31179911269764,75.62136543346989,71.76542601031552,74.19509785603682,69.81241159841095,78.49142258366696,72.72817126299009,72.27032455748943,71.88757227353454,77.25007783761849,76.35898135687982,68.13956313011448,81.92631898522761,79.71042742381249,88.15519435911497,71.62474402904381,82.7866365449929,86.55668288638749,73.44764383726532,87.20596559145662,79.28497085132769,68.31994064771249,80.34358744585002,85.0355269892934,71.84733182430037,92.5598788243607,89.98420381629617,87.84824104207283,76.31581981223503,78.61290465800924,89.69752341535792,85.77420862048722,87.05010326212802,79.00064276653788,91.5324088723106,88.6855832163255,83.70628385705827,88.46811283208665,85.97188635422324,78.90092918735517,88.86486419054839,89.48577934775193,86.09369514056706,92.2919566592867,91.14432217909429,89.54833262833493,85.71661411696925,,,,,,,,,,,,,,,,,,,81.979,82.279,82.70433333333334,81.704,82.68,82.452,83.308,81.23933333333333,81.851,82.53333333333335,82.17566666666666,81.79866666666668,83.60366666666667,82.79766666666667,82.34633333333333,82.03466666666667,82.77933333333334,82.21366666666667,8422146.5,1322551.5,1020343.0,1162006.0,2158180.5,582124.5,7648802.5,2038728.0,2403030.0,47003364.5,1066766.0,2699447.5,6639722.0,1495154.5,654232.5,2200155.5,316505.5,5002179.5
2019Q3,0.9260871063727553,0.9307377601265405,0.835375810835295,0.3929662750569615,0.48372772855436136,0.8282407723115216,1.5003677794910018,0.5895020598237455,1.3431276326366315,1.2445880593219187,0.667865103718028,0.9775752866971318,1.6857567815393897,0.9847594777414589,1.696552390525482,1.9870834559952504,0.7596531492082677,1.0863249740389065,19.368890412450405,22.873851331262205,24.230158525152387,23.52174775538523,17.79042221707176,19.267489238500506,41.303402205529856,12.35930905706768,17.896857791916418,31.718746405112622,15.241614523086106,23.8704112411612,73.38849404214291,18.398399236714347,24.33104095986286,33.19534638113453,18.182517710242855,23.638307593713705,1499.8112350128742,1607.37487588253,1712.0288276260967,1618.3087787499173,1469.7530158239283,1643.3352597159922,1819.5718325468888,1490.8761065674496,1522.6074329390642,1702.5387213221388,1381.7880201685712,1555.8461542772297,2005.69987649355,1450.2702941621383,1855.0281042712036,1982.7200178357255,1545.744834248792,1551.310580473401,107.1242495708816,,,,,,,,,106.0995585373096,,,,,,,,,3320.664363997897,4413.2195553132615,4204.546793630656,4399.416479813701,3509.5193411049904,4131.304889240298,4636.479654669974,3520.433833630698,4103.35125306424,4136.840049057167,3296.8148600906416,3883.913222694152,5185.796356405773,3481.1084651826613,4755.1697422480165,5256.366431280098,4195.610980458945,3724.2676260022126,78.343792690299,85.55957710120248,87.6903539504823,75.7764293183137,79.33263261084333,86.884009808152,80.75100320510094,79.80869796640893,85.51396029139443,82.77592650089588,79.62769061059059,87.58389572163378,88.49552585665872,77.73905479627699,85.86159634566594,93.31834392774692,86.66096052856078,84.09171706766828,0.020697169177062196,0.025475513983973224,0.028600386375031026,0.022965755468731242,0.02433144016883606,0.027530656407790337,0.027168062473771598,0.019253395560987298,0.024953217923658982,0.025530191719813154,0.017520530552070323,0.024104332295173392,0.03339555280403449,0.02084727321001977,0.030503242494677184,0.03251467881371127,0.025201549311767452,0.024314807566264036,753.2589514906191,584.4502439882373,587.5166361581049,1026.9903919254207,819.8987138136475,579.7567947631577,902.6874076129837,603.4677223330807,527.6849693394814,765.1201762327042,584.9214913883602,613.2232349097673,909.9711077338839,696.5641249252258,546.480035201533,587.8562157238265,539.1290514854737,848.7750485536792,45.698994083139645,35.325645162545385,27.80070964066919,62.42466283530527,38.824495227112905,29.73573760278009,57.90223573019709,33.18447129141401,28.08068833491605,48.829495743728614,26.63418564693751,34.50606445816434,79.72299170179421,41.83676379361953,29.88626547054085,35.57883562324162,32.22045313462782,53.342138164067045,26.65739882607352,26.47058823529412,23.2662192393736,29.9737532808399,20.67193675889328,27.29166666666667,26.79231337767923,31.82445759368836,25.47169811320755,28.14087368777514,21.43487858719647,26.34961439588688,24.33755274261603,27.32177263969171,29.68888888888889,24.99438832772166,28.91891891891892,23.11002178649237,6.551430549491815,4.7625786291825625,4.706384720693791,2.8903118483325274,6.573884001475954,4.716152554885107,6.966618477012225,7.918078511614806,3.295307016525434,5.5893486539588775,4.857002558397338,3.8703457587762187,5.286865189049319,5.877282286770483,8.266220493871591,4.77603950076335,9.523224619008523,4.470317680173832,84.34589257674573,85.02272982646551,83.77521715054503,89.22007055872295,87.1741454230771,83.71532609558142,87.62153611049382,79.73831315861536,79.14170869504788,85.12482422840138,82.10070982683847,81.99236873280424,88.36799127275516,84.69668418909384,85.90452698531071,84.7851601785997,81.91699466317995,84.90561263925689,6.58154487084704,23.589073077811694,8.270176998844757,5.8774909302017315,7.5990322312175715,5.903975379738213,10.320826642529456,2.4397827335893227,7.121851839482184,9.617611279219952,2.5302513398172137,5.850415807024247,19.058014338451738,3.2903268719873067,5.88898604626238,10.25269378403512,5.888549370469427,7.263592751912437,258.854111555052,234.22233243075001,196.55871404626527,254.1104975223177,167.4571237903902,206.45377961581715,218.75642558175002,232.21753102594445,175.7023385508394,220.9236134872214,172.47033004430807,152.09314339232864,274.9377154337362,197.8165539773025,202.38812910484256,267.9813965882089,364.62625868888694,265.1339888224507,585.3072291100987,1215.398688394708,628.8914651362522,1362.7195259334446,581.075339395465,1895.982146643028,2544.437106406855,205.9842332668432,4441.472316709241,4065.352768293009,58.56739658915697,1492.7793950176306,15669.720006418833,240.62411605206466,930.1530474616875,1591.9521912880798,3521.151902060643,1437.6426135622016,2.408393258530187,2.794228870311688,3.5379099336726707,3.2735083734618833,2.554624953813859,2.893832236412231,6.448421251285113,2.626052380020293,3.3392903493558608,3.618830130147385,1.9363245395151374,2.945929629137249,3.8622681514356576,1.7031700448011313,5.247984024706009,4.725424531671519,1.097683854637242,2.9120580681956723,7.546210034052877,6.744510006562633,5.10663993486917,15.49212031489009,10.422637873768602,5.500798056480143,10.299502695299257,6.715329322795067,5.507697563883852,8.350926107337749,4.686883251314895,6.4705152381456426,8.226727463489498,8.475321554927984,8.733549222677857,9.825643824422068,8.048520197027733,8.714818202620823,82.24688871789418,83.8807779187359,82.83980739996952,83.43752657398196,82.51094997687461,83.58942244152706,83.82051073000413,83.49558764030894,84.1752774438529,83.53607961398123,82.84229316875354,83.56179369993438,84.8561399343441,82.59833364499859,84.55123118995098,83.99379063951248,83.8104215200746,82.9874604979493,6.358805165318577,7.519984979973298,7.219626168224298,6.885683760683762,6.153543307086615,7.189089912280704,6.393244925481516,6.781021897810219,6.867709677419356,6.717912901424765,6.560747663551402,6.820043103448275,7.060629841011005,6.527272727272727,7.322954822954826,7.30336114562992,7.110197808072709,6.778359312777336,344.83333958668106,228.83422397393574,194.78025070004372,634.8528526636417,351.884981635058,282.79799560956616,739.3358000857073,251.01213737283402,249.47258073532024,445.841644887436,191.03533424296364,206.3700213928566,654.7843182517393,364.6405486292883,384.61080803962653,433.8000131422149,250.58536439474298,423.3205211682095,1011.2063987884844,784.5296953306528,659.1948274161722,1614.896338135242,1142.1953362503539,773.9053083236066,1680.9317172814622,867.4216165939157,796.455244694735,1181.8976343071565,650.7490622126872,728.3733810359189,1508.2375334444062,944.6308768741883,1193.5336466895064,1104.6952709456687,690.2674522180421,1165.9802180291583,13.657743508010249,17.708427900378748,15.13548860869347,17.7870085602891,15.956739576336734,16.21761077351277,16.84671060448781,14.43341618309594,15.340963770157927,15.650343865258675,14.093743059864112,16.19453584494387,17.412418105480338,14.515350435959196,15.036688805437693,16.483170926043663,15.761585811558044,14.925896961655992,73.46334098442992,74.67569155608436,70.17136220951866,64.93127146716242,68.1557849223189,72.79506009028604,74.86075273625896,75.37117705087488,75.676573567347,71.9431369649131,74.27740703215899,69.92487627845736,78.5278430791966,72.75106662407345,72.26504611223308,71.93547946486146,77.29276961947254,76.37039117617697,68.97895342318114,81.71405685146131,78.40453100508104,88.17947908150114,72.02805516860693,83.06158562656817,85.91010208117503,74.43999259681715,87.54005375901522,79.4123990275719,69.22361603979967,79.77835299125456,85.12571655546427,72.45696051503967,92.42634934345895,89.78994946421092,88.43994275279802,76.59776939395739,78.92990485446843,89.85840669339544,85.55086427692468,87.09726310501222,79.38861126042313,89.57279379396886,88.36751044074953,83.01957880884648,88.04250001820031,85.83568712058388,78.94402642958603,87.97834450866763,89.88968936609419,86.54989757789788,91.72487646996161,91.00748547192809,91.60046414621482,86.16283157870865,41.61969437230921,46.64878903556318,50.33461049292508,43.76993665313641,43.46825799189316,48.34434275649312,43.40035776760109,45.36517162078045,48.3443377942973,43.891325287153,46.72579312870781,48.71333926287727,43.09430202206049,42.23888660322729,46.02494021385846,47.48331953191601,50.5290700074909,44.88133712162382,81.25866666666667,81.71466666666667,82.054,81.49633333333334,82.161,82.06866666666667,82.885,80.49233333333335,81.27466666666668,81.98033333333333,81.11533333333334,81.12966666666667,83.21333333333332,81.97033333333333,81.94500000000001,81.661,81.88333333333334,81.58,8432071.0,1324409.0,1019217.0,1166084.0,2163045.0,582260.0,7672980.0,2040679.0,2400492.0,47087778.0,1065607.0,2698685.0,6661366.0,1498997.0,655668.0,2203005.0,317044.0,5015051.0
2019Q4,0.9704683321313962,0.9300090378587993,0.8579468624046418,0.426908615280474,0.5093624927896048,0.8478826380119553,1.5435387947895005,0.6020063848214783,1.3557076678242372,1.2854400232863032,0.662376820111109,1.0093875365741405,1.7486819337770119,1.0242858387725169,1.754359480789775,2.0279700004222514,0.7708178143635512,1.1110794238178638,19.55504537407359,22.907065685795263,24.83206937056136,23.700111906163766,17.871003335436637,19.547699346331427,41.5808880263506,12.455783935699326,18.026498925337833,31.955521961006138,15.264752776852129,24.079704891967125,74.23329881890619,18.568756963759483,24.48211929888653,33.31066054414375,18.255704812639845,23.85071294983888,1497.6897143559931,1605.8530568088268,1709.8895601204822,1614.0205345667357,1456.7126880420583,1636.9483581050022,1806.971364170972,1486.4451754365402,1518.0618297112765,1695.1228247433241,1381.7262683429446,1564.3864365588647,1998.4445645364165,1442.847468662276,1854.9490642428211,1979.6519873245923,1540.5828720238442,1541.7788830418642,,,,,,,,,,,,,,,,,,,3390.783189460956,4575.351695035016,4371.254651320644,4421.650131579379,3560.686896822084,4262.259821664935,4764.379489696306,3659.986712013445,4263.443393933114,4261.464862661849,3427.333827662889,4022.047390791573,5314.3627152935815,3586.8085886855083,4876.859535455163,5414.904588189875,4345.255601872194,3845.814965580111,78.09496170736064,85.65083099796757,88.76143516088153,76.15619593980738,79.71322903010845,87.5101852189862,80.8901757983275,80.01081546907314,85.05761416403372,82.97637576849718,80.03012546463113,87.6016651197282,89.07668938566556,78.69869533358779,86.47551973422941,93.30405092966869,86.60786831173097,84.3213966900736,0.02060840188692313,0.025732570345547896,0.028646178464317443,0.023466643902855435,0.02454782297083506,0.02789050787327583,0.027061118721563526,0.019380489589712783,0.02484442025657844,0.025559015276048425,0.01721599360173324,0.02491627000216615,0.03303024225067174,0.020897092292277385,0.029644832107633544,0.033305231666607024,0.025513293810273584,0.02435811719744894,703.0136796327042,535.8088934466267,544.3707661132172,958.1818485153042,742.1705079444721,536.9456383319083,827.1190137915922,558.0339568489527,487.1965178625864,707.7172911747006,533.0104320790156,570.3416093582526,832.2718389825467,652.0848763919403,522.1405294122693,561.2039286630768,502.01761679019563,792.1718370938196,46.142695119016686,33.8953815111662,29.219575070491288,65.60229824032973,38.47025084683799,24.322243502792222,59.59334154348863,33.152209760112974,30.665710695991677,50.684517901557264,26.26012962880104,35.976249024125416,83.1320769564533,40.936027408193745,27.494173539643473,34.61973290147208,31.358150063922643,55.91257115370673,20.37890424987199,19.3,23.01666666666667,25.68728522336769,16.55855855855856,18.85000000000001,23.34470989761092,21.42424242424242,20.54101221640489,23.81855402015679,13.38383838383838,21.22666666666667,20.45865633074936,19.61805555555556,20.31372549019608,17.52136752136752,22.67730496453901,21.65820642978004,6.758738115121045,5.105762512402854,4.861257182494611,3.0934716342471558,6.8751523026365415,4.871530613138861,6.968145007411655,8.385087703646336,3.507817223625667,5.785606953523505,5.157565313271788,3.9931928288812766,5.39589601782195,6.379483801753335,8.614353976872804,5.026198415673441,10.066126852488498,4.609996906268108,86.1876710439039,86.10237619219288,83.93361086870516,89.92785633516442,88.58041153036119,85.22376221723617,88.33652496122546,81.2077111252964,80.69896605831129,86.34466918509973,84.1756742602165,82.89569777882929,89.40791987151565,85.81962524951045,87.21399948628878,85.5960349659548,83.19304355303373,86.2931210807625,6.527120675067359,24.7007293468605,8.431491248305218,5.702274417937182,7.815999354380755,5.745186330130387,10.076356007399635,2.5318150208048835,7.354236244233571,9.724051621585451,2.62332011590235,6.06448781630859,19.068491772554296,3.404184050555022,5.718818218104958,10.57987368033216,5.719920791863376,7.600179884030588,276.6067966294875,245.13239574000747,223.29174754416263,269.83250659288694,319.3818459732413,270.87297369915115,247.85141216887752,330.97773874373786,206.47198877593067,283.2508875118765,202.87899991505012,151.98496594611873,405.42500758942583,253.38693110117072,248.99302161770152,293.09525251609983,260.6784885995883,299.1806472651241,712.17994407229,423.4053968460369,696.6935166484236,1414.4789586196428,601.4247427207721,55.358566116233746,2639.4333719166093,275.3053038025934,4557.233537689526,3018.336366582021,131.80589729751225,1628.0857860404,10231.531038237781,220.37729593298155,961.6195667859465,708.4852222018783,503.32875230674495,974.694534462399,2.248942318211638,2.479775952456398,3.0727236575688286,2.9093483444367445,2.5120778120977163,2.7482234952296314,5.364832790145746,2.6657778983943006,3.027688090677982,3.3966127149403955,2.0617442678100995,2.6351559808216285,3.6030464123932,1.6962388443766,6.280864749563344,5.969040208832309,0.563460168335584,2.9002151843385975,7.994386564769841,7.130266835486097,4.915076826867239,15.703648090552385,10.415061914820406,4.315702388251172,10.36895659788881,6.515648265474747,4.919583804081346,8.554314466565062,5.745147599402,5.471562263289993,8.250534825677322,8.894717647958238,7.148673361889225,7.893099780083663,7.935481412406814,8.543487075392749,82.09631149671256,83.45328251707369,82.61428660051466,83.37841124999248,82.5024499114846,83.4021270815218,83.37087206725582,82.78944984250344,83.66799743160554,83.18413246283014,82.57169414537165,83.52659302724088,84.04469943292452,82.4985969167678,84.18783511245782,83.76474858588888,83.42569806536031,82.84970424799909,6.460905349794242,7.495327102803739,7.252336448598131,6.944444444444446,6.299212598425197,7.072916666666668,6.443514644351464,6.817518248175183,6.808,6.7387829074163,6.429906542056076,6.827586206896552,7.107623318385649,6.627272727272725,7.153846153846158,7.240310077519382,7.045977011494252,6.663101604278077,341.8752346578267,230.46027666515954,196.82398190882114,613.3545803614155,373.02115975772284,266.2572029291023,704.2350200040629,247.36637121346754,244.22312799893885,434.882994767875,202.2118142563774,262.0115818643646,639.7639648802581,334.4340487772337,374.3146165823077,408.5533932483926,257.56500665993985,429.2563916273858,1048.651565189966,793.1432610474886,661.1214651167322,1611.2587894590413,1115.2813753048947,778.979444024804,1585.3019200306007,859.7436947779232,788.6473042189695,1191.2021059187468,668.528012872687,732.9625613409681,1555.1701181149424,932.9550078842102,1103.6500594625472,1052.0629310988918,680.7606803824158,1154.2394971769202,13.778575274580596,17.682779838592086,15.241998300225703,17.44163827979332,16.002712509498373,16.372361895205636,16.869560855180236,14.476295862120438,15.391607837732346,15.712594674850047,14.130866823519861,16.25719849152125,17.407274871072918,14.463771816666455,15.25329505410598,16.61344503610024,15.867412992678918,15.002969664345535,73.28740160511673,74.62222414810832,70.20368627668259,64.97289706798023,68.28378683726686,72.81953568855997,74.46435008168646,75.34758627826106,75.63385149712595,71.93230188069589,74.2872178323542,70.10004744893654,78.34501760594104,72.69473121510893,72.12440915602338,71.76035495192978,77.1926267745574,76.25244008244378,70.02305241518836,82.05918172908999,77.63795011792125,87.89549044883326,71.7544404744284,82.88134043164821,85.0459364996193,75.07026165529425,87.28839289821917,79.4300994430849,69.55997852010512,79.12019170795584,85.05417082104978,73.33165941204159,91.90815144396639,89.8252646436907,88.06910346743331,76.54584696906858,78.88072418916497,90.63139575972664,86.13697070808745,91.52846640341379,79.83639335473356,89.50630873438324,90.21868828323889,83.25036589786338,88.36729524231647,85.80314707345835,77.09305908313468,87.85078181261163,89.08406551499422,83.82802156448528,91.41567472570267,90.88602488328787,89.49392834257219,85.78188680856704,,,,,,,,,,,,,,,,,,,82.232,82.592,82.89999999999999,81.90166666666666,83.01433333333334,82.94333333333334,83.531,81.74633333333333,82.21266666666666,82.83333333333333,82.464,82.18466666666667,83.96933333333334,83.03266666666667,82.65533333333333,82.48733333333332,82.94966666666666,82.41833333333334,8446555.0,1327500.5,1018635.0,1171450.0,2169642.5,582635.5,7696651.5,2044324.0,2399734.0,47202914.0,1065288.5,2700645.0,6690838.0,1504037.0,657787.5,2207461.0,317873.5,5030766.5
2020Q1,1.0445151182060795,0.9261833807754144,0.8919289168269744,0.48662180442186187,0.5508734040034787,0.8857534322777232,1.620985279934138,0.6076362389277138,1.3750235471285588,1.3534282941796334,0.6398425118882746,1.056305448469342,1.8564063269261506,1.0916319123241838,1.851241033116572,2.103996043874608,0.7930900941039546,1.147160332744341,19.68781924697082,22.87552554193105,24.53670976750659,23.904521859626673,17.845023626330452,19.89008942638069,41.72151551390304,12.54411636915193,18.07863283927134,32.07339014846646,15.193694709552656,24.262323565631135,73.87061970474434,18.638918780518758,24.61552224388712,33.33389515132042,18.449678804155493,24.00613734632947,1510.5713023121793,1556.9843375733092,1707.7583853977044,1599.9454076994498,1435.7520868863048,1627.0341463906516,1759.3410654977688,1514.3436888090475,1512.3492894235205,1687.47085789037,1376.5850331640245,1559.9215029044153,2004.701910812995,1458.1452976754986,1866.2293723730256,1986.7862826099686,1541.6721325784624,1538.3990511518505,100.4892190290118,96.3587653725788,96.22952913907746,79.38723120657663,84.78473413987491,95.97629435915344,91.18068905419204,97.62609664120654,97.9313514123625,100.688079639411,99.4045517686658,97.20787638357184,94.17997941361476,93.2908193034258,94.00000626743214,93.62385228568272,93.7508808037434,94.48625121880274,3365.5660010532874,4554.43045692664,4356.738029346265,4193.479825340408,3427.830730594028,4213.680362854319,4666.280640279167,3660.698200264557,4250.230576588207,4200.323180789328,3429.0370344128983,3995.99860471759,5202.526760649321,3533.1732362128223,4766.842305961163,5331.802077173986,4328.189297699716,3805.606779201277,77.63595449743325,85.55374229767602,90.66619719217223,76.73605023587966,80.05577362795152,89.03259574501968,81.43428990793545,80.28661317687487,84.44411853991721,83.16125480139931,80.48052058737035,87.28161299941145,89.54337059231423,79.88642058870981,87.8901795305858,93.21981731229545,85.65059808992382,83.95544996291036,0.020928871737856306,0.02543228878574349,0.02857415085462152,0.02417540210194287,0.02458368562290924,0.027323669707775666,0.026505367715832617,0.01921415802680607,0.02453546846654573,0.025680263662598096,0.017033343662262786,0.02525341291087673,0.033488038498224036,0.020986338006609335,0.03000422786847238,0.033721880160964446,0.025415512248080502,0.02492627537361671,634.4801752005664,459.9032658865283,483.6124320819813,857.9598624962655,633.3429559030831,477.0882132272603,700.1022631221136,492.66547253548083,426.70224310561815,622.1073912545878,460.3626544706368,515.0374414057316,714.9304537249818,591.4479716264871,493.02070355758536,507.3610585226377,449.71570996911345,714.336483409365,39.83805334724575,29.870033609264553,23.087520872825714,54.79304479695901,35.568165869409384,23.176637035785863,50.24456708416373,26.67293015836669,23.237257753911507,42.559551194663406,20.856956609688435,31.125333299604566,72.4613028913731,33.396013296382904,22.489947120725226,29.466634517968814,31.371369318309497,45.86830379907888,23.982559575260577,23.50326797385621,25.405405405405403,27.92542915493735,21.58146505707481,23.19444444444444,22.615358181375466,23.69651278161241,23.906673248778514,24.370293944508727,18.645357686453575,21.706758304696447,22.89545095964509,22.143263432205796,23.10714285714285,18.476278790205725,21.986772486772484,20.533329643896764,7.006076030660588,5.502535093162849,4.9254614235395575,3.431797330739187,7.274364848329599,5.095500870731651,7.025126194802619,8.81879948292707,3.7805301207367212,6.031704001637238,5.4135497051802846,4.283030929595776,5.491485321442719,6.988708689480985,8.998263714707184,5.273165010121439,10.911548085432552,4.758475312205862,88.16642077795612,87.3522972645432,83.00839717966852,89.9854695694596,90.36907243817573,86.41217622073798,88.32943444382153,82.51273782877178,82.02081159496906,87.43716567450406,85.6484448925599,83.27899567374946,90.62551343326892,86.89899311472328,88.0469513882771,86.3908298383634,84.11314993878919,88.02574038981246,5.4724705373856795,19.990776058965256,6.856655236901976,4.6887916782301104,6.6559849172813,4.708127815902251,8.604017537806692,2.033283188961568,5.991879488033295,8.194745056457204,2.100050123225625,4.991642225406019,16.503820775344252,2.8037909089590527,4.694262911955058,8.697424924261748,4.702839652353068,6.214753388766946,299.22820847293923,327.88106188508857,369.8546711145871,382.6956892318339,212.42812352004356,253.92203676182064,295.0540080371324,241.99800736148177,271.83846405009285,302.8564685568872,220.640927962159,171.92923693633637,414.54814629808607,218.03877517459566,274.1048218537539,267.2727295456618,296.3030367616265,317.7603151070098,761.6192751927493,345.3094034805496,246.24690868072187,1044.824143216278,580.792917731852,60.717776929412025,2540.544201710653,258.2992881179125,537.7923046794081,2595.7492275868253,143.26326211904518,540.4937615950423,9618.893971811856,86.58775792475673,1095.3476299193853,892.969956953394,451.0585551563709,893.8265354763656,1.926978550459503,1.9142030338202138,2.35731004426771,2.243894133855244,2.209834047901879,2.5411694240776557,3.7978024396068353,2.563706807666225,2.3337542615439806,2.997369336287816,2.2203065464743275,1.8994806370986725,3.145306430582682,1.6277257333855033,7.447871174679846,8.382820860156228,0.5463687217952359,2.8087751154221423,6.847319738091835,6.968173764336901,5.055605838938779,14.318217671869625,10.743032095846264,2.949261857841521,9.711508560443908,5.3324564249239925,4.8008938907808885,7.870570740932806,5.609861593873371,5.515699415499869,8.321532261032852,9.089864243889037,11.816005374329222,7.783189912974187,9.984963496881283,8.717022017658053,81.75721616652473,82.65561045540306,82.18833801217515,83.21903728046777,82.3560122365384,83.03061261556599,82.52929682608624,81.57664702372752,82.74934643663656,82.51906662520342,82.06974580826004,83.38447184690159,82.6282790083973,82.35003385829255,83.50333481005684,83.3155302586167,82.73734271246701,82.54884170636859,6.417722839010494,7.400806689092174,7.174420154659123,6.902150955683783,6.313514093433059,7.078780072332369,6.444955076831124,6.814542023194305,6.763027535450851,6.70778275326296,6.411902357006542,6.830023187903104,7.040331926462923,6.615617427610359,7.05490540050344,7.172480989117471,7.017938833027165,6.648133115504034,286.97918628014867,207.8073012020543,174.55760475688143,560.5963624445392,303.60102005560776,250.8589280105824,571.9048469755134,219.91421801515202,206.22233799561374,375.077026425373,167.76763071195742,189.4690846641346,536.9916842246032,282.35007159208067,357.4688156766213,386.4356575761751,176.71748387249468,371.4635802337194,922.8992348811114,727.0214969350887,635.1372168308513,1539.6369954507666,1040.5278527302512,776.6050988101368,1380.1959645951727,819.5256423951174,757.4718465056422,1050.0067974932065,619.9633532405761,715.6171285174909,1383.859570465164,908.8806430404843,1064.6797591349243,993.135266111248,575.4162508765114,1022.0830888112563,13.692491712283202,17.57352986689499,15.079635610363848,17.202447697252005,15.890680861604087,16.14409752377443,16.67967221126651,14.28210069004147,15.21781156051962,15.561058232728467,13.934364919134113,16.18099858494381,17.137402749191104,14.327407066656928,15.258944683499042,16.42469377445762,15.681507432198993,14.85803567724893,72.75866412089232,74.42470466069501,70.29910141724524,64.99979209405959,68.42337530218639,72.86819868667186,73.42564450405638,75.2072525801422,75.45337135575345,71.65615684280135,74.19497174886934,70.36371459164079,77.85435838071871,72.5269638143862,71.79363527008236,71.27212192116558,76.89171444314219,75.95270135677715,71.62196532294708,83.24513548573357,77.49797434842966,87.22554701949505,70.44526353316864,81.96365333652591,83.71448359172649,75.33461548612871,86.26357141080753,79.32001026312922,69.14651253132197,78.21143381883579,84.73624615318461,74.76794066646242,90.78210659305458,90.25215792467247,86.33888490528042,76.04142779287335,78.64091211215958,89.54205442384949,86.22677584138917,86.10330149889852,81.97908189351608,89.27939023881926,89.58468832932084,82.89650986586062,89.15793579333085,86.1795615384168,77.91536060437416,88.03143151834904,89.86040404305378,83.43082371552873,91.42778665993147,91.18441543513109,89.34747238450723,85.73258641557996,43.72740400267877,47.89253555434543,51.45722206058255,43.11394225274928,43.18142323172363,48.94488618058935,43.28018415461944,44.46547802229368,49.75819757774354,44.75892679629962,46.69792798527718,48.48054983382922,43.22396873888305,42.06765649596986,46.95880223918079,47.04089522660655,50.76735880043714,43.82955544654547,81.23,81.53633333333333,81.769,81.15233333333333,82.74866666666667,81.85466666666667,82.61466666666666,80.56666666666666,81.09733333333334,81.86266666666667,81.26299999999999,81.03,83.15366666666667,82.022,81.38833333333334,81.404,81.64800000000001,81.367,8461039.0,1330592.0,1018053.0,1176816.0,2176240.0,583011.0,7720323.0,2047969.0,2398976.0,47318050.0,1064970.0,2702605.0,6720310.0,1509077.0,659907.0,2211917.0,318703.0,5046482.0
2020Q2,1.0833353099086898,0.9312723189861948,0.9106607616735619,0.5200940746640885,0.5767149547603865,0.9124900791423207,1.6708373592438233,0.6286681492768554,1.3833500218258838,1.3951793896802727,0.63363185574666,1.0860483518371162,1.9179529432602245,1.1252000529786623,1.9073067541277084,2.1653356335542675,0.7983116391311881,1.1687066778618032,18.801961781169314,22.314107607028696,23.658011742132548,22.509755234025054,16.93017216402309,19.380022830886475,40.22943452643555,12.228813873480672,17.637277382685518,30.933518520853774,14.857069511068207,23.382802750393978,71.22943860488567,17.98747640538418,24.329552064909556,32.4826783197132,18.161353225523087,23.085241927043388,1391.1342238019533,1403.7428049197367,1601.9597829272943,1161.143460965022,1105.7127729357824,1457.277091104645,1566.679998070433,1399.4874420107574,1388.581904335969,1525.5561976959702,1278.880932100881,1442.700449174465,1880.1541617487248,1366.4366546618367,1733.5524129201244,1853.0088043185256,1417.1059137009433,1338.7534974022403,,,,,,,,,,,,,,,,,,,2992.618639579494,3912.3458939261136,3741.289784464238,3470.984954782427,2873.0887175448684,3599.632559642847,3963.061319655026,3163.8877824763067,3656.200545889372,3586.5325868100654,2961.930148737505,3428.4153232584918,4427.960305524919,3025.2904629768395,4025.323812728602,4531.647004530137,3713.9541598230408,3263.878562655446,77.74585436695503,85.64302385578888,91.44431961210203,77.78622451246414,80.93910768163781,90.3091799002116,82.10592476379378,80.82308992283843,84.31970596130724,83.59555509766226,81.11904068660425,87.51661179265002,89.91035172826746,80.89365949967042,88.8867661078436,93.32059772534069,85.27706790408538,84.11703142774016,0.021325758193384895,0.026459955464333905,0.02949833641386619,0.02502219574011547,0.024587710551782015,0.027938853529402688,0.02675817078239721,0.019687881132097133,0.02463153467158963,0.026041880693663925,0.017993541503128187,0.025574685245680084,0.03375085442259844,0.021416442627652615,0.03040316750131538,0.03414931842578737,0.025806411152884953,0.025139051243336732,601.056324177553,424.7452373098879,454.9307566793513,811.6076809549558,582.7983178121398,447.7965861857019,642.3768863111613,462.47380838298614,397.16362366097786,581.8985687927085,426.92198229087364,490.5333760206166,661.5725764997627,561.4810654527095,480.87153354536014,480.453511950374,424.71941101194477,675.6994352930838,23.224009040392282,15.35527329574388,17.561391875120005,29.216211507672078,10.415859212438257,15.61652234006835,24.917014561238734,13.428919730137917,12.4114493608688,23.253544897488233,15.86545288198693,14.405031445324784,38.20731375327453,26.120580207317968,16.114062280771336,19.603815127218393,18.511207965346607,29.117785535502655,17.006608586244162,20.023817714220197,15.448556162841873,16.638306590752244,16.54251641802738,17.853427895981085,17.62929474694651,18.16982776408757,17.41341254447614,20.15923980894733,16.099073079524207,17.709655366422542,17.29369805640992,16.120339807923738,14.12909063187122,16.098074767050168,20.32987382987383,16.337751987209113,7.131958572200774,5.7231652648228435,4.793866649447298,3.5889334167442413,7.541909071670922,5.260286794730914,6.990553248469678,9.159531914083608,3.8756537956344146,6.121649777909361,5.457247547702665,4.4364103110122715,5.444369804987621,7.31727377144084,9.117096174041295,5.348194010344715,11.120437456352056,4.816001388268022,89.35267969654099,88.12778906347606,83.07329263835375,90.34218077938321,91.68191572364594,87.45893963747868,88.72776402420884,83.75225420153824,83.20491455493402,88.33720446215455,86.72247165268112,83.85658247398607,91.53736951983912,87.91195380234787,88.72806298506245,87.22038965860413,85.01595998226132,89.23521695822299,1.4799827593529515,5.4785303155445195,2.3094082317314677,1.1346095537698848,2.3133996840882163,1.1408096964114627,1.575583781776529,0.4630824849939062,1.136057308845381,1.844797955789965,0.5065809979329559,1.4503540795660719,2.9205313186813373,0.6134856296252007,1.1357812546654655,2.647567964639601,1.1392282339114168,1.5419996664464488,221.5271784842887,183.81859281748672,171.34724105844796,248.3900959085389,185.26168702224777,214.9439060644126,202.66629023921448,148.27543343126754,177.11059893920722,215.35306758281848,131.57107048323405,142.99839456834738,262.94451002738543,171.86315132266208,151.21230172203676,294.6477349630733,220.2046327687633,220.54683300128372,1096.9974551208866,379.3012079888229,300.003877130363,1352.7574808784132,839.4920412378547,70.79840239080785,2454.455580439444,467.6652183253088,618.931371832605,3193.604211225075,165.91918678396866,388.3664631660351,12752.242556070183,68.87859806930345,1196.879828856269,899.5864487762061,508.6601501275786,845.0676822339751,1.7986318487266824,1.7399574285673964,2.1561206263749453,2.1533061200813894,2.128216967901282,2.338981993621719,3.0340058214123795,2.466238506072282,2.147018640092588,2.8655394349334444,2.247593685561801,1.6189030098413446,3.103375676612667,1.650533023010352,7.9675952733389375,9.836109678843592,0.8687877380400808,2.8650680824211916,4.917832732687289,3.8520019547879336,4.844784522937163,8.62132069343859,7.7362100616776,3.3967030970044476,6.1668637494267236,3.9388837142343722,3.1239347534978523,5.3763027198216,2.7362921673661256,3.730650731917245,6.081980985267049,7.477466501212842,7.379503416905028,5.39309754195014,7.713725102763757,5.817980324194475,81.54700031734534,82.29271169326961,82.02062374861995,83.12486320547629,82.27393908918857,82.90581995824037,82.15113869073348,81.04858287171362,82.37361992102824,82.21237083302303,81.81172035746873,83.32019376948496,82.03828792390047,82.26425302196374,83.22030612318989,83.1206020315292,82.4230724596249,82.3580354385863,6.374540328226746,7.306286275380607,7.096503860720116,6.859857466923119,6.327815588440921,7.084643477998069,6.446395509310784,6.811565798213428,6.718055070901702,6.676782599109618,6.393898171957008,6.832460168909655,6.973040534540198,6.603962127947993,6.955964647160722,7.104651900715559,6.989900654560076,6.633164626729993,119.20416151081368,109.54874264643686,85.05798438774023,116.72117455847994,152.42215796809072,123.68266952432117,248.58705912177837,106.04285544732616,97.15767949277867,157.9512300297821,94.55493739839878,92.37053147946254,194.41097683813535,168.29461876995427,150.59268302658552,152.65425608180064,90.36134608620718,163.52018055286686,645.8575213894119,586.7123588792294,490.8905960961766,1105.7779260355828,762.0043781087808,562.23946867498,724.6123328816917,572.9816582595504,519.9427639122325,671.9638431789992,481.04998577982326,542.8049257693272,745.5431012483831,677.2130090327263,709.0091753684494,681.3285723998836,599.5776359070691,724.6009526443287,13.011994834241646,16.593556531668856,14.543088907755806,15.164320309849865,14.821931119401384,15.495406606845277,15.609604358586274,13.605012734999564,14.517388728589484,14.804211422665619,13.260138141409927,15.638610771164858,16.200042200071938,13.801340292529371,14.566999669470942,15.734335436721105,15.122556051872722,14.219738897182433,72.36165992961755,74.28086151919477,70.37105744673944,65.03216974086807,68.55865159874418,72.90786408543704,72.62741739853226,75.11040910846997,75.32421921824238,71.4790281204412,74.14074285984695,70.59447151102431,77.47855888572144,72.40070361189989,71.5337340290773,70.90075701716817,76.66564557018023,75.72071423094582,72.06427667956476,83.91801559476643,77.54141742838546,86.44802675912842,69.92519474435706,81.7216128128016,83.11984561971876,75.25358261689298,85.3689369111378,79.14940980612535,68.82124326443154,77.78491998307213,84.58680538166323,75.31711752593776,90.14490660659798,90.25873912699032,85.25645109718278,75.61779105423616,78.27520125909041,87.89670133421987,85.79354870026975,82.37775576096018,78.40641098537179,86.89913908625341,87.06590351983601,83.02908609256079,87.93626291864979,84.70902001490619,77.86522844724283,88.20553759996437,87.47581249942763,83.7209747078991,89.5999715772407,90.71634471945045,89.44401525268157,82.91823766697411,,,,,,,,,,,,,,,,,,,81.53166666666667,81.44366666666667,81.86466666666666,81.075,83.13600000000001,81.82766666666667,82.68066666666667,80.35433333333333,80.99166666666666,81.99033333333334,81.69633333333333,81.107,83.245,82.246,81.52633333333334,81.66033333333333,82.026,81.51966666666667,8463474.0,1331068.0,1016328.5,1178154.0,2178324.0,583059.0,7725117.0,2046944.5,2394085.5,47331451.0,1063715.0,2700717.5,6724570.5,1511455.5,660457.5,2212928.5,318913.0,5051105.5
2020Q3,1.099768135962725,0.9428137428500978,0.9197520774376104,0.537278115248809,0.5932961713772154,0.9341119677971261,1.7053364657595513,0.6613938041288738,1.3842488389826393,1.4214589216221851,0.6368472490747711,1.1053957079686592,1.9514374377307426,1.1370705042384048,1.9388777544418823,2.222406251781952,0.7922761528507476,1.1809850670537207,19.173055733882492,22.593235233625556,23.843238722319086,22.651762668856396,17.385610218090118,19.798049055758227,40.678419768794434,12.527444471545177,17.88172400659295,31.403645223031308,15.13878593463278,23.79344466775026,72.26481751203917,18.33224574046333,24.655648858858708,32.92024668622552,18.62961616132705,23.595475857519144,1509.8319729202237,1599.6679115448126,1704.356118909214,1453.3897200028896,1276.83870491281,1638.601448189707,1799.300357063205,1527.2898319520539,1522.3296033897539,1688.4532042250585,1347.4480973592615,1558.6256697555032,2002.1522942443585,1499.3806280524157,1897.6686646048129,1986.4702949726147,1544.349864605655,1542.214654614571,97.15725075342743,,,,,,,,,95.8841465284482,,,,,,,,,3387.351032268831,4508.743304862054,4338.199591490689,3996.463467843288,3320.141089883523,4161.610059567028,4590.091708041627,3654.784878783116,4231.5395217361865,4141.898578679802,3428.212597699957,3958.0196251518873,5098.041123377994,3491.3822941701874,4663.588370878432,5231.067520019667,4283.32168095682,3763.423969453656,78.25739088219065,85.84482908338732,91.49112546786053,79.26109563184555,82.2633552846064,91.58209037037032,82.96928077568968,81.58492808665913,84.5397521763456,84.230021161389,81.92201605178784,88.12957029124097,90.18459243417264,81.82038804521666,89.71124097169796,93.55617371897057,85.19601589797989,84.58760036345974,0.021787382784294044,0.026120053111275333,0.029538618022400858,0.02525663590766194,0.025981375962663866,0.029668654295009318,0.02701842233371122,0.020347814186282946,0.02489122905413748,0.026438988551490242,0.01769478380362555,0.026152073305839935,0.03412628434270381,0.021865012940652673,0.031905816571055116,0.035064184214567695,0.025194047436254988,0.0250943039075077,589.0782828815402,413.0332124646415,446.04407602218197,796.2610895960778,566.6025791332385,437.29741259127,623.2113524364825,453.25179739330315,385.7374444916861,568.2619811218456,417.555073031998,485.81430818345456,644.5657487607925,550.0878160446651,479.7052594793362,467.76717598951853,416.1870344183436,660.3335250901436,50.023193883436264,35.52091990635668,29.788647181667923,72.70375072735271,39.15204751519852,33.7684132993845,58.012727301715636,34.030257132492636,27.96130304254587,50.8786550750215,27.53399454283853,37.448133935542266,80.71321044441608,45.42178172325434,30.054604038635752,33.08781690362328,30.14066598521143,55.93998236805994,18.515073127052034,20.699783165779614,19.956206206206204,20.879310344827584,18.41222426470588,20.920542635658915,20.706478073657117,19.86510490559074,15.845621806454119,20.235743741080753,18.972431077694228,18.106274424663486,18.351458605903094,18.02833148763381,18.519469405220367,18.3411198600175,23.464285714285708,18.981621587541767,7.168123182068951,5.810725293656129,4.487474154894832,3.624742135059952,7.723814782753091,5.390615967094816,6.893084154733255,9.419295402356674,3.83852073821907,6.095541743889195,5.317496041467433,4.510645839277828,5.279631446970407,7.436337484272231,9.030581060015296,5.282794766287196,10.877119567970984,4.8019859347978375,89.93849783466769,88.56199452462755,83.7005656543764,90.81432791809547,92.69080137571028,88.34885475503845,89.30215805734676,84.92044174070217,84.2401907286595,89.06280307523362,87.36760812019575,84.48447674448809,92.24501277476922,88.87377513674912,89.20782207035282,88.08282921689968,85.84285771331953,90.09756875713772,4.083082488224957,15.736592209929778,5.23270096180963,3.31903876234195,5.351622050550594,3.320116795859989,5.87909842367234,1.504190848537184,4.463700754348349,5.835219084348157,1.6952681388777815,3.6643229815303666,11.403480937579666,2.033659172600684,3.323189097960549,6.432357333174557,3.3209188626935844,4.3582935321137555,228.85847441368088,235.9299100542127,216.8869297391651,381.6685784896376,230.44249068631785,244.10511125691232,192.3079728245965,220.1397461703359,189.46763908510192,211.65290269142355,208.00623723759605,141.81218694443,254.1841046123046,214.07229134116432,180.95148585395083,301.06579262052895,228.85537546215778,227.96132157753794,744.9286298465894,190.24754894371426,321.1935842863599,936.9154230149924,741.680156848624,59.06175094973245,2426.0521629498253,384.28021704547615,490.1992736359574,2866.570149170166,86.5318504494993,362.515981515734,11760.869883803236,38.25083704186806,468.55814180122,625.0885327302022,383.4933898675596,682.1658856931701,1.778268584024717,1.7934489676543441,2.269949932773167,2.4242383436111257,2.157300173155416,2.1153384362068905,2.6705406085988495,2.3360101543874614,2.252016108025687,2.894138666617064,2.1732597210590714,1.5587622491148707,3.333340505451823,1.7337053096196975,7.951052420279989,10.703633165982875,1.4535566256306292,3.0195398081232776,7.372481420256598,6.2152545514651445,5.867665939438673,9.01579159809555,11.275719188790163,4.529352450253505,8.844546005873045,6.296640237920432,4.481404149975794,7.6018223922332,4.408225960250259,5.60067117860039,7.950681242656851,9.412205487523721,7.830712759041872,6.59659219429726,9.232056155758361,7.897000134481775,81.39966444405951,82.19691066611627,82.01685387728585,83.06165363355788,82.21712293630011,82.94029222974898,82.05772557381819,80.95343048627639,82.34223448651815,82.12419639431988,81.69787356566434,83.29682547968434,81.97319114154281,82.21754021211058,83.18894443065285,83.08220858680194,82.34177671364426,82.22028277836478,6.331357817442998,7.211765861669042,7.018587566781108,6.817563978162454,6.342117083448783,7.09050688366377,6.447835941790443,6.808589573232551,6.673082606352553,6.645782444956278,6.375893986907474,6.834897149916206,6.905749142617474,6.592306828285626,6.857023893818004,7.036822812313647,6.961862476092988,6.618196137955951,258.525620717268,198.9185087770505,154.8721105861084,195.8964231782873,245.55248120894956,243.1731077881667,420.883389539072,198.66218950441007,174.63173438549762,296.07524464570565,157.02280398795682,148.44192608408483,464.5501056951112,288.6646354949603,94.60070508548931,270.1940699552819,161.50507346875168,301.90799096948575,930.578477978859,747.2975038317314,666.7425680857706,1043.40830088363,1042.024509707225,782.3096941975277,1336.816731103052,845.3091053184772,748.2401607024777,1032.0385487018073,665.1919804519723,734.8414113217434,1303.000723679025,944.7509177000333,803.2916328874875,936.0218882396914,649.6619936318764,1067.6887626793853,13.15264444672544,16.795397770607263,14.622640666924957,14.963589852768628,15.104010566293333,15.569045909495962,15.750680887826165,13.851617690196594,14.665673632922495,14.896343696029797,13.728459712266316,15.679275801471237,16.636830508427167,14.080184031760567,14.550901674767823,15.657929606058898,15.089532841778919,14.427811344364777,71.99521767846977,74.14949421173537,70.43754816065828,65.06582249440065,68.69292598881624,72.94543455693892,71.8848855887832,75.02367415848559,75.20699665130161,71.32484385977092,74.09534769110023,70.8175767364181,77.12943619751246,72.28409660499781,71.29031434621803,70.55652303035673,76.45696890666218,75.50448057758891,71.69828706352233,84.35279427842353,77.84728658410576,85.48638937554973,69.82968384381883,81.87062602583146,83.00214597099648,74.83382772453626,84.42201790126092,78.90315709062371,68.40748593082601,77.67903298183626,84.52143291265656,75.27011168276925,89.77071066554701,90.00540415686457,84.4246931854421,75.16137751812632,77.09510619865098,87.77778779167548,85.99113659862576,82.14204940197062,75.94698247266938,86.36058949826125,86.02738855691594,80.9127414424787,86.68126851495302,83.60473731188037,77.76167567306017,87.85524392655549,87.00239839783298,83.77439361803889,89.8747947590347,89.9699055433534,89.04332983794711,82.96365943037036,43.34063959018275,47.39700206572,50.77049669275692,43.79047157889556,43.61213670949233,48.89828936248878,43.60121021496363,44.81419701944935,49.90890802101974,44.80541577078167,46.93922858220402,49.13106458393378,43.43299755989106,42.54353527096436,46.99552107767477,47.4364021331067,50.92626512862658,43.14781576551731,80.97966666666666,81.19633333333333,81.57066666666667,80.998,82.589,81.68400000000001,82.30933333333333,79.90933333333334,80.66233333333334,81.568,81.03833333333334,80.76066666666667,82.75166666666667,81.58,81.15766666666667,81.33933333333334,81.223,81.15866666666666,8465909.0,1331544.0,1014604.0,1179492.0,2180408.0,583107.0,7729911.0,2045920.0,2389195.0,47344852.0,1062460.0,2698830.0,6728831.0,1513834.0,661008.0,2213940.0,319123.0,5055729.0
2020Q4,1.0923814359225064,0.9597305573882933,0.9176582440618533,0.5360060056652406,0.5991154698589191,0.9476445207828303,1.7228408950624865,0.7023018076665569,1.3773775920629179,1.4299333945179087,0.6496783832902943,1.1122504917248832,1.9542032920828818,1.1260975304587504,1.9425744583138365,2.2682620707891736,0.77632211391411,1.1831479223401347,19.5611900449532,22.844063361985853,24.530607672614714,22.963240730721658,17.63758985218837,20.128584814713307,41.2884050392252,12.778674070529746,18.081526048687945,31.8438091262161,15.285734641473383,24.168212419086558,73.53379577772078,18.755259574696353,24.940285831879375,33.10397501492134,18.86229936344232,24.08518734764844,1514.4701543549352,1608.8177142660988,1695.2637467381703,1512.455795489704,1300.8322508238944,1637.7935490324437,1794.4747046172445,1531.6842445509908,1527.684617156463,1690.115173127934,1388.9724895905304,1567.031216376655,2004.1634136760692,1507.4227199473974,1882.1907500399839,1986.8820168054965,1541.9036332156593,1550.8218230517043,,,,,,,,,,,,,,,,,,,3384.479946015597,4493.249553152554,4337.8027568183015,4008.359329852407,3348.435122833129,4161.804058179227,4605.737366217521,3648.9111439675194,4223.495097991447,4148.171849230501,3439.736085299885,3952.604223833547,5106.7706446432885,3507.6074203656813,4666.093331063302,5220.532517602335,4264.505814294684,3766.2206226318553,79.16080025342106,86.15840476314777,90.7983577278652,81.0166296198107,83.94176340580422,92.67613398439839,83.89050455258108,82.50536881362757,85.09642332242991,85.01316893954939,82.87842267423756,89.07220491669752,90.36168524524568,82.59953186640311,90.31181338987264,93.90341124339335,85.4763181080109,85.33991824588979,0.022054529505632005,0.025395328370906953,0.029791964458847565,0.025697160319894097,0.026279255629073444,0.02916557845206647,0.02771093980693687,0.019875927947931218,0.025431371949418757,0.02649071487714739,0.01786171623128145,0.02595883236764377,0.033424322344420346,0.022400220572254402,0.03192647236667069,0.034261305824286443,0.025400623583742975,0.025083863116428483,597.6304104656257,424.9472714618657,456.24406658187536,812.3524841383372,585.9362702510003,444.8809299580068,643.1061449659202,463.7202091488656,392.21782148816385,581.0653758990112,431.5894428333678,499.43790451335394,664.4554173077015,556.749821582044,487.91867449657275,470.8576569412126,423.4821328912277,667.9054782874704,48.162464599947675,34.954781073082806,32.15286201334094,62.15265223579212,36.63295951724348,29.065164460363594,60.83426735644085,34.61249551631187,27.76747788605688,50.475202523199144,31.899608793494235,35.99206196037907,75.22007190265514,44.546546879625566,26.969104452741526,35.018411029654374,29.933708257894796,56.882028960577095,22.235445205241593,24.278664391582186,21.288359788359784,20.693910256410255,20.506696576464016,20.607549857549856,20.142929512849722,22.568257565784247,22.468978789836346,22.669375668418468,23.660838892722953,17.97332331029963,21.635727787242562,23.937149385499456,21.097203478782422,20.19396465048639,19.462313190383366,21.99275722050382,7.118313905782919,5.766497780856219,4.053725833164696,3.5490166821015565,7.813532571560175,5.493233705540052,6.740471479688673,9.591498281602243,3.6847021380424794,5.965254720565072,5.026182319451794,4.499089001221691,5.025483420217488,7.358278376083618,8.750344895027098,5.098843674176522,10.19539085257573,4.730014133969486,89.97931471859783,88.68003889061899,84.90927866577594,91.43549857735941,93.36119102685925,89.08875893465348,90.09374422789276,86.00338559353806,85.1497203041756,89.62999822912782,87.6904485131905,85.1978778874614,92.73467724308075,89.77093276482847,89.5550544306745,88.94510297999146,86.59520987115414,90.58460808953237,3.280692157242492,13.051564230349587,4.525184551071879,3.237281298744591,5.404346400662001,3.231273428927441,5.767865652541727,1.3146901381034244,3.834219682188634,5.392386333535399,1.5541179848346474,3.589182853524549,10.560299393524703,1.1579721630520228,3.236123279210382,6.53895580961469,3.2316495817671713,4.174231647071627,251.71952070217824,274.2174337070059,233.80999124609636,241.76165580858805,184.6355456305091,240.5585043342626,236.81246186208872,244.9545674381037,228.48368312806392,249.3656622294072,225.02341930950575,169.36179861368777,303.5367548272194,227.89893896442902,211.88179132842285,302.04094206163154,286.83422736626324,262.0394754555183,666.970147803431,72.21971756613479,293.31784177682374,635.6036108058483,269.4136601960445,-4.454752238646178,2154.795167213974,201.06628180819953,139.13256769406766,3323.5405582207354,-3.27332753544712,195.15715650221185,14964.25055876964,795.494083813766,916.4116361199067,1430.011453905591,140.0882621509876,463.27385576758405,1.8664023672887815,2.0641542838347777,2.6700333335363187,3.015822061547124,2.317387203937654,1.9202307234599392,2.7130373525458764,2.206732924015124,2.6309919730398357,3.08019675173444,2.0108690913475122,1.7370442997439375,3.799824218637001,1.8629828599371836,7.508662418770196,11.021670505245085,2.145239557681476,3.257292992322683,7.025500911790997,6.337363864312713,5.409057817582027,11.809677734677928,10.139188046053153,4.46831858025213,4.903687160618307,6.269096703809178,5.0877443866977545,7.016176412963017,4.753068649938221,5.603039944097347,7.27853231634914,7.655004404144222,9.032375464766176,7.3562562478573685,7.225229733844851,7.607828156499087,81.33611907207042,82.37476718521103,82.17418436191902,83.03444588049804,82.19292573797293,83.12327519644468,82.2618389093621,81.30133961828248,82.65479915581707,82.26436614745369,81.74066026860687,83.31850890392909,82.44024192615939,82.20817290763314,83.4074146361004,83.20165912305217,82.49780811426385,82.1528400766803,6.288175306659251,7.117245447957476,6.940671272842101,6.77527048940179,6.356418578456645,7.096370289329471,6.449276374270103,6.805613348251673,6.628110141803404,6.614782290802936,6.357889801857939,6.837334130922757,6.838457750694748,6.580651528623259,6.758083140475286,6.968993723911736,6.9338242976259,6.60322764918191,222.15796920927238,134.82537910707214,104.30122886532446,409.620461480152,225.7848247417206,171.98234003122792,474.3360001369913,177.676278668322,141.61979213945048,279.1245947643556,126.80910358525152,178.38107280787133,358.76696656923707,224.37813361975773,240.91374502230633,250.4929272794327,170.73610075264563,333.10828790552034,912.6404385426968,679.5550182424932,606.6382592490887,1393.9850181137851,1024.192654355717,725.5997291368857,1118.9071791700599,805.1357729995151,705.5730266587605,994.9122170324698,596.4568935950766,739.6922715471698,1211.6410897069472,843.3789219538145,981.6040036387178,876.0675470680768,637.4114670379648,1045.0658301603103,13.102383369800448,16.543591946551942,14.493686799380795,15.412585303151147,14.887955478169028,15.583273886889133,15.718433130354326,13.765745631831232,14.484340843682984,14.80366364732985,13.758872310011098,15.761331920786045,16.44825490649632,13.741168840414222,14.529818810584946,15.216104463516889,14.959577278084497,14.334473207415138,71.6944582710204,74.04493960837483,70.4922929753571,65.10221567067175,68.82504711025327,72.97850267095218,71.26205250862812,74.95866415290222,75.11541277470249,71.2199711769865,74.0689377001835,71.0242371609168,76.8376465360474,72.18823596871606,71.08231635462232,70.27059803130953,76.2856710800154,75.3221038346881,70.6154709339658,84.48405464107644,78.31332163907909,84.44003684582678,70.19985787865545,82.44410782484103,83.36352481755821,74.17797417244208,83.54547377679377,78.62742284012177,68.02475827342045,77.92461321625586,84.5555155524956,74.6448301248306,89.7022761348004,89.48369879147268,83.9799708120947,74.77940363476418,77.02794483880864,87.99314688029125,85.52830812534899,85.1789901295817,72.94233026819245,88.78730622441199,86.83597455825873,82.6473206338517,87.9248395539815,83.40159570603431,79.20340400768293,87.929006295622,85.96397894993532,84.3516649212308,88.7351581991983,89.99720657885106,88.9355080458386,83.63455995333841,,,,,,,,,,,,,,,,,,,81.82366666666667,81.96733333333333,82.29866666666666,81.452,83.07333333333334,82.31566666666667,82.79266666666666,80.816,81.45366666666666,82.23833333333333,81.978,81.692,83.16333333333334,82.55866666666667,81.93533333333333,82.11433333333333,82.044,81.84666666666668,8475356.5,1331741.0,1013360.5,1181453.5,2179666.0,583907.5,7739903.5,2049212.5,2387209.0,47372825.0,1062048.0,2698503.5,6727735.5,1516056.5,661520.0,2213284.0,319283.5,5061820.0
2021Q1,1.0505772515303533,0.9864052807583371,0.9015506365685169,0.5099261834410991,0.590780836102298,0.9529988692876279,1.7143844857211434,0.7645906910014059,1.3594600519147684,1.4142110242025248,0.6785491460606418,1.1036241378292093,1.9129477488922648,1.0820110181019655,1.9095015644971458,2.306754503605269,0.7421642669303848,1.171327262591095,19.971383484048406,23.181369010957635,24.734037902870767,23.13731439940717,17.953048557310236,20.460595109314653,41.955436064893846,12.944801422716669,18.28747023063228,32.295421027352376,15.414821577713893,24.541244449460642,73.93216342238273,19.16268573028734,25.208376650985162,33.39591852214141,19.090042655425414,24.37535603094125,1503.3126816974273,1605.2780354940164,1712.249172378134,1489.3245373621148,1337.1890373361714,1632.459303748261,1797.8241927337913,1526.457626128168,1531.4976883621528,1694.6377114606908,1394.074275856601,1569.8214689490271,2006.8843919988078,1509.8657215537257,1870.7514527705678,2008.2211680020378,1540.7325694318988,1551.4228549650625,98.59861700338574,101.5557657060877,102.0207801206491,88.02317253520744,91.96280172666586,102.4922817209936,97.3727086870474,102.9627343292174,103.4208163220441,97.62516625093714,104.1042613277502,103.20944931294,100.1131993878234,99.40163030769492,100.163465245337,99.58376856239128,98.21008162004988,101.2373198031549,3356.9337508046265,4410.702610836936,4277.055817878615,4029.706710409608,3378.330370025418,4119.185581400315,4589.156812481475,3591.3263207384102,4153.831746204283,4115.630720323588,3410.6445307613635,3895.7849003484594,5074.395358954401,3497.698441639496,4630.039553907946,5149.733760688786,4179.12841121185,3729.175225591856,80.66107420088852,86.65752216238818,88.97602828432858,83.43673574293074,86.31921662001533,93.73255230334053,85.09543277477937,83.77670284672087,86.14637502807649,86.11609161490067,84.05932182131207,90.63366496457165,90.45254663779723,83.29852342968772,90.56977735208163,94.46947170850015,86.26896255893823,86.65933170993021,0.022557975411099655,0.026495227255322693,0.02911718704458081,0.0238884922026508,0.02534278386946952,0.028920418396875022,0.02776295320608173,0.020209451377706755,0.025637015910042794,0.02679216497578796,0.019102592602360885,0.02617322733089786,0.03396643792443181,0.02224887520673078,0.032203881383377236,0.03614706132255399,0.025638296540238664,0.02555688132644792,638.6604587968891,474.17363170851013,497.3766482185458,875.4719816188968,657.99587638893,481.0499481450922,725.1486432670478,506.7539902684038,427.0644639924202,635.3051082823765,483.12991493759534,543.4158564039574,741.8725963451602,591.580060126588,513.2382585920138,497.4078168364078,456.4208093679093,710.4729229929102,50.79198601030461,30.76918763767404,26.634708644154365,64.4147117497351,37.51586615599512,35.48161201507063,58.01957132607502,35.60346447218462,26.456128958866383,49.61422905068639,25.956583230853898,33.04926832808418,80.99712292381443,45.518173558049995,30.292324860092535,32.95156749950858,32.25758123481333,54.57250123143524,20.90352552439254,19.016190602614856,19.987938437786458,19.570886325544713,20.36763990722729,22.079057980480652,19.487379572749017,19.245079554462478,22.11925158760602,19.962373203241942,18.704884731670443,20.84290493227186,21.262077359690643,21.268419310938878,22.496742152206647,18.96562124097396,21.177888630233152,19.55215412613893,6.937682480782353,5.534315581986036,3.373738236637651,3.280410506513376,7.775619918165269,5.529516961285168,6.4832971271851285,9.669987166528633,3.333923802541013,5.661122768958479,4.479205323815695,4.351725249796705,4.5955684288081065,6.970866761204569,8.18167035953222,4.712449115283314,8.863586643957824,4.549091937928162,89.16355862061437,88.2939823307606,87.07869663383502,92.32534120475701,93.58600796953023,89.69334990669108,91.24363297741385,87.04990627349679,85.91182385967635,89.98823248593169,87.50761479051454,86.06342675319254,92.93476684893372,90.63265239818642,89.6939683097311,89.88854287698416,87.33271776669724,90.57118391403313,3.426329398904774,14.861603164024954,4.780947479993998,1.7237285084275837,5.480699072491665,1.7371033378513752,6.230562448605496,1.2164963541560112,3.8835007203094656,5.561147876944453,1.384935270051955,3.350091826691143,10.237731282482821,1.3108965506642032,1.7270010627704608,6.671266886355155,1.7333822290251881,3.6471468122305484,290.72125260326885,258.4830951105625,259.324827183756,256.34298257161333,183.32754052093517,288.7422355047422,263.09776472023054,238.406831529456,231.37495871899984,273.7659591457997,228.26979656755006,192.1677882233773,307.34375771770203,229.22361477564746,258.33203404722695,300.83000322024776,242.47003108424414,297.2490823429745,692.9025170546591,82.98393048451172,121.31781955486247,679.7229602115871,365.33238517091036,142.6052926420301,2166.614348245377,190.5278090236127,204.47537515043553,3347.5333450181543,1.856701156281895,179.35893117212171,14970.391657994716,918.9404361419317,821.7932445412904,1668.9989614579538,136.41588103458386,649.8845630494204,2.1307570475912483,2.7514148629695807,3.6438315078407135,4.3246849520877255,2.6742510975325438,1.709732185942045,3.376534483651555,2.0389013206295346,3.5709630223034754,3.5278384623174532,1.7025887818496184,2.3109392255281573,4.760432699901108,2.1025392615073737,6.324463661318738,10.405389376782246,3.3284516237908464,3.660077779488768,7.425818587015367,6.567737842461343,6.2315201493519154,17.95075917502457,9.89552365422228,5.669551476268972,10.046849519427058,6.437470822864202,5.018263096108495,8.266586911784268,4.284031829058275,5.645860001164166,7.850599390673058,10.106056479918177,8.481336483017756,6.973582873443716,7.364913581166189,10.237228352027836,81.37391430064349,82.97309006803899,82.59047266652041,83.06114025949388,82.22309629555002,83.56097261848531,82.91111269440066,82.31659607899218,83.50632236960273,82.74722733802567,82.0078244566073,83.41230590121057,83.72052315182707,82.25884425938008,84.02371427379025,83.56947132053,83.01694239838011,82.17148971895779,6.244992795875502,7.02272503424591,6.862754978903093,6.732977000641126,6.370720073464507,7.102233694995173,6.450716806749763,6.802637123270795,6.583137677254256,6.583782136649596,6.339885616808405,6.839771111929309,6.771166358772023,6.568996228960893,6.659142387132568,6.901164635509824,6.905786119158812,6.588259160407867,211.12439282402357,173.7872267359114,114.00139287856734,460.5595267802864,164.58668657777406,182.45920191448107,360.2359457842345,159.6902334123051,137.17989504858716,261.22266568699797,98.01057375648374,124.1781743825049,369.39400416074886,230.43545489871906,290.9433472715758,294.93444726093156,125.90505924986773,299.2380193871831,850.0008304979706,726.9505159222809,617.8287965096132,1349.3100082996245,867.6662984188155,762.2197088488184,1127.0463146868408,781.914483575718,740.2792565936671,937.5728515360107,579.2429376040583,744.7242241676772,1186.3915232698564,884.877885303997,1013.9270568465545,887.4703784637094,585.3422177791915,963.2747568145139,12.930794762262476,16.429353175488515,14.308790338365025,15.834199696896416,14.858983802647783,15.420012319790102,15.725910827181108,13.65991957106524,14.39676259778449,14.74784534846352,13.597337220680739,15.66205799231531,16.520596348235355,13.665761101429087,14.546462593404895,15.007191386912275,14.82517204385882,14.144928471374172,71.4776707431014,73.97474044430804,70.53196090470423,65.14212581677535,68.9544017026427,73.0057931310034,70.79169532423195,74.921502900111,75.05668520754016,71.17827967247759,74.06687456192063,71.20975207096492,76.61917709142466,72.1189596575134,70.91964891185313,70.05922521011068,76.16223490270436,75.18307283138002,68.2964683604694,84.1824126072979,79.07493454160421,83.13136946690969,71.31041727200301,83.66725153938823,84.44745643987932,73.06632085372013,82.65268842073449,78.23775452332325,67.56993644550627,78.6284259554383,84.73068600757043,73.0972046271372,90.07915778129478,88.53390672943947,84.03283838801886,74.36322046873181,77.02157664382085,87.77385632721264,86.66895689935049,85.90960342715051,75.41717247059184,88.63436000419676,87.12955819863132,83.43223539101572,87.82725040408604,84.43548190070895,78.27654487172764,87.7422356181445,88.00775041530395,83.13217412618218,88.77480743189106,88.17993493679678,88.49802942336692,83.64778759238833,42.67900984950623,46.99026186436364,50.48185099386937,43.76091850811284,43.67009413236095,49.26422856148896,43.46091333391392,45.76618210790881,49.760199516278,45.001126467643,47.38027004450402,50.10645732135033,43.52264673357438,42.86416461063729,46.42002638185114,47.22998208686839,50.99817213377187,44.76557483405902,81.79333333333334,82.04333333333334,82.25866666666667,81.82733333333333,82.79866666666668,82.37766666666666,83.055,80.98066666666666,81.57333333333334,82.34833333333333,81.87333333333333,81.63799999999999,83.47166666666668,82.50733333333334,82.06933333333333,82.03699999999999,81.99633333333333,82.00266666666667,8484804.0,1331938.0,1012117.0,1183415.0,2178924.0,584708.0,7749896.0,2052505.0,2385223.0,47400798.0,1061636.0,2698177.0,6726640.0,1518279.0,662032.0,2212628.0,319444.0,5067911.0
2021Q2,1.0254959592138113,1.0006470477482128,0.8830785967008212,0.48972790801349136,0.5842416302569541,0.9495585728835411,1.7246496011340682,0.7868386343734806,1.345592570431509,1.4043317832457634,0.6923186383898751,1.0912832372973384,1.8920768222379196,1.0554745169741457,1.883616065039655,2.3171324421584236,0.7310576554367975,1.163322084583356,20.439789605464167,23.58340350339231,24.97005813297978,23.025412375723796,18.246453924288804,20.834633827656553,42.67436873036952,13.131963749987777,18.552564653453487,32.858896049392406,15.71449205286252,24.83755619449252,75.23082847549756,19.587682606131093,25.524235512395645,33.82010356720458,19.356824503713483,24.869580974095378,1532.0195616751014,1632.7707618892105,1767.368443220366,1575.3277740960357,1343.7583484017025,1606.6062970785572,1835.618349490552,1519.1714393901573,1553.8647817498936,1727.3274511517316,1392.022377615965,1600.354961500567,2073.110348146335,1505.9778461636681,1854.1575599846828,2033.4665415290835,1565.0817823093887,1549.8687091294473,100.6471726614498,,,,,,,,,99.0569716142366,,,,,,,,,3357.849637492821,4357.199864502594,4240.675226791064,4065.7347388101343,3397.846334942818,4091.602320873384,4571.27635951353,3555.0136790234,4098.960521506929,4093.734428788935,3389.5821044341765,3860.44870513825,5055.22184660265,3489.2421219303524,4604.805396988824,5115.853718308519,4125.687736729854,3699.792413937039,81.84956824993488,86.96378729611223,87.92379994235995,84.72213929389814,87.81854224266485,94.0731659664731,85.48009512010682,84.50075273243148,86.9736864381315,86.72378133958149,85.16551618403152,91.41215932548057,90.38018974042582,83.58707224047082,91.13366938559145,94.7472943934739,86.78132547433418,87.12991558126723,0.02277591482373717,0.026665064259049222,0.02893740960155337,0.025330863764669417,0.02477572823468804,0.02880084829101855,0.02734903333598536,0.020398079286447313,0.025501612904580376,0.02683795623643983,0.01958912864723614,0.026196072667564116,0.033954656649261276,0.02208304911997008,0.03165757235530827,0.03584693711159024,0.026545043620894205,0.026281406072990617,659.562018521733,498.2443725048906,516.9382740732219,919.9865652015832,705.0932417595078,500.4774697692855,767.7953617410618,528.348785326413,444.5538667578422,663.7813150373208,512.0053963047679,565.34061696165,782.2493218117592,607.0531305246428,519.7368224190329,509.3388328505229,468.68603999521696,733.2480642519403,53.81523313916827,40.178772125912495,35.74406990608733,68.30482750152937,40.086720000914774,35.48678725865195,63.88444044001653,35.897544304024,29.54778802936337,56.04548192847808,29.520359890963114,38.75706940034681,95.89808293765502,50.502142746251366,35.95046192299111,40.10552135383659,32.801655627091286,59.224166234450074,19.209978911349992,19.080680814680107,18.370370370370363,17.770912789219427,16.841748081687328,19.069444116791303,18.366148302417017,20.029733885524198,19.979838709677423,17.37173249045458,19.975451449135658,17.853634210566366,18.356813261518436,19.65772396327952,18.684056456528875,17.99519868590045,17.402787244914375,18.922955084571242,6.835693150350135,5.374856134142778,3.0538911501395942,3.2314439285880767,7.775276474281482,5.691650880621565,6.35840889446903,9.661880688403228,3.1886112378278937,5.520125215749973,4.195261523586561,4.314705366715207,4.416509622761988,6.81145116400766,7.769256399692476,4.531338391670235,7.980378268456585,4.503450588493786,88.98570446166661,88.30561564952419,88.35886937548678,92.86851544704264,93.88062825663326,90.02758900934985,92.05367943040883,87.79316203418615,86.63317463453797,90.36314812772761,87.68349509080996,86.736833564027,93.18362196668335,91.31190604432422,89.96488863682002,90.506412883632,87.72535045285375,90.64895165998443,4.165414177269469,15.838164086877645,5.795679133413593,1.7039430713520995,5.921028556351781,1.7046930219573388,6.651477701268574,1.5612645139934773,4.588863483859538,6.23670619137744,1.7137639011220607,3.9924947267836317,12.518088664679784,1.9031575988413318,1.701445099423289,7.136771688235222,1.7036021474003358,4.437476725247337,323.74620977915106,298.0128800426462,273.97090147194274,257.6800032743793,202.487959208641,376.2911811935842,284.40474479274076,272.3400052178963,250.7098761482373,295.21491297428065,237.71785698306283,185.37079270520547,346.4783496358303,268.3125317027324,266.417159575026,309.43967932513567,289.54055412040225,308.6942355911285,338.83605577065765,456.0994972626313,178.62224744675433,722.244197520613,232.697812242851,153.94528069139025,1971.5660126776186,506.9693819557221,261.5003518936753,3152.9582826700444,2.2679318192599296,216.80587511872562,13512.765285469837,996.8655017364858,889.5534306453371,1993.3297911200225,1413.9543913395994,945.0824663720144,2.263415266020505,3.0772225231586523,4.089996953321255,4.92809098352291,2.940723130709069,1.863543693434199,3.711198634537766,2.0766297446317443,3.958633891142251,3.7880831235839962,1.5721572685270062,2.663749792763629,5.151908712689665,2.149452931390032,6.206381250495678,10.962949130380713,3.7482446010315558,3.8630880678825976,7.9846280009818456,7.7397423734894115,6.427083847140478,13.9145536519387,11.020115581718633,5.9058757824467385,10.568366940073279,6.694679938431919,5.5412454570192295,8.755429683370968,5.301252537595399,6.359803609827438,9.442099831632827,11.458920449673688,10.952193311174199,8.312226065436342,8.532832409960632,10.462504915514614,81.4178009978496,83.26739286400144,82.7828054966533,83.03911480420457,82.18419078832636,83.72044338641196,83.2884113696821,82.92286651589215,83.94699746646815,83.01080598416584,82.16245067081645,83.4380334341736,84.4663081544117,82.24959321249287,84.30760622267329,83.73334329996311,83.27777352397351,82.18887273184002,6.201810285091755,6.928204620534344,6.784838684964085,6.690683511880462,6.385021568472369,7.108097100660873,6.452157239229423,6.799660898289917,6.538165212705107,6.552781982496255,6.321881431758871,6.84220809293586,6.703874966849297,6.557340929298527,6.56020163378985,6.833335547107913,6.877747940691723,6.573290671633826,227.46091812859197,203.68488848075367,146.39544229288742,332.50112778678454,240.10602988385824,225.61150494864154,471.6571680722699,183.62447371934277,183.68089085297447,314.5194125749546,156.2393177327186,165.11473957790957,448.7847341168314,279.11235035277764,305.2870825438135,311.4574341458425,186.6145647751011,359.96158940687457,886.5484424365359,766.2150159155591,640.1554479863983,1352.8081434644123,911.7591197116996,780.469610658605,1192.0236246915536,801.1394675972762,752.6503815269153,979.7769947993456,628.2740792218137,764.0659520197252,1232.878003252097,926.2147587501183,1078.7371254069571,944.5904361278583,724.3434990028604,1103.130729152645,13.23561515300718,16.481862834406318,14.450276193207214,14.504234389529671,15.07179862038633,15.36292519035316,15.797493996103006,13.764485274995037,14.41057747924815,14.967819749945406,13.303166978735804,15.717551375465183,16.655766259394802,14.040820887866973,14.670671832451474,15.269444775316593,14.991991406805381,14.341082888184356,71.23620678173727,73.89442979583579,70.57607236899688,65.1809997979699,69.08457177577405,73.03478599615192,70.27663054947399,74.87614311622715,74.98828657383986,71.11800181047275,74.05764245898578,71.40150359957782,76.37915384954987,72.04185803401217,70.74364790331747,69.82594063314683,76.02471790270121,75.03128944673561,67.34788542081118,84.11603206842783,79.53606152889385,82.38929448818521,71.7639076895184,84.44911223892248,85.09410811539738,72.5232667987975,82.11439968664672,78.1432894095636,67.48358132951479,79.35156639770875,84.80991482108168,72.29013076245063,90.23175677874491,87.91782424877202,83.96383888094981,74.46680980995843,77.74360595956284,88.83580026155332,86.89471599862034,83.16791911612398,75.13616252180834,88.69045534183164,87.3030711259481,83.01717547147301,87.39158663800467,84.55105075903894,79.66089919643139,87.85835796802054,87.7076204359681,85.54364330877485,89.19380924810679,89.76596475019876,88.2250123512492,82.46771892716741,43.36833983921874,47.12968847128484,51.20345334571378,44.15166148319968,42.82771462626675,49.32737850384909,43.69496892069992,44.11172530083059,50.09918208954424,44.69682890745705,46.74668172859319,49.10723022143129,43.29387679608024,41.94429239603262,46.19502483143489,46.91574953865484,50.15975224513075,44.99074076647528,83.651,83.87733333333334,84.05566666666667,83.46566666666666,84.35833333333333,84.04533333333333,84.67099999999999,82.93900000000001,83.414,84.089,83.97066666666667,83.62266666666666,84.88199999999999,84.34666666666668,84.01633333333334,83.86566666666667,84.145,83.856,8482645.0,1331330.0,1009420.0,1180773.0,2177938.0,584705.0,7742504.0,2052154.0,2381418.0,47356065.0,1059261.0,2694297.0,6716310.0,1518812.0,661769.0,2207720.0,319457.0,5065939.0
2021Q3,1.0062151667542516,1.0067445413102618,0.859601729346377,0.46886432411842394,0.5762030032854702,0.9374892705353483,1.7447986606981427,0.7807917106816943,1.3325364632344554,1.3940844422874985,0.6969671670558809,1.0725198671921825,1.878247453981765,1.0358056983730177,1.8561032829824529,2.303667060601696,0.734154048968496,1.1553578734171115,20.843126216502217,23.941053146958804,25.05375644658539,23.63104925931758,18.649126199662515,21.24370642665398,43.55739692477823,13.321600876338954,18.759272941874226,33.46985559098457,15.911313580817426,25.262628922676782,76.77733485291522,20.021417268047937,25.855967954500812,34.230881685663384,19.67655662522974,25.39349580309234,1533.8048062857001,1615.8291261536626,1686.2366301673335,1597.5098238646135,1402.9797019239995,1582.0047504619479,1848.9325379125708,1521.9940445160987,1517.196965594809,1717.710413806459,1372.375115646729,1563.7725791179691,2033.2997587405018,1498.8353834696943,1832.9135553915364,1964.2329988449842,1524.0345256187575,1575.8741693449358,103.1518423225433,,,,,,,,,101.0292593639998,,,,,,,,,3364.38331220928,4334.8448958378085,4230.214250971586,4099.853756084202,3416.994681769334,4083.593660432954,4555.104048051413,3539.800546016403,4065.834937701852,4080.619691346235,3368.6180801027126,3845.8537972994463,5040.793156551615,3482.768125598827,4599.664012765268,5116.874029726461,4109.79582036688,3671.5388466774007,82.92120787477992,87.15067575764441,87.2448207742923,85.24455795550489,88.76971016907116,93.84763273191133,85.27388790365526,84.86706652373739,87.72965684905733,87.00562572527534,86.2649246429056,91.69068367666051,90.15685080210973,83.53581223017966,91.88712402213194,94.84328523876698,87.15875755615896,87.03193820010294,0.023039001721798985,0.02676013048663459,0.029890929378584355,0.024841452831688794,0.025412096746038892,0.029218107699860923,0.02817123570606188,0.02115209173122898,0.026182977908769806,0.0271961150688084,0.019709274035440788,0.026744982853779232,0.03388080506509104,0.022919513530531854,0.031181667236263883,0.0369250284457462,0.02715901651155433,0.025986191952441836,669.2740971642188,508.520721734164,524.0194613365874,952.7112047666418,741.9965019338998,511.4943023097341,788.4306199044098,538.3654816874633,453.20427469781373,677.9550209998719,528.1131870256596,574.7134379562818,800.9777742777599,611.0733590761555,514.3066090113708,512.6752540403905,469.3348252303309,744.6800646897199,50.05123678839327,35.94969075329224,31.66926013196316,77.15860584272981,40.66698495207499,32.190616123060146,64.20210649446516,37.58711618787543,31.009777476137995,54.14434629774739,29.588465359210936,37.29087829708031,88.12739746999578,41.16934075143967,31.66372329572369,36.22520554965811,32.85418313564305,61.33332627774275,20.279696862335598,20.021258503401356,19.479714786852735,19.86903777226358,19.210894209750393,20.302005012531325,18.78289096729351,19.955747577899977,19.52303206213551,18.376825446783446,18.6034255599473,17.90378459800414,18.375939594601295,20.620726495726494,18.957594562647756,17.727360132782774,21.505561948599926,19.79111111111111,6.766559891195589,5.230025075886662,2.9380900329817843,3.3122573279567447,7.777947160995732,5.941917900049649,6.3137147706479135,9.562397706840843,3.15658438929777,5.4675984263150905,4.051073093595427,4.336822448153742,4.389409969449445,6.760818886821165,7.410528750645129,4.461848316461,7.286767910534519,4.5393392006469035,89.13055638424598,88.52652266596058,89.11122659157397,93.18089207097132,94.14185587150797,90.10787024079595,92.65858466673461,88.28236682338813,87.29049184315282,90.70454025988288,88.02953091149932,87.28134413249698,93.41185836709688,91.8381178357441,90.28914183488719,90.88068886825496,87.8328625894717,90.69655726005143,4.786973259298917,18.40962028899749,6.228884881021427,2.142614232136187,6.070749919703109,2.1369854291219283,7.3384820723931,1.7483808642115999,5.224771222319596,7.02280181881604,1.965438615395946,4.222214284462457,13.956151304909932,2.6045407158239606,2.1441864137618603,7.551605438069591,2.140907117359724,5.179875961294284,343.236628865448,303.4680316339755,282.2645725976077,265.5347906122564,206.1163153473006,296.6230245551374,292.999925069639,295.20634203519774,259.5681513738143,304.4319867480797,260.20093656432556,193.41766908289108,408.03530485019155,328.2354823603895,268.8090006463033,331.2809604083846,300.0686475257628,336.36399668652825,541.049221057197,576.7880918906643,192.8086839886347,787.2600806838981,205.79376041122282,171.43950975942758,2096.0939967143117,497.04451154964494,268.5220049387647,3326.733025370867,65.67612491086693,323.8877762595328,13884.595139326964,1072.6281184575325,940.0222618170316,2651.530577510722,1412.201801254864,1217.3010003922284,2.3138211907119968,3.1714548026696088,4.182592010981606,5.032865941656526,3.169592164792863,2.3156481627663683,3.8619659454873387,2.2650065916948017,3.974579345052753,3.93650370963933,1.5378022883316231,2.8912690459798878,5.14646213002217,2.0542812768925924,6.742937844100681,12.271158774468125,3.6368736929183103,3.9223070301639624,7.796848935967985,11.184213708689816,6.00995200694349,14.939821144425164,10.422763318492356,5.59123402893898,10.66724086607197,6.789365520732706,5.695844991381268,9.168031415265466,5.782041101086562,7.272363039332467,9.416298535613839,9.939644942428671,6.839559857201636,8.316081720856976,7.841406204569348,10.910919157384722,81.48409051816438,83.40185079924689,82.84809421581836,82.9864744320564,82.09806061891665,83.70781770730501,83.53760287844892,83.33745704304167,84.1676349966917,83.16714608760549,82.27084798123742,83.42258317203766,84.94916815786786,82.20348377765342,84.40502407020733,83.78296831584703,83.40410433157662,82.21985679287313,6.158627774308007,6.833684206822778,6.706922391025078,6.648390023119799,6.399323063480231,7.113960506326574,6.453597671709082,6.79668467330904,6.493192748155958,6.521781828342914,6.303877246709336,6.844645073942412,6.636583574926572,6.54568562963616,6.461260880447131,6.765506458706001,6.849709762224635,6.558322182859784,272.33949491277673,231.8090321176136,158.62067903499633,340.65215202454004,255.4707030220289,246.7004632764856,486.3373941789307,192.73351345387746,212.73060774145588,334.7891742153422,166.12677510659512,179.52449591163003,491.65287296246754,292.6813335338542,75.50647803860332,331.16949334834334,178.19191665226182,388.86116439438695,918.1080553443633,802.6842769041742,634.8454065008104,1141.716618201828,949.1145216238225,848.6836553292557,1336.9825017488129,826.3672017665058,801.4644104802776,1064.4121102665883,671.5386781836183,806.853007193658,1343.3414102762827,971.2928485980087,775.8897886967945,981.6700104433921,757.0261772720997,1175.2021922422434,13.345855938683426,16.48407668040216,14.649077148429958,15.715702818936219,15.539181320763957,15.80045573027433,16.089810630451158,14.12247488978754,14.768812933099982,15.137686268875639,13.83058068308756,15.962115344017866,17.001761123374443,14.206473127890177,14.889177626258897,15.729435147189017,15.111733374855271,14.59352542292819,70.98663329697554,73.81080987902833,70.62163304530769,65.21953562027376,69.21500754257788,73.06433440035113,69.746780100836,74.82810212644505,74.91672361214752,71.05163655791024,74.04606733087543,71.59528400776419,76.13205275326543,71.96219598037295,70.56327471487239,69.58545733773272,75.88258717157575,74.87532715544857,67.22067919952957,84.15900986693202,79.83389368500191,82.02776471362534,71.82675702973962,85.0057754658638,85.53950699003198,72.32108455861159,81.83646607955359,78.25640978289573,67.6566824373737,80.19291134462053,84.83484302213631,71.87206233141823,90.29415801987048,87.47603436023584,83.87620887581352,74.97267729690361,78.22472226743253,90.81482042264143,88.2011229897974,85.83609134786589,76.49808784080763,88.74307624811131,88.29387305270929,84.10155788846255,89.23666354562907,85.21155906326726,80.2515879869786,89.57748357315361,88.20288136885651,86.00020358303419,88.71524935873107,90.00250168842128,88.0303431604295,84.07382177412217,43.32119042225101,47.74126970656795,51.48230731943771,43.37647596801503,44.64072232566625,49.53339382637941,44.41822894043891,45.20534684245354,50.16112136973179,44.35076899632635,47.24624237632275,49.06626406368785,43.26107942819499,42.91677460937255,46.33194712025575,48.272112084246,50.92222121294698,45.31861609221443,83.757,84.23733333333332,84.23133333333334,83.86133333333333,84.61666666666666,84.68866666666666,84.93233333333333,83.20966666666668,83.835,84.33866666666667,83.993,84.01633333333332,85.282,84.22033333333333,84.14466666666667,84.07933333333334,84.203,84.00066666666667,8488215.0,1330711.0,1007329.0,1182298.0,2176916.0,584569.0,7734485.0,2050861.0,2376735.0,47346836.0,1058385.0,2690972.0,6717668.0,1521411.0,661286.0,2204196.0,319231.0,5072694.0
2021Q4,0.9977116225015843,1.0062031301831886,0.8357690373842849,0.45148158442698555,0.5687745303552769,0.9199532872934827,1.776167252446646,0.7477789639434197,1.3224109144192677,1.3873727502642126,0.6921650484936025,1.0525727576812696,1.8767279748880503,1.026708766550871,1.8307790874807472,2.272445993634609,0.7526240286643212,1.1499927794084368,21.224478516308857,24.272412502428704,25.956653076027127,24.04428130716949,19.097094816031163,21.457637516567022,44.231258616329626,13.486908486890027,18.93740402755671,34.01852354595691,16.274500688365062,25.69549797491773,78.3536111397298,20.48079856364656,25.988548015523335,34.548686455789976,19.907162370840634,25.74706729280007,1482.736855391126,1571.1748702571126,1674.1288153111884,1531.415749363437,1423.7490740801654,1518.4773198861494,1798.264275951199,1505.411790751864,1494.2717891268005,1676.3536493201289,1340.3493939043146,1549.349650734486,1996.2403534112868,1492.7607635946565,1777.1521421536033,1956.2088340663768,1492.2517875116223,1536.6754086246547,104.8870097564229,,,,,,,,,102.9126235628206,,,,,,,,,3329.721617460976,4301.710005606801,4213.954178633965,4110.720611689697,3405.484252352897,4058.574725855983,4493.674161575404,3509.104609735098,4016.266801128983,4040.5030983975566,3322.480861278119,3815.640240992196,4988.715354883823,3456.646445218297,4566.710848775625,5110.837592569159,4087.506403849976,3613.142175716015,83.76814967439668,87.2280147838552,87.05535099901917,84.99656700766623,89.09253096824867,93.146648998275,84.55058420145853,84.8554778971102,88.35028168473464,86.95450132024251,87.31023735175087,91.46349203328724,89.81041281966716,83.17859209966181,92.80942924019499,94.73994865925899,87.39095441056863,86.37881450869966,0.023128996792562567,0.02639972196596485,0.029897757419790744,0.024662637705346383,0.02647744073424898,0.029057055005124698,0.027967923888241816,0.020790658518546293,0.026082220654660798,0.027152577686746716,0.01951409524655927,0.026795729918060188,0.03447034320620683,0.021888020389487454,0.03084632046385626,0.03637807063306644,0.02659399726551134,0.025518712216415648,665.8390490260181,501.7285720827283,516.4083009759993,969.7064896170064,761.1867743348515,510.91707405471544,779.9249520478768,533.2142006831107,449.98500636881454,674.0412774972273,528.8825307058388,568.6142057460107,793.7014367964977,602.3781890086988,495.00481429715256,505.41305361368376,456.31497648909726,741.9248158324666,51.83239144335183,36.80170541368828,33.19257412611302,84.30666487488863,41.97880947200567,34.559344080073856,61.928750923227454,34.54761632362308,26.21784725663371,54.0653545075557,27.76611682553648,35.15757215778457,87.45285965772554,41.06776914593125,35.20999345893057,32.57360993262159,37.29477704892173,58.686911903890596,18.167216393333174,15.61729014938139,16.95765693096712,17.495779377811647,16.849570250390315,18.432097968596988,17.738362751432295,17.29623639351027,19.69008925454814,17.912808386804812,17.620684242829714,16.485172898476055,17.085377285248544,17.593984636557803,18.575859469671023,16.172519771871794,18.828629772444334,18.147741693284743,6.750391327705373,5.132705350189196,3.0490127035281613,3.5403289733427066,7.798938047209396,6.283939261925684,6.364150559497607,9.396969285800525,3.2602087997406097,5.525014541444979,4.076347136013974,4.434237780601038,4.531389762974802,6.859748341976773,7.167634099441691,4.530473664370807,6.876189270799446,4.669392593744409,89.64685512071445,88.98966133833869,89.29577871545897,93.2543024149293,94.41088944720232,89.98954243061604,93.01976616260926,88.54192330492981,87.85901619496612,91.02688887007261,88.52751055983047,87.68103896152904,93.64931169744968,92.21545822957347,90.65831446189682,91.0311611265356,87.68198227197156,90.77001641929803,4.9768271116617955,17.4711603465779,6.593002534390614,2.042452895893261,6.33205433249506,2.036181491560613,7.7255838711658775,1.7597568384922513,5.2860658528962725,7.2816116959670545,1.9057782012440327,4.348718040526252,14.393479318397793,2.3034254430333787,2.038630077182116,7.850352118217916,2.0365010733398434,5.394870768227111,334.23631183373533,299.8709252622101,266.8639201170619,314.99222725656773,210.68554437637704,335.6141256393665,303.57150853701734,291.86560322696295,281.70481107713584,306.05521515988727,234.75135624413312,203.65705241183943,352.8527798115318,296.94423462863784,250.2303724611946,325.7677575852348,365.3053645539237,333.64651324684917,693.069746725972,853.5493028243943,266.51493294107394,1291.6533087331154,280.6233698844669,257.34055434238974,1798.2698854075395,625.0070943057306,387.7134649513281,3824.2869217067814,116.4409824458228,506.1773861017147,16377.804710749964,464.9304925458841,995.005896023393,3198.803412876508,1446.4815482739646,1372.987095584821,2.2926556758152867,3.0161870278611547,3.9448796571317897,4.646622032391143,3.334158215413858,3.001411798586578,3.769977719394762,2.5846474981760577,3.6233002673510057,3.960137888189197,1.6068483702225187,2.97428137770682,4.753726206424988,1.847100971482677,7.914157577842228,14.210802719104223,3.0609387309157223,3.8467061806434226,8.509230176950757,7.91760627557418,7.740499095882049,18.588570297736812,11.723814362796462,5.089766365546236,11.35533824806248,7.387711590757706,6.067847465535868,9.569702722575558,5.676221519136991,6.969942114115559,9.349910434126375,8.602244140820623,13.419165162006648,9.070213381408745,8.237156233435465,11.369367564772833,81.56419418334248,83.35766626871263,82.7786276210079,82.91327050424513,81.97465229720694,83.53076628779766,83.62287305746833,83.50308036207399,84.13904516723738,83.19482059020301,82.31887689133877,83.3670774925781,85.10400053589339,82.12807875047365,84.30365543332914,83.71421706365985,83.38117974606973,82.25978075632906,6.115445263524259,6.739163793111212,6.62900609708607,6.606096534359134,6.413624558488093,7.119823911992275,6.455038104188742,6.793708448328163,6.448220283606809,6.490781674189573,6.285873061659802,6.847082054948963,6.569292183003848,6.534030329973794,6.362320127104414,6.697677370304089,6.821671583757547,6.543353694085742,291.29168832546003,216.9978225403505,166.89096293565012,474.7701629679651,284.6270333963572,277.29507911638103,519.5290832572205,215.4444420265765,208.40245070190875,356.1558128907599,174.8417999251656,236.73017270516775,493.70710663778226,299.03665893370385,352.6321153805904,370.67283236513896,220.3417851855515,405.92539919136453,1046.6619856433917,847.6002678901456,719.0021525135626,1353.3070416570993,1003.9459570846319,1009.1719173495833,1373.389750022965,879.2108388395399,819.0167342044853,1149.779319049725,699.9636645954586,966.973304781376,1394.1440523812287,1019.956349763368,1174.3216590402865,1028.4634940649994,793.4137579297114,1199.237894996219,13.54452334962583,16.58768701952895,14.748904707728382,16.550466812689777,15.845235113038873,15.864151301300634,16.234200598471528,14.23799798437564,14.906108196638328,15.296722419138035,13.982191595628299,16.12163858679051,17.104587836624443,14.26570034659806,14.989585568489025,15.763882063345472,15.386997972707078,14.663406796403278,70.71948917818578,73.72001988082782,70.67033368099113,65.257338764981,69.3460189790054,73.0950864724935,69.184894025458,74.77425185721677,74.83830460647245,70.97208195913946,74.02941564821815,71.79346032169305,75.86961630576006,71.87698632810154,70.37342846995706,69.32937681900974,75.7304600230187,74.71031056643575,67.93496701918981,84.34254545734224,79.95511024449996,82.05157133127976,71.49891800873897,85.27786075582546,85.71892845469137,72.48932778887081,81.79644581306518,78.56254628421739,68.08979978760526,81.02709630223238,84.82455614921157,71.94060227899392,90.19492742008975,87.27223466155267,83.72711385521787,75.79729242440612,79.5946388859529,91.16190567615038,88.95098932020986,86.90135577889463,78.75700681227602,88.98499702710525,90.4905070402202,86.6769915905524,89.0864607080288,86.16490099759746,80.89939598780553,88.66891172843064,89.51118928065875,86.38664154052617,90.39635225369568,90.86902062409658,88.84289658896193,85.49603370939573,42.89835204845642,47.18540399269188,50.94314457484778,44.23534523143881,44.37049940167257,49.48330058602843,44.15377949927191,44.94762853467633,49.30411125029296,45.62394858800746,48.43865819250447,49.50565578723194,43.82826249856053,42.49072584688823,46.42749517720627,46.98818600661467,51.101393981724,44.70790905780179,86.585,87.177,86.88133333333333,86.293,87.13366666666667,87.23700000000001,87.39066666666668,86.38566666666668,86.77633333333334,87.01799999999999,87.06866666666667,86.69266666666665,87.76666666666667,87.15599999999999,86.798,86.62599999999999,87.187,86.77333333333333,8497126.0,1332211.0,1006430.0,1186410.0,2179969.0,585400.0,7752810.0,2053807.0,2375948.0,47424595.0,1057697.0,2692220.0,6732454.0,1525492.0,662964.0,2204350.0,319621.0,5091166.0
2022Q1,0.9998459626855822,0.9919489008455086,0.8043152466200457,0.43492503612203587,0.5606376308202522,0.8902328202862039,1.8256546010842658,0.6734972508326519,1.3137279454147843,1.38191688036246,0.6723599623209043,1.0231025624727577,1.888865400377345,1.030111272688293,1.806161153290502,2.206983406994494,0.7932581789139215,1.145438501749547,21.600043585330685,24.62262772669633,26.556219079839426,24.363567006487084,19.608229495134132,21.694665959562904,45.017303004288586,13.629730871375166,19.08105163741674,34.61647733819827,16.578624687060852,26.049371524117834,79.75961876307305,20.63576821720883,26.080156955818197,34.876870246130906,20.03627639075689,26.1552502326531,1470.0922568746141,1524.911491314222,1626.7092028027096,1539.0171682474195,1423.3291599462975,1546.9880481195257,1767.6534672462008,1460.2051990274101,1445.7085143531674,1636.8431046579012,1333.9729457873598,1498.880219126301,1924.23124472063,1418.3309959079122,1754.7967943438189,1910.342626695963,1497.0398410625296,1483.6961132968033,105.1953710502254,105.508613554094,107.7189845522517,101.8420293622056,103.3317527374606,107.2367820708866,103.4809125578254,105.8794726797317,107.9941126708347,104.393400370435,106.8838213614773,108.9755511055479,107.9384605816533,102.6197216240368,105.1102025917416,106.2748519688532,103.765890208978,105.94792550449,3222.663154939894,4245.51089253567,4168.687525508164,4089.534104795132,3337.350677001519,3997.7352129767546,4373.514632846532,3438.138093469832,3924.336777619119,3947.407343082301,3218.068796937866,3744.358555948141,4865.373537076479,3388.8225990347555,4488.535354578031,5065.220092683046,4037.8222180157422,3501.582827360967,84.43438644002872,87.10455946765761,87.49028544125578,83.62995047543114,88.62305842466043,91.63488991820773,82.93150570931344,84.31736479802339,88.83620142309724,86.41577703476659,88.35999711665832,90.4614174413907,89.25457439126441,82.36281552775178,94.09614877995634,94.36338706476084,87.36428549644553,84.8418703429997,0.022999196232432052,0.026983583230124637,0.029981292787772645,0.024152452775510237,0.025896695975076947,0.0284055000427022,0.028195695779200326,0.020351964117577896,0.025799982572698995,0.027000386865997317,0.020334819569874565,0.027068227604838783,0.03410223016958875,0.02091317144093647,0.03078941903406098,0.03638546286062455,0.026969779454784945,0.024993559269210017,643.0937547620072,472.8473245736428,487.84865505028364,972.2225313566006,759.7593869327515,495.5071349885453,733.5726378686661,507.10968049137784,430.33908234969266,645.8174530964109,508.37117938138,541.6114434808943,751.3652221981131,575.1000765798141,456.8014678550266,482.94569454840047,423.42211722432455,720.6668880006553,50.84795622624981,33.441575588462186,26.19261552104441,74.79331320221145,40.60103381723979,31.82261675876829,58.84396779692598,34.40431698223103,25.998144126490793,50.61977638960878,28.77233446032371,35.57374798187712,82.51346510199421,38.48192026393956,26.409584067941086,35.31724521020333,29.941835795909995,58.30420479281095,18.89230770487385,17.399177886891867,16.600519905549497,16.820461831680614,17.923703010431137,18.43623009379155,18.975616006916887,17.483699241695867,19.583539802069286,18.751093530849086,19.358390457052106,17.680115451230154,17.996767921631093,21.003247455405845,18.43515964980854,18.06112444089197,20.118462480992054,18.176403125687134,6.786067234566164,5.065942982848516,3.478167295705418,3.981103187889536,7.835769190433997,6.7655330166512195,6.528034293937087,9.10807672967005,3.5461126360344877,5.717224902936878,4.314442741219483,4.627142584217757,4.902026618224369,7.132023218978698,6.99963490034346,4.7673207248007134,6.750920004228495,4.92046560116379,90.7274477139808,89.81145868656701,88.62653334242496,92.97004834237747,94.69781199084062,89.51569651493993,93.06690144059043,88.45720911626073,88.39440782369232,91.33675274548499,89.36051102876894,87.88831658353085,93.89809141795932,92.39876929682404,91.1445329290074,90.83347148499898,87.13502259016579,90.858373247426,5.1922737427360515,17.86200284374193,6.861125544614401,2.148433030588565,6.4594778773510235,2.159249641652616,8.068368959914324,1.8459286585460566,5.441461129718525,7.553690087971692,2.013815540755609,4.499879401179287,15.305387102678024,2.4953657106310314,2.1559256667764783,8.10513181961773,2.1584111307007,5.600119658901511,351.4135012046711,308.96958819789006,301.50188545559047,317.6010856583125,230.8972362630366,337.4324580300747,307.7931214776794,294.74713305455157,268.5642321388626,318.4439954100653,236.37547118210097,202.23962329562164,383.3509446031774,282.9088466415483,227.86544140415504,329.2884742347125,366.3433254780178,338.28141474281153,1377.5120343308124,926.4511746084535,633.5422557554647,1873.0214707110754,470.77596669347975,121.69010511428849,1716.6736219505083,777.5657868975509,339.68756390196313,4130.283302854661,155.16482652757466,540.3512301740625,16524.89404435226,314.4451621644765,5909.395015008385,3973.6108282063524,1465.099813086076,2369.4835723768715,2.13757789974173,2.5061184435739245,3.1875730202659898,3.558310995808723,3.418782591680382,4.28420271575703,3.34355512084826,3.1506442117016906,2.7157435386626876,3.798357150841108,1.8387896692512216,2.8313315327262836,3.787579314463363,1.446223219068871,10.268980470746959,17.626658654722878,1.81819132983771,3.5591605237973813,9.432575339023696,8.404943288682373,6.510747507229366,18.152071573906195,12.291539830943288,7.098395409857954,11.811593506290777,6.947966202414968,7.400918217972338,9.977354258016527,7.212060048256301,6.844837047924627,9.353592686350142,9.760029780307192,13.564503382911333,9.558228276639424,8.047700686596698,11.72315902830212,81.65811687506918,83.02932466003188,82.49302640620104,82.77897984411563,81.76614615380149,83.06693913342748,83.47578081463328,83.3257070421413,83.73204611298723,83.0264730097792,82.27021010875463,83.23899982694013,84.79781391125717,81.9824748173951,83.88330240059636,83.44487155215793,83.11753625113201,82.30163080677546,6.072262752740511,6.644643379399646,6.551089803147063,6.56380304559847,6.427926053495955,7.125687317657976,6.456478536668402,6.790732223347285,6.40324781905766,6.459781520036232,6.267868876610268,6.849519035955515,6.502000791081122,6.522375030311427,6.263379373761696,6.629848281902178,6.793633405290459,6.5283852053117,305.25588082571664,249.32007964933337,185.67282324664154,508.6279343431104,280.23039816186355,286.83750049673404,535.7491303084314,227.40300122984436,228.89995054649125,378.6080414811012,185.3883250393798,195.5148106886516,519.6360183213168,312.01672084289515,344.59316624676956,443.23675944897883,232.88113332956038,414.6717553306348,1071.189588504837,929.4442905966687,782.1643560831247,1454.312849295795,1054.0463693787742,1030.084371489343,1425.1757856570327,985.712421112951,953.640858139718,1183.8777555383306,737.0011811139221,956.5574092287092,1510.2827947743428,1064.4291643159827,1212.8971752461664,1130.0206657291078,825.4720814873242,1232.5179875333763,13.650635012133032,16.63150879023468,14.746179476748406,16.735037309646646,16.111269756656284,15.97128953989384,16.341572486628078,14.32845844944079,14.958761808091472,15.398433224800737,14.088351709489835,16.09803746467328,17.192380292201097,14.259088489081515,15.021112859368996,15.813805361091598,15.362109192975362,14.678633125194894,70.42994507420589,73.6200698439651,70.72305215145815,65.29420447665044,69.47776776894382,73.1273783903326,68.58231152718041,74.71297687456675,74.75112542289115,70.87567601043789,74.00627306390531,71.99727130841909,75.58762438992471,71.78468914194374,70.17149469870819,69.05341074017073,75.56557030271243,74.53373612430852,69.98337218603712,84.741641634748,79.80679149152088,82.60516571669339,70.49464228791807,85.17847303768272,85.53381686718416,73.18009818467756,82.11217778567173,79.17767176160096,68.87848172453722,82.01783241103267,84.70194995008188,72.63643034096644,89.94529830740926,87.3271045786874,83.48357395705581,77.23907435376574,80.3011346368793,89.9654765359061,88.59963113465817,87.35128888920173,80.88326075091324,89.24904615280643,89.7863804540944,86.66015501058435,89.72780251441708,86.90373300774375,82.52697543946859,89.08001184608355,88.45045352917684,86.46211748521428,89.62448717403657,90.74341021896404,89.21838686925477,87.49336671668323,42.78980598593339,47.26183621302982,51.89830028645942,43.98921346946437,44.6634174158952,50.98141800839518,44.58483663858893,44.88924245550181,50.85835372498143,45.93058210407983,47.53746374617931,49.68754868966229,42.86610091149898,43.05716533997075,46.61079884910562,48.93288528138425,50.83156189005296,44.01520998860141,88.30266666666667,89.11433333333333,88.52933333333334,88.09100000000001,88.52433333333333,89.00633333333333,89.35199999999999,88.53733333333334,88.70733333333334,88.82133333333333,88.673,88.52833333333332,89.45233333333334,89.07233333333333,88.584,88.31099999999999,88.90766666666666,88.65366666666667,8511167.0,1328215.0,1004960.0,1187043.0,2185607.0,585450.0,7761823.0,2058278.0,2375583.0,47486727.0,1056808.0,2692825.0,6743254.0,1529658.0,664514.0,2205826.0,319617.0,5108116.0
2022Q2,1.013317357440158,1.0004973823290286,0.8013387053118652,0.4317926366502097,0.557801630969132,0.8811530528987677,1.860900299848018,0.6328226596263073,1.3135295805142597,1.3881335817108875,0.6657273286141094,1.0258547300604328,1.9059218056847331,1.0349052427014083,1.7818206866390425,2.189084775237844,0.8261068125922105,1.1503686086284166,21.99274555148179,24.824130298608303,27.043754449132972,24.696054510195133,19.880379620961406,21.977299724127736,45.73919608361882,13.759474783488491,19.136847716030584,35.12192092869482,16.85260528486437,26.439622706567985,80.69023804308527,20.74867949019721,26.247387201279178,35.1222599617666,20.43969198994441,26.499099637345633,1464.2883975805141,1542.8679991461886,1628.455002571085,1555.3107766545215,1432.0913950991994,1525.4759172913425,1783.5870751184368,1419.2099420467218,1467.0693366231415,1657.6294903129,1312.6195244070675,1515.0260405381114,1977.8856810152165,1407.382922618093,1772.2613472769665,1927.0303712635252,1495.1464147431868,1495.5191980753664,106.3601967229379,,,,,,,,,105.8963934093727,,,,,,,,,3190.6889006330475,4241.9278853439855,4177.357268832846,4120.060245161902,3327.6322622949187,3992.253544853201,4327.834802010259,3420.3118423960245,3901.8350345612703,3924.007921956164,3191.2750673178484,3739.910085938906,4827.552644313067,3375.957571387729,4485.19986428371,5091.35995022972,4039.822913261333,3463.0946767520945,84.69977375335769,87.25234617664562,87.86676810518844,82.84331917032505,88.11445015662031,90.90790722634567,82.26293717191272,83.94527484763867,89.21351817663353,86.13019134855216,89.17613007783527,90.02081965694302,88.88235637642003,81.78651603013796,94.82062418875995,94.05036974875985,87.74397086574695,84.01558168597664,0.023424734417219546,0.026896172652825824,0.028964698713365978,0.023569218919616605,0.02568588153260463,0.029993970460380118,0.02788067711865875,0.020940991882517107,0.026322546968465983,0.02716032812603545,0.020421623609102643,0.027375892056311666,0.034593033282362816,0.020029337279709857,0.03146622710028809,0.03667270629076916,0.027767713239795603,0.025198033297596144,632.4249713047399,458.0634073636542,474.0280397905911,975.5898379858473,756.6851369583505,488.93863385745954,710.2023940873707,494.0450668144084,420.9556242337163,631.7386558508334,497.88880193268994,527.0701347241142,727.7585859302269,561.918828923496,434.8860568402983,472.0375685375088,408.8269225485628,712.5758588681377,48.620114675761606,33.450689303317326,27.968241968016862,84.96685461321005,42.07547446626903,31.621861479684203,62.83242298735767,33.74543489842588,27.31346861930538,52.458131729264665,25.48925859653325,35.10917667177767,84.43467376805515,37.97917354459395,26.906622062804978,33.51353934443272,31.07660771826557,55.66378874836249,20.932201932631056,22.722607877922314,20.06480293994103,20.891893385646053,20.253785142214443,20.880010029490176,21.777911776404995,21.400207028414812,21.774816637145804,22.35140180942282,21.964665924635963,18.578344520112974,20.04480701607655,22.001004796006956,19.733300292515047,20.220756083494308,22.392482894130904,21.079498739023887,6.877964112551374,5.115303295917869,3.873672433613436,4.383127106614659,7.8898956300032514,7.202525909293921,6.7244856259077945,8.96754438144398,3.8364544915943073,5.934406012567789,4.576891616963273,4.8296815020764345,5.254551407066135,7.475515307310104,7.1144666598867214,5.047720414168334,6.8557629820219725,5.178894602420471,91.4181654216945,90.4338784070305,88.55272979958703,92.89864750475836,94.92220549384989,89.43435960198718,93.13536549125398,88.57071242551795,88.5773908958579,91.58329059538958,89.56799798918736,88.11930436129441,94.13415482686187,92.59081735825251,91.3709926433801,90.89613442794075,86.83801867771527,90.97194750670562,5.735647502856111,18.80601938994491,7.152294022191385,2.2523453717291955,6.850712837415462,2.2527034333117806,8.309201480515332,1.941527928588052,5.697708045733583,7.9007741736191806,2.105514198757423,4.618742594233192,15.550827412055584,2.596225782319357,2.2451475209100966,8.291096930508857,2.247581654962893,5.963611165541779,327.8869497430796,327.95603737960613,280.00925165779444,348.42898603498026,252.70554264550051,308.6102965999105,343.8305905675665,306.6746330074541,302.3547619937731,329.7183905143342,250.38012706278772,219.025219034692,381.1590991530289,328.56642156866207,265.96772856068935,369.3809626299304,533.7658388117558,342.9951431045127,1418.3135841038552,714.3828800381499,1778.8119292741285,2900.006759794773,482.9151534248546,194.55871698817583,2172.906950895055,465.74901479629614,1258.1461085635551,4787.286837957813,153.5701396314103,774.6559947841022,18575.235220096583,591.134648563502,5931.1296724992335,4428.353843000191,112.76883404522513,2285.8615347934933,2.221537796536461,2.286264685931506,3.1535886373600057,3.143554367812124,3.5150810719518213,4.91040533312213,3.178078714303897,3.5390800719363678,2.461836094033061,3.8101100937668813,1.9757840758659186,2.9429682723775406,3.383456802021869,1.3822771944788121,11.886590847952725,19.075351411901377,1.5283404101674556,3.522990315465829,9.076527621983779,8.044310735781949,8.0787275190776,19.867295580274224,14.971393108403417,7.052224657746272,11.755711029035732,7.79233716710045,6.429050844372895,10.297096609181688,6.3940085917069185,7.029103261829937,10.58481776361047,10.007317922492058,11.253461109591962,8.674104159731291,12.057558663979124,13.069241903966873,81.7769669729629,82.95078459265109,82.39669307899283,82.7913698210515,81.70768275852114,82.92768319845625,83.44706282085721,83.28964262059816,83.59703611882733,83.00579335479485,82.31684989948988,83.196535102835,84.70780712354816,81.9677082352077,83.74848210445084,83.38736258806604,83.08098551203452,82.38910138030887,5.926114308786451,6.396425568737738,6.467495013483097,6.270975464159648,6.01407525143425,6.949633111625334,6.406578108990567,6.12707414656238,6.252365352368915,6.286905482314153,6.170820154642328,6.246070384494004,6.312618736140465,6.71028317179673,6.564870881289322,6.817119591783442,6.020257203805753,6.405534498306936,313.24855220958415,256.2079461659185,196.9901661876528,620.6673426961272,321.94947719237433,292.706545571388,632.3978956045005,240.05996913190896,230.3344528181386,412.2650011193602,206.8182921017077,227.25994970700302,571.9326057219749,355.9282200421403,381.9613925796115,408.8354531774586,282.9934566996795,441.02443256757607,1094.2972129517402,908.4021787605395,834.1318657799957,1689.6896582436284,1077.7160851044766,1039.5702416063154,1554.6453395677158,980.9605406464922,948.8349144659245,1209.5285381307683,763.7508696451331,937.9551336807453,1461.2784419726634,1143.8593863672797,1306.1185597570627,1168.0946093017237,966.1226756203033,1281.147480765035,14.05317506746636,16.63307116443569,14.818017704014562,16.88000338331718,16.642546500687445,15.967216035255333,16.324659661433124,14.464312460839704,15.024022393585886,15.601775309765697,14.190302317967463,16.12314467177738,17.191213587765,14.566807757289235,15.11426981599888,15.83504458423018,15.33212119392488,14.83371571021259,70.14662580240012,73.52266722562746,70.77465264471113,65.33133104294247,69.60931127611728,73.1592418686046,67.99102438047923,74.6537670674041,74.66638261035239,70.7839572776481,73.98493624530862,72.19951313559078,75.31106709616363,71.69436298341402,69.97292077191794,68.78297072407835,75.40422898611429,74.36037483506661,70.99044970964472,84.97795811840444,79.81507234160372,82.96865643063437,70.24882683222614,85.18088052354253,85.47883590066255,73.69587388764238,82.22957837583368,79.54898666616172,69.61321604191247,82.3273541959832,84.88909085327863,73.30080325732952,89.49572676581236,87.53681868114337,83.3689118135149,77.88463694177682,80.77457844165981,90.45690356420933,88.81473419447448,88.35483119511194,82.06887049289658,92.44074306774039,90.07208495981507,85.25955558126117,89.79621232067663,87.08229780126318,82.58025784747737,88.98854416179438,88.88211900289409,86.65336318695898,90.31849501632524,91.05865127603509,89.34111624249407,86.06914255532055,43.86690011902405,46.3849974054444,51.60048422202477,42.80773892671151,45.59822632815931,49.74664183444034,44.26219986904417,44.3154400196302,49.94153785998235,45.11723995134994,48.35281825964877,49.98678929494771,43.28694227287836,42.78528292388306,48.77540247452583,48.03312465679176,51.54250200481155,45.04614558375587,91.42333333333333,92.17233333333333,91.76566666666668,90.625,90.803,91.70299999999999,91.98433333333332,92.26566666666668,92.092,91.74000000000001,91.99566666666665,91.94166666666666,92.09633333333333,92.32799999999999,91.70766666666667,91.04433333333333,92.168,91.46300000000001,8523896.0,1329929.0,1004326.0,1189263.0,2189919.0,585451.0,7792135.0,2062462.0,2375530.0,47609145.0,1055254.0,2692515.0,6784314.0,1535248.0,666111.0,2207091.0,320156.0,5128178.0
2022Q3,1.037630768542912,1.024561599332065,0.8188945693462822,0.43900307619751394,0.558795202014412,0.8855225867237569,1.8883237988862447,0.609032104251975,1.3201779475019626,1.4035049901515764,0.6665231901913792,1.0518563996968935,1.9289374130972672,1.042791380657543,1.7563565605469948,2.201266829800548,0.8572409628461057,1.1628208058740106,22.38052297539807,25.03799132790888,27.404205783833735,25.07482566650372,20.214209456857983,22.267872274047097,46.25611427865405,13.850441504762022,19.32758114797113,35.52069581585643,17.216269683426265,26.699257332904246,81.54298796919853,20.873269149721917,26.353819841865096,35.40830725834764,20.36917587715495,26.72895122183987,1439.469862152655,1536.5681871915415,1575.9024133230992,1569.1077011235761,1415.4318426001364,1522.3532069067164,1752.115184067733,1406.6184571665074,1401.0827337639391,1621.6414166968523,1313.0155218441084,1452.6531272370564,1921.8530682393393,1399.6200098836603,1748.5239823818374,1846.463901139274,1443.3759015653495,1495.8715136561216,107.3034515005506,,,,,,,,,106.3755118093187,,,,,,,,,3191.643470593468,4245.358243070666,4189.405194966206,4133.526673899052,3325.1005638769216,3985.7565300166975,4308.631757466621,3405.4911688977963,3893.8873192745873,3918.526862744976,3188.1497732036687,3748.233594154077,4830.845387675171,3380.557987297056,4499.807226603673,5124.604502781381,4045.1622461542215,3444.561784604002,84.61508110549825,87.57882980437897,88.31024147421019,82.28433174564474,87.41085857373001,90.62105402391309,82.15417215535986,83.59354590000551,89.48601956730626,85.94425638211757,89.81661316187333,89.8700977595312,88.60666716031697,81.29606382638707,95.17313037793852,93.72960686195124,88.41317513234053,83.56533393168252,0.02380284060887514,0.02834816310197695,0.0286794225889525,0.023402796659221587,0.026190912868225804,0.031092289351018813,0.029441904063917706,0.021518824017771755,0.02645640579719895,0.027783641292375264,0.021372786897676004,0.027212050637496002,0.03474579872258309,0.020898587333379195,0.0315738414690744,0.03728518254533935,0.02741561132140131,0.02620953748764552,627.0369117767916,450.1637786225059,467.41969583784214,971.5522465890183,747.4598404530407,485.6294240193753,698.011298305388,486.41726130031066,416.0243170570037,623.9677893940066,490.2603206169783,517.4614442022114,714.4943330402009,556.505296462753,421.3471135988354,466.93882349105496,404.4180294303142,710.2407721335337,50.32703071889528,34.52890562680171,29.669357993230943,80.64387662372795,41.81908040878065,33.75924700145228,60.46700419287875,33.03317865119507,25.963239299763156,51.96276402912867,24.635911481504863,34.32223636224663,83.27292219678907,39.68449820247256,27.352466857744588,34.60616215066513,26.805306747170665,56.54379781781474,19.820283316405167,19.934260169442382,18.117800476813137,20.39014869644018,19.665410880108368,16.988800229235405,19.50422967561346,19.602477764716383,21.094427609775273,19.905637781291645,18.38016037989102,17.438209156300772,17.861299667431403,21.232551724288655,18.017887996800248,20.222036530051497,16.11332466721413,18.71626124244331,7.023651563673442,5.261189882822827,4.307875722545661,4.799233330793769,7.958262271199317,7.636036543844382,6.969856044640626,8.91443141740362,4.169839334171229,6.1983273162376555,4.90079433316956,5.0593297378099855,5.639876857128436,7.909823895336754,7.465486080895054,5.3973927731060405,7.186586464545917,5.46831275105747,91.90415123457899,90.96807219447844,88.7885089782401,92.92290607674781,95.0924108958759,89.5856796560388,93.15854854571703,88.76764013072557,88.46648613282484,91.77273488452909,89.3337221575014,88.328795767676,94.35802095813918,92.74736482051311,91.41041766819065,91.09398504125177,86.65251446875587,91.09778871699636,5.654112693519551,19.552564722891233,7.349069132846328,2.447033777249536,6.751464661122733,2.4730364558962514,8.717094587138108,2.0430932411824925,5.954481692919297,8.086255459496758,2.227017628029075,4.841728620524188,15.509042970102168,2.8616295848827265,2.467719343659019,8.564300520269498,2.469989305111805,6.239996661792518,334.63092435644006,317.474048884536,298.85464327244506,322.71600707677675,230.3671035564708,348.52784899556013,331.72897871466057,296.36724245678187,270.1209478425248,319.71963950848937,230.11478254656546,216.2466928911179,394.83111275023543,320.42814890707245,259.05353089171876,326.9552584227496,280.2312615105636,366.84033546949206,1244.6375576975418,2074.8231606630807,1775.1001751697067,3115.7962040355683,535.4973827495573,181.92374764010566,2406.097908516195,752.2576705812361,1296.43769214314,4890.2972347539735,115.66871940947503,623.9639596748348,17465.535117959356,2903.9255219044258,5362.723775429385,7674.541698288615,92.81934000162092,2213.021449153832,2.472298847871984,2.207446777581587,3.573019453269695,3.0421564729362403,3.600627346658726,5.091023482504719,3.1510424764209364,3.8293232395021,2.5626663826528313,3.922934693856004,2.0610132270587163,3.2146021860818053,3.277484694929997,1.5302910792692808,13.12500880251999,19.152687856825327,1.7270546883169726,3.6333963730068497,9.065952425877708,6.9533481553565935,5.34024683328121,20.810682717362944,12.946419668576914,7.626600982511339,12.434368779379058,8.011086039331833,5.5669393359082315,10.180802816001565,8.028423089939484,6.825683746103591,9.77301197973993,10.332573040346176,14.10749985291216,10.416829022858206,8.261729662169396,11.029635804196054,81.92087037394104,83.01731608799653,82.40869451066308,82.90894704975301,81.75083353066157,82.98948281806409,83.47049539697376,83.30432316681203,83.60623724340981,83.06665289672928,82.42308537305792,83.20729332127462,84.70484160020604,82.0424811702974,83.77921584679835,83.45955883800153,83.1804995850956,82.5151473981009,5.810282281319777,6.240807564043917,6.395394678782916,6.049388185327265,5.838298920273356,6.711657928776496,6.229911517979051,6.03543046344458,6.096464492107994,6.163195613096785,6.09069072784998,6.3137817687064,6.127875526639258,6.477868334244912,6.496962907003722,6.593892996535144,5.925115943797605,6.433698672616711,322.1609874877434,214.3726091449534,199.29976118731472,667.6375617671939,319.09770570858024,280.0841362911485,649.9531581486557,233.43649997350863,223.92304762189934,405.10561216180105,189.77593060757587,214.56295356489767,525.8473120344869,337.32674842257285,353.80924671674586,410.45526202630066,263.90165941171296,428.6439654157291,1114.7914521446878,756.531255536476,782.6479463652598,1697.6172471074456,1099.7304839797234,985.5551126421383,1592.2495198914287,995.382293108023,873.9138945161562,1231.9338160422358,753.110056098656,814.2419549772625,1471.7438971566585,1122.9751241399013,1237.488589055302,1145.8369943688317,948.0497991561314,1269.8955048532675,13.89363089104208,16.702651987544105,14.834748467528316,17.299850182262148,17.040575351861516,15.987843633572817,16.323529235705767,14.609930177019274,15.098733411376937,15.53989931120151,14.313683134936651,16.15915649746816,17.22020415187864,14.339659820162284,15.21358806639577,15.853587134725084,15.222669122660458,14.765215103619015,69.86516467516306,73.42602293522016,70.82592101764983,65.36853510343627,69.74079389484112,73.1909780345335,67.40312464188372,74.5951716734381,74.58236491481942,70.69363340993931,73.96413634697109,72.40128999336628,75.03613160626159,71.60462356184158,69.77534871887762,68.51418018289573,75.24394489578499,74.18797113949789,71.42320307106912,85.12369844755798,79.88984977019358,83.28442448826559,70.47099109763748,85.20071195352551,85.46000711823505,74.18150386700296,82.26571617083813,79.79081061836577,70.38491018721395,82.1260287554189,85.30593194105396,74.06313533144393,88.86258874531671,87.91730984131569,83.35042596260764,78.02675150377249,81.52048764449574,90.46177171693405,87.73809912464746,90.79222969805755,83.2765654944078,90.10006468801775,89.9836881675794,84.37118524587113,90.20698284988251,87.20059072451554,83.03865981494985,88.82921584020886,89.1846158540327,85.88166392263705,91.02373396393612,91.55229338307437,92.25752571559103,86.86273460537215,43.5027753489038,46.68627034217282,51.22834125180748,44.43230765864038,44.65297780633807,49.4732100393171,44.31475020585104,45.17606972584751,49.82735602524974,44.77809292802547,47.36213943831031,49.95370819462301,43.22499233636731,43.15529698303811,47.00513703921145,48.36458164530486,51.34158519414868,45.12795696680897,92.493,93.18733333333334,92.84400000000001,92.19200000000001,92.27566666666667,92.83466666666668,93.147,93.30033333333334,93.26299999999999,92.82266666666668,93.05466666666666,92.88799999999999,92.86666666666667,93.16833333333334,93.173,92.3,93.40533333333333,92.61933333333333,8543098.0,1334478.0,1004553.0,1199002.0,2197327.0,586319.0,7829317.0,2069351.0,2378252.0,47781354.0,1055080.0,2694762.0,6824710.0,1540774.0,667958.0,2209725.0,320985.0,5158046.0
2022Q4,1.0692059113313481,1.0629921174933985,0.8554514787218067,0.4542792510302405,0.5627655361962037,0.9030915400912716,1.905121300181472,0.6046479852890659,1.3325645265689943,1.4264445477750756,0.6753895188736073,1.0991863077699162,1.9562753808406543,1.0521921039527558,1.735661599523461,2.2426649879671143,0.8833940456477624,1.1813720837480253,22.750454241559048,25.28735066707138,27.969133995733895,24.97694268999009,20.321302403761024,22.542193929474585,46.77760825831414,13.950439578733972,19.492180759326907,35.8988835677034,17.3995303173148,26.91037320316891,82.38595188780081,20.981652856807116,26.50665191828579,35.665232040632326,20.45035875111649,27.046776388537893,1437.0371007350595,1530.964143442987,1577.5127303246195,1525.5997074807976,1409.1295730284946,1521.7468203888425,1759.1638635768966,1441.9407013872478,1444.806141788425,1630.5241038456575,1335.2339584446152,1487.0962106734555,1947.6888099560144,1432.7898270741284,1772.9090004386687,1874.5941098564595,1464.0613370489834,1492.8217161070863,107.2847160806418,,,,,,,,,106.5910742833336,,,,,,,,,3198.582848897532,4293.672236519825,4229.473373919245,4189.159147456189,3350.582813110488,4002.933801006403,4342.705376360741,3415.030219798242,3927.698507443657,3957.0540979502903,3228.819894560852,3793.146846965434,4911.954914586036,3422.3917855897084,4555.765169075435,5198.908938234303,4081.8493597164666,3471.0312349601577,84.25075870111532,88.06426455131776,88.73270497934563,82.0423986085991,86.65163284498932,90.83614883153352,82.65138496341399,83.34381445433247,89.664260832963,85.90977523456361,90.24725964363304,90.04766514213507,88.45640207199857,80.9546046157232,95.11009665334524,93.45663632452808,89.27856850546704,83.57721403934116,0.023705351195209983,0.028105492421835104,0.02906916033586168,0.02163781072758071,0.026122849490035367,0.031011340755403582,0.029058742787422792,0.02152990441107764,0.02696381329397067,0.02739011097032256,0.021162777026629827,0.02638947950292275,0.03383731466323531,0.020249751245068573,0.031016722188587635,0.03786300255373003,0.02791602809011468,0.02521892066875642,629.2344108513155,453.1209676626662,470.3028869434918,969.9341877853506,735.2902956938863,487.67457057949076,701.3541052787009,487.0045489154277,417.8321638550887,625.8634790385736,488.5702626849443,515.4644220695172,716.4458540440511,560.8857080360029,417.7184037670199,469.465782032267,412.73001895357174,717.057885562143,51.33177385973689,36.1956559972637,29.609474758297463,78.79368173251942,42.08612084440533,31.989621909291717,61.79472584267621,33.91602867734596,28.313200202850716,53.04248111077822,27.602664415410285,35.868853575984915,86.56625002695336,39.215243365149064,30.611903886795286,35.27549190627043,35.003618487241425,61.14229016904312,20.45488034645825,21.786068410771737,19.80284180363424,21.772082784347514,19.995930699849932,20.31372608374542,20.39280245669966,20.400385185728513,21.6571668443132,21.828677865234656,20.02505815946495,17.30023635499629,19.351090888816596,20.901413620632212,19.424133535444316,19.358326909519786,20.126170750720025,20.15896366246776,7.211512151729121,5.480932384208263,4.715877243142247,5.196859887995186,8.042181846884962,8.03119078578445,7.249693028650251,8.957314519160947,4.502590343504778,6.488429658901875,5.252165144887,5.299155389037859,6.0288986836522875,8.410692464356762,8.013200022864043,5.792475946078407,7.675209482251852,5.776263251134648,92.13903873285898,91.36266984428728,89.35647583700892,93.08049831313883,95.20988734685413,89.97961964412364,93.18298191245968,89.06647263984848,88.12178313238798,91.91323255131033,88.72198747383752,88.55230375221619,94.56187509828008,92.88979151415415,91.28497341191984,91.43209314458265,86.61587244398905,91.2438289752192,5.854283795452693,19.618898332406726,7.775756522887062,2.450815623403788,7.617966837217432,2.4805247471099525,8.770661859949035,2.163409838491894,6.153402905200372,8.508606597006011,2.340314927653803,5.002336833787935,16.854275283649688,3.171971540982164,2.4701550562903756,8.987797400474802,2.4732793092633485,6.632411710500858,338.9415742901182,299.94613726829266,280.066578520982,315.8399726509285,254.3135764471864,298.2394322110146,316.1196379896859,229.70389164533125,249.0413908035105,309.8934070180434,239.23763950302666,192.94035267965506,372.79625186017654,282.39423368312106,247.22351930482876,327.07208915342585,333.38073561954525,345.7549927698324,1131.6050351987212,1989.5461516790083,1721.6875794659472,2381.676621886623,505.7318190980647,103.89452109452304,2486.2604120392125,1913.7696910966717,1300.2493962509516,4260.763446838832,67.0703319608099,472.14097927889816,11883.94010540038,2711.457873868454,6071.153588789165,12101.441595658804,3423.519829852167,2818.732902829584,2.8664850026330746,2.3065921347379383,4.415666263472042,3.306638065236116,3.681225204893182,4.820285723276854,3.2807234374298133,3.993708786086256,3.026841940914787,4.138256464283002,2.08334311424584,3.6292562234999686,3.49379428564044,1.8812226434441237,13.855192416154598,17.851453569038423,2.409884202090485,3.8969109374217554,9.339992683211337,7.2183885241726475,7.172848411028244,23.57857972112578,12.216107649790583,7.6510759942549935,12.739166117957408,8.134842869405233,5.5932080359868745,10.339214940646501,7.198929123638909,6.889206132051131,10.001814519202078,10.476200462363716,13.95138258139507,8.92119281062046,7.952880531673271,12.104599774539986,82.08404577802689,83.24257465932051,82.54158600414301,83.12070328507988,81.89533755701581,83.25589485005219,83.56666096753573,83.40032717044846,83.78468052477565,83.22108073869667,82.58985461869761,83.27717174895027,84.82953736498864,82.20733577709979,83.98899964815445,83.66820702177449,83.42097865173787,82.67412041481478,5.694450253853105,6.085189559350096,6.323294344082734,5.827800906494883,5.662522589112462,6.473682745927658,6.053244926967536,5.943786780326779,5.940563631847073,6.039485743879417,6.010561301057632,6.381493152918797,5.94313231713805,6.245453496693092,6.429054932718123,6.370666401286848,5.829974683789457,6.461862846926484,321.2793890985701,266.2850141291584,214.43298044060657,519.2723571401233,320.9799771225084,286.12878871402444,614.5307322381979,228.4326724789656,234.07840631707253,404.3818000965778,197.2005219304689,240.98579969213384,533.5434639826668,350.5299941536417,354.9659404050774,407.73032688183,292.2317756170053,453.65489028690155,1162.3882526053917,1031.756962900327,804.3962773620201,1529.4437654403991,1128.6358302933977,993.5451316081085,1519.0034805535252,960.106676562829,899.5237823196372,1245.663476316353,792.4028129947851,825.0439917588118,1483.5440756802645,1137.6265599313979,1247.8274042858156,1167.234114118246,929.9635571279526,1337.9080443548867,13.930754667942384,16.61895610524652,14.66111621097884,17.478790730815227,16.98584400597663,16.028552953612962,16.26818194043098,14.447154718548532,15.045903540584145,15.542639399101596,14.450138288742956,16.178123463985713,17.213219306367048,14.320465697308347,15.408203294747892,15.869832291169297,15.039750829750712,14.793829089582564,69.58826444823092,73.3312399951873,70.87637418618085,65.4059293769708,69.87212706009777,73.22240170652933,66.82353945045668,74.53808438459104,74.50012705193707,70.60673330197477,73.94465434381499,72.60192556262389,74.76517690765003,71.5163243128007,69.58023581049622,68.24943835285512,75.08625581538833,74.01791790112695,71.20297503324906,85.15670179928959,80.08828639668185,83.54175336440665,71.18553978221829,85.23993448524922,85.52734011391829,74.54252406067712,82.19252766765644,79.88253095387157,71.12339204633632,81.52878463756524,85.90302725558554,74.79963107026009,88.0963861814617,88.41876689885352,83.39708826682167,77.64953720068495,80.87480569319564,90.56979018473285,84.84299816330002,89.9078329294666,83.29691865553846,89.99646221964097,90.13506320449724,84.978808759201,90.67638613372392,86.73939660474414,82.46968550845456,88.95820577172664,88.83120661836027,86.64443598755369,90.08315123035943,91.11249988582466,90.9767046619413,86.32091039716607,43.01748508684306,47.2064356022538,52.15296579832533,43.40964655414207,45.58581545992897,49.8984701378228,43.58458718106753,45.30822905395814,50.20239252614599,45.10726898196458,48.04565826789409,49.15021874098399,43.23950684360894,43.27426391849306,46.84876522556363,47.32176490639433,51.45709900820288,44.72568751661506,92.697,93.14766666666667,92.651,91.78699999999999,92.87733333333334,92.77333333333333,92.76299999999999,93.16199999999999,93.26933333333334,92.75233333333334,93.31766666666665,92.97933333333333,92.75033333333333,93.46433333333333,93.274,92.04699999999998,93.16699999999999,92.37833333333333,8564311.0,1337461.0,1005533.0,1206684.0,2205349.0,587527.0,7868200.0,2076182.0,2380598.0,47940295.0,1054682.0,2697287.0,6851312.0,1545698.0,670606.0,2212450.0,321679.0,5186582.0
2023Q1,1.116500759135367,1.1268849594828063,0.9231749351435212,0.48577369114088575,0.5728328102670217,0.9415129635060081,1.9105910791271106,0.6290684880687625,1.3547127588409136,1.4627286445021486,0.6969470792509589,1.1822464429827668,1.989643232817645,1.0641173648221063,1.7069255058053658,2.3328764932574377,0.9055648031456073,1.2111373933981144,23.039080092956006,25.520136019031117,28.150257878130553,25.275295286517313,20.324686286813144,22.77895631372227,47.17568869346546,14.027688630909305,19.72455324742209,36.25232529472254,17.511654545835444,27.21101359222496,83.16846527664379,21.008910551510596,26.664711558854673,35.9525911808069,20.57194247837485,27.319947270205358,1471.2941546434172,1538.5771763388093,1610.0752146678565,1604.695600068807,1401.3476174979282,1541.4436361762955,1774.1133954615093,1459.0392787226465,1453.0388867036258,1650.940708573343,1326.019736231787,1476.879676290749,1983.5732997434634,1439.2463241937808,1782.8966756242996,1904.5449800682088,1496.016130643599,1500.6145244980391,107.4453236789933,105.8184492562272,109.4513639061038,103.778373075413,106.2207406527975,108.6985844448699,104.5854924138127,104.8561311418191,109.1046168865026,106.8116083357584,109.3464900382961,111.5315003110486,109.5097360529896,102.2512679685429,105.2073388354642,107.6412850904667,105.4109974462502,106.312233742209,3247.7408220953507,4394.280476594264,4315.371821985735,4314.3822431876815,3416.7439643033053,4059.2074331527047,4447.107203333348,3455.972635705175,4013.213811572181,4053.227623294421,3324.388740340807,3888.8451993264034,5088.322483108023,3509.2969601767586,4681.435303495158,5330.305163122146,4162.706498994864,3552.4638948056445,83.40181168977298,88.8557706561322,89.18469871440976,82.26283735738178,85.67215346428932,91.74091929703712,84.03770682308235,83.15212503344993,89.73222804638704,86.0621172473385,90.49548368454045,90.74732810467371,88.44500404455032,80.75729244484887,94.5331333101675,93.17443350614946,90.70715911838957,84.18840051875576,0.02375192316720578,0.027600315815607224,0.02937200564578653,0.0229935218107853,0.024721917961731864,0.031322921818463016,0.029132001757031768,0.021270715315970645,0.026249075493045906,0.027375483361765755,0.021521266121979767,0.026305611863864292,0.03392073491142119,0.020725762586905134,0.03085597815979945,0.03691735151617424,0.026622647246821105,0.02579849871410099,641.6073756356525,469.3296586027933,486.3986982573342,972.4056475912926,719.0693140133019,497.31955685922054,725.5698190663479,497.9671298291004,428.2276940457093,640.2503442654007,494.26022836173684,523.4172456337424,736.8509234591779,577.5280284172516,428.3480181367558,481.85484925398345,438.1770740606678,735.5229663908697,57.95928137843519,35.450745617192574,33.32496209388955,84.08455380767433,47.86248251463115,34.26163887748134,63.75840964511765,37.61115537809035,28.734307077975977,56.348984906006045,28.422075364993955,38.96190771934365,91.82889403652071,45.6940960618454,36.180565792740765,33.99151763091621,38.84665191160912,67.4272681801506,21.948322027017984,22.64979956046902,20.745326492694,20.58617702001858,22.007634469853556,20.843614847532365,21.720563060666336,22.670541186913244,23.445666681456164,24.465979997188303,22.26837756209231,21.04663863816319,21.695987123536373,22.450067990171718,22.09353349221084,19.18881910314416,22.51337206935138,22.200160477743168,7.471922043709632,5.844979394951348,5.164604931987825,5.5981335277717,8.136976462254866,8.424947651886784,7.585847309021811,9.130221036731694,4.896456910070479,6.831174553930121,5.672437057442784,5.57041685301643,6.4380733763034295,9.026492840110386,8.913506695534242,6.269896964424637,8.471165338121986,6.1133715801076285,92.02388204069446,91.60760828156862,90.5028153412626,93.40884888383562,95.24989813227907,90.74836312082545,93.1734259976628,89.52861021297511,87.34562788255015,91.97332151731109,87.40712089621455,88.76054471579735,94.75279481503756,93.00636547981762,90.8675759639914,92.0178629737292,86.76860395176395,91.39267979987298,6.315976867964248,21.369068942347628,8.294869700355417,2.764983498403554,9.207131484296042,2.7386983045849984,9.257948600055784,2.2666645599097657,6.658999890559009,9.256963435233097,2.552879042743348,5.362733363180523,18.01220321010609,3.659403970983993,2.7328845971521782,9.757460048901246,2.7355362352783916,7.387879008265489,322.4443039877935,270.03043742435284,304.44974749606234,284.6780536563323,225.42275312405653,297.4810982104035,297.02906116220345,265.0557471022691,246.8929601644916,288.8270106802388,220.8296779383067,175.0089890484024,305.03534101050957,282.53693143926495,225.9107671527239,300.8719617688468,254.95594443023387,331.4984038492963,456.7108368970343,2102.176141524325,1465.5866183016908,1987.845637672328,251.42633946829744,97.83111453476795,2488.994114293466,2053.152164478298,1189.9631044959713,4680.617300432069,38.221739953572246,470.45675960265385,14356.386341525256,4099.183348055234,1444.4329175262153,11121.501459867137,3272.980371474692,4291.238988682418,3.577791645847861,2.652752275709387,6.185920659485875,4.177716551543412,3.7713644729821727,3.907106566601553,3.6611613363812805,4.014907025579204,4.178986993216915,4.545507858891845,2.0165663055703917,4.364692624197736,4.228414277151562,2.633377569147438,13.96671479636083,14.579082116860095,4.22646328693213,4.417434405644126,9.191882288935831,7.956417685698288,7.585245373149876,20.29253458238881,12.102163739986345,6.402019276169982,13.032265932958847,7.7824493462360405,6.039149388459512,10.164415752385551,5.349579961551043,7.665609883356166,9.96276192805809,10.556651093874232,15.591409773903976,8.21174634628705,8.93385994921017,11.263439711319073,82.2839398334781,83.71122189871306,82.85369729232461,83.49681142745504,82.19212229551758,83.84961552089142,83.76550631431171,83.61398400607249,84.21551962837883,83.51671450128713,82.85781575803455,83.42657522706662,85.1363825572021,82.50432733370903,84.47713258035797,84.08689135591553,83.89294817553227,82.8898193643654,5.751033000229757,6.268619554349396,6.602450327598335,6.255327685329076,5.846118086350746,6.531181637060347,6.083550839382876,6.072463231497933,6.413201903947924,6.143132381735941,6.065130470352997,6.301330869008046,6.19962415414274,6.700929105713087,6.260175949453351,6.135248083573728,6.199136657348634,6.414470268900211,344.2201903865352,246.930040382266,220.30698978861486,545.8179346441165,325.1560321578454,274.55954836421915,638.2269573798907,225.90870056306582,228.212234532469,418.1919449168927,201.24545947493812,228.8780481402265,519.5938484759052,380.95872044510156,381.95018264389165,461.44198447588434,295.38224586320723,465.5749605879919,1175.9373802754828,935.9518759992891,824.2338631894112,1569.0952331814522,1143.2433240555404,1002.3962504892537,1556.3372736514452,985.1369712763477,928.9637218265586,1251.713888930747,819.7183869124609,868.5661460701776,1498.2616042863124,1210.8508131322342,1282.3311493856409,1201.3891826879649,953.5441655249107,1347.4209427422977,13.949109360024874,16.687226195690908,14.627298718527552,17.4098066133515,16.91677452653446,16.027146182296722,16.283054234232868,14.381761406651691,15.031034885139734,15.571910252921137,14.520783421910927,16.188754282822273,17.254524111824185,14.387248746430531,15.461895987356348,15.81058875171253,15.068755439886365,14.847957879542474,69.31691699285845,73.23872915704976,70.9258302961826,65.44355626422407,70.00327722096681,73.25344328020331,66.25403097893765,74.48283895206222,74.42006218666803,70.52401275603316,73.92678268783816,72.80116241465561,74.49907038697505,71.42978314341077,69.38812027318254,67.9896261956265,74.93173189048544,73.8507309793402,70.00861204788362,85.03889818730867,80.38932764542432,83.63683523944918,72.64552290050337,85.37610406311065,85.68419409186721,74.83438699057477,81.96554976089497,79.75794450442926,71.90072645617744,80.1417494474768,86.87261009366216,75.64418847473434,87.0692011294924,89.1345589076916,83.61968740700158,76.50290681592156,81.63251232692693,90.83424483549352,87.15174732920411,87.6112600896549,83.4004857391321,90.54731605185185,89.78301765113221,85.72575695864703,90.350874120847,87.23338636598177,82.12667678249791,89.6826514996292,89.32496400567946,86.42068262622155,88.2374912071215,91.34303279445069,90.46149962639939,86.52082355722537,43.23748490478627,46.82371204499521,51.61731494228953,44.37032523281213,44.61869108061633,49.30121318573588,45.38134060021721,45.68452659306834,49.67849438279166,44.89985163497218,47.39612386811769,50.29886555880903,43.6710742602458,42.66681020356081,47.18483216694316,47.17046301061793,51.79273605002954,45.34769209835708,93.24766666666666,93.384,93.151,92.52066666666667,93.71266666666668,93.44233333333334,93.49866666666667,93.58333333333333,93.54966666666667,93.31033333333333,93.147,93.31566666666667,93.35333333333334,94.01933333333334,93.34966666666666,92.64299999999999,93.73433333333332,93.00433333333332,8584147.0,1341289.0,1006060.0,1209906.0,2213016.0,588387.0,7901963.0,2084086.0,2383703.0,48085361.0,1054306.0,2699424.0,6871903.0,1551692.0,672155.0,2216302.0,322282.0,5216195.0
2023Q2,1.1417555751940098,1.1659152632242222,0.9690093930044379,0.49723244177830467,0.5745583668758997,0.9656513937667628,1.9086107824275564,0.6360457746427521,1.3682108360939347,1.4860541299829866,0.7091961590852673,1.23781454290189,2.0225107338707016,1.0748422489414355,1.7339461854727944,2.3809869151824516,0.9196994957287605,1.2287214494579541,23.344318475121366,25.8012245980737,28.568973639245147,25.487188578193674,20.50667122674392,23.09221631769426,47.50609979488533,14.152961453377927,20.006318707200236,36.62353184614412,17.824313776267445,27.631998187764502,83.75578236759823,21.236536253807202,26.834532976242905,36.33117369387513,20.733616091423162,27.642356504192772,1477.051320897471,1556.7986205440407,1652.375962933629,1620.6367514108704,1428.8828311846519,1524.1117621178855,1819.492109924073,1466.6842193350078,1499.241547612383,1683.641146163787,1324.453799578427,1525.6496110253806,2036.1604594728253,1441.2117424014036,1817.6588629213522,1930.9039632918427,1535.495122135334,1516.5333617778988,107.6026388533083,,,,,,,,,106.6978461040982,,,,,,,,,3283.928025646841,4456.77145525676,4372.43941058938,4372.043292639812,3451.3434646691358,4099.851864668731,4512.228969763468,3482.957995234557,4076.7204626623775,4108.690755674758,3384.428798688473,3951.208307129412,5167.086979347464,3556.028316724721,4764.387146364456,5411.62562946066,4211.016282200194,3599.4362596535625,83.02039639454792,89.25511294182085,89.46996117320825,82.19531851000298,85.19902639554005,92.4224165839269,84.95864528941796,83.19490801295044,89.75164958406283,86.20755198584123,90.42223590766662,91.01860374394414,88.49952323403267,80.70070368019856,93.92126640243856,93.13598001740846,90.97614343431829,84.71265402158662,0.023950940654723425,0.02815492204913041,0.029518930877994384,0.022224473775038573,0.023635207582012367,0.0323953524736724,0.029367451551649923,0.02215347482951498,0.02679918188880332,0.027560283933344178,0.022010626605238132,0.02622629322085341,0.03393276245764012,0.020877900610390854,0.031283763800895564,0.0373307436257079,0.026855657808739396,0.026206705388753793,653.6288604578625,484.7508615954509,501.3532764882799,974.5880010538825,704.620860975613,507.02276123905966,748.1614274155513,508.7587575880394,438.253855305365,653.7014682661027,499.62598606530577,531.1076312454547,753.4126116389866,593.5603808781796,438.0683888272563,493.57287135626007,461.5528331314296,753.5200269992432,57.37691487662874,35.59194523911093,29.787602713684993,88.28021066959182,42.06896340071386,29.54124400941953,67.04924031977981,34.02336203027478,27.88204419910151,56.61923683450561,28.334457279600716,32.57747785082238,86.52514652458619,39.25884081768895,27.874126531986178,36.149464968921464,34.0865148180484,64.90976180124603,20.325926063188145,20.32086891465831,22.849030094079716,21.582280400644883,20.34762414378649,23.178904274627257,20.780131736082772,21.306899934829588,19.871280197653384,22.725089594126736,21.38907829162724,17.77390892297289,19.50363012432005,22.21831611167714,19.506130383440542,18.556607967420735,19.34479508264556,20.481957101617525,7.676361540957302,6.03360557276108,5.337233058226029,5.905079360698044,8.264399558074004,8.633900293513294,7.897252379544033,9.265652488871657,5.0683137968420535,7.118031797302774,5.992669852477395,5.780608635102316,6.803304705888719,9.581968990860119,9.518661884940892,6.689149466375769,8.945609775973379,6.449551615422278,92.06000853020139,91.74934307497968,90.99712488498163,93.7234494082122,95.33428139309761,91.2600301243757,93.27784205828003,89.83029985305826,87.09639230823457,92.10303275745778,87.02007172214066,89.09962137400666,94.89274279733547,93.13485083502158,90.77638625842293,92.3098034372859,86.88440716866022,91.6421939033749,6.525818118040934,21.762500157316822,8.947377843565251,2.908268208665598,9.671841125881286,2.93088499291874,9.38774307283896,2.459751865220803,7.150957151532115,9.485521992358004,2.6419887014501873,5.51560113484733,18.42711886282603,3.7997124390462007,2.9255162325093282,9.88614905062433,2.924002942335221,7.544563552955797,293.46192113225726,260.36381364023214,268.37327031232905,286.64756622211866,222.6884121180962,259.0151223473109,252.8541747247268,234.61307944332202,226.75701013496135,255.68073319496733,185.42707883092504,157.22952477501016,266.95990993606347,226.24535932293156,202.8874800825402,277.4732012952117,234.9256741096601,281.7117157617376,425.61317930576024,2111.5844497758867,449.3785148588188,1128.2137230311241,277.37194166465764,23.712505250699394,2012.3298194675115,2124.788041360735,265.4545447378265,3918.8469347505843,64.6678372063794,303.6729802592495,11225.584679901654,3987.239483717767,1563.1095774695132,10931.8049550446,3186.5092784264843,4385.926460584991,3.9198751088965484,2.931000710284371,7.087960534950646,4.668405120810672,3.8069247163263755,3.440428167243677,3.872132480602843,3.97430068937911,4.824659864375877,4.741020894758038,1.9903681684595746,4.687864205903342,4.605886313920623,3.093667993915645,14.125043500934014,12.626790329042562,5.248288737235267,4.73991912971611,9.061594897272025,8.076050888875292,7.104536311316901,20.208854830636092,11.652992765732172,6.60583586537671,13.025945247539617,8.359462305531062,5.5738015755775825,10.284134335307284,6.317690798063258,6.91622785545239,10.47670523543384,11.07779723977974,13.922439464288578,10.299815818182726,8.822046011007554,11.140307755277913,82.43967654162964,84.01184657705411,83.06031216408203,83.70635681010812,82.39958723081577,84.18269742594602,83.91259070298314,83.75343126520038,84.48823194109912,83.71929225229103,83.03090832946198,83.55669212791264,85.34195426188865,82.73430671714085,84.7617924966947,84.3610833467189,84.15950677034205,83.05124665824152,5.924980791061669,6.367008706372467,6.685761222571098,6.485049325763198,5.972285333126841,6.604405521665923,6.303084992072373,6.361246004406324,6.356876010335531,6.281095368525358,6.248236437186259,6.319240683828587,6.38676649789522,6.510807459355085,6.579337995430336,6.354526035852585,6.458530218839287,6.412442739912395,327.88310696081413,224.4039848582546,228.62363299169508,506.2975229527071,326.15895914140594,286.2691130741439,621.7028866625113,237.8221777509673,231.26939932121755,403.41023336090655,207.29671113418206,228.1265423464564,520.9895325619274,349.2283676055074,354.85173983383464,385.8809174144554,284.46410375041233,443.4988980433269,1171.5694251329844,917.8913889694138,818.4629299710115,1617.2841554125976,1149.387370489314,1023.9259768894366,1575.4880518710213,989.2982689119927,949.0005668582204,1247.67534266253,813.2804856134037,882.175994970984,1453.7195939273113,1163.4041486174735,1265.191663395969,1205.8980181026686,948.6864509037416,1353.97949216506,14.191992380085251,16.749886526915823,14.618290111392358,17.553158429732143,16.990800922194495,16.25211764450562,16.32682645456137,14.458732574087756,15.053495366515902,15.692741989302524,14.7570677095521,16.254075905712128,17.223488957330005,14.707284371409044,15.5753660232272,15.857134901217158,15.141945064594768,14.993733062857538,69.04541376090958,73.14615113269173,70.97531702217881,65.48117602815827,70.13443312073277,73.28449652516852,65.68426637377621,74.42753850896922,74.33993283490962,70.44116850684902,73.90886248081094,73.00044383105032,74.23282687502683,71.34318992748412,69.1959186497606,67.72967545651193,74.77711581273081,73.68346091938444,69.44714354372418,84.94714742257173,80.93202624178393,84.14665877726007,73.64137140630042,85.1615378857693,85.91762305960076,74.7865074383348,81.82554340423697,79.74909596046886,72.37930152671763,79.93785901676226,87.27328195495068,75.98702897279301,86.35860391070905,89.65211363293749,83.4519575657427,75.81784315476285,81.3550200429402,91.008508020926,89.99651300140644,90.66913398718802,84.38282013416506,92.46566275713215,90.73469747768685,86.83321596612743,91.03065695941889,88.0447457217084,82.50830506245072,90.66425663617574,90.30703374434597,86.77496403670227,90.64329317477096,92.60816630712564,91.90395313846408,86.74859561488331,43.14705282444118,46.66095071052116,52.42994938202442,42.67301497038454,44.49176799681378,50.20577051594363,43.63142924332116,45.58876019273536,49.90997710932546,45.37865383891558,48.35901996384768,48.92891421715657,44.0064587037087,42.08727959542844,46.32997836212271,47.93198875626922,51.07186274343345,45.05040475608058,94.63100000000001,94.32866666666666,94.33566666666667,93.92966666666666,95.13433333333334,94.806,94.73333333333333,94.79233333333333,94.786,94.53866666666666,94.522,94.56,94.29666666666667,95.24033333333334,94.72633333333333,94.04633333333334,94.871,94.23333333333333,8594652.0,1343282.0,1006134.0,1213977.0,2219147.0,588356.0,7929527.0,2088160.0,2384028.0,48205962.0,1053582.0,2698437.0,6911020.0,1555233.0,672873.0,2218011.0,322837.0,5238354.0
2023Q3,1.1529757711034558,1.19014088936603,1.0036999559553736,0.4961067105396078,0.5710033922307277,0.9826066163498475,1.898658703053128,0.6342834115900927,1.3769882828598552,1.5019853699187855,0.7164570592491435,1.2786736781905514,2.056584455857598,1.0854170263266252,1.8034469349945588,2.405290759731363,0.9269176591298481,1.239059389016238,23.63668808814476,26.020357724740304,28.83385685538691,25.76054067693253,20.81413726993138,23.531462817321955,47.90994992742489,14.268346049438234,20.284936792855,36.981797543488504,17.932344494552574,28.207662347015823,84.4760008656981,21.40527437819484,26.988165431229238,36.63031128614748,20.499363333359586,27.864003208139685,1459.2612387522734,1547.680531608204,1610.660285530776,1590.3732222745741,1392.9931049466252,1508.2919565071893,1785.2861413949777,1441.0953626802898,1445.4363284576282,1650.9988018110796,1310.4945053687345,1492.3775168435286,1991.9816146665858,1421.186104367902,1792.182491706773,1864.5537195231184,1497.2756938039986,1500.79801584652,108.334119592521,,,,,,,,,107.2855681873227,,,,,,,,,3329.2124813904893,4529.410510559222,4448.070549931284,4402.33275656096,3494.919809813675,4163.111346335756,4587.509032824222,3529.446044073773,4160.626385598982,4171.981715105622,3447.8098848400714,4021.105275373644,5242.288775553322,3598.9637376324727,4850.189876769473,5500.368857222784,4276.450892212322,3650.955970201652,82.89759719005478,89.40697810618197,89.64237122009646,81.97902047771169,85.05966316103508,93.05975548197948,85.6842513883167,83.42420822660623,89.70661248205619,86.37826217181498,90.05724242610552,91.0492956574924,88.63149948437496,80.77655044542152,93.17940171157093,93.28155901293563,90.44629715442294,85.27917724113485,0.024380201928034712,0.028396272208746798,0.02905497790072816,0.023345431403776984,0.024619147276540552,0.034756787426400884,0.029615245575084742,0.022409169742411632,0.02755139685414361,0.02815553309442862,0.02291553986734607,0.026759622053218413,0.03488892847329747,0.022567162339796255,0.032137507600587284,0.038291740632351995,0.027025940573852866,0.026494401109647858,666.7354697201623,501.649803444527,517.6748689482783,973.3037402952543,690.1735749818712,517.257978752547,772.7474100576038,520.6489400949987,449.0687098987412,668.5501700192807,505.37832403365024,539.5787209563478,773.6677038646576,611.2102238781156,448.8211437284219,506.3148904603207,486.6947274998181,772.518074729113,54.17278586008574,38.47035599173395,33.39441636772055,81.89152578957402,44.44287616645762,32.119234627874555,64.33215175188276,38.122439761153174,29.698645417770592,56.159037890776894,30.372645009240507,39.098830605107935,87.40319391464968,42.83535099151523,28.94078941306512,37.023818682579105,22.119717014656608,62.702153307993854,18.58786689136544,16.8851780217401,19.39459095121856,18.16127207426927,18.14903305046695,19.98827486290656,18.52508081140748,21.09513928038388,20.74863425902866,22.6678889234542,19.15670335868151,17.46005297965297,18.00746272977597,21.61264137568572,14.87920034212054,17.9525581475513,16.40460570902522,19.34029614107551,7.853520002583915,6.111378985008676,5.294941326234857,6.138403266963245,8.419968587974513,8.693863439354313,8.204407098857322,9.39594427404084,5.074125354746969,7.37400011526855,6.250630292560644,5.949909342438712,7.140781697654892,10.12038995090652,9.961148987761042,7.083420440835275,9.229483758030979,6.794881902691356,92.1516231817182,91.78171240853048,91.0790606158282,94.05859202171152,95.43835036663855,91.64290015961447,93.45900082219573,90.03173845637443,87.17162093560334,92.27075987929054,87.22466571588538,89.53791651025814,94.98943838248246,93.26296439258456,90.8830789459028,92.41393813988192,87.00196395710606,91.97402753080175,6.677721800337137,22.518160393338142,9.196502544987233,3.066233136214131,9.95813331399999,3.115338546679787,9.761870611159194,2.312190406208351,7.140944604575522,9.87380241681483,2.7212248445272933,5.627874250903719,19.634166720966498,4.019758557109037,3.1105638395875093,10.453433262650837,3.110116945235955,7.738456462499143,260.4625011949565,230.74044028659102,229.88954925764827,256.1188915570551,203.40622590731155,236.23704728935948,239.4044650948041,242.75942299196697,223.08335984619342,240.58303566476974,194.82744131463562,142.87957405062375,276.0976486929469,242.339335288591,205.58787041133385,255.11756803105007,210.60634349849235,260.8041184291665,489.03023855935885,1051.3321589964908,2881.127890564984,1375.5491712990765,294.8219145200317,18.246479945922538,2437.3919350150823,1741.345776667988,286.30201761431493,3839.856786381486,76.8368460068115,396.2898120453075,11139.71825602361,1532.5110269341092,926.2366383430084,9573.850374562031,3094.575290600001,4341.822149452409,4.015058366293925,3.1955601428311593,7.428162747928739,4.928971335305329,3.7995680722886656,3.1482005393639727,3.9881706168904887,3.850618761410991,5.161184553068175,4.801527583686255,1.9764735263560582,4.724958307255103,4.800459457338118,3.387193002597002,14.158296763045763,11.187349493318132,5.796018118354113,4.946853747252641,8.666414848459034,8.238456036430346,7.910319280153023,21.852374065200994,12.232939868431242,6.454496535164393,13.348077032002996,7.229383174075889,8.003918175618647,10.327419229033273,6.210000897438111,7.277469996932533,9.582971020250424,9.426755181201692,16.405107231268083,9.356497834622191,7.9815099299320655,11.37095228673227,82.56872784417331,84.22671790752764,83.21809119290369,83.81881048001942,82.56771643263188,84.37495855576934,84.03640326017762,83.85301508222263,84.68312317486154,83.87504649030454,83.1491089428198,83.68725449994109,85.49786842213283,82.9384780185319,84.93961343201018,84.5625875367835,84.30919358795119,83.18210172883165,6.098928581893581,6.465397858395538,6.76907211754386,6.714770966197319,6.098452579902936,6.677629406271499,6.522619144761871,6.650028777314715,6.300550116723137,6.419058355314776,6.431342404019521,6.337150498649129,6.5739088416477,6.320685812997085,6.898500041407322,6.573803988131441,6.717923780329939,6.410415210924578,333.0772417006632,225.2053291765984,234.24007224774863,524.0835813273367,338.71184180254807,298.1531820849584,622.8397694650461,246.13283891554258,217.4268278830398,403.9376513029165,203.2922114255104,234.4127627721444,508.66935449085685,345.8825176664163,415.2833105914083,402.08112538713755,288.6825026044919,445.40089317027883,1185.0168736930045,772.9063462981753,836.7975987527216,1612.72063274637,1166.9050922835202,1044.9475281339705,1623.5530055256027,995.8972797990311,899.367324069512,1270.1978885862718,833.0029841324471,884.5660011009903,1465.8663236881537,1180.4841320373491,1321.803631346598,1215.172718276867,926.6509363408691,1332.5570573084303,14.141959848181482,16.75598098944962,14.558236194242768,17.570419415947452,17.105228916865073,16.378295131340764,16.316443892158883,14.47828162317678,15.08537510461115,15.652148175888007,14.830796999733797,16.31824130711112,17.19061665283998,14.49533843984338,15.65131091585871,15.838675103646356,15.25039024996673,14.963779596334115,68.77458623909041,73.05384886730826,71.02468297782119,65.51882397184173,70.26556687926721,73.31550347483144,65.11573362622381,74.37246149103079,74.26006716509038,70.35883149315097,73.89113751918909,73.19955616894967,73.96717312497317,71.25681007251589,69.00408135023939,67.47032454348806,74.6228841872692,73.51653908061554,69.19658997458096,84.84564846224377,81.69004677302212,84.96646986413462,74.41425972454024,84.67632275806142,86.2271540370422,74.46052351154975,81.72914636389552,79.7912623907397,72.63369740641404,80.5073280801448,87.2965865801184,75.96581803859866,85.83396060084027,90.0647109953559,83.00717612285023,75.34183333620243,81.61828478006053,92.042801053944,86.86199264200512,90.67338607594829,85.74534482087687,91.45056432849832,90.94907136201773,87.37573638771455,90.04802092684778,88.03859555670626,82.23541855676349,90.28138564029193,90.0614103099871,87.47965485966358,90.39311752229243,91.26452152680787,90.14446319204639,88.47762537800361,43.47434712200161,46.86421513868064,51.98658836821659,43.97228776278165,44.56281585877999,49.91410658527296,43.69737534725564,45.95124277142131,49.24253218719828,45.12080310954811,47.90364966741806,50.35669674492286,44.29628769867929,43.29476795767594,46.66425000373096,47.60440590076777,51.4742553090673,44.40772048074237,95.346,95.30233333333332,95.26733333333334,95.29533333333332,95.78633333333335,95.90733333333333,95.693,95.68299999999999,95.60266666666666,95.43833333333333,95.16933333333334,95.53833333333334,95.18433333333333,96.104,95.86366666666667,95.04233333333333,95.753,95.22366666666666,8605343.0,1345247.0,1006368.0,1222509.0,2224285.0,588662.0,7958401.0,2092447.0,2385360.0,48320520.0,1053870.0,2699216.0,6933145.0,1558016.0,674290.0,2220061.0,323393.0,5261489.0
2023Q4,1.1487678945671667,1.197058887926942,1.0241157158966676,0.48088715654120157,0.5616054306263509,0.9902290263773816,1.8821394353922036,0.6206023256983929,1.3800881222052968,1.50923185559608,0.7173997024146302,1.3012653359247914,2.091261577454055,1.095623359909833,1.9156813737272813,2.400845831828748,0.927818041995784,1.2410817681276933,23.834079014377075,26.194707880137365,28.92392892224333,25.852089497243412,20.694199146993885,23.712822373320364,48.1511475986765,14.420335919764028,20.35189944239082,37.20549623496123,17.620569714328457,28.421991106166868,85.11995456343676,21.50369559137391,26.931169646857562,36.88866298839245,20.565146430524585,27.97491179952608,1458.2812814471413,1555.2871129490063,1612.7992743838627,1589.8787658034444,1385.7338903576742,1517.829905414534,1789.6322670656223,1456.4914576754443,1462.5221919079056,1654.2425925853831,1312.1161286651904,1493.0594005724797,1993.106326939494,1446.1391434258953,1793.3710688481096,1899.001237172434,1501.0056224971552,1503.378206000672,109.1036895591313,,,,,,,,,107.7604352887904,,,,,,,,,3369.610310599111,4583.733566285346,4509.211969886089,4403.906587375324,3523.7798514590872,4218.642770333822,4643.235216258067,3570.867211586359,4238.244903066778,4215.956545748873,3499.436828137041,4074.2336761245615,5268.583536951052,3608.982717593723,4910.205007712527,5562.755341078248,4329.454981978517,3682.8386100554526,83.0801947256243,89.28213829586501,89.70296889228553,81.56282365490353,85.26915697913549,93.57690863705646,86.11939649918301,83.82875872699341,89.60950988749403,86.55206859500522,89.42503798168744,90.78477249388979,88.823973237042,80.96545342953105,92.36619857582299,93.60802746350652,89.0704002928692,85.81976821852282,0.024811429079157274,0.027750338907132032,0.029802667661080688,0.023561369763857653,0.025336558583733872,0.03379008123854035,0.030047646213512524,0.02169570382196853,0.027156988152722057,0.028190727530022823,0.023043025976033357,0.027367355800777187,0.03448912976535074,0.022256705943582672,0.0322656454385423,0.03821431494387469,0.026324874848955637,0.026036239891615482,678.28902186008,516.5132251962383,531.6416317295033,973.1004896449608,675.5316702409433,525.6334164216978,794.1211699283666,530.6010287540662,458.43422091094806,681.2222457695281,510.07442582265105,546.1912160820409,790.624528100602,626.1125178652603,457.4298009658837,517.5274708170425,509.18416382327155,788.8084750930382,54.08002395929889,38.023345311066606,32.629370693445495,74.85869858227878,43.601049545337766,35.00661576988893,65.5016606847264,36.2381257848469,28.81945175592335,54.38301332571375,29.68345115656726,36.52043079799648,89.94253063279494,43.86746755154384,26.21924010883676,34.081246654339765,32.60473559643853,60.08993980981163,23.362930946224306,22.05149263016723,21.595809333874374,19.999121592218568,20.503625405453246,22.053489199349418,19.433578309154644,21.697022243435004,23.73242075556811,25.87765114969257,23.454983388676805,20.35022703099294,20.834526581104612,21.914216093715126,19.793930803938363,19.17986592867067,23.86057538766397,21.426348014825905,7.990868800534436,6.075420862341993,5.068680216189037,6.298307258782115,8.607099604565777,8.618107891485863,8.495115352069966,9.513734456222178,4.92400398458611,7.594349527099461,6.440020507547421,6.077004909243057,7.455484514884809,10.61054243119619,10.202607029972716,7.441854319096911,9.304688513337993,7.141682671831457,92.32891502548877,91.74578479012992,90.73207792714672,94.38226042064287,95.56397066713596,91.85602317546719,93.71524484272001,90.1362472894224,87.57654503466848,92.47974307858622,88.00728466553873,90.05115007004134,95.05116870513295,93.39829840323445,91.19884657055619,92.32908806855173,87.11749348303479,92.37151331397438,6.9651830010916935,23.312084345165385,9.596039107146375,3.1015413642995893,10.342023624037678,3.1516206292681455,10.18409417638265,2.5023085469991004,7.551525860959457,10.145377971268777,2.932544128835052,5.572984939886556,19.559877703392402,4.508799187093029,3.1450320020740548,10.181492871927903,3.1423959386168336,8.14624622305572,261.15933113017604,206.41164022368162,192.8572077885296,201.80048236755763,202.34771210239444,240.47522258230703,246.80889649678303,234.51707962932676,218.00952599620948,242.5323698002082,180.10472726767674,156.7626351475169,304.1621402941763,213.1101568501423,201.84434716224962,252.43829627877153,194.89128888042274,246.20580205753862,495.3304753337681,1048.4739718210471,2873.9568347508234,2354.493489859252,853.9272967078311,22.263036222449387,3254.3859103966133,897.6604993419976,228.12866324915447,3853.28605537288,700.9339522298109,1078.02850108207,12138.757147164142,2180.501415594264,-68.55983469748192,3321.980994431865,36.85633229696593,4428.295267786704,3.833278068293167,3.415705090941784,7.110677773297465,4.92235598772658,3.743780016619224,3.0903972926029835,3.9807532092664113,3.6563081741108614,5.117103534197742,4.703744631558943,1.9856448716526864,4.443821905852659,4.741694496141458,3.4687045169149644,14.131620326756522,10.453127430324923,5.761736703623909,5.006721100472316,8.487719376261618,8.919490447134761,7.297013284468608,18.614680326118282,13.103070080199958,7.206418587101166,13.571907117172971,7.575845008000753,6.175254103778586,10.59951760730867,7.084115309915552,8.222346513571772,11.02638637061562,11.441639742203071,16.322823083459014,9.604650633066584,8.986585392528458,11.601375138983212,82.66765578071892,84.33021361670514,83.3078993506897,83.81802128241738,82.68057404103473,84.39272849739328,84.12549972252755,83.89956964650452,84.77312525566055,83.96894675611729,83.20216696968373,83.8094781450797,85.58379475877645,83.10288793061821,84.98146149093714,84.66943776058206,84.31835146617449,83.27683224856139,5.687583334134731,6.55886443847536,6.498707709402287,6.595741129363431,6.027487340981838,6.618286095826086,6.218156883538097,6.476521759510886,6.10770493866004,6.244706158126,6.163737075863878,6.100853816104916,6.410948735592698,6.889803140733094,6.644697896369864,6.348797441630996,6.585400846684873,6.582781061349666,340.0798628660828,241.09108693740043,235.38173326235827,528.9351577391922,345.1909204008258,269.2009722976407,604.0905129763729,237.12666955002655,222.6007757879163,403.3169260293381,209.07865784484818,232.42909102792433,513.5922957108194,332.8369347624757,358.4827707988244,401.8507763678389,268.9172973254359,450.1660431193165,1270.1180051927722,975.678321978521,901.4443026188691,1651.629602962684,1243.39280445972,1050.466113219709,1655.9354929509614,1040.7275369061033,962.3515003498851,1325.2280500420125,887.0712786832692,887.2561330464067,1551.3279965473298,1205.9951437759744,1337.8282214182373,1237.0937521701114,927.6659205037811,1382.0660342906822,14.159418109993329,16.753408590792073,14.583442161097134,17.537206595681877,17.077482758831838,16.410175623860027,16.30143705806756,14.484022082837079,15.065878858591251,15.635708599339257,14.877844998975224,16.289914063480254,17.127028779773486,14.512760134470113,15.633922124983897,15.808221008713552,15.14890857130465,14.965823934516923,68.50308300714156,72.96127084295023,71.07416970381742,65.55644373577594,70.3967227790332,73.34655671979665,64.54596902106236,74.31716104793779,74.17993781333196,70.27598724396685,73.87321731216186,73.39883758534438,73.70092961302494,71.17021685658924,68.81187972681747,67.21037380437349,74.46826810951457,73.34926902065978,69.34765443381126,84.76830592787582,82.58859933976963,86.0500361191561,74.89884596865595,83.9860352930586,86.57102881148978,73.91858205954065,81.67976047097247,79.90169714436217,72.68627461069089,81.8130634556161,86.95752137126877,75.60296451387396,85.53823435895826,90.34861646401498,82.32117890440543,75.13741669311317,82.32704423271984,91.74162359118358,87.51895768472657,88.84255671141737,82.50563484221466,92.92050618839272,90.96326831122852,87.15275422443652,89.97547787178296,87.94498360995289,83.67291572714798,90.49941337937479,90.39207999581683,88.27159515435062,90.88172033334418,93.77786265509636,89.8875008396652,86.9344502724087,42.93594088598859,47.92515840528152,51.01580974714379,44.03287434818103,45.00427378499248,50.30509151717232,43.84101516950285,45.41629145116358,49.76899230913752,45.21704139101828,47.49478651085621,49.26224842946586,43.6590528539997,43.58416962548447,47.67430746918057,47.09761958917115,50.41773269271135,44.66804797004966,95.98599999999999,95.53066666666666,95.42333333333333,95.05366666666667,96.58133333333335,96.03699999999999,95.76033333333334,96.31733333333334,96.01566666666668,95.78266666666667,95.86466666666666,96.09366666666666,95.51633333333332,96.41233333333334,96.12833333333333,95.14133333333332,96.10466666666666,95.53500000000001,8621027.0,1348452.0,1008299.0,1229555.0,2231558.0,590114.0,7994969.0,2099494.0,2389072.0,48486865.0,1054549.0,2703586.0,6965673.0,1564023.0,676571.0,2223774.0,324408.0,5293007.0
2024Q1,1.1240158643275,1.1809047094885576,1.0254484389286975,0.44757873336868514,0.5445446680148517,0.9855638663061858,1.8564539455063573,0.5918512682737792,1.3756690862120697,1.5049056550283069,0.7100525965188118,1.299399141075129,2.1269250479454507,1.1053752052048154,2.090607165193828,2.3585755876611265,0.9199765462224142,1.2320259383182168,24.026782756391665,26.3788170787046,28.893852649461717,25.935709154226846,20.602114329098455,24.004964434076275,48.366082093570945,14.5130854578492,20.52595295763057,37.404908705804274,17.764497314207265,28.68999390723278,85.2074194119741,21.578593742063912,26.8954611847326,37.05974230834605,20.73810066649791,28.11871884750664,1457.6911124056423,1572.3122291022758,1637.0627105083588,1639.8199374383773,1392.9153853103692,1548.5952793586173,1791.2044636397177,1460.0353807768229,1460.6071399650443,1664.0674736047533,1362.400773897735,1512.450850818023,2010.786835609269,1467.0112745085548,1813.2089623985319,1879.3880850879282,1505.5387247447948,1513.09379880614,110.1145412338155,108.2371848168664,112.2698638555698,106.1079726600777,109.6149316390576,110.8969614938134,106.9240638890402,107.4525695369217,111.8839884901727,108.6621104096682,112.2184657026447,114.5684532080418,111.2463934867708,105.643908915533,107.7241219225904,109.9731062993375,108.1105168969013,107.6581951134076,3400.8299351532014,4623.985782944753,4553.527875710176,4444.921187227595,3551.5464232037552,4260.2748487544,4684.798656816895,3602.136438574498,4280.739256961537,4251.233158336934,3537.94211937697,4116.1581960321455,5294.088675372555,3638.7528066093096,4951.958332389803,5614.795532234973,4380.665886248447,3705.431760751087,83.66883274359175,88.78822634497166,89.61100683517581,80.88803270805377,85.95172620442729,93.94753564780098,86.17960159797339,84.47603240532442,89.4387177154837,86.73534078495,88.42656599578062,90.13263422513002,89.1030403897226,81.31332056747239,91.44343455824954,94.18260609166231,86.57551201222232,86.34110116410132,0.024209145141569684,0.026790648946315863,0.029288856268676968,0.023048171408901676,0.024929045352906125,0.0330878681765792,0.030108967152844196,0.0213976876431799,0.027407489791703078,0.028097461327143247,0.023049623535457642,0.02691592570568841,0.035251897915731,0.021957396021146425,0.03325800160098359,0.03816519757739428,0.027576931619080522,0.025736541659264353,686.4336386242024,513.8693636350167,533.6578700038992,971.6730801628427,672.8737509271839,527.4681908507298,810.6937795594937,530.4338208562558,457.8220115329843,690.8324303512169,512.8973237491665,539.3888791697316,589.7643386385629,637.5864414884146,457.3585011744389,525.3448314746981,532.9494381330825,798.4330572076946,56.06629868605703,36.25115222616856,37.424555887387115,84.28598364733045,49.65371031094087,32.96871242645361,69.80872929852114,39.54379194199751,27.781844084677427,57.99311134761693,28.710897211211933,40.99022109917544,92.53775496377575,42.02812341866325,35.20207236372971,37.88955294099694,33.83011003938183,68.9056476209338,23.50275922323679,23.521248917840364,23.55569525274741,19.890705442763522,22.935844942991068,22.96184018992615,21.741592873752793,21.438929499268983,24.167195090426016,25.489565553059368,22.85642182896858,20.589695417394353,22.415614396760585,21.652932807233054,23.708996600589618,19.17914051476232,23.75202107581002,22.506373010459328,8.0904593084286,5.867008623517774,4.533814544303412,6.360637749847341,8.825704161035556,8.337554853609486,8.781410856721314,9.601273001256008,4.5409458327664245,7.7676867336585875,6.539327350625161,6.145044989878483,7.725192315828786,11.087055855573553,10.192434882352345,7.760400987125549,9.08443503236487,7.503279754477801,92.63145835444496,91.55911706958037,89.72884063059557,94.72655935686012,95.73205839430616,91.85863553821547,94.07795627059853,90.06501153669656,88.49955845668764,92.75342535916498,89.74939992084654,90.72430778526889,95.05059236007344,93.52867312349714,91.82855709806144,91.94114554691005,87.18984213398818,92.89497877071781,7.189593813264385,23.474930211739235,9.694776572348585,3.137014595862424,10.993909204637546,3.0726689316763025,10.212009847031203,2.5454384387416833,7.5090653926758995,10.256809593979257,3.113727181420185,5.679370172523958,19.5914945576898,4.570274878111934,3.0660799946693054,9.967864479239598,3.06808545188838,8.504018689008552,260.2465249374989,235.09707189857536,248.8202279212726,301.9959211526074,262.74182183142113,257.5214339449069,257.8221101587417,251.41186042736342,219.72696270475066,264.9859433032141,207.38907823223553,191.4102437769665,330.7084825389297,216.77627949885334,271.0861557111914,259.41319909288586,225.97042295563415,292.46173922918973,621.7168389017788,1767.304575383037,6014.560771380816,2396.4121757653074,953.2638781242093,22.78491579977484,3768.5747888189867,1293.013652785026,169.0170921511598,3446.5516786770268,706.9921468305109,983.9360284579805,10147.81073794614,485.81864107682406,85.12373910179424,3277.7477459141755,30.307544818201,2112.211034844602,3.310372571118998,3.5831351328412757,5.9949406109374195,4.584609366796309,3.628695715590389,3.3458725370086464,3.8282139907741146,3.37866226256307,4.591881689434192,4.4117065561637245,2.02619321118601,3.781622909871418,4.363241802049294,3.2798191322193198,14.043303231584867,10.586630361522738,5.01046101856991,4.888304731502075,9.039692561100427,7.520856382698207,6.772710985239778,18.64646768677455,13.157308939917073,6.715339239761757,13.767041061545939,7.686848131582221,6.520810261775128,10.682549087231518,8.271669632402,7.480275345201623,10.48156259910767,12.697139971032419,15.84080023049035,11.424383031981193,9.316681952657808,11.741498604306578,82.72632760397688,84.28793039265236,83.30957238686746,83.66688764596547,82.72182768519608,84.18087195010122,84.16997296307008,83.8769857709001,84.72655384194529,83.9820775374216,83.16889420411282,83.92240198694937,85.57912581046602,83.21633924857893,84.84498326506248,84.6524320843512,84.14177281113083,83.3236274977023,5.716329432471718,6.660817410050159,6.551667468365851,6.653202199781999,6.126986385497325,6.695787078220509,6.294932469406787,6.605920644329328,6.161725445876952,6.252874185402993,6.196334486249384,6.22384054400718,6.305370226775153,6.718575406475358,6.562960282771311,6.351764019056429,6.525916381189855,6.419970169078873,323.7741450580037,260.91668881505444,230.79296983483607,531.3422033408787,370.9373949673021,279.756674215962,597.8062992800787,242.95273440009092,221.54356957884005,399.56899356580305,202.54341761130917,224.99387989023907,488.7774401371359,341.54890269674604,354.74895481255265,412.0841395640484,278.2501029005562,448.1186507719406,1199.0497316141252,984.4189359619666,859.5678242641671,1643.2516239930278,1255.1428162466918,1092.426337750831,1625.0891109277804,1015.7313841881377,956.9486931429091,1281.310115038763,821.231929496444,882.2118253889972,1459.1389767424964,1210.4076208379622,1331.8538072087538,1224.9224839580368,905.2222976847664,1381.4788469960415,14.22094589790124,16.7146893076419,14.579388121899665,17.528814697540504,16.941692707674946,16.345574164549085,16.279194865522125,14.423512491761132,14.970047154525517,15.62034773900096,14.615214333216988,16.25645971853239,16.966955724641064,14.46519566129585,15.561425139108671,15.782957566832817,14.976597518498009,14.922006541861027,68.2833085294916,72.87912467405376,71.11375389507216,65.59433920595966,70.52788716996905,73.37695222429906,64.10627779308268,74.26544761467623,74.1080354046333,70.19295425768713,73.85534111602236,73.59773516579605,73.48334209289506,71.09645164470953,68.63305505330104,67.00229150117484,74.33639590840109,73.20384417892083,70.0374876645252,84.67578445684684,83.83040897066734,87.63656307908839,74.9860287390359,82.84346310379136,87.03937541909646,72.96707603192833,81.72332091321564,80.11235717478915,72.41709905651707,84.36876348363451,86.02523333989458,74.7268683105514,85.48985690528262,90.47605707468013,81.19357518416494,75.31842769242299,82.4290833167885,92.13564967839079,88.88487652826679,90.0086800122934,85.56678569553966,92.57284197330625,91.17786929496066,85.98296974039057,90.237856126679,88.34967319683696,83.68260774660318,90.2302653646563,91.14794517307344,87.06393052136653,91.60841159218045,91.650261134273,89.98848855602819,87.18790955097829,44.64658658069168,47.66545389821761,51.11750440634118,44.13280813339153,44.28850342588576,50.68038818559879,44.70461558270338,46.01433101716164,50.57061485850208,44.61830110832645,48.18681922373855,50.03795108258228,43.78212971022963,42.99303165703441,47.45549187242888,47.71921760437149,49.40264007864064,45.19377185701665,96.283,96.193,96.0,95.35700000000001,97.02333333333333,96.40133333333334,96.33633333333334,96.73333333333333,96.46366666666665,96.23866666666667,96.24766666666666,96.582,95.98533333333334,97.07800000000002,96.08133333333335,95.675,96.56533333333334,95.97333333333334,8631862.0,1351591.0,1009599.0,1231768.0,2238754.0,590851.0,8012231.0,2104433.0,2391682.0,48619695.0,1054681.0,2705833.0,7009268.0,1568492.0,678333.0,2227684.0,324184.0,5319285.0
2024Q2,1.1020787845614093,1.16779997998654,1.0291712221364118,0.4165300618316798,0.5284625096056706,0.9823062034987254,1.8324642337387913,0.564525029704534,1.3721645601900632,1.5020548864653533,0.7036564459435463,1.3006796720468674,2.1622804728519,1.1151432601691114,2.2547772812558247,2.3209106789251575,0.9136274085576491,1.2244099037215008,24.341563252209525,26.58183498226772,29.15399829333402,26.29765951162791,20.70278054961974,24.20113754188845,48.69620647169305,14.625633581408328,20.74961360315772,37.68900618707279,17.91712943826398,28.95502723216169,85.75007107158208,21.707692286686875,27.026426783526183,37.261289141658395,20.872523089591606,28.32296005969271,1464.6161779022561,1582.8770860358075,1641.5155404699958,1638.8317540770902,1398.9764307166743,1515.805874499935,1800.7407493464968,1450.7527515909487,1479.5583299608502,1680.1746042412406,1377.9296618450649,1523.0545003096495,2057.276619514804,1460.8768962972172,1811.65224530802,1894.3466287492386,1511.3670408614676,1528.5044698716054,111.0370526082216,108.2371848168664,109.8386595953886,100.4644795474287,103.72259455709664,108.6116641699473,103.93311658926854,105.76511905444698,111.8839884901727,109.4773809763633,112.2184657026447,114.5684532080418,111.2463934867708,103.69701308002186,105.03041017065758,109.9731062993375,103.23573667643532,105.35004439906614,3429.3212158001256,4661.787404328209,4595.940685412548,4475.188046979976,3578.5500784565643,4299.937521389656,4716.538632679802,3629.696001976172,4321.063423979849,4283.12932944095,3574.7309308161985,4154.423006440391,5329.584157488254,3663.437745359244,4991.897549949275,5660.527550315211,4415.137388541253,3722.870632905947,84.20809977482593,88.34277733171645,89.54238442797623,80.23906703398417,86.56702273259951,94.32178633825129,86.27402970104438,85.0835760093057,89.28205585500287,86.91167557243546,87.48832519838896,89.52518761323147,89.36479723971226,81.63235876212582,90.55112955860437,94.71881323499834,84.23246822284854,86.84842044447504,0.02405179060388138,0.026859785121719024,0.029540107481611726,0.024241079274727642,0.025701518097650606,0.031856136199369986,0.02988002667512674,0.022389886736305115,0.027447182053064272,0.02803261443830975,0.02287786447950485,0.026593493594091255,0.034854823986767945,0.02203224569261328,0.033088397708698404,0.038183959239352215,0.027602438626162552,0.025524866531599605,692.2166675337785,496.8605854731804,524.4066802824524,965.3361805463098,681.7942254631969,522.2409672521127,823.3287889106634,522.9941258182445,450.7375403011272,697.4084148885486,514.1173347718383,530.783793824068,312.2222981602448,644.4236800464373,449.5958301510542,529.1519025805846,555.4293146867194,800.1641553447377,55.77741754143458,38.122022033689426,34.89778711581186,88.36285735999729,46.160029425596434,37.24104120752601,67.94058979324795,36.4025221418582,31.93143034474267,58.87496853940784,33.129873748929576,38.7162021380809,88.41473058055557,43.77470628531364,32.93113271338034,36.66790872456135,31.0376001691148,66.80295074088478,22.96277506930686,21.84889827903001,21.073126123268825,19.373242181477305,21.297376965727455,21.02492712762592,19.55488778687694,24.702492545887395,22.389744886592897,24.96023453910635,23.139141675695907,22.90378494510397,22.02796493248437,22.028642588811877,24.73878988705529,20.4468889902187,23.112786776243638,20.905011536726587,8.142834482392722,5.773682344196215,4.320878350616794,6.428097481236708,9.083679025626875,8.18072510157512,9.005428224105817,9.751822241608576,4.310393841772679,7.944530454770658,6.6421086041019635,6.229903660184787,8.052490375795001,11.37967100262333,10.16737784167029,8.052100408016326,8.98675864884437,7.817236007724445,92.85219933511415,91.59888576153381,89.1754719054307,94.95111898205475,95.83961633214561,91.86078073400658,94.40114155864975,90.19829703296628,89.04250540357997,92.97774569153152,90.65053927566099,91.15978693375708,95.11464672031727,93.71078479429588,92.2687457605066,91.80024106279706,87.42738230146946,93.26311035862982,7.227650679904569,24.138832010941258,10.238501317024808,3.1915707962401103,11.213899240507336,3.2276130524006534,10.401623875699487,2.7541732878135656,8.062089464993596,10.539552033009803,3.387229756825967,6.127723102447615,20.240793702011498,4.713393951606481,3.2219816423096783,9.417412916836247,3.221364566797639,8.630487245048753,288.9767907350401,234.15257651422115,266.18746676297644,256.8214226548379,196.8039118016013,228.78097909793516,258.28058064386335,269.03550130920235,209.85388598363605,247.55183554553403,170.62377361589046,154.07953208938935,259.4146068959426,214.5224873174593,225.96688724997455,284.2379847377951,218.47932024379176,258.32086294366445,735.7304942162914,2286.072412739211,5892.853070441726,2595.248819341726,1002.3473287325036,330.934631031899,4699.052273532349,1385.710396930121,327.2184988862926,4873.491729764438,689.0024597564939,937.2816230559403,17187.311666215875,697.9889682449386,192.4596469381239,2621.281586497258,39.54458773515344,1921.357108179743,2.8368493798486085,3.7574617596320494,4.999938437182207,4.29099687686601,3.5288667055552034,3.585858990714942,3.694165549600372,3.1203548874906164,4.141266904086797,4.15152299938002,2.067322489441392,3.1724782278253674,4.042952456894214,3.1354407958505996,14.003947963271804,10.694337852485432,4.3638815364568915,4.797922207696843,8.738352144596456,7.684878407563919,6.691853120769766,19.69436073950375,15.497711055957936,7.02715204266626,11.917643643169805,7.484875271771211,6.932185359600618,10.531346115255827,7.447949593433425,7.2559856271085215,10.376722060101587,12.756809070714036,15.147330581012213,11.194623435805587,9.766134830441658,11.874871183384041,82.7902341760639,84.26139160446726,83.3198367295312,83.53444801027773,82.76997057071124,83.9954238354932,84.21835331317223,83.86157638525276,84.69395692147002,84.00370233247006,83.14612324157036,84.03455348592612,85.5831207639961,83.33405680400287,84.72826633756931,84.64874679584318,83.98740416424995,83.37629413548632,5.745075530808705,6.762770381624958,6.604627227329415,6.710663270200567,6.226485430012813,6.773288060614933,6.371708055275476,6.73531952914777,6.215745953093863,6.261042212679985,6.228931896634891,6.346827271909445,6.199791717957609,6.547347672217621,6.481222669172756,6.354730596481861,6.466431915694837,6.257159276808078,326.3704613597896,266.2633625348645,238.95537770142857,561.8107337698535,338.79235368689285,283.9779913661113,617.6963401021062,230.16639770835926,228.82115609497794,399.5575033064875,189.79871143912965,226.28457099637652,480.8151975244787,355.7968952392365,356.79829697887817,412.7432120702635,270.73751103318193,432.50585610680855,1192.9819463968133,1000.1898314086849,879.7407567153989,1642.6013333213482,1170.0966281915607,1058.7618862159215,1605.8433383766512,983.7671806470754,954.835791101768,1263.8732379113026,817.7143972698383,873.3378484217362,1440.1777157296426,1214.6274086174722,1319.9545910936454,1224.165464011574,923.6781593074858,1322.6145621603764,14.368413193473858,16.772441074033146,14.653434861528481,17.829169500584825,17.24639926208084,16.28777654010045,16.326032728708668,14.505072003004061,15.04653388739209,15.69715032840672,14.7364233477483,16.369926625174926,17.050546101199988,14.660807577094216,15.797512507439365,15.762796753905462,14.95097976549747,15.026670846647187,68.11454046802562,72.79770606208326,71.14045936936414,65.63223964325587,70.6590548173062,73.40835506506075,63.80912367189258,74.21018767121126,74.03537728540292,70.10985104427877,73.83035536857253,73.80406106591006,73.32907419194653,71.02982723486849,68.4521414143698,66.84766557841975,74.21597851798364,73.07133314456551,70.5730519971527,84.74489340881154,84.4779692186316,88.60846428612908,75.22368004368215,82.42629610811414,87.21561793188314,72.51514400313854,81.63415006333551,80.26051957701216,72.38733722179701,85.78153200836239,85.60926800789711,74.14971539613485,85.59143484084339,90.58516778510085,80.58262977554016,75.3040390176261,83.2968552583869,91.57296664098881,88.4920795128073,90.20497114338598,86.19744463910776,91.73419781782682,90.2109311084182,86.30821867135101,90.27112192567243,88.39459870184257,84.65337043502755,90.40042527368377,90.86836511769475,86.6488020371428,92.28588745747486,91.7146909183691,90.3949889201594,87.57748250934962,43.42677156416674,46.68107225849286,51.49888107959614,43.14493639302229,45.12066060973068,49.81942714000651,44.04737098000072,44.85794449922644,49.41113575956478,45.6139993374509,48.52314891367,51.38145543222883,45.10967378736333,44.80301003920778,48.37326043663432,49.08464357845504,51.22310513796113,44.98435616565636,97.83333333333333,97.61566666666666,97.57,97.382,98.25533333333333,97.88266666666668,98.02866666666667,98.21999999999998,97.96,97.80799999999999,97.84833333333334,98.156,97.49133333333334,98.545,97.819,97.44266666666665,98.11500000000001,97.47433333333333,8636779.0,1352952.0,1009475.0,1234681.0,2242280.0,590781.0,8031452.0,2107648.0,2391138.0,48701130.0,1053420.0,2705549.0,7026574.0,1572241.0,679090.0,2229994.0,324609.0,5343025.0
2024Q3,1.077921215438591,1.1522000200134594,1.0308287778635885,0.38346993816832026,0.5115374903943294,0.9776937965012746,1.8075357662612097,0.5354749702954661,1.3678354398099373,1.4979451135346467,0.6963435540564538,1.2993203279531322,2.1977195271481014,1.1248567398308889,2.425222718744174,2.279089321074843,0.9063725914423509,1.215590096278499,24.546293887704504,26.684391563657922,29.313162895810922,26.493779385341927,21.202218149479638,24.70256652222916,48.90743592133426,14.705611690490619,20.95821709214295,37.944477685209435,18.112053710376973,29.038854908721945,86.24094271125483,21.75847157668622,27.188814680733074,37.424260159193565,20.8675592651541,28.664237589468154,1471.1277948958602,1576.8495789384488,1634.0964537006982,1638.560082939841,1413.2239209990094,1510.8327387032173,1807.6998637691702,1450.093644472175,1482.6036290566726,1681.0152832867698,1383.7579010277366,1531.019587548793,2027.6613757805774,1477.2796876655966,1812.3426677764282,1890.9765646696446,1508.6395547521918,1543.1658496693601,111.9273878354057,108.2371848168664,108.03823190747906,96.68070166681369,99.74188714788859,106.94124485475203,102.06412395686934,104.51850328544008,111.8839884901727,110.0419968592145,112.2184657026447,114.5684532080418,111.2463934867708,102.23719262988199,103.31974319388729,109.9731062993375,99.66628892367272,103.78541024793677,3456.818752991872,4685.826798638606,4626.1902423123165,4484.401780938261,3598.4453321093306,4328.336716987388,4735.132697010709,3647.96877902129,4352.133318168065,4305.2190325937,3603.4005971639262,4185.769529385573,5354.176212886474,3680.580161768293,5019.843858739138,5691.82313209502,4440.626362945539,3734.859318858225,84.79190022517407,87.85722266828354,89.4576155720238,79.56093296601584,87.2329772674005,94.67821366174873,86.32597029895562,85.71642399069432,89.11794414499714,87.08832442756453,86.51167480161104,88.87481238676854,89.63520276028774,81.96764123787416,89.64887044139563,95.28118676500168,81.76753177715148,87.35157955552495,0.024300698714465746,0.027169324984203453,0.029548353515472314,0.025121398615141618,0.02621784353230144,0.032905249452565545,0.03166930050282101,0.02262041942422041,0.02830412280419408,0.028660067884239575,0.023655456518972797,0.027211593328780204,0.03515133491074961,0.02232874688231463,0.034020303434654564,0.03885085246341791,0.02801223805790016,0.025647423210992542,694.4732397408201,469.93269336929114,505.83874348542247,952.8507534494727,697.8488502797618,508.59691592873793,827.2004654569454,509.74417697748595,438.52052394309226,699.7075928169667,513.096544179207,521.6808886476638,93.97053081794306,646.1172754129377,434.5883010673083,528.1490265598018,577.4604467960473,794.1073562798391,60.318307274165065,45.064919202698746,36.755317347403434,94.45956164210632,47.61088213073608,42.990223753979656,72.10893570291807,41.00257550201745,31.51761003486423,62.944109377940094,32.7216338317502,40.55299983852753,98.20393356154166,46.25632023637753,42.933087816002526,40.15075823363811,30.481485295102328,72.28594860193195,21.67958992718692,21.65892443393703,22.53645646515461,22.24166458365408,19.18322731461508,20.92038484587136,18.37631413670827,22.29109752984849,25.39975276190495,22.19787235036377,17.7774754596863,19.11821358668361,20.57979088753654,25.38848197869953,17.48847592090624,18.55764821487062,20.6453690996166,18.34633708610909,8.150725723287294,5.734726183057818,4.28409505150493,6.477526702997391,9.380702525070713,8.075594967955587,9.17903063558621,9.948463138758967,4.146099663045196,8.1143860034694,6.728220217914907,6.315468914919199,8.41670345735604,11.52172666498942,10.0799683098132,8.31378126716308,8.9245152112944,8.095967449976818,93.02864283486329,91.78131370757966,88.84438555005839,95.08918430824342,95.90724767051562,91.82445841203536,94.71557310887933,90.45788179321332,89.38832315900838,93.17560811794925,91.07761607127351,91.44194004929213,95.21590911459579,93.9321638006895,92.62127839502968,91.79295561256434,87.7893588905609,93.53587093944786,7.396530534393766,23.81951150679741,10.364517145493242,3.267354936467781,10.899561680511066,3.3200107756744224,10.331947148328457,2.7015864586266933,8.127583695038588,10.368486044306662,3.189453934095191,6.03140449172985,18.645103791936563,4.5964790895880405,3.3154266830418404,10.971514458158836,3.3155380036469113,8.582654383449086,314.86481644740695,234.5347648728516,290.74681788450886,261.4378507751816,219.95849081436563,315.173383765722,279.7509584376929,289.06089836483704,276.92498039648905,287.4695189364462,255.61373028064708,192.32117706118598,320.30712926265505,259.1396356445824,253.85201481786024,294.4100054717791,280.6170314819556,319.2743880189005,590.3012052055421,2815.3654482916795,3323.5006701711436,2264.1905720009627,966.6799019529632,321.8609962252732,4492.191165271322,1337.8545892789382,425.83704936826655,4385.338835283076,698.8293940431762,880.0750643871387,15649.278994281334,1682.2321676826398,2768.333222096842,405.74761531408194,257.14646469571227,1861.1785516727732,2.324009722818769,3.9197075278438023,3.9114332595371537,3.9482137429709625,3.421222863004391,3.8578997786698164,3.5392712486108926,2.85045217749466,3.6357940924165364,3.8674447221675874,2.1103223097949813,2.5192638357389914,3.687938240002853,2.9617338342923243,13.946206740019848,10.89707377052159,3.6389612358970673,4.689092390951508,9.509073454429187,9.166920164276275,7.463694498196434,18.381855951018316,14.076221017473106,6.81016186302529,14.521317582710427,7.930989846682753,7.575408037473713,11.10402062921743,7.522543923007974,7.2688497043571445,10.746569126995883,12.026078670033929,21.15188657761242,11.662620808364949,9.562328325290585,11.356970717553374,82.84976582393608,84.21860839553275,83.32016327046878,83.38555198972226,82.81002942928876,83.78457616450682,84.26164668682777,83.83842361474721,84.64604307852998,84.01629766752993,83.11387675842965,84.14544651407388,85.57687923600389,83.44594319599713,84.59173366243068,84.63125320415682,83.81259583575005,83.42370586451366,5.913868439853962,6.343662580556146,6.844556349994735,6.350265749812643,6.18875252750055,6.477206848407781,6.569004375396553,7.071416966274135,6.161409809143007,6.351846345650648,6.283614839779098,6.338824701298313,6.507919549421811,6.425611213368636,6.213335944039716,6.240256991248528,6.109900451091347,6.365068415299121,317.1965963131597,261.7835905632986,203.722033273594,533.83616551015,331.98011002614635,241.51044000816756,599.3288557124625,222.1669975961689,239.69730261165049,386.5099089672729,191.40785089564537,218.2777640529143,451.73834298367694,334.6839062562335,364.33383573502306,423.33673658752025,263.683385307681,425.2153685235738,1145.1220801356621,964.6402748613076,802.6796867684094,1592.8629898705838,1155.7749718339194,982.0251709075583,1549.5156811291413,956.8165549400554,959.3940469851536,1233.1201615241675,817.0589117370142,871.9734426377088,1364.3043531492967,1136.884911026418,1304.2554365625422,1198.5643168267463,943.4683582317965,1308.6747825803297,14.372891093362973,16.823749728758077,14.62618573206663,17.82732844142107,17.378585963483257,16.312339174160535,16.33776074125398,14.51694014125501,14.998995928887528,15.717757066442697,14.906848173249413,16.401820861935526,17.03281659290819,14.555997413832527,15.850730145122348,15.716173430471912,14.81626173583134,15.035492249968346,68.00033754863234,72.73047036316407,71.15377674224446,65.67003341189866,70.79022371348769,73.43996700654637,63.64952970798787,74.15873895338997,73.97342185316818,70.0267217000794,73.79769397886692,74.01592196219983,73.24082481131545,70.98228732679465,68.2853251486629,66.74701823826037,74.12945357023813,72.97277011385013,71.08299657997455,84.9347998033996,84.73117653069136,89.19791057684974,75.5078141096575,82.4812315176797,87.19049801166209,72.36442847314112,81.45766821618844,80.37682172680084,72.47701331270737,86.53770464784428,85.47704982920845,73.69813782707466,85.85837424302186,90.65001439697365,80.28388485025414,75.20348642175988,84.14422502956853,91.58976669752282,90.93131206366142,90.52401081803814,86.49214261325216,92.44107222847431,90.89188198174159,86.93482056426625,90.62360394743439,88.74092472189022,85.14352032535541,90.76174571091923,90.6920273898794,88.99060155273138,92.04949989888485,92.08262700877853,89.41824496709108,87.2646284987835,44.56618090680062,47.5605627044411,50.95311390636062,43.43859449043755,44.95240866863376,50.50295881848884,44.19769349831493,45.56747864854068,50.04932164014979,45.24276494173563,47.77964633391561,49.5312605502957,44.4509933503962,43.05307693341809,47.33196793557426,48.20431014844907,51.85985307392627,44.42208942716749,97.32966666666665,97.397,97.52133333333332,97.51266666666668,97.99866666666667,97.65933333333334,97.91233333333334,97.55066666666666,97.40066666666667,97.503,97.137,97.66933333333334,97.21600000000001,97.94066666666667,97.77999999999999,97.37533333333333,97.78699999999999,97.23700000000001,8648311.0,1356309.0,1010547.0,1241571.0,2246943.0,591395.0,8061119.0,2113135.0,2392231.0,48821936.0,1053034.0,2705832.0,7047812.0,1576891.0,680476.0,2234700.0,325215.0,5366621.0
2024Q4,1.0559841356725006,1.139095290511442,1.0345515610713025,0.35242126663131496,0.4954553319851483,0.9744361336938141,1.7835460544936437,0.5081487317262209,1.3643309137879303,1.4950943449716934,0.6899474034811883,1.3006008589248708,2.2330749520545505,1.1346247947951846,2.5893928348061723,2.2414244123388736,0.9000234537775859,1.2079740616817833,24.787275133260728,26.84973480952194,29.33574999029616,26.87659883954916,21.502604363622687,25.239918707206346,49.05843462400263,14.866721952169584,21.10779724672089,38.19971248125659,18.291843061891758,29.303970978246937,86.59114854891648,21.952318812293345,27.36528825144243,37.699109678798244,20.906491496595457,28.901375167243085,1472.8076708207163,1579.5813033537281,1662.1060542770906,1634.8039377054881,1410.7086135819347,1499.2818072228679,1815.6858133304759,1467.6178050125259,1492.6898467078088,1684.2877592351342,1385.3629764516195,1525.5992367819333,2029.5249337398834,1501.644368340674,1806.8353962216233,1894.8906468181597,1524.5964630313345,1547.0296827106702,112.7524092682755,108.2371848168664,106.70492564749834,96.68059937492717,99.74179382037994,105.72026557147126,100.89622191452003,103.59755722410286,111.8839884901727,110.5345868720681,112.2184657026447,114.5684532080418,111.2463934867708,101.14259079871259,102.2333680450568,109.9731062993375,99.66628892367272,102.7247862550279,3482.29910785335,4708.297982756407,4651.706326955732,4497.532189679524,3614.7321616370527,4352.247122753365,4752.556405891609,3664.7734338469872,4378.68956117266,4324.490837533009,3632.136732090971,4211.005421987837,5368.841567315,3697.953980907096,5046.365014967119,5726.723526818326,4464.0784207734405,3742.898592206641,85.33116725640826,87.41177365502833,89.3889931648242,78.91196729194623,87.84827379557271,95.05246435219902,86.4203984020266,86.3239675946756,88.9612822845163,87.26465921504999,85.57343400421938,88.26736577486997,89.8969596102774,82.28667943252758,88.75656544175044,95.8173939083377,79.42448798777767,87.85889883589867,0.024397229311108003,0.027424641025264176,0.030971730646616305,0.023877822470793737,0.02610175248922294,0.03255010692625798,0.030849994602887367,0.023041061756270274,0.02744599555040297,0.02848700853961275,0.022778113262008123,0.027741072017991503,0.03471754244960487,0.02292299466457345,0.03429033657284205,0.03708095241285217,0.028208831203873193,0.026376862009187076,694.1617831107826,440.46269230241484,482.74295022350776,939.271210932988,716.4471940699965,488.8972095601107,821.375316622059,494.3948140904155,424.0937430484139,698.8553416182075,510.8744264547605,511.49683865357304,0.0,643.5574423111024,416.3994000211231,523.9806827444936,598.8024236178745,780.5363611554458,60.06801159215799,46.28335445150062,39.26991676346166,82.42824535706703,48.54067679443345,38.83951637513716,74.74878297115015,42.89611920652974,31.97112046422386,62.230368404567976,33.86431249438382,38.733403441079,105.61572563684862,50.33951605946048,36.42961486182044,39.195369352776645,36.07694276406118,70.38146854582315,24.60384111265572,23.538246143527104,20.543533768987718,21.07221432424078,24.246612733448966,23.00654293372028,22.15208251682779,24.975310176583054,23.942406792324846,25.428384767948653,23.904183877106764,21.552173266619786,22.501795529232904,26.377463439883503,22.425915864752806,20.047458469887733,26.430096305205836,25.854081215190376,8.119076275095445,5.767937944503812,4.45320447604718,6.5193057695120284,9.71298721246898,8.043067984095405,9.303566105362917,10.194153945646944,4.071887167591888,8.282380600931655,6.807408484865445,6.407983372652394,8.822011098452665,11.51711669840178,9.958487818524132,8.550116924408659,8.928978671240326,8.338486216149956,93.14687764664876,92.11955243790548,88.80403859296752,95.14064705469755,95.9308224273012,91.77414095290753,95.00993322894602,90.86100277357303,89.48338957496826,93.34026720027028,90.9334348705781,91.55624541907802,95.36036592074807,94.19260511694645,92.85302684921803,91.95031177791016,88.27898101156099,93.70141856350052,7.477067434560478,24.046955415905707,10.443635398746315,3.300069841486919,11.034056411063046,3.3526121015589356,10.244459541290626,2.683298902935761,8.186500930520952,10.531130948784723,3.318752167682528,6.193793147601101,19.841954133591756,4.790626271997752,3.350043676173849,11.408112461677941,3.348530307377888,7.817397749525383,334.40153329640776,351.092038257348,320.3423384811401,293.67900182222445,223.0307502962721,316.569586941348,328.98717941146236,299.4662650602903,292.7692196716381,320.0553004767087,263.4857180763397,237.84655503002435,366.0390575711789,311.9069781606675,270.1171292240211,326.61994593710943,319.1947669361978,337.3668990216181,798.0687288374654,3622.628167411968,3261.488675444552,3332.7069664511114,445.21892264838544,315.1099133818676,3297.9103723154876,795.8285635450567,517.5997464142545,4619.238175267295,6.843539395760237,1230.7075622562008,17491.778768262113,1391.3491388956925,3012.913636400581,2209.998385572176,298.6932354294404,1380.7159686077553,1.8491861433148415,4.083616350926594,2.9091653366702084,3.6480384044166323,3.3153761991303643,4.086620161563054,3.3997443952758757,2.588856934533209,3.1779113832050254,3.602134797265205,2.148693432452903,1.9057917092158458,3.361232340185843,2.8160016847276443,13.883137344534855,10.993581475923541,2.9916345642684004,4.593299715113586,8.999114238076348,7.558797817384349,7.661159862983193,18.921200030601113,13.72416699175705,6.1930780190261885,14.440488305281695,8.21398793134673,6.926426408439996,11.048955558295983,8.128975565239504,7.298978682521296,10.948190353733619,12.209426250341421,18.80829059540678,13.075632836447545,5.885840174604039,11.410988645556394,82.9136723960231,84.19206960734765,83.33042761313253,83.2531123540345,82.85817231480394,83.5991280498988,84.3100270369299,83.82301422909988,84.61344615805473,84.03792246257838,83.09110579588716,84.25759801305064,85.58087418953399,83.56366075142107,84.47501673493751,84.62756791564881,83.65822718886918,83.47637250229772,5.500101735399898,6.568604866733232,6.699446261181492,6.544900621684944,6.317983591821903,6.778463111150754,6.239853627668836,6.189458203910736,5.743853345261513,6.214134436839843,6.587397034514762,6.416928368673332,6.40000286341278,6.505703924655747,6.256980588180708,6.317547559620622,6.845789201627336,6.604131026116884,311.99494534148374,268.0879169938459,218.9854670058089,559.319924420142,358.34931452634993,260.88423931311803,594.1204842820399,227.42813818435963,219.2617442911894,381.2077723451773,181.1116343957583,214.26501609528577,437.4222149967021,324.9101060981196,358.85673772458057,415.9807478977339,252.37792401330304,403.46957637120056,1196.9146257209939,1007.7377497635777,869.4998136268596,1604.1400779189564,1197.175984536006,1062.233354521834,1555.4087657796692,1003.4701804427979,969.8389463124026,1255.5366121381353,834.5917364216688,902.6549561258628,1417.7597676482167,1168.7326702760352,1318.8313204482167,1199.0794820609885,901.0676980741836,1284.5093393202867,14.426271502178718,16.8882588342459,14.58189672764792,17.815100026841094,17.470801214351408,16.26195602052789,16.310545031624898,14.484759450665178,14.989101034490176,15.713682101412584,15.360347018746346,16.417467608063802,17.025304024875204,14.5634129340249,15.837021096872979,15.682216952334109,14.887789381682262,15.032024410203453,67.93945156814839,72.67810729389807,71.15423907953544,65.707846576825,70.92139308860652,73.47148242817877,63.62589952790126,74.11282666757985,73.92302531262919,69.94358263288193,73.75834479213347,74.23331785466534,73.21643148231183,70.95595848463836,68.13142414317763,66.69920553206444,74.08024550908027,72.9111751167765,71.5064637583475,85.24452233094206,84.56044528000972,89.3570620579328,75.88247710762454,83.04900927041483,86.9545086373583,72.55335149179197,81.18486080726038,80.45030152139788,72.71855040897857,86.51199986015884,85.68844882299982,73.42527846623913,86.26033401085208,90.68876074324533,80.33991019004075,74.97404686819108,84.1811734099215,92.07088619139434,91.21432654947415,91.18133906675813,87.07393085280738,91.83278885879992,91.92184250987818,87.40140082627285,91.34900982586532,89.12163356558277,84.51248254765711,91.10032552877821,91.25231781326394,86.39590985677586,93.42493304818916,92.05336540726347,91.12432027943757,87.33165993198438,44.00568885377465,47.61364321252637,52.35924697553431,43.12251980529778,45.51971579900846,48.94634204602571,43.52838803793802,45.98919189002475,50.27176032464908,45.08632767066048,48.31137331834825,49.62300720528109,42.72521608658072,43.3750169919043,47.05789889961376,47.61229120582446,50.90027917685998,45.0892273505662,98.03433333333334,98.00533333333334,97.89333333333333,97.637,98.49333333333334,98.15899999999999,98.18033333333334,98.21866666666666,98.04899999999999,98.036,98.04633333333334,98.28433333333334,97.855,98.45400000000001,98.25866666666667,97.91333333333334,98.322,97.72366666666666,8666148.0,1360820.0,1013182.0,1248020.0,2255021.0,592932.0,8096922.0,2120562.0,2397071.0,48999880.0,1053204.0,2711503.0,7085755.0,1582254.0,682408.0,2239155.0,326139.0,5398671.0
2025Q1,1.0407378860107002,1.1298628642728892,1.03870235313982,0.3288220840391075,0.48152347209044927,0.9724963208550119,1.761508623520665,0.48919822540770996,1.3653007023242123,1.4928749293250907,0.6851302546553565,1.303217351469586,2.254442123141925,1.143553266771106,2.7067979756131297,2.210195416219861,0.8935667020991465,1.2018948345755427,24.750434998123904,26.996059552742647,29.18637663779149,27.10411931747883,21.661676688292797,25.280482069336472,49.266503336788986,14.911270169990685,21.168742477867184,38.348716727149814,18.401569668421043,29.371041552224217,86.77650913226097,21.862588728776387,27.286927540749726,37.759380634464314,20.775839596751403,29.140657740311156,1477.481879119325,1571.4054749657334,1608.224782701247,1642.6183327454444,1412.2778839230748,1498.0444490899463,1823.3626337930373,1463.0421623916175,1497.1903177307422,1685.3477404573216,1390.2596401766918,1522.8666911923526,2030.0294089371544,1454.3688777903262,1802.2478674767665,1898.714893604969,1533.5931597130605,1540.2767955465406,113.3767259061612,108.2371848168664,105.7175460405074,96.68049708314888,99.74170049295861,104.82780078934167,100.16641958310433,102.91720192218959,111.8839884901727,110.751082167304,112.2184657026447,114.5684532080418,111.2463934867708,100.32183700759765,101.54345529171388,109.9731062993375,99.66628892367272,102.0058173807246,3500.48059381612,4720.722954424134,4668.043419976765,4515.397157891887,3628.2080681099646,4370.827394426611,4762.407184080008,3674.629645162611,4394.898608667802,4336.648547960336,3651.4048698901584,4228.861164982071,5376.699420470161,3706.975600675765,5063.086163383873,5749.6878659991935,4479.241264134112,3744.868309239632,85.82873643495184,87.11735021705594,89.46936023152004,78.58008808086531,88.36157946976252,95.39929237616818,86.57472225159752,86.79016695700312,88.94376483844127,87.45523760051745,85.04369511771462,88.06058254696617,90.13501618970079,82.60838468032496,88.11998344765652,96.14089441216294,77.81954470529043,88.27179624434915,0.024216543753377572,0.02745817336828321,0.03167088288373486,0.023610946646141443,0.026212267571427434,0.03161939480107745,0.03151846734036375,0.02240429500305214,0.027498510132969847,0.02856683593164241,0.02203456607284413,0.02757169100109366,0.03493027580143961,0.023617050905834887,0.03355979492698734,0.03919560923551838,0.027631325293831454,0.025593611421699768,693.0191302875816,415.14715198018433,461.108664515634,929.2414536614504,736.0481918767317,467.4983010471122,808.7401777732239,481.1476017033728,411.30836465541626,697.0724607955794,508.60873094364024,501.7938493170733,0.0,638.4393972321519,399.87191066120965,518.3374727581337,620.5095150280263,763.7275677595221,51.29096662843509,41.710505132193894,32.56252493927878,78.25095557879834,50.231236484188436,39.184317526248094,59.93841637529986,33.51968196018156,30.525048274470105,53.075821747450725,27.923701879194354,37.12215651382769,82.97246109426024,41.371154365156244,37.62567069785434,39.83095378325597,30.481686999055345,61.586434860732986,23.530713339102814,23.12980071348801,22.26447848770393,21.253633148723537,20.94358700430055,24.232314470717082,21.790232504708314,25.771486184484644,25.752112115050455,25.23299626395206,25.54224633309948,19.753119231260033,22.666792556649906,22.93870863847049,21.86882371273622,20.29132868260089,23.892729646491528,24.443377197494225,8.032737049482087,5.896008663516332,4.910027461163654,6.5481103098893225,10.096317727302743,8.104199839204735,9.359960289584125,10.5078891736091,4.112865254395922,8.446503980060015,6.874676279743051,6.50859593083404,9.285425144705163,11.312446830436635,9.784888544660548,8.749610396044218,9.017049507005881,8.530232109510802,93.18903395838662,92.66777409804041,89.14344417042328,95.07417390198104,95.8953747218803,91.69904224991917,95.27955053448296,91.45651301976947,89.24943056169992,93.46122316725564,90.03647084140556,91.44519246824625,95.56232608339191,94.50645306982128,92.92772168558109,92.32500887471171,88.94280135799296,93.72352151790919,7.704817404130716,24.092657629695566,10.654279464466658,3.3278027393011698,11.266951503186396,3.2242204529292815,10.276155884345203,2.6945677495771623,8.125283330839984,10.71051165884096,3.329938692417225,6.413737646940972,20.27522468876751,4.9512110772110765,3.217271095437119,11.532194806486396,3.2184363818455437,8.790654539069104,337.86840931579434,332.2830269552691,303.09764979922016,305.3150649242184,250.31768783449166,354.4359799235121,309.4317532699253,295.9372578372175,301.63002015252636,309.8669560643523,265.0944280123407,251.8487968913481,285.34656201020164,318.1845339429852,228.25984964969814,360.1269720948504,364.5985746362853,345.2953778705359,745.7487044199559,2785.6677349932665,229.26397815511498,3435.5597638390577,440.91819427142536,2016.4022348172143,2996.2868491726804,510.9120913213747,849.2299136848942,4228.785241576525,31.390016103149765,1346.408827645021,15738.760434939573,2246.441637359139,3135.770504181084,2264.0377477346406,356.12559977559965,1313.1072770200103,1.4323069334090788,4.128751876740077,2.605820228465948,3.4191428921104015,3.3259868876820837,4.247404535997384,3.326854053921756,2.3477764112554165,3.2863244942733467,3.4655049593275016,2.1735245439234365,1.5760839689725814,3.4195120741158718,2.6297515390377724,13.751896372364106,10.959786127311151,2.455149000047152,4.577997479317584,8.88764112662922,8.503017044088034,8.198265268697888,18.577840414512064,13.148922738164995,6.667558721171752,15.291835171680916,8.55837030574888,7.182466103821374,11.040630832705059,7.20310057825232,7.1759466737040825,11.00066805952033,11.783594309040417,14.674584608421029,11.827722424238315,9.069487504389564,12.075962078842652,82.97451385063898,84.16338610566655,83.351626494791,83.20132131716312,82.91017043023406,83.49695059116962,84.35540581218126,83.82938160863706,84.6429004992373,84.07994463675689,83.11769380884115,84.35208914748837,85.61982907168786,83.65912647855397,84.48123016329455,84.66619908202121,83.6568913167554,83.52665527054833,5.498459008885646,6.659685507135549,6.56847880275075,6.496949354376195,6.116784800382723,6.809313363094103,6.213655421165591,6.364636358206258,5.830426108376317,6.18027447290785,6.658742208298397,6.442178430073204,6.424579975355265,6.451976115917779,5.950950153915958,6.342652585448111,7.081351008578886,6.353495453688538,308.1761724966119,250.91928175231374,232.90866700487666,558.9416474575136,341.16157436887636,269.65794280951457,583.283484109005,220.01087603115192,229.63427061231454,378.72411659359955,180.21714397533975,209.784518317814,441.1874772891431,318.7612333198015,359.0334303059871,411.438766876846,241.74186924462242,408.68222537310425,1193.683196243195,995.4416729900009,876.7464544167037,1621.8652189356644,1197.546060089352,1072.5822484545502,1523.9896341320882,992.6165529258757,984.1476376368865,1240.8580888740496,839.1561766158576,880.1967031392787,1387.1100024206612,1168.5254613452478,1298.2911198716881,1206.3334014181103,921.9737079720295,1302.7140191449716,14.393985870065345,16.719684460169223,14.560885741088267,17.78035952069732,17.07868389003786,16.13209828828113,16.1321504406798,14.211292035410741,14.828005991480827,15.633748832082524,14.85223692721391,16.248663687166303,16.892527096897997,14.333735915648672,15.399526814373928,15.5631489538159,14.73731197829543,15.005628151042778,67.93098387790643,72.64083177582243,71.14294135790561,65.74565621479377,71.05256264739997,73.50304240289492,63.7290088224076,74.07390400458023,73.88464234577232,69.86043994785703,73.71272805297608,74.45624874330662,73.25124059543974,70.94951964941797,67.98935542649087,66.70192239449466,74.06558233354492,72.88402059021726,71.82592809406559,85.71833854309827,83.82129788216305,88.94091812568718,76.37063601560676,84.31159383566093,86.43467481677034,73.19734777271002,80.7835489580431,80.46800530356444,73.16002512995044,85.45312915743771,86.35515419878558,73.3824140154924,86.85440338665411,90.68768479668002,80.86965483765371,74.57975746220801,84.23339310576836,91.87566597085818,90.97863589619975,90.76466527918932,86.32408828027833,92.32639135180656,91.98152491876554,87.45676961868656,91.63722740377327,89.30689533798598,84.33533320685653,91.9884152518437,91.41501724030911,87.12711829401226,92.9275039339734,92.71523456596248,92.49999615500292,88.0175975317915,44.47415095085974,47.46510829075842,51.86832083148538,43.55061938673047,46.11051534094334,50.33792885995262,45.10469991885714,46.1634965643899,50.385088757984,45.6486820262738,47.25471698113208,50.52541419011229,44.00822212232247,43.77936644784568,46.68827064142759,47.67470949104364,51.75754919514529,44.83601653895285,98.91166666666668,98.89133333333332,98.78800000000001,98.48566666666666,98.94833333333334,98.81766666666665,98.98700000000001,99.12266666666666,98.91000000000001,98.85633333333332,98.72433333333333,98.92,98.70766666666667,99.08133333333335,98.606,98.74533333333333,98.98833333333334,98.74033333333334,8676713.0,1364621.0,1015128.0,1249844.0,2258866.0,593623.0,8124126.0,2126378.0,2401221.0,49128297.0,1053345.0,2714741.0,7113886.0,1586989.0,683854.0,2242343.0,326803.0,5425182.0
2025Q2,1.0310972480765566,1.1241704424278574,1.0432932952955594,0.3130454854572506,0.4693436181615035,0.9723975220049798,1.7405853567519205,0.4740441854963736,1.3709825955404678,1.4909265775205132,0.6817877507765956,1.3064078618500314,2.2592894390623317,1.1527574032805332,2.7718356650602463,2.186294120967815,0.8867694761505909,1.1956445679175172,25.16712707939355,27.19563975671588,29.822289664895248,27.286958197683994,21.82404317036635,25.704304117255067,49.73837932388563,15.025802675851212,21.352201999245462,38.7079683639771,18.630952531717845,29.727393982885946,87.29643894617985,22.160236297885973,27.777073779878897,38.095193628905044,21.057104575228045,29.50927548337683,1476.7611919819053,1564.2102495827626,1598.9196296266634,1647.8222818985735,1414.6655492747582,1490.1621265648787,1825.0650348351667,1473.497581927834,1499.1558497321982,1684.6227666946722,1394.7191827007032,1516.5693076034954,2041.8625933537965,1461.9684076806163,1808.5956552894152,1901.74147759107,1543.5291553990148,1532.3071614743096,114.0676383342491,108.2371848168664,104.98634232717923,96.68039479147882,99.74160716562461,104.17546098452415,99.71037838818664,102.41458471552129,111.8839884901727,111.3923675804885,112.2184657026447,114.5684532080418,111.2463934867708,99.70641981529324,101.10531971052202,109.9731062993375,99.66628892367272,101.51844744974723,3521.7412739252263,4747.332733500322,4697.698328324052,4544.002233985065,3651.020560956671,4399.127083464868,4787.590278732586,3693.513512645519,4421.156830442011,4359.285258160154,3678.415455045886,4257.222731408809,5399.799286632121,3723.669276045656,5088.765325528631,5786.167023978926,4499.887053111573,3755.50234688842,86.2421259517094,86.99957466688905,89.69357802115121,78.58413223860924,88.74755601750809,95.72195706916135,86.80441069246402,87.1126008320651,89.06019695868966,87.6619898520085,84.96288124301931,88.23547616048307,90.34512028075336,82.92871359683106,87.7641256029448,96.2594303283121,77.04911204379707,88.59572512857908,0.02432340847596972,0.02694587559097288,0.031278419268608595,0.023949147231299525,0.02576256074104182,0.031578132311701076,0.0319594359021357,0.02217894267545815,0.02792113371532006,0.028569305490827944,0.02263590563561889,0.027641415588020676,0.034708610395567996,0.023571433508888462,0.03326825595545556,0.03856766740911803,0.02749776447142338,0.02546128623723334,690.6276212175113,397.96524280377076,444.5947279312623,921.054953422809,752.5031196025974,446.84508904374593,793.0235276113725,472.035475915265,402.09045948811706,694.7608750463264,507.06942575400643,492.4319548522669,0.0,631.8807308636192,388.04924497390346,512.6635246218268,641.7419469819961,745.7029572493044,64.07268763467776,46.169163142473835,36.16258200467724,95.13081059488906,52.20240621477066,41.29096903990066,78.43520466783329,45.45365113583452,33.71655253841283,67.75028089295755,32.908584952876,43.99882117709813,103.02623052433268,49.399581958033245,36.63575310653222,44.85084997245239,37.047571199704464,75.90319873334391,24.404711830215955,23.41783749046616,22.6484489338455,23.88469804279013,20.703259213557548,22.746405024821453,21.328315008616638,22.8461509613974,20.145016336001305,25.619251561844262,26.49424086195205,21.363650682456583,22.951132003792605,23.758163546325363,19.3211765420854,17.31947794547875,23.935176562352897,23.68037528522309,7.955843348283997,6.014395887715422,5.330527849309936,6.581501706343033,10.470154391626972,8.156918732537381,9.427572303605377,10.811393615095897,4.144369809365135,8.612540557471942,6.946251462944867,6.60949361796544,9.739848961466329,11.139823911395776,9.625824358727984,8.956415270930272,9.10049385377619,8.730242738052183,93.23925454205389,93.18740517757837,89.44323660874686,95.02549292074609,95.86780121122662,91.63372800595108,95.55012198322132,92.02703213013604,89.0522100769661,93.58712703476708,89.22989143461591,91.3647519643014,95.75708438005401,94.81214644008739,93.01810455841817,92.67465778586202,89.58080330450477,93.76446444749065,7.360529111064243,24.087286542228544,10.8269989847073,3.384663203886331,11.209080862891932,3.4295427354592087,10.344530493640509,2.762965616561902,8.384585573376919,10.808797445477582,3.258518069531686,6.302707143836311,20.434222531157314,4.72610223180663,3.4232798731796077,11.708945408426349,3.4217589843678256,8.702199569595463,347.6919135602138,316.9682943859873,316.8197062454075,306.309625971774,248.3060106008562,373.37235337095785,327.79362097393766,331.9799095810281,308.21981612622454,322.05353764488837,301.8440691438988,230.52955746810196,343.2202194072104,311.6861049862082,281.29604616577365,354.0549289861901,331.3618609955235,358.5089527871159,772.7461062814623,2190.7341775376935,168.39151425266402,3176.5097627452014,597.9724021555502,3543.7048718627816,2354.4943199825348,574.3769731168597,714.966261003753,3111.7960035509936,154.80924638025238,1384.1407099773437,9887.370494468298,2240.1307939741914,3399.9025540845223,2371.1118393289535,7057.186601464686,1351.7196584018502,1.1524589793168183,4.048803649498656,2.909120233826234,3.2586631994976,3.4175875257277197,4.334724380646817,3.3225516735723013,2.145258593999074,3.760876065331472,3.4526078500820043,2.164811361883523,1.5302092393115112,3.7401392833494413,2.4743234345731864,13.573983294997877,10.530281449997206,2.142284180854064,4.63508752838678,9.315734129567053,8.608212733184104,8.534122342268182,17.37442420179015,12.75592015763504,6.241260671897917,13.971840453907202,8.91955014283502,7.394278853766201,11.120852219682533,7.586749327482359,7.396615032041314,11.049272775588504,11.359327957971933,15.5240666244412,11.94781450492621,8.868818238561012,12.15722708298867,83.04021544534027,84.16715690526257,83.39915777879308,83.23333561555793,82.97374410966586,83.480105375326,84.41071667347238,83.85726037515737,84.72738025913891,84.14244885441525,83.18826064473795,84.44220928322319,85.69162460484335,83.73328087397054,84.59334312107856,84.74478352661718,83.78247578577675,83.58694969439047,5.496816282371393,6.750766147537867,6.437511344320008,6.448998087067445,5.915586008943542,6.840163615037452,6.187457214662345,6.53981451250178,5.916998871491121,6.146414508975857,6.730087382082034,6.467428491473076,6.449157087297748,6.398248307179809,5.644919719651207,6.367757611275598,7.316912815530435,6.102859881260192,299.10272056383224,257.12263778234876,226.91100946779576,584.8624044450686,356.5683929932229,261.8958261905631,564.2016767859609,219.94871354842402,224.83084648245352,374.2844397473531,182.76873475468807,203.60880470076486,429.72262387500194,313.8947643274171,357.6393332484069,413.5344497693417,236.2700016906397,422.86408586061526,1198.6953216943903,1017.9627176872807,883.3873790731802,1661.471040089499,1214.8868005505603,1075.844919491887,1526.346626149885,1026.3858882848047,999.5983583839751,1257.3258530221813,860.9621101879421,888.9229586304698,1389.0216338797509,1162.516306211151,1319.8323281609769,1214.1445012768104,909.6244213147893,1334.4502555071897,14.378378678367495,16.74603707249692,14.580579311525415,17.908085046897654,17.34911923116959,16.26916320229173,16.193592131092718,14.353243571467617,14.972276014126841,15.613304318641504,14.936450818857962,16.374326477389825,16.887030586103727,14.525727768968213,15.591858709925306,15.627751481920562,14.757990804131515,15.084151790230418,67.97171109460855,72.61841789065275,71.12134009134446,65.78346649409312,71.18373227663342,73.5345818121294,63.94874698729082,74.0431100583168,73.8583471997475,69.77729591667583,73.6608206631131,74.68471462812364,73.33903952095366,70.96041647832214,67.85812685393924,66.75164206201772,74.0806908707963,72.88709806682225,72.14626345409776,86.16700198918298,83.16085919137136,88.60107782980782,76.8524246605044,85.47897219179782,85.95505765731231,73.78262369503473,80.39917323852555,80.49142020681552,73.57928232234471,84.5221038601126,86.96833160317269,73.31873989682437,87.4116812930861,90.69711601327784,81.33932275619506,74.19954375829761,84.71835924776626,92.19378150038689,91.63702690711018,91.11967935899862,86.75381113489897,92.78803378282204,91.52976409595449,87.31944274046515,91.47425916453864,89.34921597124978,84.95357779288886,91.49390991514399,91.58116779500013,87.72426877786701,92.02245092763462,92.5743605896338,91.48528683699841,87.9730980335105,43.08277184909798,45.07756944251376,49.112009810676,42.08961425565795,43.91616000297209,46.65747826057682,43.22736997982557,43.71194218269704,48.11912878409764,44.08866038274663,45.61583241074294,48.05309559556058,42.96230407203873,41.37683250457321,43.76684497284552,46.03640581063614,44.97564265724235,43.78412319783038,100.01866666666666,99.91833333333334,99.88833333333334,99.96466666666667,99.90933333333334,99.78000000000002,99.98266666666666,99.99233333333332,100.01433333333334,99.91433333333333,100.27499999999999,99.95766666666667,99.60866666666668,100.02766666666666,100.04666666666667,99.99266666666666,99.997,99.84933333333333,8690805.0,1366814.0,1016036.0,1250984.0,2261033.0,594082.0,8140006.0,2130850.0,2404272.0,49227658.0,1053194.0,2716214.0,7134829.0,1591333.0,685338.0,2244367.0,327663.0,5449057.0
2025Q3,1.029656908455009,1.1232595298360017,1.0482264285188945,0.3057959258317886,0.46081627257504176,0.9738279886393951,1.7248527442274733,0.461602389134991,1.3807845197373072,1.4909500052080846,0.6795079900850278,1.3126111806747054,2.2504706403484147,1.1593155851806496,2.7849763473019764,2.1734399389213994,0.8797811460265603,1.190498898760877,25.464914899385093,27.274035775584185,30.17394313003748,27.42272273081854,21.929135774128945,25.684018269592034,50.05490017717142,15.059086652129757,21.336567213897457,38.968256473880864,18.790480031278186,29.97389359284105,87.81897361369673,22.390728230909474,28.153691932483156,38.31520944238664,21.25269821215873,29.825454917194154,1482.3178514292442,1572.9572398565356,1593.5910805320568,1654.2156133833478,1413.2262652662687,1492.3730859323102,1829.5358513951862,1491.719820103355,1510.8523882982338,1690.2878321818125,1396.7804844655534,1512.4960293042059,2044.0582940589002,1455.7538231803508,1810.0639664636751,1907.3718035750167,1556.1714395672905,1531.5847777861566,114.5684601108345,108.2371848168664,104.44484960583947,96.68029249991699,99.74151383837794,103.69863856030038,99.42540592028767,102.04327276171034,111.8839884901727,111.7933492753518,112.2184657026447,114.5684532080418,111.2463934867708,99.24496800759663,100.82707758994056,109.9731062993375,99.66628892367272,101.18807229984792,3539.364331507409,4749.791669406193,4717.697524734447,4546.120210378634,3665.593742714933,4419.814745492901,4803.3444889010425,3701.987875455472,4439.755696568648,4373.813228358997,3698.679062442607,4277.49484107765,5421.954277607799,3732.3531152908736,5110.052261666956,5814.686998654664,4518.019830010036,3757.9520299629257,86.57891349094184,87.05425739074806,90.04424688204979,78.90801008631509,89.01563585983634,96.01461595218676,87.09315591891426,87.31108331842522,89.29512616404178,87.88618528528548,85.33780571416914,88.74600830580374,90.52900458690108,83.2526029423947,87.69373917946422,96.19896764065591,77.10130865973787,88.83821162960848,0.025589766849046094,0.02744839781256936,0.03136379446888873,0.024502652598974575,0.02540819303870247,0.032867583148260535,0.03153600487167439,0.022234265457958067,0.027927127055971758,0.028982258403630144,0.02294899306310214,0.028355655153165033,0.035004926655578014,0.023311672617206434,0.03380750261458281,0.03917449140150849,0.02750658726411502,0.02658170840371556,687.2589131245916,387.9330548963883,433.9806860549201,910.9838416712265,762.1685787063608,428.6860596924343,776.9952913126523,466.52903137952137,396.45615865657743,691.5995474429811,506.11288688492675,482.77791489414665,0.0,624.286457035118,382.6604875419623,507.8187690793908,663.3429370422127,727.7842648967421,65.0259507311149,47.580758109520886,39.34852056223075,98.5402853422072,54.28072228630805,40.24732150341556,79.98880045896887,46.335720022299114,34.996242631561415,68.43265669501547,34.74782012865143,43.9759981313565,105.89562683512825,50.74370876410611,36.1468305175237,44.48381245775318,39.236894146470725,78.70600041531965,25.803027805382676,22.38373136722036,22.08204163933837,23.402168718293275,23.48777838148661,22.612475558003045,22.220616371181926,25.935464497259776,23.858958286979643,28.2496018694726,22.45304761692385,20.717944164620583,22.8474590431373,24.28845924532153,20.89254271810165,19.365364764114418,25.24414399591026,24.121076183528565,7.873281226790117,6.143400150245957,5.781840901160228,6.613850823204932,10.849079179640249,8.220313804209209,9.488123100535947,11.122029485835583,4.189201664866984,8.778339044122578,7.01688538001173,6.711434077748452,10.200257561602115,10.946194616775385,9.462018355858163,9.159591670836289,9.193808672023978,8.925026899103562,93.28097867106683,93.72966601968518,89.78555596679318,94.9642977149623,95.83383499814737,91.56653810766595,95.81772366791003,92.61842741423166,88.81847315651953,93.70819079335006,88.34044506646683,91.25998439285603,95.95812543027023,95.12348764262214,93.09083814681041,93.04832252005286,90.23729637059836,93.78984626073604,7.765590025928953,24.321084971749443,10.936812909237425,3.3681505093768727,11.251103752158512,3.4237873436206505,10.345917444608657,2.789279331357911,8.554143348186773,10.948441675304597,3.557736578958157,6.360993107210221,20.694406071912184,4.806847238538993,3.4192598567600743,11.93389814454058,3.417246433029125,8.827397069910983,353.50876674672224,341.77647647989096,300.14173291265973,306.9432417167485,248.86114122080025,439.6736787545465,334.0308043004455,336.39463589620914,321.71154528158445,334.39021112702767,279.0372819645061,236.8930759281831,338.5205290508966,324.6811363445297,275.77163633119346,358.1493469946951,338.3112766259016,371.67479150564895,1140.1003451434265,7067.307005570162,336.5098136657708,3101.074729320682,798.0628928121878,3581.0938884104125,2165.59720285452,1160.8882983661406,790.4053402582952,3657.1522218753616,1251.1893369681109,1398.7365954291015,12146.167009235816,1904.2320899924505,2463.457164389988,2151.0871272369905,6767.968949824191,1259.8502092119493,1.0613678425035238,3.8603529385010726,3.682813677316622,3.149727537012176,3.5575212539505103,4.322637798518081,3.3664241265538384,1.9907329372088316,4.432965518256049,3.5354084558353502,2.1303238744293647,1.7244284942165375,4.221993427950561,2.3298177744812025,13.45821479298411,10.08617143997359,2.0936107552960412,4.736507658045305,9.159453419809466,8.115780390863963,8.119244945530136,17.79108136336942,11.732196025063086,9.835533209685911,13.524038792077828,9.208040135880653,7.3109804708258315,10.921439089098547,7.316504877084622,8.899161287511868,11.104963613130955,10.987632691538053,14.368100784659447,12.233209794130028,9.217517546987576,12.256753763405191,83.09991011654311,84.21918619473284,83.46830783787478,83.34147689912268,83.03610681380471,83.60692786592003,84.47008069141575,83.92321315335224,84.84939959325017,84.21881783380422,83.29152253231236,84.50810541788395,85.78666795667672,83.78466231899671,84.78232932410333,84.85096478805306,83.99858948140356,83.64821675007666,5.391272380522094,5.966774573975509,6.056699109691525,6.083704982149241,5.411016099590495,6.189475120737235,6.113493071116515,6.312358605715903,6.324520346365205,6.02232705891388,6.166637000864249,6.324914505601882,6.172628212110137,6.468010029919572,6.548263367184926,6.704818309215875,5.571941714396334,6.168594593137583,293.5771946953163,261.6658617196461,233.50076272586804,613.9096551212028,361.36982655395406,277.8924338862459,560.2931763371384,218.56895490910728,227.47443648692675,374.6871338521931,178.65176089523032,198.8587016716556,436.77102962487083,306.4685658051832,349.7382872183239,402.1945647412929,226.8314292508105,425.6888585534951,1196.1134274725462,1045.6463194450118,894.7280953800516,1728.6776218976609,1234.9770543766022,1077.8772774084018,1523.1608556236192,1048.0901652883463,1017.9256487375973,1266.3397440514516,872.5729856543142,892.6301440314307,1369.3015482148578,1163.4533626558778,1309.8386763018877,1233.506736911835,908.0270750929307,1364.3215425091407,14.445315028721309,16.6673597074094,14.6223982727444,17.747604734056207,17.573636735048154,16.30355071390949,16.242348977049772,14.414568915268136,15.01584505734911,15.714572385453062,14.902088523457277,16.463751446328658,16.919947579889836,14.51680589001313,15.873143731582939,15.622508650209543,14.882173781747257,15.10188382364658,68.05779331278916,72.61024232858668,71.091135640389,65.82127665677497,71.31490193288094,73.56613071428785,64.27113803890786,74.02124092008403,73.84386381463756,69.69415138460374,73.6025459226149,74.91871550911642,73.47255289339276,70.98567963276693,67.73682949014753,66.84389970584351,74.12024812200384,72.91576849071711,72.45373654590223,86.63299801081703,82.43914080862865,88.19892217019218,77.34757533949559,86.72102780820218,85.4449423426877,74.41737630496526,80.00082676147447,80.5085797931845,74.02071767765528,83.4778961398874,87.63166839682732,73.28126010317563,87.98831870691389,90.70288398672217,81.86067724380493,73.8004562417024,84.76223737436315,91.94227649283204,91.06012108720064,91.12679603072623,86.4882860142501,92.4638697181838,91.63007221252823,87.13185968297338,91.57524957170071,89.53361823882415,85.4763194672574,91.51922316644531,92.41120129469851,87.96169404426996,92.41144431821475,92.53238614738228,91.63971785809893,88.53892456885549,43.15952278977374,45.08810630068803,49.16161786871618,42.14383581791715,44.00680803615768,46.73305302020306,43.28728359430568,43.75576536139916,48.16013421297279,44.15008839869431,45.6868724736414,48.10288862894468,43.03568778923904,41.44793976909985,43.83857463723574,46.09626883110813,45.04021201090516,43.83228075658468,100.10266666666666,100.21499999999999,100.55333333333334,100.758,100.15333333333335,100.28133333333334,100.30433333333333,99.96933333333334,100.11266666666666,100.23633333333333,100.072,100.17633333333333,100.21300000000001,100.08233333333334,100.358,100.319,100.14333333333333,100.39333333333333,8708950.0,1374215.0,1017734.0,1257823.0,2265411.0,594811.0,8161465.0,2138591.0,2408411.0,49355367.0,1053641.0,2719387.0,7147851.0,1597054.0,686534.0,2246615.0,328285.0,5477827.0
2025Q4,1.035784214912586,1.1253940341666084,1.051780634409675,0.3076267241588611,0.4551312630140654,0.9747858357436322,1.7150069481659815,0.454987855385684,1.3929817882160807,1.4920222500629536,0.6778631861159972,1.3191825902825765,2.232507441293515,1.1601948721764694,2.760990115874341,2.1686048699881932,0.8728784219586128,1.186586708776681,25.67051278335016,27.35875386791995,30.56145259666624,27.521094980832284,21.989561993561537,25.793482725193932,50.381546924011175,15.076076486346677,21.40856106569991,39.209656683567076,18.988649977860913,30.192731574653422,88.3114726807596,22.491334248639497,28.355773828290197,38.44690377273175,21.352882739737495,30.17273315196366,1487.232060363787,1570.7168468727841,1592.175324117715,1661.4005518649506,1421.1488102032388,1488.7470168171822,1833.8040506293623,1482.5435420804051,1511.0858282093234,1694.6224726258304,1400.4495105294698,1518.11334164495,2056.476279571021,1461.937655937421,1817.5482170815696,1908.6410775880042,1563.9706831583026,1530.8281498197227,114.70452620023616,108.2371848168664,104.04384731069338,96.68019020846339,99.74142051121859,103.3501091243169,99.24733142095414,101.768963475809,111.8839884901727,112.4139491816246,112.2184657026447,114.5684532080418,111.2463934867708,98.89896244667113,100.65037731498214,109.9731062993375,99.66628892367272,100.96411974813405,3554.131282187016,4767.140676956859,4739.3138172772005,4569.147816629648,3681.613760703291,4441.779641497896,4822.451079054579,3712.453261995543,4460.9202888821965,4394.422281210845,3723.298490849477,4301.1078387871685,5458.6737957858095,3748.120181801784,5132.43113774746,5846.843419302511,4536.642736183913,3768.155819469722,86.86860943618225,87.24335259717321,90.46051946496769,79.44114665119743,89.19485528334583,96.28586189768218,87.41780991684783,87.44741607094029,89.5852110012088,88.12494016967558,86.03774786943784,89.42786701785012,90.69354222063328,83.57944713754854,87.83669406025655,96.0455861485609,77.74753222720484,89.0408127910263,0.02575300480356247,0.027362785596809536,0.03230846848258938,0.02620169755913423,0.026853746742283673,0.03221187060251792,0.03212728141545122,0.022827161390125264,0.027832224930088204,0.029269900272386632,0.023686211742216644,0.028711989824564754,0.035043497186972694,0.023857784390032027,0.03358350357396429,0.03957400970582683,0.02950640519701293,0.025998836946725362,683.1435801564891,385.68700127465263,428.6957456779788,906.3344770632243,763.738940246166,413.75632606579615,764.5110553398786,463.8816852315349,393.276893542823,688.14720409936,505.7281342599667,472.72370682560313,0.0,617.2187329411506,382.4776563882717,504.0344114695147,683.7954236530544,712.8411170111702,66.531902741306,51.69847298020959,42.08188553227142,102.77845051889,54.986998368286905,42.80686443985176,87.64708601793174,48.12856821079747,36.92034878174841,69.19885407810911,38.79423723780322,46.567827272685214,105.1123560386343,51.52661093885848,39.97148847584728,46.68459561164517,38.885374010266915,83.82178203398962,24.07725807123509,25.62575069236245,21.862468596926664,19.893918197860884,21.742313920044026,21.360567148772816,20.020152386058555,24.065087733365857,24.85172167407534,25.878208050778866,22.671376222439296,21.05351925736241,22.26905710918569,24.537605352140428,20.58846259087044,19.192830530682812,23.510552046093192,22.0945822245729,7.796387525592026,6.261787374445047,6.20234128930651,6.647242219658641,11.222915843964476,8.273032697541854,9.555735114557201,11.425533927322382,4.220706219836197,8.944375621534505,7.088460563213545,6.812331764879852,10.654681378363279,10.773571697734525,9.3029541699256,9.36639654572234,9.277253018794289,9.125037527644945,93.33119925473409,94.24929709922318,90.08534840511675,94.91561673372735,95.80626148749369,91.50122386369786,96.08829511664838,93.18894652459821,88.62125267178573,93.8340946608615,87.53386565967719,91.17954388891117,96.15288372693233,95.42918101288825,93.18122101964748,93.39797143120317,90.87529831711016,93.83078919031752,7.855907089254644,24.198098641368215,11.12601966490221,3.466182593746428,11.358069847328627,3.5134550953325823,10.215063510005997,2.792325773067538,8.672918605898197,11.010346537386393,3.6127668208873276,6.386543856670635,20.977102165262654,4.818224440704548,3.511253572813424,12.037916858548453,3.507738571097003,8.735213268960598,370.1805582592172,325.89135701987936,301.68970376969094,303.74009317664496,253.19203061103707,402.7215597230271,339.781491735888,351.0112414572732,350.4339678534081,337.9048429342454,291.3674655044219,246.8328519608385,336.5958963808416,324.600042658407,282.0894970429979,371.07159538332286,338.33410389601863,375.4641138223197,1047.9015793697822,12872.662863849386,309.2019933182355,1381.6610378928124,1000.3569936174231,3579.10038985962,2628.8273624101334,1867.6274147106387,1369.572497288292,3436.036148869853,2032.0181722782597,454.8384300161206,10020.66936870022,2017.8179642941288,2502.069144768554,1133.311042676262,7317.613469188376,922.192083486968,1.145013029259958,3.6315296919385314,4.591009547990949,3.1070872501896365,3.688115020239733,4.241926686970836,3.4403845896110252,1.8938977903772205,4.977203669272245,3.65627829853647,2.068533481059937,2.0307714986970105,4.662421228084195,2.1969390329905423,13.490259996651307,9.822361289941107,2.26710872517503,4.848315507186027,9.528956379245228,8.813565411489824,8.586503986932511,17.27387515429174,11.131986430087146,6.075356465019406,13.289419307648153,7.473044467275841,7.954980170065167,10.853946756067096,6.432525764791535,7.287048107560344,11.14064951511166,10.63645246547027,14.269901165679398,11.991247009128271,9.150108324362597,12.309386569929455,83.15282540275895,84.30694304527545,83.5474634884741,83.49600598954484,83.09300344367338,83.82273575508923,84.5324813118312,84.01073530838568,84.97564840675474,84.29826125432248,83.40264083054176,84.55449806928283,85.88659573619914,83.82108062101806,84.98471767026764,84.96259752886834,84.22522786027811,83.70778511385316,5.178569974614666,5.966774573975509,6.056699109691525,6.083704982149241,5.539654451888824,6.117642786891478,6.113493071116515,6.312358605715904,6.324520346365205,6.02232705891388,6.166637000864249,6.359136634182743,6.172628212110137,6.379053235440016,6.264852650973137,6.704818309215875,5.571941714396334,6.308073765454736,288.38638012527576,247.99021600428648,240.13118606462763,620.5514770471643,343.5689746360218,289.01003472365807,552.1571255378198,213.94212126492926,236.0953471326955,370.7129372812834,177.41990476248165,193.5116252550671,427.33031112169533,308.0289767843209,349.4807833993411,404.73718583425864,224.59128746894737,430.5829766952346,1195.097642134676,1024.509769705858,903.9801301614683,1746.9170556925158,1226.4260859250353,1085.5056362574605,1505.3505343744678,1022.8425392652117,1024.0292003703382,1252.256730542318,878.6429226158077,877.2984265197031,1349.491922525705,1163.419194072288,1289.171338764439,1231.6961365106054,918.7488380078065,1356.7438280737472,14.549184965474211,16.645475028394138,14.64040208943419,18.044039268183326,17.60569307860722,16.36014133216699,16.22627138811204,14.391593070551536,15.024189195601537,15.71811514423145,14.985739687475665,16.489193994375402,16.957901288015133,14.513115397199794,15.929745528520083,15.602310808054826,14.859393176380802,15.152656328571942,68.18409422911473,72.61533531296925,71.05417991983865,65.85908684066219,71.44607159948848,73.59767523455986,64.68081895369998,74.00873447133152,73.84060336758823,69.61100666615532,73.53788221909015,75.15825138628495,73.64380351899037,71.02226536435725,67.62463063042053,66.97341155964408,74.1789428247232,72.9654066345421,72.7740719059344,87.08166145690174,81.77870211783694,87.85908187431285,77.82936398439323,87.88840616433907,84.96532518322967,75.00265222728996,79.61645104195692,80.53199469643556,74.43997487004954,82.54687084256229,88.24484580121441,73.2175859845076,88.54559661334588,90.71231520331999,82.33034516234628,73.42024253779199,85.27765866814119,91.76400743537721,91.05596318622166,90.97753236824441,86.76328670899686,93.04154288580425,91.20607797380099,87.01242124447796,91.23758511887507,89.75892590016385,86.2348386178767,91.5933618830426,92.5635726884726,88.81461496485606,91.78864647759654,92.77916189859391,91.8027632034697,89.04749919205523,43.22350893710014,45.10501365964754,49.17822558129283,42.20082284749962,44.07606434867014,46.78679464219839,43.33293410775769,43.78117152436107,48.17604938087584,44.19871374630702,45.7551198438872,48.13769938576012,43.10416134015481,41.51337234119565,43.87496424583763,46.14218614309987,45.07745127800376,43.86250519349976,100.967,100.97500000000001,100.77,100.79166666666667,100.98933333333333,101.121,100.726,100.91566666666667,100.96300000000001,100.99333333333334,100.92900000000002,100.94566666666667,101.47066666666667,100.80866666666667,100.98899999999999,100.94333333333334,100.87133333333334,101.01766666666667,8731020.0,1379611.0,1020785.0,1260987.0,2272681.0,596364.0,8190858.0,2148756.0,2415186.0,49496923.0,1054622.0,2724994.0,7153681.0,1602412.0,688731.0,2251225.0,329420.0,5504477.0
2026Q1,1.0448277084545765,1.1288845451149123,1.0545587980723192,0.3136294835243843,0.45084839000639654,0.9756057618696192,1.7096123632190552,0.45140170083746417,1.405807421056117,1.4939212608464054,0.676540452897275,1.32595713307904,2.2096415829055474,1.1568445693319618,2.7177466706664575,2.168256814234552,0.8663246833730869,1.1836123180790803,25.923968610684124,27.517042147598,30.948964439408673,27.977853521924395,22.111641177336335,25.92072572932614,50.844623093141564,15.14225480630233,21.547898369383102,39.60251028385753,19.20063247723376,30.498904327374373,89.05004675520306,22.670747537415778,28.628757023104622,38.7756285928515,21.485167325339873,30.571425897931984,1484.564639192952,1570.208027154,1605.231157414597,1631.2511973220664,1416.6245195968527,1490.351447005193,1829.4655045606778,1483.0204330280499,1511.0083957001566,1690.9806741158282,1400.4495105294698,1520.9927669108154,2031.6045681685077,1460.1575080039659,1818.811249190038,1894.7383279318346,1558.6383217632574,1532.502323821183,114.70452620023616,108.2371848168664,103.74688516443484,96.68008791711802,99.74132718414657,103.09535439472398,99.13605566317067,101.56631558483912,111.8839884901727,112.83036643380909,112.2184657026447,114.5684532080418,111.2463934867708,98.63952073207702,100.53816214387459,109.9731062993375,99.66628892367272,100.81230825312774,3570.058027332952,4788.774275482645,4764.7465902233325,4600.782055290257,3699.032667190081,4463.783546118828,4845.618978406146,3724.868886426041,4481.908831239471,4413.089969232401,3743.5981653019057,4322.68779829898,5480.245665962811,3763.321480547233,5154.641109950175,5878.472727840742,4563.396538696674,3775.030860910594,87.14198043697651,87.51747215958126,90.87579345786037,80.06394943083444,89.3254398165136,96.5440499737514,87.74959811231443,87.58101136470341,89.87312415684308,88.37431488817214,86.90822431189751,90.10809671450527,90.84743487899146,83.909594582626,88.10647602330565,95.88960547502259,78.70789074135307,89.24091461050017,0.02595588003326669,0.02853505802900401,0.03196064093565877,0.02696023187227977,0.027844370313867616,0.03239167463617986,0.03177742270385474,0.02295404549968906,0.027751224659228857,0.02935969133677269,0.02356582036913152,0.02926649741168915,0.03572892161006251,0.024076186870070796,0.033870890600066955,0.03811604553684499,0.02837641388896476,0.025576229428130055,679.082828810084,388.54117651362134,428.44902991105664,907.3445963070081,759.8206634605971,403.18625856762606,760.5244244450988,463.7208592073774,391.9379178687557,685.4822950167921,506.029519625584,463.14617816457775,0.0,611.885628643468,386.40168119790565,502.70763522516125,706.3639345641222,702.2097019017209,68.20129444224307,44.206095229825834,45.33645722809981,101.19726086240907,56.61231200582769,44.20569360504877,84.38550670463971,49.10637707112119,38.15332423483403,70.44066733614774,35.77220527029457,48.36960870092318,106.80066052546242,60.80208096415422,37.78904213406936,46.43440424969999,44.37877423936093,87.08704458994568,21.345831746407345,19.049241782653848,20.644100120762904,19.051660117657992,21.44539880050084,23.296683188957548,17.94663940976847,23.41910654892978,23.867008134219912,23.94738432114939,20.8126842561924,20.527502793837346,21.800091762757344,22.615783894839932,20.598057031745427,16.82762624073045,21.114805509879965,21.111471081303723,7.737738441246096,6.376212776573353,6.533102787042235,6.685256477262798,11.573372443009085,8.318731713827479,9.625841008996979,11.693826914692005,4.242095715260739,9.110503666672612,7.13904729735852,6.878003536916492,5.922713133494955,10.662738870076742,9.179237259239141,9.580198825642855,9.333970360240077,9.330100466710139,93.51512233853839,94.76118081754358,90.47323563720421,94.86693575249276,95.78336720207297,91.64053463730018,96.42305612020847,93.76551954283681,88.43640632488832,93.96232850434897,87.13074360857338,91.10788038353346,96.34504483028165,95.73278372442677,93.46746893469798,93.74016419639354,91.50228017274716,93.8769592051046,7.942472463187705,24.195651379256237,11.190295591383855,6.678480268565244,11.359330031719345,6.53508659820603,10.205561857680612,2.7742779869114407,8.709622537414564,10.776297161366244,3.7323809981708127,6.434122595693718,20.180612295256324,4.91820601656522,6.528091013102584,12.274859482416632,6.5282914515294,8.666104465508168,373.07121283322476,335.3220975717498,307.3707943511346,298.5052368906777,246.72393001094898,408.24841874960293,340.4035519184714,358.4001252369788,270.0980777698652,339.774538353953,303.9031460414191,254.94985182799027,362.1016247651056,334.5204020062512,305.9718902199998,335.753167051526,339.39484657725376,383.0374840449773,975.8073104306128,19466.893198274865,182.518630457685,1192.004765287783,975.1339697631593,2045.3709135328263,2426.089783682876,1635.8757901802885,1306.1930407556079,3755.0101352221973,2381.7117987543456,479.3523746598101,11475.475543717697,1962.7640780928277,2457.166752319749,1022.1777062513963,7648.29800370713,1025.5491079533892,1.3693704718041126,3.4046563471573106,5.332110001348212,3.1171550952123783,3.7829313797368855,4.160355719251711,3.53947420372669,1.8628952228791746,5.197681812947245,3.7679433483523357,1.9947287775053746,2.332452984523459,4.902926316047869,2.0761879812611697,13.603868896932552,9.779669671160894,2.5854708792481116,4.94058574828918,9.507568484168868,8.451964743492436,8.312027572912832,17.287351476015058,11.298523740084102,7.467063596183842,13.679299479830867,8.357641892735922,7.571862098429969,11.052433906098186,7.083068861208373,8.204577561315347,11.331099002886026,11.367434945484614,14.706544698904871,12.503135727765942,9.306770056644739,12.48110407726661,83.19988122760722,84.40385611607599,83.62223271923786,83.66234840633905,83.14208286467476,84.0503453557865,84.5928787946106,84.10259379112637,85.07851021634669,84.37096056284145,83.49942625306005,84.59058988167688,85.97494849137998,83.85035403660387,85.14659246855898,85.06030030816058,84.39704935315719,83.76287527738769,5.242664499511664,5.966774573975509,6.056699109691525,6.083704982149241,5.766605620544977,6.3225324302121235,6.113493071116515,6.312358605715904,6.324520346365205,6.02232705891388,6.166637000864249,6.385562029895268,6.172628212110137,6.431165709840144,6.264852650973137,6.704818309215875,5.571941714396334,6.37685139477155,292.6282828035082,250.464452402923,237.05318464740418,595.7070641318438,338.15504206218884,276.9489085267065,552.9525058571369,214.06059356567476,232.7014854598484,370.6717087801139,184.4798857988511,199.16100642070202,444.5995009239512,305.5431367733599,332.14245886793884,394.1765169341341,224.4872735628263,415.83612102914105,1192.6835937795845,1044.0349917898343,909.8217053082644,1691.7223129069541,1224.7108190059666,1096.1363084875156,1462.3713491242834,1020.0019692869483,1022.5701918793912,1249.9038360033294,884.6071563338022,876.3208040939488,1340.2287735093728,1175.3716082670785,1286.8507395486067,1230.8038792147427,918.5285606831329,1350.9265610967616,14.797970226417933,16.785297435789342,14.687832007331941,18.612357018046477,17.70804424360375,16.503526431204463,16.381719546861895,14.434950199551057,15.08510535747534,15.967280192348149,15.099991785749685,16.6581770156421,17.06155800738633,14.561644169615798,15.998623174302264,15.634426163257542,15.258547501022033,15.364964490101729,68.34485207419118,72.63243694494152,71.01239421526024,65.89689702069347,71.57724127006912,73.62922177748884,65.16054541403929,74.00566887644788,73.8477075362908,69.52786187835818,73.46683499543826,75.40332225962922,73.84442402923425,71.06722413773399,67.5207674074176,67.13430030543144,74.25173300606387,73.03158800878903,72.81183553124106,87.06664578049659,81.26854889382997,87.88664850338942,78.02211923229666,88.5336601812765,84.66245262993473,75.20417566354469,79.4760855386205,80.5440672818201,74.54200156735953,81.77545662170219,88.5309895216833,73.04567158506629,88.94840504547368,90.65135962957699,82.68817361575975,73.42293501483488,85.88405450554029,91.7928066083,91.28597920057287,91.76069944313817,87.79715049126418,92.80337799227392,91.003734659611,87.42798421752265,91.1433676877668,89.8565778579368,87.2943334785197,91.93715545310988,92.81106922161362,89.05443433003508,91.32838348752585,92.44645662090376,92.04388590767526,88.95495796844193,43.28819062323831,45.14412845769567,49.21089520140098,42.28162529642763,44.16118669656886,46.8431432318316,43.38256368926819,43.82162070597845,48.20502374896223,44.24770692633624,45.81274411517783,48.17053453146112,43.15223268447993,41.57549871211706,43.92260276851413,46.18397616892683,45.14410969380787,43.88839563834752,101.46300000000001,101.57833333333333,101.04666666666667,101.182,101.36899999999999,101.62933333333335,101.30366666666667,101.63633333333333,101.454,101.51233333333333,101.41699999999999,101.551,101.98433333333332,101.49966666666667,101.19733333333333,101.42366666666668,101.28533333333333,101.53366666666666,8748692.0,1381809.0,1021569.0,1260004.0,2275864.0,597067.0,8201735.0,2154740.0,2418632.0,49590099.0,1055342.0,2728034.0,7169262.0,1605736.0,689973.0,2252857.0,329499.0,5528180.0
