Periodo,AUX_EDA_ESP,AUX_EDA_AND,AUX_EDA_ARA,AUX_EDA_AST,AUX_EDA_BAL,AUX_EDA_CAN,AUX_EDA_CANT,AUX_EDA_CAT,AUX_EDA_CLM,AUX_EDA_CYL,AUX_EDA_EXT,AUX_EDA_GAL,AUX_EDA_MAD,AUX_EDA_MUR,AUX_EDA_NAV,AUX_EDA_PV,AUX_EDA_RIO,AUX_EDA_VAL,AUX_POB_ESP,AUX_POB_AND,AUX_POB_ARA,AUX_POB_AST,AUX_POB_BAL,AUX_POB_CAN,AUX_POB_CANT,AUX_POB_CAT,AUX_POB_CLM,AUX_POB_CYL,AUX_POB_EXT,AUX_POB_GAL,AUX_POB_MAD,AUX_POB_MUR,AUX_POB_NAV,AUX_POB_PV,AUX_POB_RIO,AUX_POB_VAL,ECO_COL_sal_ESP,ECO_COL_sal_AND,ECO_COL_sal_ARA,ECO_COL_sal_AST,ECO_COL_sal_BAL,ECO_COL_sal_CAN,ECO_COL_sal_CANT,ECO_COL_sal_CAT,ECO_COL_sal_CLM,ECO_COL_sal_CYL,ECO_COL_sal_EXT,ECO_COL_sal_GAL,ECO_COL_sal_MAD,ECO_COL_sal_MUR,ECO_COL_sal_NAV,ECO_COL_sal_PV,ECO_COL_sal_RIO,ECO_COL_sal_VAL,ECO_PIBpc_ESP,ECO_PIBpc_AND,ECO_PIBpc_ARA,ECO_PIBpc_AST,ECO_PIBpc_BAL,ECO_PIBpc_CAN,ECO_PIBpc_CANT,ECO_PIBpc_CAT,ECO_PIBpc_CLM,ECO_PIBpc_CYL,ECO_PIBpc_EXT,ECO_PIBpc_GAL,ECO_PIBpc_MAD,ECO_PIBpc_MUR,ECO_PIBpc_NAV,ECO_PIBpc_PV,ECO_PIBpc_RIO,ECO_PIBpc_VAL,EDU_SUP_ESP,EDU_SUP_AND,EDU_SUP_ARA,EDU_SUP_AST,EDU_SUP_BAL,EDU_SUP_CAN,EDU_SUP_CANT,EDU_SUP_CAT,EDU_SUP_CLM,EDU_SUP_CYL,EDU_SUP_EXT,EDU_SUP_GAL,EDU_SUP_MAD,EDU_SUP_MUR,EDU_SUP_NAV,EDU_SUP_PV,EDU_SUP_RIO,EDU_SUP_VAL,INV_IED_ESP,INV_IED_AND,INV_IED_ARA,INV_IED_AST,INV_IED_BAL,INV_IED_CAN,INV_IED_CANT,INV_IED_CAT,INV_IED_CLM,INV_IED_CYL,INV_IED_EXT,INV_IED_GAL,INV_IED_MAD,INV_IED_MUR,INV_IED_NAV,INV_IED_PV,INV_IED_RIO,INV_IED_VAL,LIB_SEX_ESP,LIB_SEX_AND,LIB_SEX_ARA,LIB_SEX_AST,LIB_SEX_BAL,LIB_SEX_CAN,LIB_SEX_CANT,LIB_SEX_CAT,LIB_SEX_CLM,LIB_SEX_CYL,LIB_SEX_EXT,LIB_SEX_GAL,LIB_SEX_MAD,LIB_SEX_MUR,LIB_SEX_NAV,LIB_SEX_PV,LIB_SEX_RIO,LIB_SEX_VAL,SAL_SAT_enlazado_ESP,SAL_SAT_enlazado_AND,SAL_SAT_enlazado_ARA,SAL_SAT_enlazado_AST,SAL_SAT_enlazado_BAL,SAL_SAT_enlazado_CAN,SAL_SAT_enlazado_CANT,SAL_SAT_enlazado_CAT,SAL_SAT_enlazado_CLM,SAL_SAT_enlazado_CYL,SAL_SAT_enlazado_EXT,SAL_SAT_enlazado_GAL,SAL_SAT_enlazado_MAD,SAL_SAT_enlazado_MUR,SAL_SAT_enlazado_NAV,SAL_SAT_enlazado_PV,SAL_SAT_enlazado_RIO,SAL_SAT_enlazado_VAL,SEG_BAL_ESP,SEG_BAL_AND,SEG_BAL_ARA,SEG_BAL_AST,SEG_BAL_BAL,SEG_BAL_CAN,SEG_BAL_CANT,SEG_BAL_CAT,SEG_BAL_CLM,SEG_BAL_CYL,SEG_BAL_EXT,SEG_BAL_GAL,SEG_BAL_MAD,SEG_BAL_MUR,SEG_BAL_NAV,SEG_BAL_PV,SEG_BAL_RIO,SEG_BAL_VAL,SEG_CRI_ESP,SEG_CRI_AND,SEG_CRI_ARA,SEG_CRI_AST,SEG_CRI_BAL,SEG_CRI_CAN,SEG_CRI_CANT,SEG_CRI_CAT,SEG_CRI_CLM,SEG_CRI_CYL,SEG_CRI_EXT,SEG_CRI_GAL,SEG_CRI_MAD,SEG_CRI_MUR,SEG_CRI_NAV,SEG_CRI_PV,SEG_CRI_RIO,SEG_CRI_VAL,VID_PAR_ESP,VID_PAR_AND,VID_PAR_ARA,VID_PAR_AST,VID_PAR_BAL,VID_PAR_CAN,VID_PAR_CANT,VID_PAR_CAT,VID_PAR_CLM,VID_PAR_CYL,VID_PAR_EXT,VID_PAR_GAL,VID_PAR_MAD,VID_PAR_MUR,VID_PAR_NAV,VID_PAR_PV,VID_PAR_RIO,VID_PAR_VAL,ECO_RBHpc_ESP,ECO_RBHpc_AND,ECO_RBHpc_ARA,ECO_RBHpc_AST,ECO_RBHpc_BAL,ECO_RBHpc_CAN,ECO_RBHpc_CANT,ECO_RBHpc_CAT,ECO_RBHpc_CLM,ECO_RBHpc_CYL,ECO_RBHpc_EXT,ECO_RBHpc_GAL,ECO_RBHpc_MAD,ECO_RBHpc_MUR,ECO_RBHpc_NAV,ECO_RBHpc_PV,ECO_RBHpc_RIO,ECO_RBHpc_VAL
1971Q1,31.36623570615038,29.62724785640996,34.87208158128093,32.78983979486286,34.11431275442212,27.68026379564096,32.03156723927897,31.55058430326851,32.12269106055807,32.57182073605718,31.6798266924013,33.06168885548368,30.66663897993449,31.87522206430982,33.09569935227949,30.46294690180206,38.08560598209517,32.58376659980772,46486621.0,8276017.0,1344184.0,1077103.0,1083683.0,2045168.0,588518.0,7463471.0,2084470.0,2547408.0,1099605.0,2772457.0,6373532.0,1453545.0,633017.0,2179532.0,319939.0,4989631.0,,,,,,,,,,,,,,,,,,,,,,,,,,,,,,,,,,,,,,,,,,,,,,,,,,,,,,,,,,,,,,,,,,,,,,,,,,,,,,,,,,,,,,,,,,,,,,,,,,,,,,,,,,,,,,,,,,,,,,,,,,,,,,,,,,,,,,,,,,,,,,,,,,,,,,,,,,,,,,,,,,,,,,,,,,,,,,,,,,,,
1971Q3,30.84829175071378,29.83346438396941,34.09445643894234,33.37787652898413,34.29872944507924,28.28520637747354,33.87909061212596,31.96320580454364,32.64078383934933,32.92384188339833,32.11262048677128,32.95630835462799,30.6377099578488,30.72978667436236,31.93069244991868,30.33815055217367,36.78098240531675,32.47783929002956,46486621.0,8276017.0,1344184.0,1077103.0,1083683.0,2045168.0,588518.0,7463471.0,2084470.0,2547408.0,1099605.0,2772457.0,6373532.0,1453545.0,633017.0,2179532.0,319939.0,4989631.0,,,,,,,,,,,,,,,,,,,,,,,,,,,,,,,,,,,,,,,,,,,,,,,,,,,,,,,,,,,,,,,,,,,,,,,,,,,,,,,,,,,,,,,,,,,,,,,,,,,,,,,,,,,,,,,,,,,,,,,,,,,,,,,,,,,,,,,,,,,,,,,,,,,,,,,,,,,,,,,,,,,,,,,,,,,,,,,,,,,,
1972Q1,31.05597119216084,30.59143391818305,35.85375935087772,34.15413919899294,34.00685845405264,27.77042392394674,32.18792960311367,32.42178776129871,33.15734507025558,32.87730783422048,32.64122333421122,34.23183541004954,30.42806213372921,31.36447912594257,32.85621529833656,29.87684709687288,36.19242325277596,31.64555032887536,46486621.0,8276017.0,1344184.0,1077103.0,1083683.0,2045168.0,588518.0,7463471.0,2084470.0,2547408.0,1099605.0,2772457.0,6373532.0,1453545.0,633017.0,2179532.0,319939.0,4989631.0,,,,,,,,,,,,,,,,,,,,,,,,,,,,,,,,,,,,,,,,,,,,,,,,,,,,,,,,,,,,,,,,,,,,,,,,,,,,,,,,,,,,,,,,,,,,,,,,,,,,,,,,,,,,,,,,,,,,,,,,,,,,,,,,,,,,,,,,,,,,,,,,,,,,,,,,,,,,,,,,,,,,,,,,,,,,,,,,,,,,
1972Q3,31.36035120555434,29.96238368562859,34.97568263733387,34.1202000528227,34.33762739658115,27.97495338495093,33.0629036196885,32.3184205066378,33.06787601004109,33.03707922624108,33.04849577556186,34.04701956686302,30.42110000369273,29.56840610279474,31.52903985275636,30.52345043060549,36.36950209149714,31.93094934997076,46486621.0,8276017.0,1344184.0,1077103.0,1083683.0,2045168.0,588518.0,7463471.0,2084470.0,2547408.0,1099605.0,2772457.0,6373532.0,1453545.0,633017.0,2179532.0,319939.0,4989631.0,,,,,,,,,,,,,,,,,,,,,,,,,,,,,,,,,,,,,,,,,,,,,,,,,,,,,,,,,,,,,,,,,,,,,,,,,,,,,,,,,,,,,,,,,,,,,,,,,,,,,,,,,,,,,,,,,,,,,,,,,,,,,,,,,,,,,,,,,,,,,,,,,,,,,,,,,,,,,,,,,,,,,,,,,,,,,,,,,,,,
1973Q1,31.35715382500856,30.47791550847928,35.25173826791695,34.54516182075144,34.8464951320184,27.51822895727577,32.68825580849366,32.59107118101178,32.64747221175065,32.6533785193385,31.7726459594493,33.83652115696538,30.85713647268438,30.31330049261084,33.26268030777775,30.867771066388,35.71587766839951,31.87905182846169,46486621.0,8276017.0,1344184.0,1077103.0,1083683.0,2045168.0,588518.0,7463471.0,2084470.0,2547408.0,1099605.0,2772457.0,6373532.0,1453545.0,633017.0,2179532.0,319939.0,4989631.0,,,,,,,,,,,,,,,,,,,,,,,,,,,,,,,,,,,,,,,,,,,,,,,,,,,,,,,,,,,,,,,,,,,,,,,,,,,,,,,,,,,,,,,,,,,,,,,,,,,,,,,,,,,,,,,,,,,,,,,,,,,,,,,,,,,,,,,,,,,,,,,,,,,,,,,,,,,,,,,,,,,,,,,,,,,,,,,,,,,,
1973Q3,31.62624420092513,30.54950810298225,35.14038115324014,34.76316270171019,34.41717756596031,27.84660183341344,33.03916543400678,32.72886834240445,33.03902594891777,33.9201688943576,32.6289686388025,34.53021107545221,29.89896019078478,29.71611392382046,32.75726741951988,29.86364540487889,36.7957108589023,32.37345048966154,46486621.0,8276017.0,1344184.0,1077103.0,1083683.0,2045168.0,588518.0,7463471.0,2084470.0,2547408.0,1099605.0,2772457.0,6373532.0,1453545.0,633017.0,2179532.0,319939.0,4989631.0,,,,,,,,,,,,,,,,,,,,,,,,,,,,,,,,,,,,,,,,,,,,,,,,,,,,,,,,,,,,,,,,,,,,,,,,,,,,,,,,,,,,,,,,,,,,,,,,,,,,,,,,,,,,,,,,,,,,,,,,,,,,,,,,,,,,,,,,,,,,,,,,,,,,,,,,,,,,,,,,,,,,,,,,,,,,,,,,,,,,
1974Q1,31.680298697296,28.76633157551691,35.13110231855731,33.54134505545066,33.28810553860227,28.45263179707507,33.6166330474416,33.0321500382097,33.05555797530967,34.01171105267397,32.7250472589792,33.61913520933425,31.05244438629257,30.94316718986427,32.3363652820271,30.45236485799096,36.03449488290325,33.02116079869516,46486621.0,8276017.0,1344184.0,1077103.0,1083683.0,2045168.0,588518.0,7463471.0,2084470.0,2547408.0,1099605.0,2772457.0,6373532.0,1453545.0,633017.0,2179532.0,319939.0,4989631.0,,,,,,,,,,,,,,,,,,,,,,,,,,,,,,,,,,,,,,,,,,,,,,,,,,,,,,,,,,,,,,,,,,,,,,,,,,,,,,,,,,,,,,,,,,,,,,,,,,,,,,,,,,,,,,,,,,,,,,,,,,,,,,,,,,,,,,,,,,,,,,,,,,,,,,,,,,,,,,,,,,,,,,,,,,,,,,,,,,,,
1974Q3,31.66586649546326,29.45677191960177,35.93049468329317,33.53396805833719,32.65707029712945,29.16534144322637,32.84066774029169,33.25708141206702,33.8674077757567,34.10993710479003,33.71749547861974,33.95165021029482,30.41174453422985,31.15244552229558,32.71654790723544,30.03205618773888,36.40591832152809,32.10655225572593,46486621.0,8276017.0,1344184.0,1077103.0,1083683.0,2045168.0,588518.0,7463471.0,2084470.0,2547408.0,1099605.0,2772457.0,6373532.0,1453545.0,633017.0,2179532.0,319939.0,4989631.0,,,,,,,,,,,,,,,,,,,,,,,,,,,,,,,,,,,,,,,,,,,,,,,,,,,,,,,,,,,,,,,,,,,,,,,,,,,,,,,,,,,,,,,,,,,,,,,,,,,,,,,,,,,,,,,,,,,,,,,,,,,,,,,,,,,,,,,,,,,,,,,,,,,,,,,,,,,,,,,,,,,,,,,,,,,,,,,,,,,,
1975Q1,31.83150324824288,30.82932504993556,34.26378867036718,32.79247778741409,33.90833775712724,28.14427689035184,32.9116947684555,32.13003791234391,33.59955250174461,34.2184999800937,32.93073767046279,34.24531053552266,30.20462431140777,30.07305830129291,33.36604291686593,30.31744899219275,35.49278617493368,33.04516248476018,46486621.0,8276017.0,1344184.0,1077103.0,1083683.0,2045168.0,588518.0,7463471.0,2084470.0,2547408.0,1099605.0,2772457.0,6373532.0,1453545.0,633017.0,2179532.0,319939.0,4989631.0,,,,,,,,,,,,,,,,,,,,,,,,,,,,,,,,,,,,,,,,,,,,,,,,,,,,,,,,,,,,,,,,,,,,,,,,,,,,,,,,,,,,,,,,,,,,,,,,,,,,,,,,,,,,,,,,,,,,,,,,,,,,,,,,,,,,,,,,,,,,,,,,,,,,,,,,,,,,,,,,,,,,,,,,,,,,,,,,,,,,
1975Q3,32.06717726756455,30.38628112616284,34.81690292457463,34.33576682589911,33.04864473090328,28.70103806766222,32.63611777619773,32.71914365678306,33.04798635728441,34.18977454472204,34.69189816507946,33.4351047709536,30.26422034516854,29.84879704129457,32.53310750730406,30.54745455007175,36.7866422530299,32.55991048754117,46486621.0,8276017.0,1344184.0,1077103.0,1083683.0,2045168.0,588518.0,7463471.0,2084470.0,2547408.0,1099605.0,2772457.0,6373532.0,1453545.0,633017.0,2179532.0,319939.0,4989631.0,,,,,,,,,,,,,,,,,,,,,,,,,,,,,,,,,,,,,,,,,,,,,,,,,,,,,,,,,,,,,,,,,,,,,,,,,,,,,,,,,,,,,,,,,,,,,,,,,,,,,,,,,,,,,,,,,,,,,,,,,,,,,,,,,,,,,,,,,,,,,,,,,,,,,,,,,,,,,,,,,,,,,,,,,,,,,,,,,,,,
1976Q1,32.1204621732631,31.40813497796421,34.78051688902242,33.62721725231995,33.85141165409635,28.84790858247724,32.62956667031516,32.97379369586356,34.16405702028459,34.15825341990212,32.94852336198201,34.50591413296944,29.82612460277153,31.73614367177879,32.70097237248331,30.59273807208165,35.06299104310754,33.24663295316215,46486621.0,8276017.0,1344184.0,1077103.0,1083683.0,2045168.0,588518.0,7463471.0,2084470.0,2547408.0,1099605.0,2772457.0,6373532.0,1453545.0,633017.0,2179532.0,319939.0,4989631.0,,,,,,,,,,,,,,,,,,,,,,,,,,,,,,,,,,,,,,,,,,,,,,,,,,,,,,,,,,,,,,,,,,,,,,,,,,,,,,,,,,,,,,,,,,,,,,,,,,,,,,,,,,,,,,,,,,,,,,,,,,,,,,,,,,,,,,,,,,,,,,,,,,,,,,,,,,,,,,,,,,,,,,,,,,,,,,,,,,,,
1976Q3,32.17349179128747,30.58315577546251,36.07435594771872,33.91496703661425,33.12534244093347,27.49174098038765,32.50132457695302,32.00172849227074,34.69955422926147,34.18250832812086,33.79328225071554,34.43482714430669,30.32942719552237,30.05971670011889,32.9696905989864,30.5797567216601,36.15680837823994,31.5633044642531,46486621.0,8276017.0,1344184.0,1077103.0,1083683.0,2045168.0,588518.0,7463471.0,2084470.0,2547408.0,1099605.0,2772457.0,6373532.0,1453545.0,633017.0,2179532.0,319939.0,4989631.0,,,,,,,,,,,,,,,,,,,,,,,,,,,,,,,,,,,,,,,,,,,,,,,,,,,,,,,,,,,,,,,,,,,,,,,,,,,,,,,,,,,,,,,,,,,,,,,,,,,,,,,,,,,,,,,,,,,,,,,,,,,,,,,,,,,,,,,,,,,,,,,,,,,,,,,,,,,,,,,,,,,,,,,,,,,,,,,,,,,,
1977Q1,32.47439839159466,30.59348817309058,35.71755266109079,35.10921225721582,33.54129757468385,28.08892896006553,33.23393047770843,33.28459092947077,33.38456871130291,34.18438541221636,34.01559713670877,34.6310431687098,30.99831078550528,30.65941013703958,32.61035761288263,31.61249883273244,36.38120853655476,32.76394310344391,46486621.0,8276017.0,1344184.0,1077103.0,1083683.0,2045168.0,588518.0,7463471.0,2084470.0,2547408.0,1099605.0,2772457.0,6373532.0,1453545.0,633017.0,2179532.0,319939.0,4989631.0,,,,,,,,,,,,,,,,,,,,,,,,,,,,,,,,,,,,,,,,,,,,,,,,,,,,,,,,,,,,,,,,,,,,,,,,,,,,,,,,,,,,,,,,,,,,,,,,,,,,,,,,,,,,,,,,,,,,,,,,,,,,,,,,,,,,,,,,,,,,,,,,,,,,,,,,,,,,,,,,,,,,,,,,,,,,,,,,,,,,
1977Q3,32.68523588778926,30.43265060489556,35.62329176446539,34.76758191402214,33.85423193747653,28.15416382599593,33.25690586529752,32.61168968924591,34.28458022151801,33.82090581738394,33.87926667470752,34.69233547493829,30.77100962354265,30.83500536458765,32.72833530158282,31.62528817771917,36.20404866227695,31.01783885886144,46486621.0,8276017.0,1344184.0,1077103.0,1083683.0,2045168.0,588518.0,7463471.0,2084470.0,2547408.0,1099605.0,2772457.0,6373532.0,1453545.0,633017.0,2179532.0,319939.0,4989631.0,,,,,,,,,,,,,,,,,,,,,,,,,,,,,,,,,,,,,,,,,,,,,,,,,,,,,,,,,,,,,,,,,,,,,,,,,,,,,,,,,,,,,,,,,,,,,,,,,,,,,,,,,,,,,,,,,,,,,,,,,,,,,,,,,,,,,,,,,,,,,,,,,,,,,,,,,,,,,,,,,,,,,,,,,,,,,,,,,,,,
1978Q1,32.29429750330367,31.24608121612921,35.17684392666561,34.23889215358152,32.18542155122671,28.89065282945302,32.2933223647374,33.34593312569808,33.83757422067077,34.90197423990888,33.49319624149885,35.04036575416351,30.58188794199633,30.39574445191045,33.62057335581787,31.50734048437417,35.92214283085002,32.94012873277978,46486621.0,8276017.0,1344184.0,1077103.0,1083683.0,2045168.0,588518.0,7463471.0,2084470.0,2547408.0,1099605.0,2772457.0,6373532.0,1453545.0,633017.0,2179532.0,319939.0,4989631.0,,,,,,,,,,,,,,,,,,,,,,,,,,,,,,,,,,,,,,,,,,,,,,,,,,,,,,,,,,,,,,,,,,,,,,,,,,,,,,,,,,,,,,,,,,,,,,,,,,,,,,,,,,,,,,,,,,,,,,,,,,,,,,,,,,,,,,,,,,,,,,,,,,,,,,,,,,,,,,,,,,,,,,,,,,,,,,,,,,,,
1978Q3,31.76608402725966,30.48165924002081,35.92485787196973,34.83872958829583,34.16525105136259,29.0414959374275,33.03028769015607,32.92938920020173,34.90621373001532,34.84673032173251,34.24001903184375,34.07267903537056,31.62403230316961,30.18266560330268,33.21252089160243,32.14758909355749,34.82019245146933,33.2276131987687,46486621.0,8276017.0,1344184.0,1077103.0,1083683.0,2045168.0,588518.0,7463471.0,2084470.0,2547408.0,1099605.0,2772457.0,6373532.0,1453545.0,633017.0,2179532.0,319939.0,4989631.0,,,,,,,,,,,,,,,,,,,,,,,,,,,,,,,,,,,,,,,,,,,,,,,,,,,,,,,,,,,,,,,,,,,,,,,,,,,,,,,,,,,,,,,,,,,,,,,,,,,,,,,,,,,,,,,,,,,,,,,,,,,,,,,,,,,,,,,,,,,,,,,,,,,,,,,,,,,,,,,,,,,,,,,,,,,,,,,,,,,,
1979Q1,32.7002661790406,31.62612875844561,36.04670428089239,35.368067657916,33.99471645901016,28.65939658484752,32.58410469266136,32.81984592506881,33.24152549716506,34.48792970067245,33.1865180441382,33.3675466369059,31.30804426959932,30.98939518921515,32.70003012817025,30.04534036822987,34.84670279233662,32.92190052444793,46486621.0,8276017.0,1344184.0,1077103.0,1083683.0,2045168.0,588518.0,7463471.0,2084470.0,2547408.0,1099605.0,2772457.0,6373532.0,1453545.0,633017.0,2179532.0,319939.0,4989631.0,,,,,,,,,,,,,,,,,,,,,,,,,,,,,,,,,,,,,,,,,,,,,,,,,,,,,,,,,,,,,,,,,,,,,,,,,,,,,,,,,,,,,,,,,,,,,,,,,,,,,,,,,,,,,,,,,,,,,,,,,,,,,,,,,,,,,,,,,,,,,,,,,,,,,,,,,,,,,,,,,,,,,,,,,,,,,,,,,,,,
1979Q3,33.04304565356876,30.24521129196741,36.79657276276792,36.37221330333862,34.05695050332742,28.60738682448821,33.41798145325203,33.42493478420091,35.12226974423344,34.98669726478429,34.50205874822176,34.06777712941842,31.37454164327329,30.8447594343257,33.62173815621669,31.87371132194814,34.61226220148697,33.54114005619088,46486621.0,8276017.0,1344184.0,1077103.0,1083683.0,2045168.0,588518.0,7463471.0,2084470.0,2547408.0,1099605.0,2772457.0,6373532.0,1453545.0,633017.0,2179532.0,319939.0,4989631.0,,,,,,,,,,,,,,,,,,,,,,,,,,,,,,,,,,,,,,,,,,,,,,,,,,,,,,,,,,,,,,,,,,,,,,,,,,,,,,,,,,,,,,,,,,,,,,,,,,,,,,,,,,,,,,,,,,,,,,,,,,,,,,,,,,,,,,,,,,,,,,,,,,,,,,,,,,,,,,,,,,,,,,,,,,,,,,,,,,,,
1980Q1,31.78519770597194,30.57314637000566,36.43539722492299,35.52516223234809,34.22873328365504,28.79321490669692,32.71699898483284,32.86607175739945,33.99339771327769,35.58726050569321,34.05075691413451,35.88860727391496,31.66832099226196,30.44808653766954,34.18580432381324,31.22947587217392,33.76647953334682,32.81130217306799,46486621.0,8276017.0,1344184.0,1077103.0,1083683.0,2045168.0,588518.0,7463471.0,2084470.0,2547408.0,1099605.0,2772457.0,6373532.0,1453545.0,633017.0,2179532.0,319939.0,4989631.0,,,,,,,,,,,,,,,,,,,,,,,,,,,,,,,,,,,,,,,,,,,,,,,,,,,,,,,,,,,,,,,,,,,,,,,,,,,,,,,,,,,,,,,,,,,,,,,,,,,,,,,,,,,,,,,,,,,,,,,,,,,,,,,,,,,,,,,,,,,,,,,,,,,,,,,,,,,,,,,,,,,,,,,,,,,,,,,,,,,,
1980Q3,32.86605823546324,31.3423445769717,35.21791458924261,35.39041130088452,34.93135216262299,27.91240160816029,34.08118011659759,33.02593386862564,34.95500112980896,35.32960184543548,34.05758216053319,33.62842237641037,30.14139572598092,31.75523307310889,33.76249229941606,31.87327326096699,35.2329247535874,32.87073448489591,46486621.0,8276017.0,1344184.0,1077103.0,1083683.0,2045168.0,588518.0,7463471.0,2084470.0,2547408.0,1099605.0,2772457.0,6373532.0,1453545.0,633017.0,2179532.0,319939.0,4989631.0,,,,,,,,,,,,,,,,,,,,,,,,,,,,,,,,,,,,,,,,,,,,,,,,,,,,,,,,,,,,,,,,,,,,,,,,,,,,,,,,,,,,,,,,,,,,,,,,,,,,,,,,,,,,,,,,,,,,,,,,,,,,,,,,,,,,,,,,,,,,,,,,,,,,,,,,,,,,,,,,,,,,,,,,,,,,,,,,,,,,
1981Q1,33.26599268105647,30.15890214865759,36.87638580030024,35.43895858150787,33.33100898469441,30.05142585665454,33.08924725744798,33.48144048561198,33.15573448973981,36.09619265254252,34.42783595086729,35.07286903023145,31.71037264572061,31.19630289773777,34.29175976606433,31.0685767398219,34.80527975755226,32.58389549698416,46486621.0,8276017.0,1344184.0,1077103.0,1083683.0,2045168.0,588518.0,7463471.0,2084470.0,2547408.0,1099605.0,2772457.0,6373532.0,1453545.0,633017.0,2179532.0,319939.0,4989631.0,,,,,,,,,,,,,,,,,,,,,,,,,,,,,,,,,,,,,,,,,,,,,,,,,,,,,,,,,,,,,,,,,,,,,,,,,,,,,,,,,,,,,,,,,,,,,,,,,,,,,,,,,,,,,,,,,,,,,,,,,,,,,,,,,,,,,,,,,,,,,,,,,,,,,,,,,,,,,,,,,,,,,,,,,,,,,,,,,,,,
1981Q3,32.35200318127546,31.13360932604494,36.04756766590095,35.11713355011706,34.28366814698571,28.56330398389071,33.80961952983268,33.34680646340082,34.56426179071419,36.2409470027356,35.06040438868631,35.33374262123239,31.71521939886352,31.16130618499522,34.43426784318105,32.89678667797646,35.24334640404361,33.47731651664262,46486621.0,8276017.0,1344184.0,1077103.0,1083683.0,2045168.0,588518.0,7463471.0,2084470.0,2547408.0,1099605.0,2772457.0,6373532.0,1453545.0,633017.0,2179532.0,319939.0,4989631.0,,,,,,,,,,,,,,,,,,,,,,,,,,,,,,,,,,,,,,,,,,,,,,,,,,,,,,,,,,,,,,,,,,,,,,,,,,,,,,,,,,,,,,,,,,,,,,,,,,,,,,,,,,,,,,,,,,,,,,,,,,,,,,,,,,,,,,,,,,,,,,,,,,,,,,,,,,,,,,,,,,,,,,,,,,,,,,,,,,,,
1982Q1,34.27108512350483,31.28916378228365,36.94261251472469,35.65182920261303,34.66545578326293,29.31547793699601,34.03138653037672,33.98884112188021,35.12584570839822,36.24372317583531,34.16342369433512,34.93774751313858,31.13358428518869,31.51905710666018,33.65645617736696,32.35711980611438,34.98137850375865,33.96825124659528,46486621.0,8276017.0,1344184.0,1077103.0,1083683.0,2045168.0,588518.0,7463471.0,2084470.0,2547408.0,1099605.0,2772457.0,6373532.0,1453545.0,633017.0,2179532.0,319939.0,4989631.0,,,,,,,,,,,,,,,,,,,,,,,,,,,,,,,,,,,,,,,,,,,,,,,,,,,,,,,,,,,,,,,,,,,,,,,,,,,,,,,,,,,,,,,,,,,,,,,,,,,,,,,,,,,,,,,,,,,,,,,,,,,,,,,,,,,,,,,,,,,,,,,,,,,,,,,,,,,,,,,,,,,,,,,,,,,,,,,,,,,,
1982Q3,34.3119083614615,31.50523817011172,36.60053830429712,34.8491640194422,33.42529891183031,30.52890127432211,34.61255181254296,32.74386226006774,35.50832060332621,36.05364387426938,34.50572203990992,35.00185148755025,32.01867336478091,31.46796737716133,34.4771000916826,33.05217193827743,35.09501221791002,33.6217873096572,46486621.0,8276017.0,1344184.0,1077103.0,1083683.0,2045168.0,588518.0,7463471.0,2084470.0,2547408.0,1099605.0,2772457.0,6373532.0,1453545.0,633017.0,2179532.0,319939.0,4989631.0,,,,,,,,,,,,,,,,,,,,,,,,,,,,,,,,,,,,,,,,,,,,,,,,,,,,,,,,,,,,,,,,,,,,,,,,,,,,,,,,,,,,,,,,,,,,,,,,,,,,,,,,,,,,,,,,,,,,,,,,,,,,,,,,,,,,,,,,,,,,,,,,,,,,,,,,,,,,,,,,,,,,,,,,,,,,,,,,,,,,
1983Q1,33.77140586805336,31.52942534173085,37.23679394030631,36.86654853350496,34.07406862879734,29.48325378609037,34.13684300258171,33.87363740062231,34.87146385974678,36.90823527263764,35.07749185693567,35.18539426859249,32.50462772920785,31.83892038452058,34.52903238219022,33.00722840114481,35.19741914574236,32.34422682178858,46486621.0,8276017.0,1344184.0,1077103.0,1083683.0,2045168.0,588518.0,7463471.0,2084470.0,2547408.0,1099605.0,2772457.0,6373532.0,1453545.0,633017.0,2179532.0,319939.0,4989631.0,,,,,,,,,,,,,,,,,,,,,,,,,,,,,,,,,,,,,,,,,,,,,,,,,,,,,,,,,,,,,,,,,,,,,,,,,,,,,,,,,,,,,,,,,,,,,,,,,,,,,,,,,,,,,,,,,,,,,,,,,,,,,,,,,,,,,,,,,,,,,,,,,,,,,,,,,,,,,,,,,,,,,,,,,,,,,,,,,,,,
1983Q3,33.60081985200662,31.56141127127594,36.58930424493338,37.0065140937532,33.74873700278466,29.93070989317259,35.86827766129553,34.66775471807004,34.84037978911459,36.41523356774085,34.73942053738241,35.74520824230133,32.26929243259074,31.42870610311356,34.41084171118321,33.22332237888265,34.92890308821307,32.81685597280173,46486621.0,8276017.0,1344184.0,1077103.0,1083683.0,2045168.0,588518.0,7463471.0,2084470.0,2547408.0,1099605.0,2772457.0,6373532.0,1453545.0,633017.0,2179532.0,319939.0,4989631.0,,,,,,,,,,,,,,,,,,,,,,,,,,,,,,,,,,,,,,,,,,,,,,,,,,,,,,,,,,,,,,,,,,,,,,,,,,,,,,,,,,,,,,,,,,,,,,,,,,,,,,,,,,,,,,,,,,,,,,,,,,,,,,,,,,,,,,,,,,,,,,,,,,,,,,,,,,,,,,,,,,,,,,,,,,,,,,,,,,,,
1984Q1,35.13997582150299,31.94212970871233,37.63647321192003,36.25120379598063,36.37292877199212,30.26194745475964,35.07942743947419,34.50984850942532,36.02381425336782,35.32147501616602,34.81168127188064,37.21715321797375,33.33132645995666,31.50161503312393,34.855551810642,34.78177884610318,35.24394523669934,32.64703325558124,46486621.0,8276017.0,1344184.0,1077103.0,1083683.0,2045168.0,588518.0,7463471.0,2084470.0,2547408.0,1099605.0,2772457.0,6373532.0,1453545.0,633017.0,2179532.0,319939.0,4989631.0,,,,,,,,,,,,,,,,,,,,,,,,,,,,,,,,,,,,,,,,,,,,,,,,,,,,,,,,,,,,,,,,,,,,,,,,,,,,,,,,,,,,,,,,,,,,,,,,,,,,,,,,,,,,,,,,,,,,,,,,,,,,,,,,,,,,,,,,,,,,,,,,,,,,,,,,,,,,,,,,,,,,,,,,,,,,,,,,,,,,
1984Q3,34.4155916906809,30.98429899036533,37.74311587805103,36.27977382629555,36.57053432838439,30.32453178851434,34.69995808885164,34.19010770714819,35.55450169875424,36.30945937799744,34.89649239944783,36.67547276274323,32.90941953655224,31.85544256199259,34.86077856360113,33.338401211884,37.56761981645139,33.58889002538254,46486621.0,8276017.0,1344184.0,1077103.0,1083683.0,2045168.0,588518.0,7463471.0,2084470.0,2547408.0,1099605.0,2772457.0,6373532.0,1453545.0,633017.0,2179532.0,319939.0,4989631.0,,,,,,,,,,,,,,,,,,,,,,,,,,,,,,,,,,,,,,,,,,,,,,,,,,,,,,,,,,,,,,,,,,,,,,,,,,,,,,,,,,,,,,,,,,,,,,,,,,,,,,,,,,,,,,,,,,,,,,,,,,,,,,,,,,,,,,,,,,,,,,,,,,,,,,,,,,,,,,,,,,,,,,,,,,,,,,,,,,,,
1985Q1,34.55004816051373,32.16188491173629,38.27459756985947,37.71974516648368,33.94931464252998,30.33023949096589,35.13429601693794,34.3665852698818,36.50964513636824,37.15321586365401,35.49317833695209,36.43533390243317,34.32991992974357,32.63547476077458,35.13544599733827,33.08138282401789,37.03011387982465,34.15136023003591,46486621.0,8276017.0,1344184.0,1077103.0,1083683.0,2045168.0,588518.0,7463471.0,2084470.0,2547408.0,1099605.0,2772457.0,6373532.0,1453545.0,633017.0,2179532.0,319939.0,4989631.0,,,,,,,,,,,,,,,,,,,,,,,,,,,,,,,,,,,,,,,,,,,,,,,,,,,,,,,,,,,,,,,,,,,,,,,,,,,,,,,,,,,,,,,,,,,,,,,,,,,,,,,,,,,,,,,,,,,,,,,,,,,,,,,,,,,,,,,,,,,,,,,,,,,,,,,,,,,,,,,,,,,,,,,,,,,,,,,,,,,,
1985Q3,34.83270024433703,32.01496536902821,36.43277298057248,37.20743406977613,35.74382845816566,30.41336649397125,34.99952690640947,34.7107886028497,36.08819802660084,36.70286531232004,34.21903331093913,36.68859015949299,32.93322534607121,32.01352214189862,35.22572519901186,34.203083702029,36.66041152055922,33.30530499840869,46486621.0,8276017.0,1344184.0,1077103.0,1083683.0,2045168.0,588518.0,7463471.0,2084470.0,2547408.0,1099605.0,2772457.0,6373532.0,1453545.0,633017.0,2179532.0,319939.0,4989631.0,,,,,,,,,,,,,,,,,,,,,,,,,,,,,,,,,,,,,,,,,,,,,,,,,,,,,,,,,,,,,,,,,,,,,,,,,,,,,,,,,,,,,,,,,,,,,,,,,,,,,,,,,,,,,,,,,,,,,,,,,,,,,,,,,,,,,,,,,,,,,,,,,,,,,,,,,,,,,,,,,,,,,,,,,,,,,,,,,,,,
1986Q1,34.22651102991936,32.0914082367016,37.36395243319868,37.72006164358555,35.06923639764953,30.72546420738294,34.53758381756658,36.09004357738387,36.52685444967532,37.43474593457633,35.04476590011085,36.35897064744595,33.07553947244512,32.01061243428141,34.51795883547015,35.06034347205535,36.43737718229801,33.72112055181906,46486621.0,8276017.0,1344184.0,1077103.0,1083683.0,2045168.0,588518.0,7463471.0,2084470.0,2547408.0,1099605.0,2772457.0,6373532.0,1453545.0,633017.0,2179532.0,319939.0,4989631.0,,,,,,,,,,,,,,,,,,,,,,,,,,,,,,,,,,,,,,,,,,,,,,,,,,,,,,,,,,,,,,,,,,,,,,,,,,,,,,,,,,,,,,,,,,,,,,,,,,,,,,,,,,,,,,,,,,,,,,,,,,,,,,,,,,,,,,,,,,,,,,,,,,,,,,,,,,,,,,,,,,,,,,,,,,,,,,,,,,,,
1986Q3,35.07593376704344,32.09821785247258,37.36596364928476,37.36018309522176,35.79059693083276,31.2867663145868,34.96516388880456,35.49877775608025,36.68673051367571,37.58934227755429,35.4374403085936,36.08880974395854,33.09134413219761,32.39787498327088,36.79979482189695,34.98989223549599,36.94390150522901,35.19187497789779,46486621.0,8276017.0,1344184.0,1077103.0,1083683.0,2045168.0,588518.0,7463471.0,2084470.0,2547408.0,1099605.0,2772457.0,6373532.0,1453545.0,633017.0,2179532.0,319939.0,4989631.0,,,,,,,,,,,,,,,,,,,,,,,,,,,,,,,,,,,,,,,,,,,,,,,,,,,,,,,,,,,,,,,,,,,,,,,,,,,,,,,,,,,,,,,,,,,,,,,,,,,,,,,,,,,,,,,,,,,,,,,,,,,,,,,,,,,,,,,,,,,,,,,,,,,,,,,,,,,,,,,,,,,,,,,,,,,,,,,,,,,,
1987Q1,35.41314805263078,32.34004148678704,38.30497643335017,38.1126427331082,34.64251624614383,30.8115050580375,35.97623564711308,35.50023347523333,36.25079824670351,37.69582778473258,35.42021855615477,37.66189477284713,33.26330342193548,31.96419467923744,36.38300163805445,33.38112323253014,36.53072827645822,34.05700177556269,46486621.0,8276017.0,1344184.0,1077103.0,1083683.0,2045168.0,588518.0,7463471.0,2084470.0,2547408.0,1099605.0,2772457.0,6373532.0,1453545.0,633017.0,2179532.0,319939.0,4989631.0,,,,,,,,,,,,,,,,,,,,,,,,,,,,,,,,,,,,,,,,,,,,,,,,,,,,,,,,,,,,,,,,,,,,,,,,,,,,,,,,,,,,,,,,,,,,,,,,,,,,,,,,,,,,,,,,,,,,,,,,,,,,,,,,,,,,,,,,,,,,,,,,,,,,,,,,,,,,,,,,,,,,,,,,,,,,,,,,,,,,
1987Q3,35.68120822629755,32.35669183390169,38.19233544277351,37.42404994752832,34.97266132663495,31.33792406969728,35.45887044194322,37.03472087368355,35.90843182648958,37.66452006928809,35.13540840824643,37.29685904238024,33.44270945382631,33.24629108271496,36.52238831276453,34.16145821674017,36.82505342099015,34.59381313958351,46486621.0,8276017.0,1344184.0,1077103.0,1083683.0,2045168.0,588518.0,7463471.0,2084470.0,2547408.0,1099605.0,2772457.0,6373532.0,1453545.0,633017.0,2179532.0,319939.0,4989631.0,,,,,,,,,,,,,,,,,,,,,,,,,,,,,,,,,,,,,,,,,,,,,,,,,,,,,,,,,,,,,,,,,,,,,,,,,,,,,,,,,,,,,,,,,,,,,,,,,,,,,,,,,,,,,,,,,,,,,,,,,,,,,,,,,,,,,,,,,,,,,,,,,,,,,,,,,,,,,,,,,,,,,,,,,,,,,,,,,,,,
1988Q1,35.6846055920736,32.15090005484846,38.53641395145687,37.70498655551565,35.55156495303636,31.49327296872761,35.31323869891846,36.36236193522178,36.70227505308711,37.39034442069225,35.63587606753512,36.53799460254766,33.72125945527669,31.70301828435135,36.02328702981114,34.26277033936873,37.22704825161164,35.61219106510045,46486621.0,8276017.0,1344184.0,1077103.0,1083683.0,2045168.0,588518.0,7463471.0,2084470.0,2547408.0,1099605.0,2772457.0,6373532.0,1453545.0,633017.0,2179532.0,319939.0,4989631.0,,,,,,,,,,,,,,,,,,,,,,,,,,,,,,,,,,,,,,,,,,,,,,,,,,,,,,,,,,,,,,,,,,,,,,,,,,,,,,,,,,,,,,,,,,,,,,,,,,,,,,,,,,,,,,,,,,,,,,,,,,,,,,,,,,,,,,,,,,,,,,,,,,,,,,,,,,,,,,,,,,,,,,,,,,,,,,,,,,,,
1988Q3,35.41465834907974,32.60230746802257,37.89887648499025,37.56752504020832,35.13450860484799,31.21750218448556,35.80592455031067,35.95351123253732,37.34383207641452,38.49558980907835,35.2982087435774,37.88921780310878,33.79986785856624,32.98231983737472,36.71503410456341,35.72189886946683,36.82688293052308,34.57158588078488,46486621.0,8276017.0,1344184.0,1077103.0,1083683.0,2045168.0,588518.0,7463471.0,2084470.0,2547408.0,1099605.0,2772457.0,6373532.0,1453545.0,633017.0,2179532.0,319939.0,4989631.0,,,,,,,,,,,,,,,,,,,,,,,,,,,,,,,,,,,,,,,,,,,,,,,,,,,,,,,,,,,,,,,,,,,,,,,,,,,,,,,,,,,,,,,,,,,,,,,,,,,,,,,,,,,,,,,,,,,,,,,,,,,,,,,,,,,,,,,,,,,,,,,,,,,,,,,,,,,,,,,,,,,,,,,,,,,,,,,,,,,,
1989Q1,36.42709651266187,33.68570926418339,38.64453825930923,38.4315581917669,36.21101500311801,32.83072958428278,36.13957352645343,35.97119948381997,36.83487227432234,38.06056851624113,36.59559318478298,37.49286260611718,34.92580601459908,34.51155245938786,37.59606759229003,36.70040740672395,36.57844045762972,34.72149658805193,46486621.0,8276017.0,1344184.0,1077103.0,1083683.0,2045168.0,588518.0,7463471.0,2084470.0,2547408.0,1099605.0,2772457.0,6373532.0,1453545.0,633017.0,2179532.0,319939.0,4989631.0,,,,,,,,,,,,,,,,,,,,,,,,,,,,,,,,,,,,,,,,,,,,,,,,,,,,,,,,,,,,,,,,,,,,,,,,,,,,,,,,,,,,,,,,,,,,,,,,,,,,,,,,,,,,,,,,,,,,,,,,,,,,,,,,,,,,,,,,,,,,,,,,,,,,,,,,,,,,,,,,,,,,,,,,,,,,,,,,,,,,
1989Q3,35.95305088843327,32.57427804139246,38.37871659775414,37.78935499635958,35.55403454440729,32.26259550546046,38.39289565047444,36.60619823791689,36.08182246171009,38.57075839337209,36.11003533360994,37.83974689336739,35.51467190245639,33.52384805058725,35.84296391102673,36.15187696445874,38.81826024189715,34.94424852182799,46486621.0,8276017.0,1344184.0,1077103.0,1083683.0,2045168.0,588518.0,7463471.0,2084470.0,2547408.0,1099605.0,2772457.0,6373532.0,1453545.0,633017.0,2179532.0,319939.0,4989631.0,,,,,,,,,,,,,,,,,,,,,,,,,,,,,,,,,,,,,,,,,,,,,,,,,,,,,,,,,,,,,,,,,,,,,,,,,,,,,,,,,,,,,,,,,,,,,,,,,,,,,,,,,,,,,,,,,,,,,,,,,,,,,,,,,,,,,,,,,,,,,,,,,,,,,,,,,,,,,,,,,,,,,,,,,,,,,,,,,,,,
1990Q1,36.44690624722363,32.74727848348642,40.17558929093867,39.41358394593598,36.36468480756688,31.39844029123537,36.75237230148775,36.55507097135213,36.29643331809896,39.46820973808262,36.65967246259604,38.72879457845446,35.10188930385494,33.31781977513376,36.95921970165063,35.90009416152275,37.93394045623126,35.98542602080187,46486621.0,8276017.0,1344184.0,1077103.0,1083683.0,2045168.0,588518.0,7463471.0,2084470.0,2547408.0,1099605.0,2772457.0,6373532.0,1453545.0,633017.0,2179532.0,319939.0,4989631.0,,,,,,,,,,,,,,,,,,,,,,,,,,,,,,,,,,,,,,,,,,,,,,,,,,,,,,,,,,,,,,,,,,,,,,,,,,,,,,,,,,,,,,,,,,,,,,,,,,,,,,,,,,,,,,,,,,,,,,,,,,,,,,,,,,,,,,,,,,,,,,,,,,,,,,,,,,,,,,,,,,,,,,,,,,,,,,,,,,,,
1990Q3,36.9650913629894,34.06855433859904,39.17295104242091,40.35949051089609,37.21031755222157,32.29458741356189,36.87154998217045,37.62982444491775,37.39008407743685,37.67152236566545,36.45413638744193,37.8202775618542,35.57978479336771,34.26857718218161,37.18535146910366,37.71557662101288,38.78454005478359,36.4442044675478,46486621.0,8276017.0,1344184.0,1077103.0,1083683.0,2045168.0,588518.0,7463471.0,2084470.0,2547408.0,1099605.0,2772457.0,6373532.0,1453545.0,633017.0,2179532.0,319939.0,4989631.0,,,,,,,,,,,,,,,,,,,,,,,,,,,,,,,,,,,,,,,,,,,,,,,,,,,,,,,,,,,,,,,,,,,,,,,,,,,,,,,,,,,,,,,,,,,,,,,,,,,,,,,,,,,,,,,,,,,,,,,,,,,,,,,,,,,,,,,,,,,,,,,,,,,,,,,,,,,,,,,,,,,,,,,,,,,,,,,,,,,,
1991Q1,36.99599079683128,32.42247751616062,40.79080690159026,39.1613136497522,35.34980515263044,32.47188440142276,38.23707597124135,36.26684402192321,36.96155781537763,39.23396805384232,37.39917283730993,37.62925586622011,34.74356046785571,34.05037005196822,36.92347388458065,35.03263875363057,37.16405086154872,35.93924376165507,46486621.0,8276017.0,1344184.0,1077103.0,1083683.0,2045168.0,588518.0,7463471.0,2084470.0,2547408.0,1099605.0,2772457.0,6373532.0,1453545.0,633017.0,2179532.0,319939.0,4989631.0,,,,,,,,,,,,,,,,,,,,,,,,,,,,,,,,,,,,,,,,,,,,,,,,,,,,,,,,,,,,,,,,,,,,,,,,,,,,,,,,,,,,,,,,,,,,,,,,,,,,,,,,,,,,,,,,,,,,,,,,,,,,,,,,,,,,,,,,,,,,,,,,,,,,,,,,,,,,,,,,,,,,,,,,,,,,,,,,,,,,
1991Q3,36.45040056343511,34.50936284413842,39.44473743004681,39.88516314588912,36.49429875109519,31.36649757412995,37.54206624399728,36.54073731600271,36.85952274940314,37.58938090834938,36.51690813232533,38.21256291677353,35.64161573297694,35.23104749871926,38.33010101010101,36.71130800865097,37.71652424007009,35.66926705234454,46486621.0,8276017.0,1344184.0,1077103.0,1083683.0,2045168.0,588518.0,7463471.0,2084470.0,2547408.0,1099605.0,2772457.0,6373532.0,1453545.0,633017.0,2179532.0,319939.0,4989631.0,,,,,,,,,,,,,,,,,,,,,,,,,,,,,,,,,,,,,,,,,,,,,,,,,,,,,,,,,,,,,,,,,,,,,,,,,,,,,,,,,,,,,,,,,,,,,,,,,,,,,,,,,,,,,,,,,,,,,,,,,,,,,,,,,,,,,,,,,,,,,,,,,,,,,,,,,,,,,,,,,,,,,,,,,,,,,,,,,,,,
1992Q1,37.88943415405313,33.6657602863722,39.54575262389743,39.29856779285064,36.08628770470876,32.55992553891106,37.04316407877277,37.08683124965996,37.17967037175822,40.09645597030268,37.19749594249942,39.05381631689404,36.20382675723503,34.73803257451227,38.07756610819013,37.38484338583206,38.7780703125,36.66970080093849,46486621.0,8276017.0,1344184.0,1077103.0,1083683.0,2045168.0,588518.0,7463471.0,2084470.0,2547408.0,1099605.0,2772457.0,6373532.0,1453545.0,633017.0,2179532.0,319939.0,4989631.0,,,,,,,,,,,,,,,,,,,,,,,,,,,,,,,,,,,,,,,,,,,,,,,,,,,,,,,,,,,,,,,,,,,,,,,,,,,,,,,,,,,,,,,,,,,,,,,,,,,,,,,,,,,,,,,,,,,,,,,,,,,,,,,,,,,,,,,,,,,,,,,,,,,,,,,,,,,,,,,,,,,,,,,,,,,,,,,,,,,,
1992Q3,37.39966754982679,33.19079139343123,38.91202429455398,39.44258083552083,35.9818250861541,32.67808852775882,38.18836875423689,37.04701362800125,38.26639431806045,39.82395741901288,36.27705396222981,39.51949222408093,35.74439607859104,34.40406968261534,38.50249522427401,37.08740745465387,38.36364266973514,35.4392222586805,46486621.0,8276017.0,1344184.0,1077103.0,1083683.0,2045168.0,588518.0,7463471.0,2084470.0,2547408.0,1099605.0,2772457.0,6373532.0,1453545.0,633017.0,2179532.0,319939.0,4989631.0,,,,,,,,,,,,,,,,,,,,,,,,,,,,,,,,,,,,,,,,,,,,,,,,,,,,,,,,,,,,,,,,,,,,,,,,,,,,,,,,,,,,,,,,,,,,,,,,,,,,,,,,,,,,,,,,,,,,,,,,,,,,,,,,,,,,,,,,,,,,,,,,,,,,,,,,,,,,,,,,,,,,,,,,,,,,,,,,,,,,
1993Q1,37.15484643081749,34.14859731451821,40.23092279927011,38.83302854272323,35.94901690402035,32.53986013700476,38.36821623151489,38.01287882694721,38.23490483010402,39.44785504917328,37.4256635672772,39.22234293907693,34.88163182710495,33.47910009456971,38.40743670258741,37.98170691336991,39.08270491836315,36.28492446645987,46486621.0,8276017.0,1344184.0,1077103.0,1083683.0,2045168.0,588518.0,7463471.0,2084470.0,2547408.0,1099605.0,2772457.0,6373532.0,1453545.0,633017.0,2179532.0,319939.0,4989631.0,,,,,,,,,,,,,,,,,,,,,,,,,,,,,,,,,,,,,,,,,,,,,,,,,,,,,,,,,,,,,,,,,,,,,,,,,,,,,,,,,,,,,,,,,,,,,,,,,,,,,,,,,,,,,,,,,,,,,,,,,,,,,,,,,,,,,,,,,,,,,,,,,,,,,,,,,,,,,,,,,,,,,,,,,,,,,,,,,,,,
1993Q3,37.52633169778189,34.70450867219048,39.97903186404722,38.42766054334577,36.35526407923494,33.67985539774684,39.54339943378714,37.47961536559217,37.03413626518813,39.75177801031664,38.21579003322813,37.78770418568126,35.97525639442777,34.3040650825313,38.40129069748408,39.06784315031705,39.83404586391714,37.10866151026851,46486621.0,8276017.0,1344184.0,1077103.0,1083683.0,2045168.0,588518.0,7463471.0,2084470.0,2547408.0,1099605.0,2772457.0,6373532.0,1453545.0,633017.0,2179532.0,319939.0,4989631.0,,,,,,,,,,,,,,,,,,,,,,,,,,,,,,,,,,,,,,,,,,,,,,,,,,,,,,,,,,,,,,,,,,,,,,,,,,,,,,,,,,,,,,,,,,,,,,,,,,,,,,,,,,,,,,,,,,,,,,,,,,,,,,,,,,,,,,,,,,,,,,,,,,,,,,,,,,,,,,,,,,,,,,,,,,,,,,,,,,,,
1994Q1,36.53813698659139,35.42273805714068,39.46625545463375,40.18798412390544,36.17543536151837,32.64697279263151,38.77551167152356,38.06817146645911,39.09473220656514,40.96436166296169,37.08913286861216,39.20171808369873,35.85719066164482,35.2041637150809,37.12283013146248,38.92570058606307,39.31986994717617,37.30264734870777,46486621.0,8276017.0,1344184.0,1077103.0,1083683.0,2045168.0,588518.0,7463471.0,2084470.0,2547408.0,1099605.0,2772457.0,6373532.0,1453545.0,633017.0,2179532.0,319939.0,4989631.0,,,,,,,,,,,,,,,,,,,,,,,,,,,,,,,,,,,,,,,,,,,,,,,,,,,,,,,,,,,,,,,,,,,,,,,,,,,,,,,,,,,,,,,,,,,,,,,,,,,,,,,,,,,,,,,,,,,,,,,,,,,,,,,,,,,,,,,,,,,,,,,,,,,,,,,,,,,,,,,,,,,,,,,,,,,,,,,,,,,,
1994Q3,38.42227230515597,35.28389869515942,40.89027002283409,40.24080281987048,36.42501830536274,33.42169835538255,38.49482343277818,38.38640090166268,38.25170564362401,39.97992145873049,36.96867445578794,39.76182534505182,37.56337648245474,34.74841836021984,38.15699138962264,37.42827868002406,40.99322228652076,36.91117562518601,46486621.0,8276017.0,1344184.0,1077103.0,1083683.0,2045168.0,588518.0,7463471.0,2084470.0,2547408.0,1099605.0,2772457.0,6373532.0,1453545.0,633017.0,2179532.0,319939.0,4989631.0,,,,,,,,,,,,,,,,,,,,,,,,,,,,,,,,,,,,,,,,,,,,,,,,,,,,,,,,,,,,,,,,,,,,,,,,,,,,,,,,,,,,,,,,,,,,,,,,,,,,,,,,,,,,,,,,,,,,,,,,,,,,,,,,,,,,,,,,,,,,,,,,,,,,,,,,,,,,,,,,,,,,,,,,,,,,,,,,,,,,
1995Q1,38.32679510569708,35.48144358582956,40.6413449903422,40.90778629010102,35.58721507908656,34.06256761678289,38.61992762393251,39.18447780077368,38.05621810124527,40.83653348439445,37.88906322407757,40.47252982232641,35.68421581691382,34.86146616648248,38.59774026177084,37.63929294857519,39.24080716239187,38.01917573657636,46486621.0,8276017.0,1344184.0,1077103.0,1083683.0,2045168.0,588518.0,7463471.0,2084470.0,2547408.0,1099605.0,2772457.0,6373532.0,1453545.0,633017.0,2179532.0,319939.0,4989631.0,,,,,,,,,,,,,,,,,,,,,,,,,,,,,,,,,,,,,,,,,,,,,,,,,,,,,,,,,,,,,,,,,,,,,,,,,,,,,,,,,,,,,,,,,,,,,,,,,,,,,,,,,,,,,,,,,,,,,,,,,,,,,,,,,,,,,,,,,,,,,,,,,,,,,,,,,,,,,,,,,,,,,,,,,,,,,,,,,,,,
1995Q2,,,,,,,,,,,,,,,,,,,46486621.0,8276017.0,1344184.0,1077103.0,1083683.0,2045168.0,588518.0,7463471.0,2084470.0,2547408.0,1099605.0,2772457.0,6373532.0,1453545.0,633017.0,2179532.0,319939.0,4989631.0,,,,,,,,,,,,,,,,,,,,,,,,,,,,,,,,,,,,,,,,,,,,,,,,,,,,,,,,,,,,,,,,,,,,,,,,,,,,,,,,,,,,,,,,,,,,,,,,,,,,,,,,,,,,,,,,,,,,,,,,,,,,,,,,,,,,,,,,,,,,,,,,,,,,,,,,,,,,,,,,,,,,,,,,,,,,,,,,,,,,
1995Q3,39.09424510918951,35.38076449328592,40.93210613542733,40.59392155486342,36.42987182922283,33.00692938507939,39.74262172788596,38.23293026615085,37.29772465029393,40.40668660032682,37.9246916621269,39.34384844817031,37.03802436189402,34.95499976191378,38.24638910081744,38.86414752956097,38.96717275338531,36.78930828604868,46486621.0,8276017.0,1344184.0,1077103.0,1083683.0,2045168.0,588518.0,7463471.0,2084470.0,2547408.0,1099605.0,2772457.0,6373532.0,1453545.0,633017.0,2179532.0,319939.0,4989631.0,,,,,,,,,,,,,,,,,,,,,,,,,,,,,,,,,,,,,,,,,,,,,,,,,,,,,,,,,,,,,,,,,,,,,,,,,,,,,,,,,,,,,,,,,,,,,,,,,,,,,,,,,,,,,,,,,,,,,,,,,,,,,,,,,,,,,,,,,,,,,,,,,,,,,,,,,,,,,,,,,,,,,,,,,,,,,,,,,,,,
1995Q4,,,,,,,,,,,,,,,,,,,46486621.0,8276017.0,1344184.0,1077103.0,1083683.0,2045168.0,588518.0,7463471.0,2084470.0,2547408.0,1099605.0,2772457.0,6373532.0,1453545.0,633017.0,2179532.0,319939.0,4989631.0,,,,,,,,,,,,,,,,,,,,,,,,,,,,,,,,,,,,,,,,,,,,,,,,,,,,,,,,,,,,,,,,,,,,,,,,,,,,,,,,,,,,,,,,,,,,,,,,,,,,,,,,,,,,,,,,,,,,,,,,,,,,,,,,,,,,,,,,,,,,,,,,,,,,,,,,,,,,,,,,,,,,,,,,,,,,,,,,,,,,
1996Q1,37.95063368440576,34.31950633867164,42.4287800746114,41.26988599202067,36.98604673455809,34.19574229463537,39.38855610864603,39.08851393195982,39.39405775880869,40.81847962619118,37.24906378607177,39.35172380742129,36.07964934764953,35.65828331129688,40.19392800778385,37.51159045600284,39.28496701710987,36.64955628102616,46486621.0,8276017.0,1344184.0,1077103.0,1083683.0,2045168.0,588518.0,7463471.0,2084470.0,2547408.0,1099605.0,2772457.0,6373532.0,1453545.0,633017.0,2179532.0,319939.0,4989631.0,,,,,,,,,,,,,,,,,,,,,,,,,,,,,,,,,,,,,,,,,,,,,,,,,,,,,,,,,,,,,,,,,,,,,,,,,,,,,,,,,,,,,,,,,,,,,,,,,,,,,,,,,,,,,,,,,,,,,,,,,,,,,,,,,,,,,,,,,,,,,,,,,,,,,,,,,,,,,,,,,,,,,,,,,,,,,,,,,,,,
1996Q2,,,,,,,,,,,,,,,,,,,46486621.0,8276017.0,1344184.0,1077103.0,1083683.0,2045168.0,588518.0,7463471.0,2084470.0,2547408.0,1099605.0,2772457.0,6373532.0,1453545.0,633017.0,2179532.0,319939.0,4989631.0,,,,,,,,,,,,,,,,,,,,,,,,,,,,,,,,,,,,,,,,,,,,,,,,,,,,,,,,,,,,,,,,,,,,,,,,,,,,,,,,,,,,,,,,,,,,,,,,,,,,,,,,,,,,,,,,,,,,,,,,,,,,,,,,,,,,,,,,,,,,,,,,,,,,,,,,,,,,,,,,,,,,,,,,,,,,,,,,,,,,
1996Q3,38.39773108141959,34.01229629441546,39.9961011467544,40.27880494995208,36.65325948331321,34.7400779100716,38.97901089762198,38.85702424558176,38.72079461982581,41.81145736225053,38.6230880092337,39.08269606218444,37.13567060154605,35.14992229501127,38.72994368514679,38.54568283614336,38.46136459670411,38.13120563991288,46486621.0,8276017.0,1344184.0,1077103.0,1083683.0,2045168.0,588518.0,7463471.0,2084470.0,2547408.0,1099605.0,2772457.0,6373532.0,1453545.0,633017.0,2179532.0,319939.0,4989631.0,,,,,,,,,,,,,,,,,,,,,,,,,,,,,,,,,,,,,,,,,,,,,,,,,,,,,,,,,,,,,,,,,,,,,,,,,,,,,,,,,,,,,,,,,,,,,,,,,,,,,,,,,,,,,,,,,,,,,,,,,,,,,,,,,,,,,,,,,,,,,,,,,,,,,,,,,,,,,,,,,,,,,,,,,,,,,,,,,,,,
1996Q4,,,,,,,,,,,,,,,,,,,46486621.0,8276017.0,1344184.0,1077103.0,1083683.0,2045168.0,588518.0,7463471.0,2084470.0,2547408.0,1099605.0,2772457.0,6373532.0,1453545.0,633017.0,2179532.0,319939.0,4989631.0,,,,,,,,,,,,,,,,,,,,,,,,,,,,,,,,,,,,,,,,,,,,,,,,,,,,,,,,,,,,,,,,,,,,,,,,,,,,,,,,,,,,,,,,,,,,,,,,,,,,,,,,,,,,,,,,,,,,,,,,,,,,,,,,,,,,,,,,,,,,,,,,,,,,,,,,,,,,,,,,,,,,,,,,,,,,,,,,,,,,
1997Q1,38.40292862004956,35.28645407719021,42.07454913493633,41.67666845568446,37.20531850628136,34.44782181201919,39.30248180398152,38.83243877669232,38.4165158039481,40.16067951574819,38.38051711911369,39.06652798507234,37.14294754807669,35.44384974053015,38.98006645193411,39.54192184080762,40.28882683745997,37.52723517564846,46486621.0,8276017.0,1344184.0,1077103.0,1083683.0,2045168.0,588518.0,7463471.0,2084470.0,2547408.0,1099605.0,2772457.0,6373532.0,1453545.0,633017.0,2179532.0,319939.0,4989631.0,,,,,,,,,,,,,,,,,,,,,,,,,,,,,,,,,,,,,,,,,,,,,,,,,,,,,,,,,,,,,,,,,,,,,,,,,,,,,,,,,,,,,,,,,,,,,,,,,,,,,,,,,,,,,,,,,,,,,,,,,,,,,,,,,,,,,,,,,,,,,,,,,,,,,,,,,,,,,,,,,,,,,,,,,,,,,,,,,,,,
1997Q2,,,,,,,,,,,,,,,,,,,46486621.0,8276017.0,1344184.0,1077103.0,1083683.0,2045168.0,588518.0,7463471.0,2084470.0,2547408.0,1099605.0,2772457.0,6373532.0,1453545.0,633017.0,2179532.0,319939.0,4989631.0,,,,,,,,,,,,,,,,,,,,,,,,,,,,,,,,,,,,,,,,,,,,,,,,,,,,,,,,,,,,,,,,,,,,,,,,,,,,,,,,,,,,,,,,,,,,,,,,,,,,,,,,,,,,,,,,,,,,,,,,,,,,,,,,,,,,,,,,,,,,,,,,,,,,,,,,,,,,,,,,,,,,,,,,,,,,,,,,,,,,
1997Q3,38.84159729807544,36.01027288787107,41.53823059596865,41.94887880018566,36.56341927693528,34.36312108518048,39.38132830375858,39.8270628233555,37.55034203492394,41.82006459739529,38.63930956298549,39.95836376341044,38.05627456653372,35.03586482617328,39.48712321630936,40.06269137694786,41.10011422400365,37.44744032849057,46486621.0,8276017.0,1344184.0,1077103.0,1083683.0,2045168.0,588518.0,7463471.0,2084470.0,2547408.0,1099605.0,2772457.0,6373532.0,1453545.0,633017.0,2179532.0,319939.0,4989631.0,,,,,,,,,,,,,,,,,,,,,,,,,,,,,,,,,,,,,,,,,,,,,,,,,,,,,,,,,,,,,,,,,,,,,,,,,,,,,,,,,,,,,,,,,,,,,,,,,,,,,,,,,,,,,,,,,,,,,,,,,,,,,,,,,,,,,,,,,,,,,,,,,,,,,,,,,,,,,,,,,,,,,,,,,,,,,,,,,,,,
1997Q4,,,,,,,,,,,,,,,,,,,46486621.0,8276017.0,1344184.0,1077103.0,1083683.0,2045168.0,588518.0,7463471.0,2084470.0,2547408.0,1099605.0,2772457.0,6373532.0,1453545.0,633017.0,2179532.0,319939.0,4989631.0,,,,,,,,,,,,,,,,,,,,,,,,,,,,,,,,,,,,,,,,,,,,,,,,,,,,,,,,,,,,,,,,,,,,,,,,,,,,,,,,,,,,,,,,,,,,,,,,,,,,,,,,,,,,,,,,,,,,,,,,,,,,,,,,,,,,,,,,,,,,,,,,,,,,,,,,,,,,,,,,,,,,,,,,,,,,,,,,,,,,
1998Q1,38.96287351796474,34.86296576990834,41.56736821837463,42.97373017822539,38.14373836722846,35.5491821581718,39.81884679857875,38.99051175492674,38.70531361863798,42.16548108627164,37.84219008837714,40.9593753751082,38.27015518219093,36.17402958498184,39.65156899615298,39.48492653792149,40.30032183127398,37.79846967518625,46486621.0,8276017.0,1344184.0,1077103.0,1083683.0,2045168.0,588518.0,7463471.0,2084470.0,2547408.0,1099605.0,2772457.0,6373532.0,1453545.0,633017.0,2179532.0,319939.0,4989631.0,,,,,,,,,,,,,,,,,,,,,,,,,,,,,,,,,,,,,,,,,,,,,,,,,,,,,,,,,,,,,,,,,,,,,,,,,,,,,,,,,,,,,,,,,,,,,,,,,,,,,,,,,,,,,,,,,,,,,,,,,,,,,,,,,,,,,,,,,,,,,,,,,,,,,,,,,,,,,,,,,,,,,,,,,,,,,,,,,,,,
1998Q2,,,,,,,,,,,,,,,,,,,46486621.0,8276017.0,1344184.0,1077103.0,1083683.0,2045168.0,588518.0,7463471.0,2084470.0,2547408.0,1099605.0,2772457.0,6373532.0,1453545.0,633017.0,2179532.0,319939.0,4989631.0,,,,,,,,,,,,,,,,,,,,,,,,,,,,,,,,,,,,,,,,,,,,,,,,,,,,,,,,,,,,,,,,,,,,,,,,,,,,,,,,,,,,,,,,,,,,,,,,,,,,,,,,,,,,,,,,,,,,,,,,,,,,,,,,,,,,,,,,,,,,,,,,,,,,,,,,,,,,,,,,,,,,,,,,,,,,,,,,,,,,
1998Q3,40.33303110773382,35.34947119428976,40.4763030749516,40.77220280985621,37.35600908814239,36.32538500791416,40.13137862694195,39.24829317626563,38.5191454737398,42.88416782370241,37.7383628514285,40.55805642827664,37.41301341726474,35.41954081834284,39.59874947942517,40.3046493797249,40.69772439167672,38.0284386080506,46486621.0,8276017.0,1344184.0,1077103.0,1083683.0,2045168.0,588518.0,7463471.0,2084470.0,2547408.0,1099605.0,2772457.0,6373532.0,1453545.0,633017.0,2179532.0,319939.0,4989631.0,,,,,,,,,,,,,,,,,,,,,,,,,,,,,,,,,,,,,,,,,,,,,,,,,,,,,,,,,,,,,,,,,,,,,,,,,,,,,,,,,,,,,,,,,,,,,,,,,,,,,,,,,,,,,,,,,,,,,,,,,,,,,,,,,,,,,,,,,,,,,,,,,,,,,,,,,,,,,,,,,,,,,,,,,,,,,,,,,,,,
1998Q4,,,,,,,,,,,,,,,,,,,46486621.0,8276017.0,1344184.0,1077103.0,1083683.0,2045168.0,588518.0,7463471.0,2084470.0,2547408.0,1099605.0,2772457.0,6373532.0,1453545.0,633017.0,2179532.0,319939.0,4989631.0,,,,,,,,,,,,,,,,,,,,,,,,,,,,,,,,,,,,,,,,,,,,,,,,,,,,,,,,,,,,,,,,,,,,,,,,,,,,,,,,,,,,,,,,,,,,,,,,,,,,,,,,,,,,,,,,,,,,,,,,,,,,,,,,,,,,,,,,,,,,,,,,,,,,,,,,,,,,,,,,,,,,,,,,,,,,,,,,,,,,
1999Q1,39.45997817447584,35.75318892771843,41.70925113759242,42.36712583981471,37.65489679204728,35.47000610646981,41.57337598506501,39.46923805871457,39.34625110446845,42.7839050472202,38.16134827250634,40.6219124947523,38.04315865891549,35.73679696069524,39.07914848726343,39.68566170095764,40.29930201102985,37.78547293529594,46486621.0,8276017.0,1344184.0,1077103.0,1083683.0,2045168.0,588518.0,7463471.0,2084470.0,2547408.0,1099605.0,2772457.0,6373532.0,1453545.0,633017.0,2179532.0,319939.0,4989631.0,,,,,,,,,,,,,,,,,,,,,,,,,,,,,,,,,,,,,,,,,,,,,,,,,,,,,,,,,,,,,,,,,,,,,,,,,,,,,,,,,,,,,,,,,,,,,,,,,,,,,,,,,,,,,,,,,,,,,,,,,,,,,,,,,,,,,,,,,,,,,,,,,,,,,,,,,,,,,,,,,,,,,,,,,,,,,,,,,,,,
1999Q2,,,,,,,,,,,,,,,,,,,46486621.0,8276017.0,1344184.0,1077103.0,1083683.0,2045168.0,588518.0,7463471.0,2084470.0,2547408.0,1099605.0,2772457.0,6373532.0,1453545.0,633017.0,2179532.0,319939.0,4989631.0,,,,,,,,,,,,,,,,,,,,,,,,,,,,,,,,,,,,,,,,,,,,,,,,,,,,,,,,,,,,,,,,,,,,,,,,,,,,,,,,,,,,,,,,,,,,,,,,,,,,,,,,,,,,,,,,,,,,,,,,,,,,,,,,,,,,,,,,,,,,,,,,,,,,,,,,,,,,,,,,,,,,,,,,,,,,,,,,,,,,
1999Q3,39.75190564114708,36.25097580569229,41.23749949785657,42.9956184094278,37.09420993163553,35.30603161889255,41.01169106384194,39.37596426836603,38.9739344812944,41.98379148564992,37.5955967357359,41.3778377158936,38.41114940497474,35.29952582632083,39.87027002665236,40.33323644041906,40.08517227568869,38.68305614206928,46486621.0,8276017.0,1344184.0,1077103.0,1083683.0,2045168.0,588518.0,7463471.0,2084470.0,2547408.0,1099605.0,2772457.0,6373532.0,1453545.0,633017.0,2179532.0,319939.0,4989631.0,,,,,,,,,,,,,,,,,,,,,,,,,,,,,,,,,,,,,,,,,,,,,,,,,,,,,,,,,,,,,,,,,,,,,,,,,,,,,,,,,,,,,,,,,,,,,,,,,,,,,,,,,,,,,,,,,,,,,,,,,,,,,,,,,,,,,,,,,,,,,,,,,,,,,,,,,,,,,,,,,,,,,,,,,,,,,,,,,,,,
1999Q4,,,,,,,,,,,,,,,,,,,46486621.0,8276017.0,1344184.0,1077103.0,1083683.0,2045168.0,588518.0,7463471.0,2084470.0,2547408.0,1099605.0,2772457.0,6373532.0,1453545.0,633017.0,2179532.0,319939.0,4989631.0,,,,,,,,,,,,,,,,,,,,,,,,,,,,,,,,,,,,,,,,,,,,,,,,,,,,,,,,,,,,,,,,,,,,,,,,,,,,,,,,,,,,,,,,,,,,,,,,,,,,,,,,,,,,,,,,,,,,,,,,,,,,,,,,,,,,,,,,,,,,,,,,,,,,,,,,,,,,,,,,,,,,,,,,,,,,,,,,,,,,
2000Q1,39.2648290814486,36.65692298603366,41.69405350678421,42.1865852556925,38.08523721804799,36.01576936677818,39.47843497970797,39.4043796432754,39.02586287131341,42.21126829614435,38.88703921279922,41.09892699088904,38.57819581584053,35.34982343994533,39.35538782528215,40.93093793289713,40.64296735146194,38.47725462494051,46486621.0,8276017.0,1344184.0,1077103.0,1083683.0,2045168.0,588518.0,7463471.0,2084470.0,2547408.0,1099605.0,2772457.0,6373532.0,1453545.0,633017.0,2179532.0,319939.0,4989631.0,,,,,,,,,,,,,,,,,,,,,,,,,,,,,,,,,,,,,,,,,,,,,,,,,,,,,,,,,,,,,,,,,,,,,,,,,,,,,,,,,,,,,,,,,,,,,,,,,,,,,,,,,,,,,,,,,,,,,,,,,,,,,,,,,,,,,,,,,,,,,,,,,,,,,,,,,,,,,,,,,,,,,,,,,,,,,,,,,,,,
2000Q2,,,,,,,,,,,,,,,,,,,46486621.0,8276017.0,1344184.0,1077103.0,1083683.0,2045168.0,588518.0,7463471.0,2084470.0,2547408.0,1099605.0,2772457.0,6373532.0,1453545.0,633017.0,2179532.0,319939.0,4989631.0,,,,,,,,,,,,,,,,,,,,,,,,,,,,,,,,,,,,,,,,,,,,,,,,,,,,,,,,,,,,,,,,,,,,,,,,,,,,,,,,,,,,,,,,,,,,,,,,,,,,,,,,,,,,,,,,,,,,,,,,,,,,,,,,,,,,,,,,,,,,,,,,,,,,,,,,,,,,,,,,,,,,,,,,,,,,,,,,,,,,
2000Q3,39.814749120355,36.58826649484867,43.18120941648803,42.91762798571213,37.24798196465868,35.46851739668659,40.92422962572441,39.8900564491633,40.48092496489761,41.6529697625135,39.36526111003516,42.00425033465806,38.02688207394299,35.54291042642647,40.97191599225461,40.64766261674095,40.60027257470462,38.70308199872623,46486621.0,8276017.0,1344184.0,1077103.0,1083683.0,2045168.0,588518.0,7463471.0,2084470.0,2547408.0,1099605.0,2772457.0,6373532.0,1453545.0,633017.0,2179532.0,319939.0,4989631.0,,,,,,,,,,,,,,,,,,,,,,,,,,,,,,,,,,,,,,,,,,,,,,,,,,,,,,,,,,,,,,,,,,,,,,,,,,,,,,,,,,,,,,,,,,,,,,,,,,,,,,,,,,,,,,,,,,,,,,,,,,,,,,,,,,,,,,,,,,,,,,,,,,,,,,,,,,,,,,,,,,,,,,,,,,,,,,,,,,,,
2000Q4,,,,,,,,,,,,,,,,,,,46486621.0,8276017.0,1344184.0,1077103.0,1083683.0,2045168.0,588518.0,7463471.0,2084470.0,2547408.0,1099605.0,2772457.0,6373532.0,1453545.0,633017.0,2179532.0,319939.0,4989631.0,,,,,,,,,,,,,,,,,,,,,,,,,,,,,,,,,,,,,,,,,,,,,,,,,,,,,,,,,,,,,,,,,,,,,,,,,,,,,,,,,,,,,,,,,,,,,,,,,,,,,,,,,,,,,,,,,,,,,,,,,,,,,,,,,,,,,,,,,,,,,,,,,,,,,,,,,,,,,,,,,,,,,,,,,,,,,,,,,,,,
2001Q1,38.8295591201419,36.22243006680655,42.98954366637526,42.91405132426614,38.03937228403096,36.02832736418744,41.40509316008826,39.90626805435505,40.75864629286859,43.06352042154466,39.47631417703426,42.21894495123337,39.10373137698762,36.59703219765711,39.91134659043635,41.84787279498723,40.24270572823627,38.87022448165848,46486621.0,8276017.0,1344184.0,1077103.0,1083683.0,2045168.0,588518.0,7463471.0,2084470.0,2547408.0,1099605.0,2772457.0,6373532.0,1453545.0,633017.0,2179532.0,319939.0,4989631.0,,,,,,,,,,,,,,,,,,,,,,,,,,,,,,,,,,,,,,,,,,,,,,,,,,,,,,,,,,,,,,,,,,,,,,,,,,,,,,,,,,,,,,,,,,,,,,,,,,,,,,,,,,,,,,,,,,,,,,,,,,,,,,,,,,,,,,,,,,,,,,,,,,,,,,,,,,,,,,,,,,,,,,,,,,,,,,,,,,,,
2001Q2,,,,,,,,,,,,,,,,,,,46486621.0,8276017.0,1344184.0,1077103.0,1083683.0,2045168.0,588518.0,7463471.0,2084470.0,2547408.0,1099605.0,2772457.0,6373532.0,1453545.0,633017.0,2179532.0,319939.0,4989631.0,,,,,,,,,,,,,,,,,,,,,,,,,,,,,,,,,,,,,,,,,,,,,,,,,,,,,,,,,,,,,,,,,,,,,,,,,,,,,,,,,,,,,,,,,,,,,,,,,,,,,,,,,,,,,,,,,,,,,,,,,,,,,,,,,,,,,,,,,,,,,,,,,,,,,,,,,,,,,,,,,,,,,,,,,,,,,,,,,,,,
2001Q3,40.23188783897229,36.48027864001932,42.49246771319356,42.39433385686114,37.88639686866201,36.27194319286888,40.67179206122056,39.6272609782241,39.13953124302481,42.24127414421133,39.20041959600863,41.62201129878732,38.71624732243497,36.17759429522781,40.57125055047759,41.17781731283482,41.83248514855388,39.00863937039482,46486621.0,8276017.0,1344184.0,1077103.0,1083683.0,2045168.0,588518.0,7463471.0,2084470.0,2547408.0,1099605.0,2772457.0,6373532.0,1453545.0,633017.0,2179532.0,319939.0,4989631.0,,,,,,,,,,,,,,,,,,,,,,,,,,,,,,,,,,,,,,,,,,,,,,,,,,,,,,,,,,,,,,,,,,,,,,,,,,,,,,,,,,,,,,,,,,,,,,,,,,,,,,,,,,,,,,,,,,,,,,,,,,,,,,,,,,,,,,,,,,,,,,,,,,,,,,,,,,,,,,,,,,,,,,,,,,,,,,,,,,,,
2001Q4,,,,,,,,,,,,,,,,,,,46486621.0,8276017.0,1344184.0,1077103.0,1083683.0,2045168.0,588518.0,7463471.0,2084470.0,2547408.0,1099605.0,2772457.0,6373532.0,1453545.0,633017.0,2179532.0,319939.0,4989631.0,,,,,,,,,,,,,,,,,,,,,,,,,,,,,,,,,,,,,,,,,,,,,,,,,,,,,,,,,,,,,,,,,,,,,,,,,,,,,,,,,,,,,,,,,,,,,,,,,,,,,,,,,,,,,,,,,,,,,,,,,,,,,,,,,,,,,,,,,,,,,,,,,,,,,,,,,,,,,,,,,,,,,,,,,,,,,,,,,,,,
2002Q1,40.10140184856004,38.6444736506301,44.19371678772983,46.32404113085175,40.80063990488846,38.73435144183768,45.47606888775994,42.16565917477296,41.30003922658357,43.59812452216105,42.02603909931337,44.39106545744301,39.29853269819137,38.19818330458398,44.00612665315434,42.65873613097293,45.99398844414379,40.23790627606999,46486621.0,8276017.0,1344184.0,1077103.0,1083683.0,2045168.0,588518.0,7463471.0,2084470.0,2547408.0,1099605.0,2772457.0,6373532.0,1453545.0,633017.0,2179532.0,319939.0,4989631.0,,,,,,,,,,,,,,,,,,,,,,,,,,,,,,,,,,,,,,,,,,,,,,,,,,,,,,,,,,,,,,,,,,,,,,,,,,,,,,,,,,,,,,,,,,,,,,,,,,,,,,,,,,,,,,,,,,,,,,,,,,,,,,,,,,,,,,,,,,,,,,,,,,,,,,,,,,,,,,,,,,,,,,,,,,,,,,,,,,,,
2002Q2,,,,,,,,,,,,,,,,,,,46486621.0,8276017.0,1344184.0,1077103.0,1083683.0,2045168.0,588518.0,7463471.0,2084470.0,2547408.0,1099605.0,2772457.0,6373532.0,1453545.0,633017.0,2179532.0,319939.0,4989631.0,,,,,,,,,,,,,,,,,,,,,,,,,,,,,,,,,,,,,,,,,,,,,,,,,,,,,,,,,,,,,,,,,,,,,,,,,,,,,,,,,,,,,,,,,,,,,,,,,,,,,,,,,,,,,,,,,,,,,,,,,,,,,,,,,,,,,,,,,,,,,,,,,,,,,,,,,,,,,,,,,,,,,,,,,,,,,,,,,,,,
2002Q3,39.90099717733983,38.29918669372086,43.70282891347483,46.44168990139736,40.39621545628746,37.58484939594861,45.28870494275424,41.43019268298823,41.8780975599206,44.49267374435475,41.96952829566162,45.56531384230288,39.23240670334626,39.1696536716909,43.98565958418074,42.99243216069129,47.58471875985979,40.11908922654358,46486621.0,8276017.0,1344184.0,1077103.0,1083683.0,2045168.0,588518.0,7463471.0,2084470.0,2547408.0,1099605.0,2772457.0,6373532.0,1453545.0,633017.0,2179532.0,319939.0,4989631.0,,,,,,,,,,,,,,,,,,,,,,,,,,,,,,,,,,,,,,,,,,,,,,,,,,,,,,,,,,,,,,,,,,,,,,,,,,,,,,,,,,,,,,,,,,,,,,,,,,,,,,,,,,,,,,,,,,,,,,,,,,,,,,,,,,,,,,,,,,,,,,,,,,,,,,,,,,,,,,,,,,,,,,,,,,,,,,,,,,,,
2002Q4,,,,,,,,,,,,,,,,,,,46486621.0,8276017.0,1344184.0,1077103.0,1083683.0,2045168.0,588518.0,7463471.0,2084470.0,2547408.0,1099605.0,2772457.0,6373532.0,1453545.0,633017.0,2179532.0,319939.0,4989631.0,,,,,,,,,,,,,,,,,,,,,,,,,,,,,,,,,,,,,,,,,,,,,,,,,,,,,,,,,,,,,,,,,,,,,,,,,,,,,,,,,,,,,,,,,,,,,,,,,,,,,,,,,,,,,,,,,,,,,,,,,,,,,,,,,,,,,,,,,,,,,,,,,,,,,,,,,,,,,,,,,,,,,,,,,,,,,,,,,,,,
2003Q1,40.66485882692818,37.18030968765151,44.28074347394265,46.82041753045504,40.89497818532841,38.94699154337556,45.77824298688267,40.88198135939802,41.73467625948377,45.83973137518193,42.57677358313217,44.70494359210098,39.81611407710699,38.5708447001473,44.05040671817565,42.03636368051913,46.92461470573814,40.40089012848564,46486621.0,8276017.0,1344184.0,1077103.0,1083683.0,2045168.0,588518.0,7463471.0,2084470.0,2547408.0,1099605.0,2772457.0,6373532.0,1453545.0,633017.0,2179532.0,319939.0,4989631.0,,,,,,,,,,,,,,,,,,,,,,,,,,,,,,,,,,,,,,,,,,,,,,,,,,,,,,,,,,,,,,,,,,,,,,,,,,,,,,,,,,,,,,,,,,,,,,,,,,,,,,,,,,,,,,,,,,,,,,,,,,,,,,,,,,,,,,,,,,,,,,,,,,,,,,,,,,,,,,,,,,,,,,,,,,,,,,,,,,,,
2003Q2,,,,,,,,,,,,,,,,,,,46486621.0,8276017.0,1344184.0,1077103.0,1083683.0,2045168.0,588518.0,7463471.0,2084470.0,2547408.0,1099605.0,2772457.0,6373532.0,1453545.0,633017.0,2179532.0,319939.0,4989631.0,,,,,,,,,,,,,,,,,,,,,,,,,,,,,,,,,,,,,,,,,,,,,,,,,,,,,,,,,,,,,,,,,,,,,,,,,,,,,,,,,,,,,,,,,,,,,,,,,,,,,,,,,,,,,,,,,,,,,,,,,,,,,,,,,,,,,,,,,,,,,,,,,,,,,,,,,,,,,,,,,,,,,,,,,,,,,,,,,,,,
2003Q3,40.38169711605799,38.65046151103767,43.9013375813153,45.24692583018493,41.12807131322716,38.23036251098948,45.74868462590761,41.5191618781715,42.48837484658147,45.06450803069404,41.62462262804965,44.69599791311865,39.28762938182104,39.0790698579589,44.71285114845981,42.74119591163511,47.069296313657,39.88132723752514,46486621.0,8276017.0,1344184.0,1077103.0,1083683.0,2045168.0,588518.0,7463471.0,2084470.0,2547408.0,1099605.0,2772457.0,6373532.0,1453545.0,633017.0,2179532.0,319939.0,4989631.0,,,,,,,,,,,,,,,,,,,,,,,,,,,,,,,,,,,,,,,,,,,,,,,,,,,,,,,,,,,,,,,,,,,,,,,,,,,,,,,,,,,,,,,,,,,,,,,,,,,,,,,,,,,,,,,,,,,,,,,,,,,,,,,,,,,,,,,,,,,,,,,,,,,,,,,,,,,,,,,,,,,,,,,,,,,,,,,,,,,,
2003Q4,,,,,,,,,,,,,,,,,,,46486621.0,8276017.0,1344184.0,1077103.0,1083683.0,2045168.0,588518.0,7463471.0,2084470.0,2547408.0,1099605.0,2772457.0,6373532.0,1453545.0,633017.0,2179532.0,319939.0,4989631.0,,,,,,,,,,,,,,,,,,,,,,,,,,,,,,,,,,,,,,,,,,,,,,,,,,,,,,,,,,,,,,,,,,,,,,,,,,,,,,,,,,,,,,,,,,,,,,,,,,,,,,,,,,,,,,,,,,,,,,,,,,,,,,,,,,,,,,,,,,,,,,,,,,,,,,,,,,,,,,,,,,,,,,,,,,,,,,,,,,,,
2004Q1,41.23962903189999,37.72562585207353,44.41176762766489,45.72232101506059,40.99797676507215,37.95703541827272,45.08979716539021,41.22983070408979,41.73137848162812,45.84240175799439,42.32672693292778,44.0227745696414,39.44557781252583,38.11561244078336,43.83796576396753,43.17774640364422,46.7232956964526,40.72322909884616,46486621.0,8276017.0,1344184.0,1077103.0,1083683.0,2045168.0,588518.0,7463471.0,2084470.0,2547408.0,1099605.0,2772457.0,6373532.0,1453545.0,633017.0,2179532.0,319939.0,4989631.0,,,,,,,,,,,,,,,,,,,,,,,,,,,,,,,,,,,,,,,,,,,,,,,,,,,,,,,,,,,,,,,,,,,,,,,,,,,,,,,,,,,,,,,,,,,,,,,,,,,,,,,,,,,,,,,,,,,,,,,,,,,,,,,,,,,,,,,,,,,,,,,,,,,,,,,,,,,,,,,,,,,,,,,,,,,,,,,,,,,,
2004Q2,,,,,,,,,,,,,,,,,,,46486621.0,8276017.0,1344184.0,1077103.0,1083683.0,2045168.0,588518.0,7463471.0,2084470.0,2547408.0,1099605.0,2772457.0,6373532.0,1453545.0,633017.0,2179532.0,319939.0,4989631.0,,,,,,,,,,,,,,,,,,,,,,,,,,,,,,,,,,,,,,,,,,,,,,,,,,,,,,,,,,,,,,,,,,,,,,,,,,,,,,,,,,,,,,,,,,,,,,,,,,,,,,,,,,,,,,,,,,,,,,,,,,,,,,,,,,,,,,,,,,,,,,,,,,,,,,,,,,,,,,,,,,,,,,,,,,,,,,,,,,,,
2004Q3,41.23424701668817,38.87553140753048,45.21172822422163,45.97109249625937,40.61101820985309,37.65514935864852,44.86968626306937,40.78147747275116,41.12912189605376,45.34929019949053,42.93113188218702,44.02004911542805,40.26304919035212,38.34030939876184,44.24410754747834,44.19202460372067,46.66836190445122,40.18072488184666,46486621.0,8276017.0,1344184.0,1077103.0,1083683.0,2045168.0,588518.0,7463471.0,2084470.0,2547408.0,1099605.0,2772457.0,6373532.0,1453545.0,633017.0,2179532.0,319939.0,4989631.0,,,,,,,,,,,,,,,,,,,,,,,,,,,,,,,,,,,,,,,,,,,,,,,,,,,,,,,,,,,,,,,,,,,,,,,,,,,,,,,,,,,,,,,,,,,,,,,,,,,,,,,,,,,,,,,,,,,,,,,,,,,,,,,,,,,,,,,,,,,,,,,,,,,,,,,,,,,,,,,,,,,,,,,,,,,,,,,,,,,,
2004Q4,,,,,,,,,,,,,,,,,,,46486621.0,8276017.0,1344184.0,1077103.0,1083683.0,2045168.0,588518.0,7463471.0,2084470.0,2547408.0,1099605.0,2772457.0,6373532.0,1453545.0,633017.0,2179532.0,319939.0,4989631.0,,,,,,,,,,,,,,,,,,,,,,,,,,,,,,,,,,,,,,,,,,,,,,,,,,,,,,,,,,,,,,,,,,,,,,,,,,,,,,,,,,,,,,,,,,,,,,,,,,,,,,,,,,,,,,,,,,,,,,,,,,,,,,,,,,,,,,,,,,,,,,,,,,,,,,,,,,,,,,,,,,,,,,,,,,,,,,,,,,,,
2005Q1,39.94330105777088,38.44036328043827,44.37112867004089,45.62654711697393,40.64665302224041,38.35843578069421,45.71298303103826,40.68408563837369,41.68699140550977,45.42673131179023,43.16583366634042,45.3225629806544,39.59331170015054,39.27925190174256,44.70228542681065,43.32857088067595,48.0070724430897,40.03692918461911,46486621.0,8276017.0,1344184.0,1077103.0,1083683.0,2045168.0,588518.0,7463471.0,2084470.0,2547408.0,1099605.0,2772457.0,6373532.0,1453545.0,633017.0,2179532.0,319939.0,4989631.0,,,,,,,,,,,,,,,,,,,,,,,,,,,,,,,,,,,,,,,,,,,,,,,,,,,,,,,,,,,,,,,,,,,,,,,,,,,,,,,,,,,,,,,,,,,,,,,,,,,,,,,,,,,,,,,,,,,,,,,,,,,,,,,,,,,,,,,,,,,,,,,,,,,,,,,,,,,,,,,,,,,,,,,,,,,,,,,,,,,,
2005Q2,,,,,,,,,,,,,,,,,,,46486621.0,8276017.0,1344184.0,1077103.0,1083683.0,2045168.0,588518.0,7463471.0,2084470.0,2547408.0,1099605.0,2772457.0,6373532.0,1453545.0,633017.0,2179532.0,319939.0,4989631.0,,,,,,,,,,,,,,,,,,,,,,,,,,,,,,,,,,,,,,,,,,,,,,,,,,,,,,,,,,,,,,,,,,,,,,,,,,,,,,,,,,,,,,,,,,,,,,,,,,,,,,,,,,,,,,,,,,,,,,,,,,,,,,,,,,,,,,,,,,,,,,,,,,,,,,,,,,,,,,,,,,,,,,,,,,,,,,,,,,,,
2005Q3,40.84236471361153,38.16647515035553,44.44133005873196,47.02792910962957,40.79074298108841,38.67660721795681,45.69378466018364,41.15138748899027,42.01074573252004,44.82491493118771,42.79294540514851,44.75885438128819,40.00443631704644,38.28387593727057,44.2489551258652,43.71130183443306,47.24617855813619,40.61822501474477,46486621.0,8276017.0,1344184.0,1077103.0,1083683.0,2045168.0,588518.0,7463471.0,2084470.0,2547408.0,1099605.0,2772457.0,6373532.0,1453545.0,633017.0,2179532.0,319939.0,4989631.0,,,,,,,,,,,,,,,,,,,,,,,,,,,,,,,,,,,,,,,,,,,,,,,,,,,,,,,,,,,,,,,,,,,,,,,,,,,,,,,,,,,,,,,,,,,,,,,,,,,,,,,,,,,,,,,,,,,,,,,,,,,,,,,,,,,,,,,,,,,,,,,,,,,,,,,,,,,,,,,,,,,,,,,,,,,,,,,,,,,,
2005Q4,,,,,,,,,,,,,,,,,,,46486621.0,8276017.0,1344184.0,1077103.0,1083683.0,2045168.0,588518.0,7463471.0,2084470.0,2547408.0,1099605.0,2772457.0,6373532.0,1453545.0,633017.0,2179532.0,319939.0,4989631.0,,,,,,,,,,,,,,,,,,,,,,,,,,,,,,,,,,,,,,,,,,,,,,,,,,,,,,,,,,,,,,,,,,,,,,,,,,,,,,,,,,,,,,,,,,,,,,,,,,,,,,,,,,,,,,,,,,,,,,,,,,,,,,,,,,,,,,,,,,,,,,,,,,,,,,,,,,,,,,,,,,,,,,,,,,,,,,,,,,,,
2006Q1,39.18800582669145,38.25873375780064,45.66405051232564,46.78372242482075,40.86440063656588,38.78034082737938,45.33852700221089,40.85157227829903,41.20923141529989,46.14919291930922,42.82877100826198,45.26828093116468,40.06629119325278,38.88361418011287,45.28654586601411,44.78521203180593,46.87460001535941,40.37964431232705,46486621.0,8276017.0,1344184.0,1077103.0,1083683.0,2045168.0,588518.0,7463471.0,2084470.0,2547408.0,1099605.0,2772457.0,6373532.0,1453545.0,633017.0,2179532.0,319939.0,4989631.0,,,,,,,,,,,,,,,,,,,,,,,,,,,,,,,,,,,,,,,,,,,,,,,,,,,,,,,,,,,,,,,,,,,,,,,,,,,,,,,,,,,,,,,,,,,,,,,,,,,,,,,,,,,,,,,,,,,,,,,,,,,,,,,,,,,,,,,,,,,,,,,,,,,,,,,,,,,,,,,,,,,,,,,,,,,,,,,,,,,,
2006Q2,,,,,,,,,,,,,,,,,,,46486621.0,8276017.0,1344184.0,1077103.0,1083683.0,2045168.0,588518.0,7463471.0,2084470.0,2547408.0,1099605.0,2772457.0,6373532.0,1453545.0,633017.0,2179532.0,319939.0,4989631.0,,,,,,,,,,,,,,,,,,,,,,,,,,,,,,,,,,,,,,,,,,,,,,,,,,,,,,,,,,,,,,,,,,,,,,,,,,,,,,,,,,,,,,,,,,,,,,,,,,,,,,,,,,,,,,,,,,,,,,,,,,,,,,,,,,,,,,,,,,,,,,,,,,,,,,,,,,,,,,,,,,,,,,,,,,,,,,,,,,,,
2006Q3,40.46268563593434,38.78832755843251,44.17938143358464,47.43521617112382,41.16564705934103,39.43460583303183,46.18633715928921,41.5347699962188,41.31102461139822,45.88358990659307,42.48025313596136,44.89790603116462,40.27649634585456,38.88254810679682,44.52202863261854,43.68352849532616,47.12202569061208,38.97844749940104,46486621.0,8276017.0,1344184.0,1077103.0,1083683.0,2045168.0,588518.0,7463471.0,2084470.0,2547408.0,1099605.0,2772457.0,6373532.0,1453545.0,633017.0,2179532.0,319939.0,4989631.0,,,,,,,,,,,,,,,,,,,,,,,,,,,,,,,,,,,,,,,,,,,,,,,,,,,,,,,,,,,,,,,,,,,,,,,,,,,,,,,,,,,,,,,,,,,,,,,,,,,,,,,,,,,,,,,,,,,,,,,,,,,,,,,,,,,,,,,,,,,,,,,,,,,,,,,,,,,,,,,,,,,,,,,,,,,,,,,,,,,,
2006Q4,,,,,,,,,,,,,,,,,,,46486621.0,8276017.0,1344184.0,1077103.0,1083683.0,2045168.0,588518.0,7463471.0,2084470.0,2547408.0,1099605.0,2772457.0,6373532.0,1453545.0,633017.0,2179532.0,319939.0,4989631.0,,,,,,,,,,,,,,,,,,,,,,,,,,,,,,,,,,,,,,,,,,,,,,,,,,,,,,,,,,,,,,,,,,,,,,,,,,,,,,,,,,,,,,,,,,,,,,,,,,,,,,,,,,,,,,,,,,,,,,,,,,,,,,,,,,,,,,,,,,,,,,,,,,,,,,,,,,,,,,,,,,,,,,,,,,,,,,,,,,,,
2007Q1,41.24915465596772,39.43072094876004,43.91361559408733,46.8980541874479,41.28433449740599,38.27649622341148,47.94095922648074,40.98958314738622,42.85632377572346,44.91769233025071,43.31782892659752,45.10103560644807,39.69106924817221,38.73537608646281,43.79848657900474,44.09059533425192,46.87460444978659,39.59788454242219,46486621.0,8276017.0,1344184.0,1077103.0,1083683.0,2045168.0,588518.0,7463471.0,2084470.0,2547408.0,1099605.0,2772457.0,6373532.0,1453545.0,633017.0,2179532.0,319939.0,4989631.0,,,,,,,,,,,,,,,,,,,,,,,,,,,,,,,,,,,,,,,,,,,,,,,,,,,,,,,,,,,,,,,,,,,,,,,,,,,,,,,,,,,,,,,,,,,,,,,,,,,,,,,,,,,,,,,,,,,,,,,,,,,,,,,,,,,,,,,,,,,,,,,,,,,,,,,,,,,,,,,,,,,,,,,,,,,,,,,,,,,,
2007Q2,,,,,,,,,,,,,,,,,,,46486621.0,8276017.0,1344184.0,1077103.0,1083683.0,2045168.0,588518.0,7463471.0,2084470.0,2547408.0,1099605.0,2772457.0,6373532.0,1453545.0,633017.0,2179532.0,319939.0,4989631.0,,,,,,,,,,,,,,,,,,,,,,,,,,,,,,,,,,,,,,,,,,,,,,,,,,,,,,,,,,,,,,,,,,,,,,,,,,,,,,,,,,,,,,,,,,,,,,,,,,,,,,,,,,,,,,,,,,,,,,,,,,,,,,,,,,,,,,,,,,,,,,,,,,,,,,,,,,,,,,,,,,,,,,,,,,,,,,,,,,,,
2007Q3,40.93438196862291,38.87287483645599,44.68310530229638,47.2654956828422,41.48421267368325,39.17291767929677,45.96507178332022,41.2459782128014,41.63199278911938,45.12930459510034,43.3996767808966,45.56332247708354,39.92146132537261,38.463096229177,44.89260670978242,43.48454715982727,47.0434801298171,40.85626328334019,46486621.0,8276017.0,1344184.0,1077103.0,1083683.0,2045168.0,588518.0,7463471.0,2084470.0,2547408.0,1099605.0,2772457.0,6373532.0,1453545.0,633017.0,2179532.0,319939.0,4989631.0,,,,,,,,,,,,,,,,,,,,,,,,,,,,,,,,,,,,,,,,,,,,,,,,,,,,,,,,,,,,,,,,,,,,,,,,,,,,,,,,,,,,,,,,,,,,,,,,,,,,,,,,,,,,,,,,,,,,,,,,,,,,,,,,,,,,,,,,,,,,,,,,,,,,,,,,,,,,,,,,,,,,,,,,,,,,,,,,,,,,
2007Q4,,,,,,,,,,,,,,,,,,,46486621.0,8276017.0,1344184.0,1077103.0,1083683.0,2045168.0,588518.0,7463471.0,2084470.0,2547408.0,1099605.0,2772457.0,6373532.0,1453545.0,633017.0,2179532.0,319939.0,4989631.0,,,,,,,,,,,,,,,,,,,,,,,,,,,,,,,,,,,,,,,,,,,,,,,,,,,,,,,,,,,,,,,,,,,,,,,,,,,,,,,,,,,,,,,,,,,,,,,,,,,,,,,,,,,,,,,,,,,,,,,,,,,,,,,,,,,,,,,,,,,,,,,,,,,,,,,,,,,,,,,,,,,,,,,,,,,,,,,,,,,,
2008Q1,40.95697357680089,38.33909020025183,44.22330863930635,47.43065035197574,40.58458105561954,38.37708740069417,45.94712113156817,40.41171763018897,41.34526332624659,45.71093871304039,43.32694284243336,46.45918876667105,40.28235322818821,38.32696836056711,44.71059181045421,43.54750366723889,47.27705880230447,40.5295047091325,46486621.0,8276017.0,1344184.0,1077103.0,1083683.0,2045168.0,588518.0,7463471.0,2084470.0,2547408.0,1099605.0,2772457.0,6373532.0,1453545.0,633017.0,2179532.0,319939.0,4989631.0,,,,,,,,,,,,,,,,,,,,,,,,,,,,,,,,,,,,,,,,,,,,,,,,,,,,,,,,,,,,,,,,,,,,,,,,,,,,,,,,,,,,,,,,,,,,,,,,,,,,,,,,,,,,,,,,,,,,,,,,,,,,,,,,,,,,,,,,,,,,,,,,,,,,,,,,,,,,,,,,,,,,,,,,,,,,,,,,,,,,
2008Q2,,,,,,,,,,,,,,,,,,,46486621.0,8276017.0,1344184.0,1077103.0,1083683.0,2045168.0,588518.0,7463471.0,2084470.0,2547408.0,1099605.0,2772457.0,6373532.0,1453545.0,633017.0,2179532.0,319939.0,4989631.0,,,,,,,,,,,,,,,,,,,,,,,,,,,,,,,,,,,,,,,,,,,,,,,,,,,,,,,,,,,,,,,,,,,,,,,,,,,,,,,,,,,,,,,,,,,,,,,,,,,,,,,,,,,,,,,,,,,,,,,,,,,,,,,,,,,,,,,,,,,,,,,,,,,,,,,,,,,,,,,,,,,,,,,,,,,,,,,,,,,,
2008Q3,41.07644027253202,38.73525944688711,45.07586931093972,48.27616256009527,40.95697107963383,39.24190557137842,45.93188797223859,40.90088006315899,41.07523448895176,45.60265763072772,43.11731248088768,44.5584564526044,41.02635249242453,38.30996195167548,43.85934160103218,44.30787074121542,47.67757819442623,40.57647053151964,46486621.0,8276017.0,1344184.0,1077103.0,1083683.0,2045168.0,588518.0,7463471.0,2084470.0,2547408.0,1099605.0,2772457.0,6373532.0,1453545.0,633017.0,2179532.0,319939.0,4989631.0,,,,,,,,,,,,,,,,,,,,,,,,,,,,,,,,,,,,,,,,,,,,,,,,,,,,,,,,,,,,,,,,,,,,,,,,,,,,,,,,,,,,,,,,,,,,,,,,,,,,,,,,,,,,,,,,,,,,,,,,,,,,,,,,,,,,,,,,,,,,,,,,,,,,,,,,,,,,,,,,,,,,,,,,,,,,,,,,,,,,
2008Q4,,,,,,,,,,,,,,,,,,,46486621.0,8276017.0,1344184.0,1077103.0,1083683.0,2045168.0,588518.0,7463471.0,2084470.0,2547408.0,1099605.0,2772457.0,6373532.0,1453545.0,633017.0,2179532.0,319939.0,4989631.0,,,,,,,,,,,,,,,,,,,,,,,,,,,,,,,,,,,,,,,,,,,,,,,,,,,,,,,,,,,,,,,,,,,,,,,,,,,,,,,,,,,,,,,,,,,,,,,,,,,,,,,,,,,,,,,,,,,,,,,,,,,,,,,,,,,,,,,,,,,,,,,,,,,,,,,,,,,,,,,,,,,,,,,,,,,,,,,,,,,,
2009Q1,41.34915978022362,39.96829384604438,44.56599117757695,46.39420240980383,40.88069933576813,40.14827576045391,46.20211784679449,41.18884673030052,42.26665253816217,46.47691700512465,43.74769356619603,46.42344170390752,39.64323960945176,38.37982571104933,44.60648261807912,43.61008906994659,47.70804796494869,40.79114437679464,46486621.0,8276017.0,1344184.0,1077103.0,1083683.0,2045168.0,588518.0,7463471.0,2084470.0,2547408.0,1099605.0,2772457.0,6373532.0,1453545.0,633017.0,2179532.0,319939.0,4989631.0,,,,,,,,,,,,,,,,,,,,,,,,,,,,,,,,,,,,,,,,,,,,,,,,,,,,,,,,,,,,,,,,,,,,,,,,,,,,,,,,,,,,,,,,,,,,,,,,,,,,,,,,,,,,,,,,,,,,,,,,,,,,,,,,,,,,,,,,,,,,,,,,,,,,,,,,,,,,,,,,,,,,,,,,,,,,,,,,,,,,
2009Q2,,,,,,,,,,,,,,,,,,,46486621.0,8276017.0,1344184.0,1077103.0,1083683.0,2045168.0,588518.0,7463471.0,2084470.0,2547408.0,1099605.0,2772457.0,6373532.0,1453545.0,633017.0,2179532.0,319939.0,4989631.0,,,,,,,,,,,,,,,,,,,,,,,,,,,,,,,,,,,,,,,,,,,,,,,,,,,,,,,,,,,,,,,,,,,,,,,,,,,,,,,,,,,,,,,,,,,,,,,,,,,,,,,,,,,,,,,,,,,,,,,,,,,,,,,,,,,,,,,,,,,,,,,,,,,,,,,,,,,,,,,,,,,,,,,,,,,,,,,,,,,,
2009Q3,41.32304079766649,39.39792063274059,44.22036333647042,48.59118915588417,41.4262469453033,39.11771245827546,46.57838649668618,41.34028611207917,41.51984872913153,45.65335411892051,43.03289248987451,45.8283458047682,39.7426774537258,39.05080952676881,44.64687159688732,44.30443765116904,46.33411756360541,41.46566038289352,46486621.0,8276017.0,1344184.0,1077103.0,1083683.0,2045168.0,588518.0,7463471.0,2084470.0,2547408.0,1099605.0,2772457.0,6373532.0,1453545.0,633017.0,2179532.0,319939.0,4989631.0,,,,,,,,,,,,,,,,,,,,,,,,,,,,,,,,,,,,,,,,,,,,,,,,,,,,,,,,,,,,,,,,,,,,,,,,,,,,,,,,,,,,,,,,,,,,,,,,,,,,,,,,,,,,,,,,,,,,,,,,,,,,,,,,,,,,,,,,,,,,,,,,,,,,,,,,,,,,,,,,,,,,,,,,,,,,,,,,,,,,
2009Q4,,,,,,,,,,,,,,,,,,,46486621.0,8276017.0,1344184.0,1077103.0,1083683.0,2045168.0,588518.0,7463471.0,2084470.0,2547408.0,1099605.0,2772457.0,6373532.0,1453545.0,633017.0,2179532.0,319939.0,4989631.0,,,,,,,,,,,,,,,,,,,,,,,,,,,,,,,,,,,,,,,,,,,,,,,,,,,,,,,,,,,,,,,,,,,,,,,,,,,,,,,,,,,,,,,,,,,,,,,,,,,,,,,,,,,,,,,,,,,,,,,,,,,,,,,,,,,,,,,,,,,,,,,,,,,,,,,,,,,,,,,,,,,,,,,,,,,,,,,,,,,,
2010Q1,42.01931655719135,40.27323642894699,44.65681341750649,47.80951684610326,41.59678452249871,40.67040479934001,46.6993064806571,40.76127300589686,41.34534743249112,46.00749075834818,43.6824111025601,45.44244920455494,40.05955265947078,40.95920483251626,44.1239045414638,43.9743351666631,48.22212627364269,40.20259700449625,46486621.0,8276017.0,1344184.0,1077103.0,1083683.0,2045168.0,588518.0,7463471.0,2084470.0,2547408.0,1099605.0,2772457.0,6373532.0,1453545.0,633017.0,2179532.0,319939.0,4989631.0,1826.0553386280549,1675.4861527512055,1746.8661553798001,1812.395295954268,1753.0539926987374,1524.3933510040583,1697.538034702403,1986.0159137982173,1629.8599434290693,1694.4481080554563,1518.16874150324,1622.6602291555782,2090.185367803598,1624.0161519039677,1896.4556635626284,2172.5906289813724,1709.9257836599925,1630.1025629290616,96.61208848149508,100.2085290790312,98.0551769698196,100.4131489326483,94.22738118102929,100.6838135958564,100.4025850190808,95.92204822200864,99.1777367751082,96.83635670851112,98.87292515539409,95.32727819048048,93.34597174783512,92.88389798964306,97.20909871114829,96.25017524513564,99.0854096238594,97.4740675900942,,,,,,,,,,,,,,,,,,,,,,,,,,,,,,,,,,,,,,,,,,,,,,,,,,,,,,,,,,,,,,,,,,,,,,,,,,,,,,,,,,,,,,,,,,,,,,,,,,,,,,,,,,,,,80.16,72.95,84.76,83.4,77.78,72.28,85.67,82.1,78.28,84.17,76.8,84.61,84.11,77.3,87.69,88.9,85.14,77.55,4045.302667052453,3240.78446946098,4267.9614952069305,4030.553543634022,4233.990167193254,3379.378146867394,4000.808470925418,4764.582527678594,3392.2843714932433,3940.5484054803346,3081.30433331205,3677.067560136461,5013.630170111457,3366.50941133975,4967.0587629347,5300.844968776304,4128.165664901281,3604.4378574608113
2010Q2,,,,,,,,,,,,,,,,,,,46524552.0,8289467.0,1344009.5,1076634.0,1085661.5,2049142.0,589060.5,7470364.0,2087518.0,2546397.5,1100023.0,2772103.5,6378945.0,1455033.0,634000.0,2180309.5,319913.5,4989276.5,1790.2396540392451,1619.7991159114601,1703.3490550177671,1776.670790589706,1696.2230609677583,1503.7246686766614,1668.2871360429708,1951.7328678501751,1604.3423670365023,1673.56018142293,1501.3142586050203,1603.7348048576134,2045.7412973724774,1602.04088607693,1876.0369693452458,2135.789499783071,1676.138344514291,1612.9396695520286,,,,,,,,,,,,,,,,,,,,,,,,,,,,,,,,,,,,,,,,,,,,,,,,,,,,,,,,,,,,,,,,,,,,,,,,,,,,,,,,,,,,,,,,,,,,,,,,,,,,,,,,,,,,,,,,,,,,,,,,,,,,,,,80.11,72.38,85.48,83.65,80.21000000000001,70.69,86.27,82.44,78.62,83.62,77.6,84.51,83.82,79.14,88.98,89.4,87.83,76.56,4084.9102601760983,3254.890531555989,4321.291877507361,4083.1433352036247,4245.506086464207,3391.4092435808852,4041.5735159923074,4818.294416932251,3426.018420715705,3996.075642179071,3108.693895905381,3716.4984650854426,5044.609127675844,3384.5120617432267,5022.9641025318815,5363.35874868837,4180.81246898751,3645.379589523107
2010Q3,40.9880107576365,39.53381287312657,44.83111255042935,46.88244950952106,41.2337023079209,39.94193310596765,45.99817888818273,40.52036597902116,41.45667807351416,46.30064520357471,44.42561804826648,47.01563745232081,40.73385639041032,40.10200588753997,44.58015756761242,43.41552666002929,47.1861018016401,41.35191790267545,46562483.0,8302917.0,1343835.0,1076165.0,1087640.0,2053116.0,589603.0,7477257.0,2090566.0,2545387.0,1100441.0,2771750.0,6384358.0,1456521.0,634983.0,2181087.0,319888.0,4988922.0,1798.247508046365,1623.2425571413146,1717.5118638573015,1758.119950274341,1680.4477033720232,1523.457830958518,1657.557523232793,1953.020436391678,1624.3805523573567,1671.0493488353543,1500.6656179858142,1607.7606373247288,2059.323349902267,1617.5039620690573,1915.479103796284,2169.8469887671235,1688.9687331744792,1619.4783844715441,96.51286364658272,99.38872953156316,,,,,,,,,,,,,,,,,,,,,,,,,,,,,,,,,,,,,,,,,,,,,,,,,,,,,,,,,,,,,,,,,,,,,,,,,,,,,,,,,,,,,,,,,,,,,,,,,,,,,,,,,,,,,,,,,,,,,,,,,,,,,80.41,71.62,86.23,85.9,83.07,71.41,87.93,82.69,79.93,84.8,77.67,85.2,84.24,76.56,87.49,89.92,86.03,77.03,4094.2366042241733,3241.7781968704153,4343.854494541114,4104.5456815677635,4244.529774210964,3393.193871270203,4051.71888683188,4827.815314241478,3428.18950207658,4012.478913370827,3112.4260336670472,3727.4294181692053,5052.475889505529,3380.9191750713653,5041.497838213823,5374.948572282031,4201.012888105229,3661.283044760762
2010Q4,,,,,,,,,,,,,,,,,,,46614829.0,8317502.0,1344115.5,1076021.0,1089648.0,2058996.0,590238.5,7485254.5,2094811.5,2545336.5,1101370.5,2772582.5,6389298.5,1457798.5,636041.0,2182110.5,320369.0,4994066.5,1756.813867975513,1588.116521811176,1669.8377256590168,1717.4154663967365,1699.2753397955219,1481.264543380275,1628.5478901523566,1913.3540433915748,1581.2227842792577,1620.3348115349988,1476.5578140143266,1556.1433455041529,2007.4624056527605,1605.5970166590296,1880.357005456723,2097.5790173410405,1666.7511103536508,1582.8739343297318,,,,,,,,,,,,,,,,,,,,,,,,,,,,,,,,,,,,,,,,,,,,,,,,,,,,,,,,,,,,,,,,,,,,,,,,,,,,,,,,,,,,,,,,,,,,,,,,,,,,,,,,,,,,,,,,,,,,,,,,,,,,,,,79.89,71.96000000000001,83.71000000000001,83.39,78.22,71.22,85.33,82.14,78.28,84.22,76.05,84.38,84.46000000000001,75.55,88.23,89.02,84.42,77.43,4087.3664525623235,3224.5548340363343,4351.2894336953605,4108.328970746822,4247.033604267329,3394.8257480069783,4045.4637725244,4809.254434810071,3409.2374760591615,4002.182789115116,3102.4352463695673,3722.039141112925,5057.049610635613,3367.847092724443,5040.602364741354,5353.969878245056,4198.449647370449,3662.273913450911
2011Q1,42.34886604923786,39.66433787995167,44.77462842699754,47.56394140639898,42.05048816248047,40.40571086289231,47.04151329725433,41.12107986269748,42.65667866259784,46.51597646825528,43.65285895648821,46.25194841581536,41.7019687636864,39.47752839967092,44.32113560735355,45.36725218185752,47.48586553517625,41.42791062771733,46667175.0,8332087.0,1344396.0,1075877.0,1091656.0,2064876.0,590874.0,7493252.0,2099057.0,2545286.0,1102300.0,2773415.0,6394239.0,1459076.0,637099.0,2183134.0,320850.0,4999211.0,1768.0774632352943,1603.5239227535471,1666.5271925482252,1706.140038163429,1693.2605673300188,1468.0357804311088,1635.1046221648796,1939.3058367074098,1571.5128701116075,1634.2472395889224,1475.7153736438356,1549.6142515930676,2021.648548866003,1550.2123805460376,1900.8855417197153,2102.1623032841776,1660.6593171339953,1605.2415125638572,96.3199884735734,98.80266795911028,96.4184351636804,99.61699743234216,93.5391836992618,99.1867027876072,97.82416914129747,94.13166134044992,97.05976954552776,96.640183022677,97.6708103152738,93.7787340971643,93.73656014548328,91.66340768805608,96.87835928991056,95.4273625068583,97.59346716255452,95.7612028552623,,,,,,,,,,,,,,,,,,,,,,,,,,,,,,,,,,,,,,,,,,,,,,,,,,,,,,,,,,,,,,,,,,,,,,,,,,,,,,,,,,,,,,,,,,,,,,,,,,,,,,,,,,,,,78.92,70.63,81.96000000000001,81.84,75.02,71.68,83.73,81.07,77.87,82.49,74.88,82.81,84.82,74.45,86.47,88.08,84.23,76.3,4051.602086985155,3210.752829434883,4331.629857038278,4082.682358638516,4239.603625846395,3389.186111909845,4009.9254510343503,4746.827246790161,3358.4125236921236,3953.1011141160043,3068.4443261491197,3688.8909581468315,5041.594985316987,3332.283435100671,5005.293315704971,5281.708007093744,4166.38636343222,3640.7350781025207
2011Q2,,,,,,,,,,,,,,,,,,,46701716.0,8342419.5,1344431.0,1075495.5,1093556.0,2069430.5,591219.0,7498638.0,2101187.0,2543325.0,1102907.0,2772533.0,6401666.0,1460091.5,637840.0,2183575.0,320950.0,5000666.5,1743.7356721862652,1577.4940170826237,1632.0321174441488,1696.1141459285739,1653.0929525949869,1476.289872354265,1606.519870431618,1905.5814269926118,1551.5979581796896,1603.5641767168038,1466.5609423716562,1554.2987448530373,1995.4659324235681,1522.9533421531676,1852.129774867287,2081.9976041340014,1637.1211972670046,1588.2921238907331,,,,,,,,,,,,,,,,,,,,,,,,,,,,,,,,,,,,,,,,,,,,,,,,,,,,,,,,,,,,,,,,,,,,,,,,,,,,,,,,,,,,,,,,,,,,,,,,,,,,,,,,,,,,,,,,,,,,,,,,,,,,,,,79.36,70.55,82.49,82.83,80.47,70.61,85.12,82.07,76.82,83.49,76.75,83.37,84.38,76.03,87.13,88.17,83.25,76.9,4006.3703533860394,3167.9078670188937,4294.564628895445,4043.7413170554505,4211.858166852573,3366.554390096789,3961.943531186128,4677.796185782545,3308.7198440294883,3904.5757562627314,3031.8285003776045,3651.357158425238,4999.64790056185,3290.46867430782,4947.387025400186,5207.5960403129775,4123.97116079722,3605.688253902729
2011Q3,41.9490383666306,39.17615804053965,45.85485693961429,48.64042100354973,42.49573059635683,40.08038578509961,47.12545985799282,41.25318821322461,42.22948332404128,47.16840728455024,44.5859237507416,46.85104371339336,39.6118162394312,38.81627246023901,45.14373334179464,44.43980376341198,48.22291576884045,42.43712416596085,46736257.0,8352752.0,1344466.0,1075114.0,1095456.0,2073985.0,591564.0,7504024.0,2103317.0,2541364.0,1103514.0,2771651.0,6409093.0,1461107.0,638581.0,2184016.0,321050.0,5002122.0,1767.217447315665,1606.191620725339,1654.1368441141938,1716.6633519886514,1637.2819757812604,1490.1810458664852,1610.8440852866006,1926.3388192113352,1587.583966543618,1636.811734202343,1470.748018485034,1582.3653707865167,2029.4098751224294,1541.8341369725385,1888.2646071197805,2123.1644521030994,1659.215650683884,1591.8554745121319,95.34327315729468,97.60106015743162,,,,,,,,,,,,,,,,,,,,,,,,,,,,,,,,,,,,,,,,,,,,,,,,,,,,,,,,,,,,,,,,,,,,,,,,,,,,,,,,,,,,,,,,,,,,,,,,,,,,,,,,,,,,,,,,,,,,,,,,,,,,,78.72,69.31,84.03999999999999,82.81,82.21000000000001,70.92,85.87,80.62,77.53999999999999,83.76,76.38,82.95,83.41,75.89,88.25,87.52,82.3,75.69,3939.7364431754986,3130.933141904986,4229.260362317649,3981.8759592895176,4155.039247224854,3318.3271929714074,3889.700496391879,4588.910475888964,3246.741571208323,3844.2290109369596,2982.6250546101523,3597.612751648856,4921.527240778152,3233.2973904946584,4853.627917840938,5115.985395850661,4055.9019022769585,3545.6122838640554
2011Q4,,,,,,,,,,,,,,,,,,,46777236.5,8365280.5,1344128.0,1074709.0,1098085.5,2079956.5,591975.5,7509508.0,2104626.5,2539509.0,1103928.5,2771783.5,6417333.0,1461517.5,639302.0,2184356.0,321000.5,5005884.5,1735.2620605942382,1578.2023058068407,1608.1427222953475,1683.4291416871697,1658.8584707704217,1473.5301931833512,1592.0586024428617,1900.232796025634,1560.2328616803986,1609.4879402451484,1464.5523943048274,1528.415893931453,1985.5143251193888,1501.8336531464129,1829.1434309928088,2057.820994798269,1620.700359578745,1557.0544079898498,,,,,,,,,,,,,,,,,,,,,,,,,,,,,,,,,,,,,,,,,,,,,,,,,,,,,,,,,,,,,,,,,,,,,,,,,,,,,,,,,,,,,,,,,,,,,,,,,,,,,,,,,,,,,,,,,,,,,,,,,,,,,,,77.44,68.99,83.2,81.16,74.51,69.67,84.08,79.6,75.47,82.78999999999999,71.67,81.83,82.03999999999999,73.69,86.2,86.84,81.39,75.17,3861.4805174054363,3070.590463418321,4147.929633800429,3908.960283726439,4079.421386884138,3252.38617963178,3803.1173350124104,4493.036233135604,3181.5168071265252,3783.075626692821,2928.615978974435,3536.1283017021124,4819.680475360899,3171.547300383477,4737.83393377348,5020.770675662557,3974.1650658507992,3467.8330346433627
2012Q1,41.49305924256921,39.94640278667953,45.6229506805542,48.73699649831994,41.71395105825132,41.01514068534076,46.61824907005779,40.66406105643249,42.35123097897215,45.78067586330265,43.40551988219715,46.44295537986,41.22967387850334,38.90755999013169,45.24359333284327,44.29023667879506,48.07049663613303,41.72388506042617,46818216.0,8377809.0,1343790.0,1074304.0,1100715.0,2085928.0,592387.0,7514992.0,2105936.0,2537654.0,1104343.0,2771916.0,6425573.0,1461928.0,640023.0,2184696.0,320951.0,5009647.0,1755.5424670414975,1603.2263097394332,1632.4483765994096,1693.9020289232778,1683.6831952712334,1449.535393171466,1598.3637567080573,1920.4399230944464,1599.3036659746335,1597.4301581462528,1474.4476933031312,1525.5428678969258,2015.0326374671176,1530.2409684519441,1846.2577678567552,2094.3279418610805,1614.6539527886564,1587.383581121174,93.7497506766806,95.49546915062422,92.26377161430548,95.8416478304885,91.58108395550798,95.79737172136336,95.21288825283033,91.14286120965691,91.71096464886897,93.41280424399709,94.42258656469946,91.46001736966286,91.90045890129196,88.88449802819652,93.33431054336047,93.65290740243776,94.11826889901631,91.84965631557576,,,,,,,,,,,,,,,,,,,,,,,,,,,,,,,,,,,,,,,,,,,,,,,,,,,,,,,,,,,,,,,,,,,,,,,,,,,,,,,,,,,,,,,,,,,,,,,,,,,,,,,,,,,,,75.81,67.1,81.63,79.48,72.15,68.22,81.23,78.0,72.62,80.59,67.88,79.9,81.85,73.32,83.78999999999999,85.75,79.9,73.17,3749.695885737142,2977.2459371688515,4025.190205702893,3805.048113357511,3964.2891387448585,3151.7934527522325,3680.8307212411805,4366.685166036024,3092.9906026983203,3702.7459931578333,2851.511616061962,3448.5312964353966,4664.278706213884,3086.129352313027,4574.2765194922185,4894.561536876405,3853.21921381101,3352.952447613863
2012Q2,,,,,,,,,,,,,,,,,,,46783759.5,8378043.0,1341888.5,1072334.5,1101048.5,2086773.5,591604.0,7507182.5,2102107.5,2531595.5,1103145.0,2768249.0,6424799.0,1461558.0,639639.0,2182682.5,320506.5,5004357.5,1719.3210613666015,1555.6825322438294,1607.2230063317988,1663.567813971147,1616.8139614459715,1445.1960648267918,1558.0715614187775,1864.79683232815,1554.463716152488,1557.283815076399,1441.4280985014502,1511.789773406396,1985.1047985475764,1510.8861936198127,1808.8791734134122,2074.7562930900017,1576.2959161743738,1563.787769081858,,,,,,,,,,,,,,,,,,,,,,,,,,,,,,,,,,,,,,,,,,,,,,,,,,,,,,,,,,,,,,,,,,,,,,,,,,,,,,,,,,,,,,,,,,,,,,,,,,,,,,,,,,,,,,,,,,,,,,,,,,,,,,,75.6,66.41,81.26,78.88,78.68,67.3,82.58,78.21000000000001,71.1,80.18,66.46000000000001,79.07,81.58,73.93,83.7,84.71000000000001,77.19,73.28999999999999,3671.1197253435726,2921.6933111909143,3939.8786215015875,3730.124506708945,3881.9515816692547,3085.7439489026597,3596.4658215558024,4274.733218759215,3035.295322620741,3641.4692042839356,2799.9166503075676,3385.3590600484204,4556.994922651833,3023.5526349647043,4461.249987006895,4804.306097523084,3769.050218027869,3273.2339094131007
2012Q3,42.04791897092229,40.75596259286423,45.6533540217656,48.21271347360244,41.89764720765184,40.94538306585757,46.73076393487769,41.77949318429029,42.34153718459326,46.65908621771756,44.05111774908461,46.37001260972249,41.28482859926368,40.19375984693025,45.54892852144294,44.91656929379396,49.33976567086909,41.84791847328872,46749303.0,8378277.0,1339987.0,1070365.0,1101382.0,2087619.0,590821.0,7499373.0,2098279.0,2525537.0,1101947.0,2764582.0,6424025.0,1461188.0,639255.0,2180669.0,320062.0,4999068.0,1723.2161856550847,1562.6013061943697,1631.3192181778497,1654.806719898713,1583.2760183621053,1432.831655490812,1564.0216564660639,1877.6438085384123,1547.46772368269,1579.7291109908263,1428.2351289893618,1518.761499424685,1985.490220012056,1499.4443301501888,1834.4744862412551,2112.5517466993806,1609.806230658411,1550.5526518177335,92.5509547094967,93.86812834257734,,,,,,,,,,,,,,,,,,,,,,,,,,,,,,,,,,,,,,,,,,,,,,,,,,,,,,,,,,,,,,,,,,,,,,,,,,,,,,,,,,,,,,,,,,,,,,,,,,,,,,,,,,,,,,,,,,,,,,,,,,,,,75.21000000000001,64.78999999999999,81.17,78.17,80.44,66.78,84.21000000000001,77.53999999999999,72.01,80.77,67.33,80.03,81.77,71.66,85.03,83.75,79.46000000000001,72.4,3633.8635843285097,2879.7239710541603,3901.79169250755,3694.584402891146,3838.9282223552495,3058.047455450709,3556.672027190336,4227.788364023959,3013.1416394939374,3609.164831763534,2780.8510497773054,3355.7385289700514,4506.935713409488,2995.711681217473,4408.732978278811,4765.512690990787,3730.5522336031704,3233.965644236095
2012Q4,,,,,,,,,,,,,,,,,,,46730976.5,8383131.5,1338831.0,1068895.0,1103256.5,2091977.5,590305.0,7494018.5,2095876.5,2521232.0,1101485.5,2762651.0,6417775.0,1461729.5,639172.0,2179971.5,319440.5,4993716.5,1683.7726001865103,1502.6089981828013,1575.888474077671,1625.9078497406113,1587.7404782344076,1418.9330325535998,1536.5057283404672,1837.8942825989125,1507.4848462208313,1542.2496257206583,1395.3685330084759,1461.8421828087169,1946.7218328320523,1463.2144083669532,1776.9989577715623,2028.0725085428674,1577.344104293456,1537.4855160752998,,,,,,,,,,,,,,,,,,,,,,,,,,,,,,,,,,,,,,,,,,,,,,,,,,,,,,,,,,,,,,,,,,,,,,,,,,,,,,,,,,,,,,,,,,,,,,,,,,,,,,,,,,,,,,,,,,,,,,,,,,,,,,,74.23,64.28999999999999,81.28,76.18,75.7,67.4,80.81,76.19,69.93,79.26,66.03,78.87,80.68,70.63,82.83,83.4,81.18,72.38,3601.3648464143903,2856.9948302779217,3871.320198933946,3662.7487297739754,3791.1911004271265,3033.9295806321124,3525.229364033497,4184.72548942004,2995.9490414812394,3570.5387991490043,2766.0745070225557,3325.565569730432,4472.183967935619,2971.768025074314,4373.079347067735,4731.292383559334,3703.589294073808,3202.803156780424
2013Q1,41.30680490246413,40.41809453161461,44.78388317271041,48.5977251908397,41.94754051705299,40.5272937224946,47.23242382794864,41.81047565605337,42.69506607763253,47.36873287243682,44.05628563056597,46.87193737364839,40.88235562578053,40.76507342608483,44.83821579747256,45.28057292684068,47.71886676839159,42.29919160734053,46712650.0,8387986.0,1337675.0,1067425.0,1105131.0,2096336.0,589789.0,7488664.0,2093474.0,2516927.0,1101024.0,2760720.0,6411525.0,1462271.0,639089.0,2179274.0,318819.0,4988365.0,1701.678123658277,1522.217753069013,1577.7392080581853,1643.2231614354475,1629.8950119070091,1417.7340291676683,1524.9502945619017,1849.611910312683,1547.4112066543503,1511.640032782109,1373.127486117407,1503.1187263263637,1970.4162427213967,1490.233821322136,1788.46378020509,2097.7686241207975,1558.3602134185091,1533.151418617626,91.60311703682576,92.80573493935714,93.1647856686121,93.61416122462724,90.11615699464784,94.52960433421882,92.69122506109818,90.42927880970647,92.25690027618232,92.22188094672347,94.03417405627884,90.78415271630465,90.52236540986762,87.90087893156995,92.50009437736212,91.8903635754275,92.31101866677804,91.09447228101337,,,,,,,,,,,,,,,,,,,,,,,,,,,,,,,,,,,,,,,,,,,,,,,,,,,,,,,,,,,,,,,,,,,,,,,,,,,,,,,,,,,,,,,,,,,,,,,,,,,,,,,,,,,,,73.06,63.23,77.48,74.49,71.45,66.25999999999999,79.14,75.55,68.76,77.28,64.33,77.74,80.01,70.09,81.03999999999999,82.92,80.74,71.27,3608.3219902757055,2859.3188299753815,3886.320698061141,3669.314533894716,3779.3069373930025,3048.554480727348,3536.647124835522,4184.972660323333,3014.4865749225933,3559.1937905763484,2784.6867321648365,3327.424554040286,4491.875812203379,2982.539147961942,4396.89429604358,4748.583226234473,3720.2313254434257,3209.118178765714
2013Q2,,,,,,,,,,,,,,,,,,,46646887.0,8384654.5,1335813.0,1065011.5,1105453.5,2096275.0,589098.5,7472482.0,2088264.5,2510805.0,1099751.0,2756403.0,6400113.0,1462071.0,638268.0,2177027.0,318021.5,4979168.0,1686.4920310633843,1505.6812284833009,1568.807475734643,1624.1191542887507,1572.91425450556,1418.2844831679251,1515.482531581496,1817.6838418350367,1538.3679490101727,1501.6662707794374,1367.2392801298065,1502.237428058922,1978.9432747899266,1484.9984821630978,1781.1354646019552,2050.8132403255277,1565.6172534563757,1510.8519185308398,,,,,,,,,,,,,,,,,,,,,,,,,,,,,,,,,,,,,,,,,,,,,,,,,,,,,,,,,,,,,,,,,,,,,,,,,,,,,,,,,,,,,,,,,,,,,,,,,,,,,,,,,,,,,,,,,,,,,,,,,,,,,,,73.94,64.33,77.96000000000001,75.44,78.86,66.67,77.72,76.39,69.77,78.66,65.93,77.59,80.8,71.21000000000001,81.6,83.82,79.06,71.38,3616.0206472057334,2858.632674185626,3895.0002938336524,3675.490405965294,3775.611172461731,3059.4894601410697,3545.3106975853498,4192.376174469585,3027.1043373902444,3552.648056266989,2797.3812554358083,3333.241434428369,4510.491611633924,2987.6614383339925,4415.904950559202,4759.717727825276,3734.1879496155525,3217.2872075173523
2013Q3,42.91939880063565,40.50471050425018,45.50831700626206,48.69872533758765,41.62344109871066,41.38914879553282,47.76748460529097,42.20126717720483,42.77573563900914,46.51820005327867,44.735470353454,46.2568844243331,41.04661818667889,40.63559704151372,45.08516563512568,44.55792130298903,49.34516916912069,42.23766882590494,46581124.0,8381323.0,1333951.0,1062598.0,1105776.0,2096214.0,588408.0,7456300.0,2083055.0,2504683.0,1098478.0,2752086.0,6388701.0,1461871.0,637447.0,2174780.0,317224.0,4969971.0,1699.284107781049,1540.6980179065044,1593.757506916963,1644.659910653265,1548.3188779252048,1396.6080345349817,1515.2976320430976,1837.9822731587935,1549.5959179528836,1507.470295168116,1357.6109945999674,1501.841817153605,1982.5446827128044,1476.1156130639215,1800.0012034478991,2095.9696985057335,1584.1760677232219,1537.4555565668115,91.70964099167358,92.698568702201,,,,,,,,,,,,,,,,,,,,,,,,,,,,,,,,,,,,,,,,,,,,,,,,,,,,,,,,,,,,,,,,,,,,,,,,,,,,,,,,,,,,,,,,,,,,,,,,,,,,,,,,,,,,,,,,,,,,,,,,,,,,,74.35,63.81,79.62,75.85,83.07,65.24000000000001,81.16,77.45,70.59,79.09,66.67,78.38,80.59,71.28,82.08,83.55,80.3,72.3,3616.7259806246925,2858.8052568701805,3891.0348954174938,3673.3433255115033,3769.794553429824,3058.329357357494,3546.202437333953,4195.536173688283,3026.6902792220408,3542.8071849083058,2800.213916917632,3336.2013762051915,4520.55042083424,2982.306125755351,4420.616441164166,4756.141141439412,3739.467670744821,3221.184856919366
2013Q4,,,,,,,,,,,,,,,,,,,46538434.0,8381281.0,1332332.0,1060579.0,1106196.5,2097184.5,587949.5,7444566.5,2078907.5,2499143.5,1097593.0,2748951.5,6380627.0,1462302.5,637273.0,2173513.5,316480.0,4965092.0,1676.2215330859476,1520.9107849049021,1560.9311948691684,1612.0492977697659,1557.6498433413715,1388.0846544139451,1501.3733017099612,1813.581004383091,1520.967100183727,1483.9637301926834,1353.6385080407292,1475.6999705720664,1949.8745983869505,1475.3230423044804,1774.074075731483,2048.6509695340046,1569.0895530821706,1503.4450848900337,,,,,,,,,,,,,,,,,,,,,,,,,,,,,,,,,,,,,,,,,,,,,,,,,,,,,,,,,,,,,,,,,,,,,,,,,,,,,,,,,,,,,,,,,,,,,,,,,,,,,,,,,,,,,,,,,,,,,,,,,,,,,,,74.27,63.74,79.41,77.71000000000001,77.28,66.91,80.19,78.13,71.01,77.98,67.6,78.12,79.55,71.5,83.56,83.42,79.76,72.85,3616.116353942635,2854.051432307935,3881.0255255331326,3668.5043790500977,3769.485723709257,3050.2481662516316,3545.4259508570894,4200.589281819951,3017.327105319599,3534.9874290701464,2798.341446653446,3341.946728515687,4530.254078696898,2971.351314613398,4415.897743650532,4745.124727155286,3743.0884231821797,3224.9326934784754
2014Q1,41.66832803653901,40.27431390392011,45.41010777326834,49.24408188254174,41.47561336959424,41.6974680440104,46.26247543549945,42.2872237054957,43.49260965494699,46.8371988549117,44.97447077181178,47.65540023878835,40.90818200640587,40.56001883369689,44.54788031449454,45.63220173654864,49.03906845522329,42.36155092756107,46495744.0,8381239.0,1330713.0,1058560.0,1106617.0,2098155.0,587491.0,7432833.0,2074760.0,2493604.0,1096708.0,2745817.0,6372553.0,1462734.0,637099.0,2172247.0,315736.0,4960213.0,1701.0809390739616,1532.1939662121456,1573.3868654036835,1615.6699045276955,1600.9741753187634,1433.6286669798458,1555.051569683395,1813.3450976753643,1570.6834601232226,1513.5461683642902,1397.2402220560668,1516.009361473934,2004.908583513124,1496.9411174711502,1849.6799770377897,2058.2013822444446,1567.8834978989369,1519.695904749613,93.37559653788946,94.72883335640114,94.71205353441474,94.30559371634024,92.8655354721268,95.06323228758164,94.48245754882952,92.81326291653647,91.9326569890658,93.461304197594,94.59729316019806,92.04231091474252,92.66507589717202,89.99047864480401,94.63896002994278,93.80829133545652,94.34797078540632,93.7263353151542,10366.5,1487.5,298.5,265.8,209.8,398.1,148.1,1726.1,349.4,534.2,183.2,582.6,2009.7,253.0,165.6,652.1,72.4,1004.8,,,,,,,,,,,,,,,,,,,,,,,,,,,,,,,,,,,,,,,,,,,,,,,,,,,,,,,,,,,,,,,,,,,,,,,,,,,,,,,,,,,,,,,,,,,74.07,65.06,77.15,77.25,73.3,67.45,79.05,77.9,69.7,77.78999999999999,67.86,76.8,79.57,72.28999999999999,82.88,82.64,80.42,71.96000000000001,3612.3015523881345,2845.314750644986,3860.4685446702674,3658.542141109248,3771.5546916607077,3032.8900670156922,3541.04610285478,4206.602595548095,2995.9555727159964,3526.0440427552203,2789.508078213365,3349.2240559350153,4538.239638905615,2952.5492057541337,4402.314874778729,4723.5411656442175,3741.7601259863377,3228.5348870774847
2014Q2,,,,,,,,,,,,,,,,,,,46464397.0,8381343.5,1329161.0,1056049.0,1107587.0,2097729.5,586766.0,7426217.5,2071033.5,2488297.5,1095439.0,2741684.0,6370837.5,1463373.5,636951.0,2171958.0,315241.5,4955946.5,1682.539027865473,1515.341513789849,1567.1943452510168,1615.6641181326777,1539.1723588255231,1416.4989861366844,1554.7357065217388,1783.7150031218443,1540.552113915825,1491.6723241102895,1368.3337583239977,1511.6898847469606,1999.482559658575,1482.728337312787,1791.6914268905093,2041.3111620340362,1564.615165490753,1502.6197225801325,,,,,,,,,,,,,,,,,,,10363.6,1459.3,301.1,275.1,213.1,396.6,149.4,1725.0,352.2,542.8,183.3,581.3,1970.6,256.0,171.0,659.7,71.3,1030.8,,,,,,,,,,,,,,,,,,,,,,,,,,,,,,,,,,,,,,,,,,,,,,,,,,,,,,,,,,,,,,,,,,,,,,,,,,,,,,,,,,,,,,,,,,,75.53,65.25999999999999,79.17,78.98,80.96000000000001,67.32,80.74,79.78,71.31,78.83,70.57,77.71000000000001,80.97,74.88,84.12,83.87,82.34,73.81,3622.983797977357,2855.8261337094677,3858.7958601555333,3668.296256496661,3785.32995392698,3036.3078256150225,3552.6586781987407,4223.919098916433,2995.5186675567948,3534.001854763209,2795.652640257428,3365.9985575261685,4557.4819057965315,2951.5186916592247,4408.115865238862,4717.996585434402,3752.1622243464158,3242.554474587735
2014Q3,43.07729561183381,41.36034577836252,46.29706456184503,49.47387123664014,42.700923968036,42.34149991752055,47.58159800756004,42.61318765506389,43.58684421814774,47.87950995395035,45.19923328187273,47.24162682268133,41.73032859430528,40.46394178533025,45.949153878412,45.42654426354549,49.54102832217973,42.75568915559992,46433050.0,8381448.0,1327609.0,1053538.0,1108557.0,2097304.0,586041.0,7419602.0,2067307.0,2482991.0,1094170.0,2737551.0,6369122.0,1464013.0,636803.0,2171669.0,314747.0,4951680.0,1704.4787580056632,1551.4059369452389,1608.4226931817702,1638.870260645832,1546.0610342585942,1426.5658082241962,1561.2529737984314,1809.929397619961,1548.992062893672,1513.286124076697,1391.229335425977,1520.8205668586147,2013.5478312613075,1491.5278643275778,1829.733004908613,2087.8611907726417,1587.2298191770194,1522.5726932297825,93.7690527560842,94.42829605092652,,,,,,,,,,,,,,,,,10562.6,1491.0,309.2,272.8,215.7,388.5,146.5,1772.8,359.2,545.8,187.7,595.1,2017.9,255.2,177.9,669.0,76.9,1055.7,,,,,,,,,,,,,,,,,,,,,,,,,,,,,,,,,,,,,,,,,,,,,,,,,,,,,,,,,,,,,,,,,,,,,,,,,,,,,,,,,,,,,,,,,,,76.33,64.78999999999999,81.64,80.03999999999999,84.06,66.64,80.96000000000001,80.9,71.51,80.6,72.36,79.75,82.47,73.75,85.08,84.78999999999999,81.77,74.46000000000001,3651.341299365605,2880.234086228303,3876.8479069378127,3698.4095458125876,3815.961975761863,3059.5019082955587,3581.127877834559,4258.985731312771,3017.0830090561913,3561.395992504302,2816.8279746955304,3393.6839608524906,4596.11625220391,2970.1408668447375,4436.42017055131,4732.259860833355,3779.16213391459,3269.9182910287595
2014Q4,,,,,,,,,,,,,,,,,,,46429386.0,8385221.0,1326604.5,1051433.0,1109779.5,2099311.5,585612.5,7420246.0,2064961.0,2479344.0,1093193.5,2735176.0,6372429.5,1464604.0,637060.0,2172188.0,314602.0,4948386.0,1685.548615687649,1524.1499975981392,1581.7950302596441,1626.5151302719464,1584.8056760236107,1417.5024375892767,1560.1657351879367,1786.108799267615,1559.554915244179,1498.3966256813312,1399.9620793009851,1491.2469678820214,1977.7511742860697,1493.6718738811169,1810.259980916995,2031.8882987383163,1569.7157882171934,1519.6100700015993,,,,,,,,,,,,,,,,,,,10630.8,1540.4,306.0,274.3,208.2,395.9,147.5,1763.8,359.4,542.9,183.1,593.5,2051.1,259.0,175.9,664.1,79.1,1058.3,,,,,,,,,,,,,,,,,,,,,,,,,,,,,,,,,,,,,,,,,,,,,,,,,,,,,,,,,,,,,,,,,,,,,,,,,,,,,,,,,,,,,,,,,,,76.3,65.77000000000001,81.35,79.22,81.12,68.92,81.58,80.12,71.5,79.72,70.03999999999999,79.13,82.0,72.74,85.08,83.4,82.83,76.52,3691.5612345238433,2921.664569769632,3907.5084527925965,3743.7585596966733,3859.4956963225427,3095.8326419406303,3621.0331629853554,4303.7258651659595,3054.9986338510835,3602.183225209048,2849.1285328382332,3426.6265342850566,4646.394765893322,3005.317928213423,4479.952054304178,4758.0526456024545,3814.181690845815,3306.907881263242
2015Q1,42.73760293098314,41.38916641702337,46.95210806759709,48.70603783402649,42.29966236144334,41.32200339706107,47.78847712728732,43.2294463464025,42.72902589596374,47.64989612380439,45.40952858875213,47.55537800147426,42.0035086536998,41.19634432059483,45.67556195576356,45.85821854252369,50.38976220366428,43.15687922089334,46425722.0,8388994.0,1325600.0,1049328.0,1111002.0,2101319.0,585184.0,7420890.0,2062615.0,2475697.0,1092217.0,2732801.0,6375737.0,1465195.0,637317.0,2172707.0,314457.0,4945092.0,1724.5068948982728,1565.914716333884,1620.1925518173464,1645.5493609306673,1629.319538603725,1466.7274365823346,1576.6022335924115,1828.6224463663466,1553.956136470935,1561.393036240513,1406.816163437916,1526.4770610322169,2035.0173696754182,1529.6032590887762,1854.9843388051424,2055.520290505687,1603.1344469629253,1537.0329620551265,95.84332303113436,96.06886716679216,96.91508052149942,97.74941542355738,96.53532588940368,97.64213142550572,97.14981803370289,97.23132671855402,96.25435332120136,96.79442230593656,97.9909276430818,96.90285121223688,96.78813461357986,96.66135081015676,97.8185399834022,97.50565486148976,98.24733531642954,97.58059991916107,10513.6,1532.4,297.8,272.3,206.5,378.7,149.5,1729.3,359.5,551.7,187.1,601.7,1999.1,254.6,172.3,666.8,79.3,1048.6,,,,,,,,,,,,,,,,,,,,,,,,,,,,,,,,,,,,,,,,,,,,,,,,,,,,,,,,,,,,,,,,,,,,,,,,,,,,,,,,,,,,,,,,,,,76.22,66.38,81.41,81.01,77.71000000000001,69.19,81.46000000000001,79.95,71.31,79.62,69.76,78.17,82.21000000000001,73.31,84.34,83.57,82.42,75.72,3749.597582476301,2978.1761396437128,3954.6351871590514,3809.3141184025494,3921.684629397217,3152.901892864439,3677.638360593835,4366.355988844782,3114.6326541138396,3662.0462074948578,2896.1937094964856,3469.672359315483,4717.134072913064,3060.3100428208486,4545.617324550223,4799.474026316787,3864.353021807719,3357.460031770419
2015Q2,,,,,,,,,,,,,,,,,,,46405050.5,8387538.5,1323243.5,1046407.0,1112274.5,2100295.5,584310.5,7422454.0,2058356.5,2468944.0,1090306.5,2728079.0,6382785.0,1465437.0,637396.5,2172286.5,314160.0,4941157.5,1689.4662899405557,1530.700060158459,1584.7818453045047,1634.498080858581,1568.6763872470412,1432.991236562491,1547.313000840445,1790.1548141346457,1503.5088601355517,1527.4567158698158,1355.9204637043554,1495.3776580317015,2011.6797996167809,1477.5334405067217,1797.9772059282368,2030.519781944939,1598.870576428742,1507.003759116596,,,,,,,,,,,,,,,,,,,10536.4,1545.3,304.6,274.6,216.8,378.4,146.4,1737.0,350.5,544.4,185.6,601.5,1987.3,262.3,172.3,669.4,79.2,1052.3,,,,,,,,,,,,,,,,,,,,,,,,,,,,,,,,,,,,,,,,,,,,,,,,,,,,,,,,,,,,,,,,,,,,,,,,,,,,,,,,,,,,,,,,,,,77.63,69.02,83.0,79.85,83.55,69.7,81.85,80.9,73.0,81.51,70.44,80.0,82.34,75.23,87.45,84.02,83.61,76.98,3801.964252492299,3026.1646903829374,4005.4099826160227,3863.1176986943483,3981.7702465791,3204.8634011764093,3733.6029406564576,4421.083323338466,3170.0059186346925,3719.9375096993986,2940.935884676785,3514.394918715522,4780.667933106187,3107.209383173866,4601.8638389593725,4844.185505824532,3913.251422343613,3402.7044388757636
2015Q3,42.79098911682461,41.41132642345224,45.66174432798361,49.70957678565135,43.2096178114296,42.6075236046708,48.24723914144668,42.51854320082636,42.99629729704177,48.35668013634935,44.90113500985955,48.28734445228358,42.57743307013337,40.43802270563267,46.05603466983445,46.06435516934691,49.65660941261295,44.50318739418702,46384379.0,8386083.0,1320887.0,1043486.0,1113547.0,2099272.0,583437.0,7424018.0,2054098.0,2462191.0,1088396.0,2723357.0,6389833.0,1465679.0,637476.0,2171866.0,313863.0,4937223.0,1714.9906495392547,1559.8166184117028,1620.1847143353561,1661.7130380434555,1580.3033763512024,1455.8894876756503,1593.074646439159,1822.6924985014962,1529.659247217416,1548.4817157568943,1377.3599150968653,1511.207439393163,2039.292611240339,1507.8560523074343,1850.3493421719054,2052.2973607308663,1624.891735787906,1526.858384680491,97.89261865903224,97.85682226025068,,,,,,,,,,,,,,,,,10653.9,1530.5,303.4,282.8,210.9,409.2,146.4,1800.1,357.1,542.2,190.1,622.6,1988.2,265.7,165.9,672.5,78.9,1058.4,,,,,,,,,,,,,,,,,,,,,,,,,,,,,,,,,,,,,,,,,,,,,,,,,,,,,,,,,,,,,,,,,,,,,,,,,,,,,,,,,,,,,,,,,,,78.82,68.27,85.03,83.03,86.12,71.44,83.81,82.51,75.28,83.41,71.49,82.34,83.73,76.51,86.43,86.24,86.41,77.63,3844.157683026861,3057.233344538661,4051.2628794593084,3898.0264186373915,4038.461265084584,3245.934883257358,3782.9058688896744,4464.197623752047,3216.3865022762584,3767.805861076558,2978.711964974336,3553.9736147021554,4836.7081696229225,3142.981445568618,4642.991647847338,4883.73528293469,3954.9611331499864,3439.020496184502
2015Q4,,,,,,,,,,,,,,,,,,,46401631.5,8389064.5,1319464.5,1041946.5,1115450.0,2101354.0,582965.5,7432355.0,2051717.0,2457456.0,1087274.5,2721226.0,6400649.5,1467023.0,638199.0,2173146.0,313944.0,4938555.5,1704.1885668835412,1539.3861220653105,1594.7004792286175,1660.8267113010609,1588.537854761763,1445.2946551558473,1600.6392743227561,1805.5983971911674,1522.9243863163606,1533.5074094741854,1388.926161281763,1494.7996245978966,2025.8936929826386,1513.689984515584,1809.018162899797,2022.105131015193,1600.14021230123,1536.3823351574226,,,,,,,,,,,,,,,,,,,10703.4,1567.0,302.9,280.3,217.0,407.0,151.3,1817.9,349.3,538.1,180.6,624.1,1987.0,265.9,166.3,674.0,78.0,1065.6,,,,,,,,,,,,,,,,,,,,,,,,,,,,,,,,,,,,,,,,,,,,,,,,,,,,,,,,,,,,,,,,,,,,,,,,,,,,,,,,,,,,,,,,,,,79.1,70.17,85.4,79.67,82.98,73.25,82.28999999999999,82.27,75.03,82.42,71.93,82.26,83.49,76.49,86.47,87.11,86.03,78.55,3880.3287710719123,3075.581315222123,4096.549606320568,3914.545241096337,4100.116307144117,3278.365806866384,3830.3677735395013,4499.567802387427,3257.6190274943992,3809.211738860875,3013.2901890176126,3591.263417874305,4893.366374992611,3171.517354145348,4672.234686169567,4922.21436769165,3991.7536979298443,3468.9372363014486
2016Q1,43.83968059645346,41.3180041811567,46.3412413927154,49.03906971689398,42.42691544473377,42.27020845386846,47.71343330824701,43.25251569888714,43.64082024498249,48.48302769783827,44.25971552277296,47.1331894468204,42.29914893305212,40.08500486582984,46.71159734626181,46.76865321909779,50.48261409691088,43.36083797207473,46418884.0,8392046.0,1318042.0,1040407.0,1117353.0,2103436.0,582494.0,7440692.0,2049336.0,2452721.0,1086153.0,2719095.0,6411466.0,1468367.0,638922.0,2174426.0,314025.0,4939888.0,1732.1729091967757,1558.0235024926776,1612.4883745212007,1706.9288085108205,1620.160304403332,1474.9928300973138,1667.5924691428322,1836.6472187542815,1556.5348597258908,1563.2135836334655,1421.9058455656177,1534.715154398634,2040.6961081696004,1544.4732206719707,1835.5708502734317,2037.4917866976052,1593.8117477286025,1562.2616093433364,99.37919906631016,99.14938358758737,100.0,100.0,100.0,100.0,100.0,100.0,100.0,100.0,100.0,100.0,100.0,100.0,100.0,100.0,100.0,100.0,10698.1,1581.0,307.6,281.4,216.2,424.1,150.0,1813.3,346.8,533.4,174.7,619.8,1994.9,255.4,169.4,665.7,73.4,1059.6,3272536.95,90283.47,9438.95,10553.0,63618.54,4625.110000000001,17087.32,510457.7399999999,66.67,10206.94,39137.66,20801.51,2001225.76,1317.59,15589.3,415345.53,721.99,47430.42,,,,,,,,,,,,,,,,,,,6.556272909646884,6.367187499999999,7.203539823008849,6.870370370370369,6.81132075471698,5.875968992248061,7.125000000000001,6.386178861788616,6.999999999999999,6.582677165354328,6.494949494949497,6.006896551724137,6.745454545454547,6.91150442477876,7.208791208791209,6.776923076923078,7.303370786516855,6.583333333333333,169129.0,26466.0,2952.0,1820.0,3552.0,8983.0,1151.0,36593.0,3853.0,5683.0,1938.0,4947.0,38630.0,4044.0,1162.0,6698.0,687.0,18791.0,,,,,,,,,,,,,,,,,,,79.0,70.3,84.72,80.5,81.59,74.0,81.1,82.58,74.55,81.67,70.87,81.76,83.19,77.9,85.75,87.2,85.62,78.16,3907.1445157180337,3078.1983006295086,4137.325192975327,3908.9920393916514,4166.541547481976,3302.148600397269,3872.8146580537677,4523.464615360337,3291.868513196652,3840.5867979615546,3042.210307647795,3623.6208966111117,4947.991962947705,3189.7006085743715,4685.655022656488,4954.350920302629,4021.614805807464,3489.943766808976
2016Q2,,,,,,,,,,,,,,,,,,,46422992.0,8391357.5,1317140.0,1038443.5,1120174.0,2105189.0,581970.0,7446758.0,2046582.0,2447490.0,1084316.0,2715575.0,6421177.5,1469620.0,639384.5,2175588.0,314017.5,4938080.0,1701.2876707358878,1525.04384047523,1592.0293823127781,1686.827758097464,1564.6401914692103,1447.3690414053856,1652.2171944827583,1793.5429636736278,1539.79116194332,1537.3277402157364,1378.0124820175827,1510.4735998153742,2018.2190326787013,1518.1342670849604,1799.3897020591035,2033.687148673911,1570.8513873904324,1539.7385841338203,,,,,,,,,,,,,,,,,,,10721.7,1567.3,303.9,280.1,218.1,439.6,151.1,1825.5,345.0,525.8,174.2,620.9,1974.6,269.9,179.9,674.2,75.3,1068.1,6355856.380000004,130771.69,7837.1,277260.44,211921.43,7588.949999999999,1734.05,762157.3500000001,5010.91,6145.3,10651.76,75883.98999999999,2535937.62,41770.83,802361.74,689051.08,9.01,8980.25,,,,,,,,,,,,,,,,,,,6.580123106311438,6.341085271317828,7.263636363636359,7.037037037037038,6.719626168224299,6.274193548387096,7.16842105263158,6.338775510204084,6.985074626865671,6.385826771653545,6.728971962616821,6.689655172413794,6.686363636363637,7.175438596491229,7.47311827956989,6.628787878787878,7.147727272727273,6.395833333333335,179253.0,28675.0,3002.0,1835.0,7790.0,6759.0,1178.0,40432.0,3971.0,5626.0,1848.0,5208.0,39264.0,3913.0,2294.0,6970.0,686.0,18647.0,,,,,,,,,,,,,,,,,,,80.0,70.93,84.73,80.71000000000001,86.98,72.67,84.69,84.05,76.07,83.75,72.99,82.26,83.75,81.3,86.73,87.5,84.71000000000001,78.7,3915.239004444363,3073.727129761684,4153.919249381796,3899.9392090708325,4189.316743409122,3313.255165416435,3894.503391867353,4524.095656763783,3306.9205034266583,3849.5196323225555,3059.669111691827,3637.549306944125,4970.825148953249,3191.782900843098,4683.988519719463,4964.747709253305,4030.790601035984,3497.0618515577626
2016Q3,43.62439611697232,42.04303857258689,45.24264742621698,50.08368979992243,44.18469677213965,42.56782509083087,48.05087949839168,43.65451473687821,44.13185562264013,47.82432498069492,45.53933084933529,48.51299509792907,42.36313241270583,41.51537359952826,46.14278085524284,46.48086940515265,50.28468947136145,43.90959462092368,46427100.0,8390669.0,1316238.0,1036480.0,1122995.0,2106942.0,581446.0,7452824.0,2043828.0,2442259.0,1082479.0,2712055.0,6430889.0,1470873.0,639847.0,2176750.0,314010.0,4936272.0,1716.5675729266454,1546.0991932305292,1614.9062834070044,1687.4362876873843,1572.1196785035118,1451.5564062270585,1651.2894115404497,1815.8094754328677,1562.4088736210317,1543.162360321472,1386.5169170562885,1523.1422276317085,2036.320273065784,1510.5871710526314,1828.0225560837189,2044.9100678784255,1580.9381817215144,1566.1006501188062,100.4783148803801,100.2888231229103,,,,,,,,,,,,,,,,,10932.5,1622.6,311.8,285.2,234.6,445.2,153.0,1844.8,355.7,537.7,174.9,628.5,2005.7,273.1,186.1,686.2,73.7,1085.8,8114047.390000002,68956.65,8665.98,178.53,245550.84,7769.79,1479.2,5086615.69,17129.36,7748.65,4099.84,6200.07,2313963.9,2252.11,10996.71,162003.16,95127.24,65770.52999999998,,,,,,,,,,,,,,,,,,,6.552960753910761,6.39746571258199,7.274675324675323,7.013801537386443,6.888659237958303,6.046545593091185,7.009742441209406,6.335371361659419,6.8638608428446,6.216535433070868,6.523364485981308,6.522909777987719,6.727272727272727,6.916423001949318,7.32895044413277,6.902855477855478,7.200300417972834,6.323571116928449,192471.0,29304.0,2766.0,2113.0,11578.0,7544.0,1536.0,47407.0,4254.0,5623.0,1762.0,6263.0,32517.0,4053.0,2942.0,8386.0,736.0,22161.0,,,,,,,,,,,,,,,,,,,81.09,71.48,85.12,82.95,89.4,73.99,87.47,85.37,77.33,86.09,74.39,83.65,84.81,80.25,87.59,87.2,86.43,79.83,3935.246781585226,3082.318807373113,4182.4123894575605,3916.141406764096,4208.997994215308,3338.7943851188065,3927.581561774907,4536.355199516812,3329.361697682178,3865.734793812353,3089.104896942044,3660.7288925661715,5003.940334862339,3204.009674454637,4702.630204494419,4994.269826466962,4050.8280684729602,3516.3730092016344
2016Q4,,,,,,,,,,,,,,,,,,,46462246.5,8392343.0,1315824.5,1035015.0,1125743.5,2111087.5,581433.5,7466801.0,2042625.0,2437897.0,1080793.5,2710505.0,6445093.0,1473074.0,640961.0,2178347.0,314073.0,4940046.5,1682.3409109676454,1512.6230825708042,1556.3662650065912,1658.8865474364115,1587.536368080027,1443.5526125913505,1636.3481848269685,1784.1431672465465,1511.0418884541775,1503.9820264103546,1352.7201589036122,1474.6499877284398,1984.9973871639886,1503.717265921348,1792.6066339375734,2007.8613189100276,1557.751633107386,1527.6614490771956,,,,,,,,,,,,,,,,,,,10902.4,1617.2,313.6,284.8,238.7,433.9,154.0,1853.3,364.7,543.4,177.5,629.7,1992.2,275.1,182.3,678.4,75.1,1060.1,8674283.73,171464.84,11342.88,2240.48,66009.75,20778.27,4.43,1772170.49,85600.79,42180.37,519.03,3997.27,4969345.71,21362.11,8709.15,849295.5199999998,50.67,49192.56,,,,,,,,,,,,,,,,,,,6.525798401510084,6.453846153846153,7.285714285714286,6.990566037735848,7.057692307692307,5.818897637795273,6.851063829787233,6.331967213114753,6.742647058823529,6.047244094488191,6.317757009345795,6.356164383561645,6.768181818181817,6.657407407407407,7.184782608695651,7.176923076923077,7.252873563218393,6.251308900523561,171055.0,25143.0,3232.0,1872.0,5015.0,7708.0,1253.0,38514.0,3684.0,5569.0,1912.0,4952.0,40132.0,3730.0,1865.0,6891.0,680.0,17615.0,,,,,,,,,,,,,,,,,,,81.37,71.75,86.47,85.41,86.2,75.1,87.11,85.15,77.86,85.19,71.69,83.71000000000001,85.4,81.42,89.99,87.73,89.1,80.85,3936.4667247030584,3075.369206300464,4191.708056610003,3926.972448984685,4197.438436656128,3352.761209103298,3941.9170180490974,4523.233319624087,3333.0146651859613,3859.9463518268126,3109.256220593514,3664.420730022374,5010.337437281885,3200.857623831346,4703.862928582944,5006.789383869155,4051.8350945357693,3518.6406981775663
2017Q1,43.74627860104687,42.27930030189119,46.79247723896233,50.03018672529868,43.02824278627059,42.7557349535768,50.02513835272521,42.91483490444379,43.829431853124,47.62380678238245,45.57219872031185,49.15005891650296,42.19820161115445,41.78467430753754,46.47099312895283,46.44550596917481,49.43983472637301,43.89546316473744,46497393.0,8394017.0,1315411.0,1033550.0,1128492.0,2115233.0,581421.0,7480778.0,2041422.0,2433535.0,1079108.0,2708955.0,6459297.0,1475275.0,642075.0,2179944.0,314136.0,4943821.0,1686.4075339089736,1512.2042978833842,1554.5188594289134,1680.948841013183,1578.4096953793014,1447.6095046230207,1630.8926919020405,1777.6874822552656,1539.2862125157712,1504.596788335648,1347.975148525135,1507.0631355628457,2006.7905901090728,1467.750886138224,1833.317914502866,1987.366498381768,1570.2873188314838,1516.2902916281803,101.6109541619522,101.6630304893977,102.6367842889908,102.6539615668338,101.9932528539552,103.1931768190342,103.1679493789687,102.2871593203044,102.3464547703728,102.0434283878866,104.3807375062449,102.798814420631,103.0809432730329,102.5854548820407,103.0835287139807,102.1217998085752,100.8206897098173,103.3925852042042,10871.3,1600.5,307.4,283.5,250.7,430.5,155.5,1863.1,360.3,540.8,177.1,622.3,2002.9,271.3,184.7,671.8,74.1,1045.9,7671016.980000002,88914.27,1020.64,561.29,66117.12999999999,4040.77,380.97,1027010.43,175938.61,15571.43,14893.22,86567.39,4116377.08,10266.81,5388.4,1914069.32,215.3,55608.51,2687.0,516.0,56.0,39.0,86.0,140.0,19.0,521.0,76.0,88.0,29.0,96.0,393.0,85.0,62.0,121.0,11.0,295.0,6.651775671957056,6.153256704980843,7.252252252252254,7.130841121495325,7.158878504672895,5.999999999999999,7.094736842105264,6.453061224489796,7.094202898550725,6.508064516129035,6.390476190476189,6.475524475524476,6.910714285714286,7.176991150442476,6.721649484536081,7.356060606060606,7.079545454545453,6.791666666666668,208957.0,32121.0,3647.0,2227.0,4431.0,10792.0,1476.0,45191.0,5989.0,6496.0,2470.0,6073.0,45760.0,5601.0,1928.0,8365.0,843.0,23631.0,500615.0,83227.0,9493.0,6384.0,12175.0,24829.0,4115.0,97002.0,16107.0,17676.0,6763.0,17506.0,97596.0,13217.0,5788.0,20354.0,1996.0,55315.0,81.25,73.06,86.68,85.77,83.24,74.32,85.93,84.72,77.52,84.87,70.77,82.64,85.77,80.66,89.75,88.14,87.08,80.23,3933.583594453521,3078.8406873191434,4196.648180938762,3947.429682025364,4165.815963745494,3371.1783707275063,3954.313894003033,4503.633479613101,3330.3308063284153,3844.737204590524,3131.3368364746034,3662.138382211184,5009.940176946259,3194.675644019324,4708.096542383382,5020.4052893243415,4046.8048814538047,3518.8079549687864
2017Q2,,,,,,,,,,,,,,,,,,,46503927.0,8391184.5,1315371.5,1031416.0,1131119.0,2117809.5,581224.0,7488169.5,2037753.0,2427545.5,1077099.5,2705844.5,6472819.5,1475804.5,642590.0,2180958.0,314145.5,4942070.5,1666.7955837486047,1497.908021640053,1549.766563872617,1691.214627069085,1566.140278198595,1440.0923156956126,1615.729593980362,1755.522626918633,1522.309833215106,1506.0053538036595,1342.671576868384,1492.5848246555229,1971.8131375259443,1445.7638450273776,1806.7560473052088,1964.2617884886488,1536.781952054086,1505.314686312697,,,,,,,,,,,,,,,,,,,10913.2,1596.4,307.4,286.4,238.8,446.4,152.2,1871.4,347.5,544.6,183.2,626.7,2032.3,269.5,188.3,676.5,74.5,1043.1,6450908.429999997,80638.98,68847.1,3411.78,197303.65,126924.9,896.47,735238.83,1617.61,14225.32,26.0,2382.61,4139437.33,24271.11,22838.66,74748.75,30.01,280347.84,3059.0,530.0,59.0,33.0,128.0,150.0,21.0,574.0,102.0,83.0,38.0,154.0,499.0,97.0,64.0,126.0,12.0,354.0,6.629578788505113,6.145038167938932,7.504504504504506,7.259259259259258,6.971698113207546,6.097560975609754,7.385416666666668,6.538775510204083,7.102189781021898,6.401574803149609,6.564356435643565,6.597222222222222,6.714285714285714,6.972972972972976,7.154639175257733,7.238461538461538,6.920454545454545,6.6,210648.0,32669.0,3258.0,2253.0,8454.0,8022.0,1581.0,49373.0,5646.0,6461.0,2264.0,6402.0,43499.0,5140.0,2101.0,8082.0,773.0,22819.0,508731.0,84456.0,9449.0,6263.0,18279.0,21660.0,4301.0,103046.0,15962.0,17728.0,6482.0,18377.0,94756.0,12563.0,5883.0,20063.0,1875.0,55229.0,82.78,74.76,88.61,86.97,88.51,75.7,85.97,86.8,77.76,85.55,74.24,83.89,86.96000000000001,82.53,89.45,88.77,89.08,81.32,3953.693094264673,3094.314443483541,4220.217340651052,3986.061496400004,4168.817648595696,3398.259365946276,3986.5495520604586,4510.608922043182,3351.3556018696995,3862.9868895748405,3161.9450012372645,3683.399803853966,5028.312770007389,3213.693197053398,4730.06385994984,5055.1580524483825,4068.8123303900356,3540.3560019298925
2017Q3,43.06072313252003,41.96247336199176,46.33210549126385,50.27967803096874,41.87774506505705,41.80463794780491,48.77990846160776,44.52239827907573,44.13696003843359,48.63758785526263,45.96768263016281,48.02910159529176,43.20090187232508,41.39880544091344,45.57631674457993,46.49475782979209,51.23838996561838,43.65123258359903,46510461.0,8388352.0,1315332.0,1029282.0,1133746.0,2120386.0,581027.0,7495561.0,2034084.0,2421556.0,1075091.0,2702734.0,6486342.0,1476334.0,643105.0,2181972.0,314155.0,4940320.0,1696.3389647799818,1525.9503515495571,1591.1621262718716,1720.9012222342167,1575.7332445907136,1462.6070616493855,1635.173738700253,1784.7000516667358,1529.9943882010816,1527.7302989293216,1376.980872912065,1527.640952900929,2009.483628096724,1467.314685283301,1850.0245057101317,2015.9319095266476,1564.6422701207161,1531.9655241500213,103.2930475138809,103.27944236243,,,,,,,,,,,,,,,,,11178.1,1655.3,308.8,289.1,240.0,454.3,158.9,1906.4,354.6,551.9,190.3,633.5,2042.9,294.1,182.5,704.7,73.9,1106.8,5109095.55,160376.26,3491.82,25574.76,31563.94000000001,60294.79000000002,3.01,501830.3400000001,3023.5,7719.34,8409.14,1488.7,3178217.73,2760.829999999999,1428.55,621812.6300000001,1634.8,467106.19,3292.0,538.0,78.0,42.0,187.0,176.0,25.0,633.0,110.0,107.0,54.0,113.0,488.0,116.0,62.0,123.0,19.0,378.0,6.69085849961913,6.327621124785793,7.310287966537967,7.272486772486771,6.880079825834542,6.144780487804878,7.484375000000001,6.540816326530614,7.054718078916746,6.716412401574805,6.712084759877858,6.495162835249042,6.774193548387095,7.06684362934363,7.228361254295533,7.311538461538461,6.943373340143002,6.674999999999999,229836.0,33666.0,3114.0,2363.0,14065.0,8181.0,1905.0,56896.0,5551.0,6409.0,2176.0,7018.0,40095.0,5756.0,3106.0,9671.0,829.0,26475.0,533173.0,86154.0,9109.0,6596.0,25825.0,22363.0,4865.0,110669.0,15806.0,18125.0,6484.0,19595.0,89131.0,13531.0,7128.0,21451.0,2046.0,61318.0,83.62,74.59,89.5,87.05,90.75,78.13,87.33,87.46000000000001,81.4,86.98,75.24,85.51,87.65,81.89,89.48,88.44,87.38,82.5,3961.6336321036524,3112.8505213771405,4228.677643980401,4008.724558323577,4169.644707825778,3405.669412598342,4006.3678431649096,4502.863856015032,3364.006171592296,3880.0580676071318,3175.2857515707137,3695.3972306524083,5023.534576446857,3227.6580747924854,4727.844292922969,5069.373084053457,4083.570102854529,3550.136985245373
2017Q4,,,,,,,,,,,,,,,,,,,46577765.5,8392408.0,1314412.5,1028186.5,1137489.5,2125983.5,581280.0,7517462.5,2034246.5,2419284.5,1073906.0,2702891.0,6508132.5,1477526.0,644722.5,2184613.0,314522.5,4949452.0,1664.1154405858174,1490.8513302686072,1542.979909657289,1690.1945774267922,1577.996918311551,1436.0996046010064,1620.747709061093,1770.166193873921,1503.8038607077285,1511.8581022946537,1357.1949800094071,1493.4071221446939,1949.5003092426991,1466.9750877171475,1822.4306701067242,1951.465200953256,1546.1435097867513,1497.3799734862394,,,,,,,,,,,,,,,,,,,11167.9,1653.2,309.9,297.3,243.6,454.6,154.1,1916.8,352.2,554.3,182.6,633.8,2038.0,293.6,176.5,702.7,73.4,1101.9,15468906.35,121182.49,118164.22,1853.0,19672.57,19150.76,90.0,1002360.8,3663.62,12817.54,2726.1,370889.56,13476782.58,2003.63,7226.19,76665.59,25201.0,169864.94,2715.0,480.0,81.0,32.0,116.0,159.0,19.0,484.0,83.0,90.0,32.0,96.0,396.0,93.0,44.0,130.0,15.0,321.0,6.752138210733147,6.510204081632653,7.116071428571429,7.285714285714285,6.788461538461538,6.192000000000001,7.583333333333334,6.542857142857145,7.007246376811594,7.031250000000003,6.859813084112152,6.393103448275861,6.834101382488477,7.160714285714285,7.302083333333333,7.384615384615386,6.966292134831459,6.749999999999999,215730.0,30008.0,3540.0,2155.0,6514.0,8479.0,1660.0,53423.0,5783.0,6888.0,2527.0,6265.0,46285.0,5720.0,1956.0,9019.0,840.0,22562.0,524810.0,80494.0,9827.0,6409.0,15878.0,22507.0,4159.0,111569.0,16131.0,18345.0,6682.0,18696.0,99759.0,13379.0,6029.0,21819.0,1960.0,55240.0,83.45,75.57,88.63,85.36,87.39,77.96000000000001,86.51,87.37,80.26,86.28999999999999,74.88,85.28999999999999,86.25,82.78999999999999,90.37,89.43,88.49,83.24,3965.715761397422,3138.9362180364733,4239.230300185656,4026.2743546330653,4177.993973029923,3400.183669132935,4025.4495601601657,4487.029925751149,3373.2973596480692,3903.984291541597,3179.1817682965934,3706.179520323948,5004.897771449703,3247.5029053928224,4709.6267840497785,5077.680048064083,4101.041775300956,3552.5569451435626
2018Q1,44.08677549174161,41.09647922931715,46.73586586127499,50.53798275295141,42.41893612622926,42.43806933040505,49.46322247821296,44.75235128497818,44.4641566312964,50.13014694090499,46.28898296273737,48.17948490347324,42.89113207075604,41.50113474052804,45.97795763628886,46.92626386988252,50.95424016252521,43.9695620464797,46645070.0,8396464.0,1313493.0,1027091.0,1141233.0,2131581.0,581533.0,7539364.0,2034409.0,2417013.0,1072721.0,2703048.0,6529923.0,1478718.0,646340.0,2187254.0,314890.0,4958584.0,1682.704065586471,1479.3411478276266,1562.8954803296726,1693.696364515609,1609.7090485727754,1452.048960119514,1621.2640814361387,1802.4143774839608,1487.1435926242523,1512.2418211417187,1358.2345330323196,1515.5462586957246,2002.5965911823157,1450.1434630441236,1837.3436988442159,1984.8286727105617,1519.9061922484227,1503.4823097545757,104.9973511589486,103.9898318153339,105.5198259326357,105.0164042643898,103.8834873888248,104.8254544479163,105.4573651783894,103.7331790886459,105.6475669226836,105.6569837863886,106.7785756667729,105.1616845721646,104.9707486629961,102.1561858932255,104.3227743010607,103.9581288423096,102.4769980691005,105.3926261935645,11127.4,1634.1,306.0,290.7,233.4,452.1,151.6,1929.9,354.1,551.6,179.4,624.6,2046.1,295.3,176.8,693.9,74.8,1103.3,7768126.090000001,91033.71,22700.13,675.1,19780.75,4483.17,3.02,388529.81,165980.8,3475.55,10881.2,2835.19,6233871.059999999,1105.96,139406.55,525654.77,1003.0,148752.44,3035.0,499.0,72.0,36.0,105.0,186.0,24.0,612.0,107.0,79.0,58.0,112.0,460.0,97.0,48.0,161.0,12.0,317.0,6.569554594540151,6.235521235521237,6.972972972972973,7.133333333333335,6.572815533980584,6.401639344262295,6.958333333333335,6.512396694214875,6.442028985507246,6.868852459016392,6.49514563106796,6.286713286713288,6.677272727272729,6.833333333333332,6.819148936170209,7.129770992366412,6.681818181818183,6.636842105263159,205975.0,28649.0,3024.0,2067.0,4682.0,9937.0,1531.0,52163.0,5607.0,5884.0,2232.0,5818.0,43833.0,5435.0,1855.0,8537.0,733.0,22125.0,509642.0,78377.0,8930.0,6077.0,12816.0,23525.0,4028.0,109288.0,16186.0,17261.0,6368.0,17511.0,97779.0,13160.0,6068.0,21283.0,1913.0,54886.0,83.26,75.26,88.42,84.98,82.58,79.38,87.53999999999999,87.81,79.32,86.09,74.06,84.92,86.6,81.4,89.46000000000001,89.24,88.97,82.87,3962.7855232920297,3162.3540721778577,4239.732962453036,4035.127803606314,4190.557014484349,3378.714717510866,4040.031591961349,4462.072485071204,3378.5852283140534,3933.9513654121606,3168.0228860615484,3712.646787994016,4965.906596384107,3269.3979170966495,4673.1829855016695,5073.821315047669,4118.7519583491885,3547.9643072036283
2018Q2,,,,,,,,,,,,,,,,,,,46680226.5,8394273.0,1314685.5,1025343.5,1144641.0,2135412.5,581380.0,7555184.0,2033273.5,2412815.0,1071078.0,2701001.0,6547691.0,1480616.0,647571.5,2188719.0,314886.0,4960275.0,1654.4942481047485,1452.805735100273,1535.4493712924316,1662.1188205755334,1585.3505301971038,1434.4650351220776,1616.4893339258888,1759.1062360952055,1464.2111435794948,1503.2665252260044,1339.0329578313253,1493.4360673087588,1967.641943200794,1419.7262604181421,1826.98322019072,1971.9126197815208,1518.0064789397995,1486.9284551236487,,,,,,,,,,,,,,,,,,,11244.5,1666.3,319.1,289.7,233.4,458.2,154.5,1971.5,353.0,552.4,179.5,627.5,2043.6,295.9,181.6,683.5,76.4,1127.6,20416861.0,66312.35,2795.87,3608.2,42298.84999999999,72009.93000000001,0.0,698114.17,5319.170000000001,11499.44,514.52,27196.16,19039433.26,12336.26,26993.57,311032.05,751.55,84607.27,3505.0,669.0,82.0,67.0,152.0,179.0,19.0,658.0,126.0,108.0,50.0,130.0,469.0,120.0,83.0,159.0,10.0,392.0,6.502330679398674,6.019157088122608,7.318181818181815,7.467289719626168,6.62037037037037,6.21138211382114,6.770833333333334,6.242914979757082,6.738095238095239,6.772357338012058,6.616822429906541,6.351724137931033,6.60294117647059,7.028846153846153,7.333333333333334,7.023255813953488,7.103448275862069,6.529411764705882,211678.0,29926.0,3001.0,2036.0,8306.0,7056.0,1464.0,56121.0,5626.0,6179.0,2208.0,6345.0,43403.0,5173.0,1790.0,8891.0,745.0,21424.0,527006.0,84368.0,9312.0,6294.0,18110.0,20704.0,4273.0,116220.0,16871.0,18099.0,6551.0,19084.0,96761.0,13367.0,6087.0,21533.0,1883.0,55160.0,84.72,76.91,90.03,86.9,88.78,79.94,88.43,88.61,80.89,88.0,76.15,86.01,87.92,83.71000000000001,90.07,89.88,89.32,84.36,3977.591326341734,3191.685094090889,4249.207017055625,4054.1357983059524,4219.913999291733,3382.0678894007337,4059.514059987757,4464.65983678297,3394.1568549284493,3966.3386963091675,3172.924150561339,3731.7154879238196,4964.34781692797,3297.7145834310377,4662.546262697691,5089.027453529063,4140.608823960227,3563.3710136869327
2018Q3,43.38280979872106,42.24916947680233,47.18471028791288,49.42514479865467,42.76236600296079,43.43825645407625,49.51224422976959,43.04030157363781,44.51856126875283,49.70179977967329,47.10195596052183,48.02903322942225,42.11901834351723,41.62910777721046,46.39638703981981,46.77814340103076,51.38362890964222,44.29315876179612,46715383.0,8392082.0,1315878.0,1023596.0,1148049.0,2139244.0,581227.0,7571004.0,2032138.0,2408617.0,1069435.0,2698954.0,6565459.0,1482514.0,648803.0,2190184.0,314882.0,4961966.0,1679.6478899255633,1497.7225260924545,1562.696266968372,1671.548174615744,1598.261429758868,1457.5926051412775,1630.5155153139544,1786.846246597587,1498.8238235550086,1515.9827620982685,1364.4403834707382,1505.0192179556784,1985.2845906040272,1439.9935289129132,1839.6210158323797,2004.8443476582236,1515.8407694260318,1512.2179534328748,105.1698311038302,105.229089241132,,,,,,,,,,,,,,,,,11503.7,1699.8,328.3,292.3,250.4,475.1,160.0,1996.2,370.6,560.2,188.4,631.2,2091.6,303.6,189.1,700.3,76.4,1159.3,12099479.31,176466.94,94004.66,5997.4,37393.2,23588.12,3021.67,2070565.69,33793.33,3813.71,3.0,8023.320000000001,9334009.56,830.98,26588.56,85786.37,8057.27,98572.70000000004,3937.0,644.0,99.0,60.0,202.0,191.0,31.0,703.0,148.0,155.0,62.0,154.0,531.0,137.0,78.0,174.0,23.0,502.0,6.57634581490916,6.111111111111112,7.44090909090909,7.247795803209309,6.588487071977639,6.070534806910569,7.001206140350877,6.409212591919357,6.76113394998287,6.601625823477575,6.65937275341481,6.505723180076628,6.867081447963801,6.779729199372056,7.307291666666667,7.086627906976744,6.918003207698476,6.54812834224599,225839.0,30609.0,3153.0,2383.0,11796.0,7494.0,1682.0,62437.0,5308.0,6387.0,1950.0,7061.0,36871.0,5375.0,3430.0,9821.0,720.0,26846.0,562273.0,87794.0,10332.0,6941.0,24483.0,22699.0,4871.0,125655.0,17230.0,19664.0,6606.0,21148.0,88970.0,14051.0,8292.0,23471.0,2094.0,65018.0,85.45,77.15,90.13,86.55,92.84,80.36,91.01,89.37,83.28999999999999,88.7,78.32,87.76,88.14,83.67,90.35,90.58,90.4,84.71000000000001,3993.2687675659718,3211.767207529505,4258.548943658509,4066.192739023086,4253.342454658789,3394.5330651223735,4067.2965148233066,4474.81982666409,3405.6261366718395,3984.9841349878393,3179.1017287134496,3747.1251519153693,4977.50197556076,3324.1177635552017,4656.884767079245,5102.297414445026,4147.653953688548,3580.823358869428
2018Q4,,,,,,,,,,,,,,,,,,,46817167.0,8402152.0,1318286.0,1022532.5,1152988.5,2146280.0,581608.0,7597814.5,2034457.5,2407092.5,1068680.0,2699582.0,6591768.5,1486913.0,650800.0,2193745.0,315424.5,4975637.0,1662.8802708560688,1456.7249681537724,1546.733652496566,1646.502269071539,1610.4995210566567,1456.9026281147153,1618.8054911563195,1784.7269289188343,1465.9201985906207,1499.3952034805536,1348.73818728599,1483.1815433870095,1966.09971270427,1435.0646606451014,1831.1391617097802,1967.5166225448854,1520.4947369762797,1494.2344611911599,,,,,,,,,,,,,,,,,,,11589.0,1687.3,331.1,287.1,250.7,488.8,155.1,2026.5,377.7,563.6,188.2,634.6,2090.5,309.0,194.5,711.4,74.6,1189.4,14500889.65,85149.01999999999,215200.29,1295.68,46772.53999999999,133822.4,182166.26,1131818.34,49386.97,28591.37,0.87,12130.93,11337668.78,7064.33,4197.12,192338.83,177312.33,632551.1799999999,3334.0,536.0,91.0,44.0,125.0,195.0,28.0,625.0,108.0,101.0,44.0,144.0,557.0,125.0,62.0,165.0,17.0,373.0,6.650360950419647,6.203065134099618,7.563636363636363,7.028301886792451,6.556603773584907,5.929687499999999,7.23157894736842,6.575510204081633,6.784172661870501,6.430894308943093,6.701923076923078,6.659722222222223,7.131221719457012,6.530612244897959,7.28125,7.150000000000001,6.732558139534883,6.566844919786098,212336.0,27138.0,3949.0,2211.0,6798.0,7802.0,1551.0,55818.0,5311.0,6593.0,2236.0,5966.0,47823.0,5519.0,2181.0,10131.0,745.0,21549.0,532503.0,82660.0,11681.0,7141.0,17535.0,23638.0,4483.0,120226.0,17828.0,19720.0,7010.0,20226.0,106445.0,14315.0,6840.0,23927.0,2120.0,56517.0,85.55,78.74,88.89,87.14,89.09,80.01,90.32,88.25,83.84,88.78999999999999,76.9,87.96000000000001,88.46000000000001,84.17,90.01,90.42,89.7,85.7,4008.5117060579164,3223.3260050286895,4267.72277182368,4072.204366214055,4293.503609294725,3414.966545111476,4062.979176093923,4491.092238869008,3410.1802554254023,3989.452647379645,3185.291577344552,3758.6767957582556,5004.57773497883,3348.2129365494834,4654.657053039202,5113.827349038871,4135.762429132887,3595.836674557271
2019Q1,43.25291417138958,42.10751001024539,47.09053732372649,50.57490205534302,42.10163964094397,43.92479456600238,48.79104849433588,43.44029165084477,44.71201766875107,49.17924265070997,47.05729756376353,49.1263588844944,42.7858378567376,42.05951133218704,45.39883349711153,46.33958136271146,49.96344906809288,43.84159512932288,46918951.0,8412222.0,1320694.0,1021469.0,1157928.0,2153316.0,581989.0,7624625.0,2036777.0,2405568.0,1067925.0,2700210.0,6618078.0,1491312.0,652797.0,2197306.0,315967.0,4989308.0,1696.474399460507,1499.7149019953777,1587.4095026328544,1710.8530207698632,1635.0217534595774,1468.0881230106718,1636.3448612539487,1820.5975586791997,1485.015365674813,1524.3116147193482,1374.3856677145475,1557.6326392680749,1980.5123975382583,1444.4540005565764,1843.7527931877685,1983.2490222194717,1549.1908915589454,1545.9225875550433,106.4702406488642,107.315259688175,106.1094569610758,106.9371056037111,104.322068294679,105.4811210310215,106.7207648927954,104.7890041709792,106.604526853084,106.8433102220728,109.2407030248171,106.828918137285,106.5371826084196,103.6535390546764,105.7615074169788,104.9904948106801,103.5461368638212,106.7505707099815,11703.9,1691.8,328.4,286.7,254.0,512.2,155.0,2069.4,380.3,572.2,181.3,638.1,2139.4,303.9,192.4,709.7,76.6,1183.7,7304608.719999999,72333.91,26279.06,103112.92,93609.80999999998,1961.38,9.25,726087.49,4071.36,1671658.35,701.85,504050.97,3877040.76,23293.57,4400.48,75359.18,3559.58,116732.16,3576.0,599.0,70.0,39.0,147.0,230.0,26.0,725.0,126.0,136.0,35.0,147.0,540.0,129.0,52.0,116.0,18.0,407.0,6.673701922926439,6.229885057471265,7.55413961038961,7.107608887321459,6.691763425253993,5.968780757874016,7.268421052631579,6.459242705346601,6.764349104657878,6.679156831890902,6.696755930984903,6.736111111111111,7.072429041546688,6.478942486085344,7.386656746031747,7.258206106870229,6.953488372093023,6.730230970531347,206019.0,27367.0,3280.0,2143.0,4749.0,8447.0,1540.0,54095.0,5004.0,5845.0,2138.0,5735.0,45292.0,5511.0,1958.0,9550.0,706.0,21414.0,529757.0,81460.0,10405.0,6564.0,14580.0,24085.0,4282.0,116452.0,16987.0,18136.0,6796.0,19276.0,103269.0,14291.0,6296.0,22958.0,2126.0,55902.0,85.3,78.92,89.5,84.97,82.94,78.97,87.8,88.36,84.26,87.58,77.48,87.53,88.3,84.88,91.81,90.38,88.9,85.89,4028.9834612047816,3231.553917396657,4279.579597306865,4073.118181604872,4350.92352776193,3450.065514690863,4047.825500168033,4520.259428058604,3412.1398177543733,3982.451924610585,3191.867507215819,3768.8545277845383,5054.3999075980955,3376.9340964293033,4660.0914066419,5127.437496242693,4108.615402342178,3617.4047436412498
2019Q2,,,,,,,,,,,,,,,,,,,47003364.5,8422146.5,1322551.5,1020343.0,1162006.0,2158180.5,582124.5,7648802.5,2038728.0,2403030.0,1066766.0,2699447.5,6639722.0,1495154.5,654232.5,2200155.5,316505.5,5002179.5,1676.1914989903069,1473.438956104612,1576.3899954119522,1698.4435854630756,1607.4211831530074,1458.7618313578453,1631.3068286801213,1781.5848803836368,1484.7338106336015,1506.1987543931455,1351.0859325956185,1535.6789472424164,1985.6164286654093,1422.3805444195284,1835.6099521937829,1961.6665065988363,1523.2924866915253,1528.8989820629984,,,,,,,,,,,,,,,,,,,11790.9,1704.1,334.1,286.5,259.2,508.4,158.0,2032.1,383.0,583.6,185.6,645.6,2180.1,307.6,194.6,708.7,79.0,1212.1,5171436.340000002,235760.82,1896.73,1256.45,19465.21,27741.42,0.0,1096079.39,944.11,11644.25,15.0,100400.48,3318922.790000001,12468.86,20395.92,174482.96,0.0,148475.15,3682.0,619.0,75.0,40.0,202.0,230.0,20.0,702.0,123.0,108.0,64.0,166.0,524.0,130.0,66.0,146.0,19.0,424.0,6.69704289543323,6.256704980842912,7.544642857142857,7.186915887850467,6.826923076923078,6.007874015748032,7.305263157894738,6.34297520661157,6.744525547445255,6.927419354838711,6.691588785046728,6.812499999999998,7.013636363636363,6.42727272727273,7.492063492063495,7.366412213740459,7.174418604651164,6.893617021276597,207602.0,28450.0,3151.0,2028.0,8159.0,6696.0,1558.0,57137.0,4994.0,5732.0,1873.0,5769.0,42659.0,5117.0,2236.0,9175.0,694.0,20876.0,540664.0,84235.0,10562.0,6726.0,20333.0,23063.0,4338.0,120319.0,17312.0,18543.0,6533.0,19789.0,100944.0,13998.0,6898.0,22747.0,2169.0,56102.0,85.98,78.96000000000001,90.02,85.83,87.87,79.0,90.99,88.83,83.58,88.24,79.53999999999999,88.67,89.46000000000001,86.64,92.42,91.37,90.14,85.7,4067.775980720707,3261.7140600240286,4323.827497414424,4113.406465318419,4382.275658008596,3478.7909734376567,4067.7494553965525,4564.592006619172,3445.374776911815,4017.300309588727,3225.857955230745,3807.2245466675076,5109.314913420807,3417.787047092204,4690.619059401516,5170.399818462164,4124.981154886099,3656.13197151835
2019Q3,43.891325287153,41.61969437230921,46.64878903556318,50.33461049292508,43.76993665313641,43.46825799189316,48.34434275649312,43.40035776760109,45.36517162078045,48.3443377942973,46.72579312870781,48.71333926287727,43.09430202206049,42.23888660322729,46.02494021385846,47.48331953191601,50.5290700074909,44.88133712162382,47087778.0,8432071.0,1324409.0,1019217.0,1166084.0,2163045.0,582260.0,7672980.0,2040679.0,2400492.0,1065607.0,2698685.0,6661366.0,1498997.0,655668.0,2203005.0,317044.0,5015051.0,1714.523917565595,1519.6329215960557,1617.1771487064746,1715.6357174543593,1603.1157854136584,1496.2816274550373,1649.3036123611932,1826.0127177112863,1515.7334190005672,1540.4151055269374,1400.2490009287185,1567.3007196298927,2017.4135252763979,1467.9666633253491,1865.288772957471,2027.7793725278898,1567.5083061266032,1563.0049682928823,106.0995585373096,107.1242495708816,,,,,,,,,,,,,,,,,12021.6,1745.2,337.4,291.5,267.8,526.3,160.3,2084.6,392.9,599.0,186.7,650.5,2224.6,312.5,200.0,716.3,79.9,1219.4,4445869.509999999,273840.43,41740.25,6.0,89398.01,12786.97,3.0,450475.91,10152.45,34934.24,7753.72,4806.96,3050435.15,6314.219999999999,89658.58,160240.13,5699.56,183322.13,4329.0,673.0,90.0,67.0,240.0,237.0,38.0,861.0,157.0,144.0,58.0,182.0,582.0,142.0,70.0,218.0,30.0,504.0,6.717912901424765,6.358805165318577,7.519984979973298,7.219626168224298,6.885683760683762,6.153543307086615,7.189089912280704,6.393244925481516,6.781021897810219,6.867709677419356,6.560747663551402,6.820043103448275,7.060629841011005,6.527272727272727,7.322954822954826,7.30336114562992,7.110197808072709,6.778359312777336,220793.0,30416.0,2858.0,2098.0,11051.0,7330.0,1842.0,61121.0,5214.0,6080.0,1936.0,6461.0,37988.0,5504.0,3710.0,10101.0,812.0,24752.0,576435.0,90067.0,10473.0,7136.0,25060.0,24615.0,5108.0,129561.0,18421.0,20123.0,6990.0,21298.0,96028.0,14557.0,8946.0,24570.0,2277.0,64210.0,86.08,78.17,90.31,85.57,91.82,78.81,91.27,89.13,83.9,88.82,80.32,88.51,89.74,85.84,91.81,90.74,91.01,86.09,4136.840049057167,3320.664363997897,4413.2195553132615,4204.546793630656,4399.416479813701,3509.5193411049904,4131.304889240298,4636.479654669974,3520.433833630698,4103.35125306424,3296.8148600906416,3883.9132226941515,5185.796356405773,3481.1084651826613,4755.1697422480165,5256.366431280098,4195.610980458945,3724.2676260022126
2019Q4,,,,,,,,,,,,,,,,,,,47202914.0,8446555.0,1327500.5,1018635.0,1171450.0,2169642.5,582635.5,7696651.5,2044324.0,2399734.0,1065288.5,2700645.0,6690838.0,1504037.0,657787.5,2207461.0,317873.5,5030766.5,1688.9808281589537,1499.3547721588516,1597.5781001892842,1710.208382549256,1629.6350569585477,1454.0685227852216,1642.2581180524855,1804.67195833483,1469.4411523452634,1507.196263167071,1374.0716173421126,1563.845637365445,1980.7921949283075,1435.6734369505173,1852.968057556278,1962.5551870590232,1539.320632954121,1532.8737810357727,,,,,,,,,,,,,,,,,,,12064.6,1740.7,341.6,291.8,274.9,532.6,162.5,2082.8,396.2,596.2,183.4,672.9,2210.0,314.3,195.0,735.2,81.1,1225.4,7622830.019999998,234938.09,34001.06,17307.27,94502.48,141791.82,5869.52,1501541.44,62880.71,147355.28,12579.22,109398.19,4721225.149999999,4675.05,10518.82,81703.97,17548.74,307259.64,3751.0,625.0,98.0,47.0,154.0,214.0,23.0,743.0,118.0,120.0,57.0,141.0,575.0,130.0,44.0,188.0,25.0,415.0,6.7387829074163,6.460905349794242,7.495327102803739,7.252336448598131,6.944444444444446,6.299212598425197,7.072916666666668,6.443514644351464,6.817518248175183,6.808,6.429906542056076,6.827586206896552,7.107623318385649,6.627272727272725,7.153846153846158,7.240310077519382,7.045977011494252,6.663101604278077,208843.0,27620.0,3573.0,2082.0,6020.0,7983.0,1569.0,53692.0,5170.0,6349.0,2283.0,6212.0,46533.0,5201.0,2151.0,9590.0,762.0,20819.0,555003.0,84192.0,11268.0,6833.0,17477.0,24223.0,4377.0,122784.0,17787.0,19844.0,7339.0,19925.0,108391.0,14263.0,7036.0,24209.0,2188.0,56701.0,86.22,79.2,90.07,86.86,90.09,81.22,88.82,89.55,83.44,88.8,76.52,88.26,90.01,83.92,90.99,90.91,90.11,85.87,4261.464862661849,3390.7831894609553,4575.351695035016,4371.254651320644,4421.650131579379,3560.686896822084,4262.259821664935,4764.379489696306,3659.9867120134445,4263.443393933114,3427.333827662889,4022.047390791573,5314.3627152935815,3586.8085886855083,4876.859535455163,5414.904588189875,4345.255601872194,3845.8149655801108
2020Q1,44.75892679629962,43.72740400267877,47.89253555434543,51.45722206058255,43.11394225274928,43.18142323172363,48.94488618058935,43.28018415461944,44.46547802229368,49.75819757774354,46.69792798527718,48.48054983382922,43.22396873888305,42.06765649596986,46.95880223918079,47.04089522660655,50.76735880043714,43.82955544654547,47318050.0,8461039.0,1330592.0,1018053.0,1176816.0,2176240.0,583011.0,7720323.0,2047969.0,2398976.0,1064970.0,2702605.0,6720310.0,1509077.0,659907.0,2211917.0,318703.0,5046482.0,1700.8158844792906,1516.3638181398496,1574.2179934507724,1719.149752677258,1613.9642680226898,1433.492083256125,1625.415554091805,1777.079100159778,1510.661115349607,1523.5631134603689,1382.2937093757307,1573.448904109589,2035.2542405426102,1461.8034693131112,1874.8032761452293,1990.3399786251289,1546.0608045512447,1544.1243477699804,100.688079639411,100.4892190290118,96.3587653725788,96.22952913907746,79.38723120657663,84.78473413987491,95.97629435915344,91.18068905419204,97.62609664120654,97.9313514123625,99.4045517686658,97.20787638357184,94.17997941361476,93.2908193034258,94.00000626743214,93.62385228568272,93.7508808037434,94.48625121880274,12151.4,1770.8,338.4,290.9,284.5,535.0,159.3,2046.3,393.5,588.6,181.4,682.5,2250.5,316.7,198.0,745.9,81.0,1257.9,3327684.309999999,128764.1,1969.27,30567.84,18687.69,1904.11,6.0,687738.2400000001,5475.11,30318.7,7.0,14803.01,2301505.46,510.27,17729.72,40363.65,1750.0,45529.4,3355.0,532.0,84.0,44.0,119.0,231.0,18.0,696.0,95.0,91.0,52.0,134.0,502.0,126.0,62.0,158.0,29.0,363.0,6.70778275326296,6.417722839010494,7.400806689092174,7.174420154659123,6.902150955683783,6.313514093433059,7.078780072332369,6.444955076831124,6.814542023194305,6.763027535450851,6.411902357006542,6.830023187903104,7.040331926462923,6.615617427610359,7.05490540050344,7.172480989117471,7.017938833027165,6.648133115504034,170531.0,23283.0,2579.0,1733.0,3681.0,7731.0,1373.0,42820.0,4422.0,4704.0,1886.0,5024.0,38516.0,4305.0,1786.0,7840.0,580.0,17208.0,481872.0,76154.0,9098.0,6185.0,14220.0,23125.0,4197.0,102132.0,15778.0,16756.0,6501.0,17728.0,91804.0,13323.0,6355.0,21698.0,1854.0,49237.0,85.59,78.78999999999999,89.36,85.63,81.8,81.21000000000001,88.91,89.34,81.89,88.18,76.41,87.35,89.4,83.53999999999999,91.45,91.28,88.78999999999999,85.61,4200.323180789328,3365.5660010532874,4554.43045692664,4356.738029346265,4193.479825340408,3427.830730594028,4213.680362854319,4666.280640279167,3660.6982002645564,4250.2305765882065,3429.0370344128983,3995.99860471759,5202.526760649321,3533.1732362128223,4766.842305961163,5331.802077173986,4328.189297699716,3805.6067792012764
2020Q2,,,,,,,,,,,,,,,,,,,47331451.0,8463474.0,1331068.0,1016328.5,1178154.0,2178324.0,583059.0,7725117.0,2046944.5,2394085.5,1063715.0,2700717.5,6724570.5,1511455.5,660457.5,2212928.5,318913.0,5051105.5,1501.4737952746464,1361.5115882990247,1384.450629320471,1575.3131239362529,1142.9528341453383,1090.7700359651653,1448.1670758158402,1539.909002306061,1393.4581984792355,1363.6069828274512,1263.2312462717625,1417.0023411974305,1847.3361583278277,1353.2974314860296,1715.8382880378117,1810.1985302533667,1387.9096872129976,1331.8294112872557,,,,,,,,,,,,,,,,,,,12326.0,1804.9,352.2,299.8,294.8,535.6,162.9,2067.1,403.0,589.7,191.4,690.7,2269.6,323.7,200.8,755.7,82.3,1269.8,6302783.2,463572.31,1701.59,0.0,14860.87,51399.71,0.0,558734.19,39965.66,3768.05,0.0,10353.49,5143298.19,6.0,2000.15,3205.47,0.0,9864.62,2784.0,477.0,61.0,44.0,121.0,171.0,15.0,507.0,88.0,86.0,33.0,118.0,415.0,112.0,52.0,115.0,24.0,297.0,6.676782599109618,6.374540328226746,7.306286275380607,7.096503860720116,6.859857466923119,6.327815588440921,7.084643477998069,6.446395509310784,6.811565798213428,6.718055070901702,6.393898171957008,6.832460168909655,6.973040534540198,6.603962127947993,6.955964647160722,7.104651900715559,6.989900654560076,6.633164626729993,67728.0,11017.0,1294.0,718.0,1992.0,2593.0,591.0,16636.0,2036.0,1994.0,864.0,2542.0,11862.0,2251.0,676.0,2989.0,283.0,7163.0,321737.0,56115.0,7492.0,4675.0,11801.0,16163.0,3121.0,61330.0,11541.0,11640.0,4893.0,14327.0,50903.0,9885.0,4297.0,14087.0,1773.0,34549.0,84.67,78.68,88.22,85.55,84.07,78.45,86.24,87.22,83.16,87.65,78.61,88.05,87.39,84.38,89.92,90.87,89.89,83.26,3586.5325868100654,2992.618639579494,3912.3458939261136,3741.289784464238,3470.984954782427,2873.0887175448684,3599.632559642847,3963.061319655026,3163.8877824763067,3656.2005458893723,2961.9301487375055,3428.4153232584913,4427.960305524919,3025.2904629768395,4025.323812728602,4531.647004530137,3713.9541598230408,3263.878562655446
2020Q3,44.80541577078167,43.34063959018275,47.39700206572,50.77049669275692,43.79047157889556,43.61213670949233,48.89828936248878,43.60121021496363,44.81419701944935,49.90890802101974,46.93922858220402,49.13106458393378,43.43299755989106,42.54353527096436,46.99552107767477,47.4364021331067,50.92626512862658,43.14781576551731,47344852.0,8465909.0,1331544.0,1014604.0,1179492.0,2180408.0,583107.0,7729911.0,2045920.0,2389195.0,1062460.0,2698830.0,6728831.0,1513834.0,661008.0,2213940.0,319123.0,5055729.0,1702.1241199060905,1531.1330957153855,1606.3904345947478,1723.0775314655598,1433.7656514564146,1293.6651794629631,1641.1296023088976,1809.9628400687645,1557.132777731429,1547.8146481112622,1365.1114881023384,1569.9248570880216,2015.8631244486514,1520.8486295967145,1908.334635873382,2040.3609572244673,1569.311444993003,1550.5373638880217,95.8841465284482,97.15725075342743,,,,,,,,,,,,,,,,,12517.5,1844.5,347.8,299.7,297.9,566.5,173.0,2088.5,416.3,594.7,188.0,705.8,2296.3,331.0,210.9,776.3,80.4,1268.7,5037382.46,35644.48,4841.21,6640.04,30054.26,14196.08,0.0,549180.76,10679.73,12246.41,34.8,17071.23,4104634.000000001,167.15,29487.55,36973.92,1360.0,181928.1,4015.0,656.0,77.0,75.0,170.0,261.0,33.0,760.0,150.0,117.0,53.0,155.0,575.0,158.0,66.0,148.0,33.0,504.0,6.645782444956278,6.331357817442998,7.211765861669042,7.018587566781108,6.817563978162454,6.342117083448783,7.09050688366377,6.447835941790443,6.808589573232551,6.673082606352553,6.375893986907474,6.834897149916206,6.905749142617474,6.592306828285626,6.857023893818004,7.036822812313647,6.961862476092988,6.618196137955951,149152.0,23058.0,2492.0,1668.0,5723.0,5084.0,1608.0,35964.0,4143.0,4220.0,1571.0,4886.0,26499.0,4446.0,1778.0,6422.0,553.0,18453.0,508872.0,84561.0,10140.0,7262.0,18964.0,22740.0,5212.0,101392.0,18382.0,19078.0,7171.0,21720.0,83846.0,14792.0,6749.0,20765.0,2167.0,59564.0,83.74,76.2,88.1,85.84,86.72,74.96000000000001,87.98,86.77,81.66,87.51,79.12,88.2,86.75,82.78999999999999,90.06,89.66,88.48,82.74,4141.898578679802,3387.351032268831,4508.743304862054,4338.199591490689,3996.4634678432876,3320.141089883523,4161.610059567028,4590.091708041627,3654.784878783116,4231.5395217361865,3428.212597699957,3958.0196251518873,5098.041123377994,3491.3822941701874,4663.588370878432,5231.067520019667,4283.32168095682,3763.4239694536564
2020Q4,,,,,,,,,,,,,,,,,,,47372825.0,8475356.5,1331741.0,1013360.5,1181453.5,2179666.0,583907.5,7739903.5,2049212.5,2387209.0,1062048.0,2698503.5,6727735.5,1516056.5,661520.0,2213284.0,319283.5,5061820.0,1690.708179164218,1519.6955797120634,1604.9650128913142,1699.2361078348783,1542.4679385200282,1296.2845102319234,1647.9897201221313,1797.7735188603656,1513.3854801854418,1517.9686535596925,1382.2674835321673,1570.3664382681288,1998.3454450278568,1494.166045953181,1881.0672520198857,1976.8255951254962,1544.8305711163118,1545.2393969210718,,,,,,,,,,,,,,,,,,,12549.4,1869.2,338.2,301.9,303.6,572.8,170.3,2144.8,407.3,607.1,189.7,700.5,2248.7,339.6,211.2,758.3,81.1,1269.7,11485324.95,143060.64,14062.19,13796.49,66071.64,10372.39,13.92,1222314.7,3477.05,10748.42,299.85,46583.03999999999,8873780.490000002,169942.31,71329.98999999999,715855.8899999999,3900.0,107674.24,3086.0,550.0,85.0,52.0,110.0,211.0,23.0,346.0,118.0,125.0,48.0,147.0,498.0,114.0,61.0,182.0,23.0,370.0,6.614782290802936,6.288175306659251,7.117245447957476,6.940671272842101,6.77527048940179,6.356418578456645,7.096370289329471,6.449276374270103,6.805613348251673,6.628110141803404,6.357889801857939,6.837334130922757,6.838457750694748,6.580651528623259,6.758083140475286,6.968993723911736,6.9338242976259,6.60322764918191,137130.0,17779.0,2283.0,1149.0,3669.0,4796.0,1041.0,37363.0,3761.0,3857.0,1468.0,3966.0,27613.0,3611.0,1327.0,6230.0,512.0,16259.0,460885.0,71664.0,9712.0,6273.0,15083.0,22261.0,4068.0,87876.0,16607.0,17890.0,6541.0,19935.0,85507.0,13050.0,6197.0,20595.0,2059.0,51685.0,83.87,77.26,87.51,86.5,82.66,74.78,88.21000000000001,86.13,82.61,88.39,78.68,88.34,86.47,84.61,88.35,90.03999999999999,89.64,83.63,4148.171849230501,3384.479946015597,4493.249553152554,4337.8027568183015,4008.359329852407,3348.435122833129,4161.804058179227,4605.737366217521,3648.9111439675185,4223.4950979914465,3439.736085299885,3952.604223833547,5106.7706446432885,3507.6074203656813,4666.093331063302,5220.532517602335,4264.505814294684,3766.2206226318553
2021Q1,45.001126467643,42.67900984950623,46.99026186436364,50.48185099386937,43.76091850811284,43.67009413236095,49.26422856148896,43.46091333391392,45.76618210790881,49.760199516278,47.38027004450402,50.10645732135033,43.52264673357438,42.86416461063729,46.42002638185114,47.22998208686839,50.99817213377187,44.76557483405902,47400798.0,8484804.0,1331938.0,1012117.0,1183415.0,2178924.0,584708.0,7749896.0,2052505.0,2385223.0,1061636.0,2698177.0,6726640.0,1518279.0,662032.0,2212628.0,319444.0,5067911.0,1709.0475373413753,1508.5227524248105,1622.8126866290172,1719.3903825331479,1498.9483519361906,1339.1557483212287,1630.9526840506933,1811.7890642646437,1520.164825678557,1547.1343119381334,1400.188055716147,1583.2938848942895,2038.7872244074838,1514.0708103219106,1882.5709057788536,2013.5731838073063,1545.798799539817,1556.415171437514,97.62516625093714,98.59861700338574,101.5557657060877,102.0207801206491,88.02317253520744,91.96280172666586,102.4922817209936,97.3727086870474,102.9627343292174,103.4208163220441,104.1042613277502,103.20944931294,100.1131993878234,99.40163030769492,100.163465245337,99.58376856239128,98.21008162004988,101.2373198031549,12699.7,1914.0,352.9,294.7,282.7,552.2,169.1,2151.6,414.8,611.5,202.8,706.2,2284.8,337.8,213.2,799.8,81.9,1295.2,3418373.68,156237.76,1895.28,276.57,27627.28,35228.2,13825.88,769426.6799999998,63.01,58239.92,3.1,379.23,2091413.72,32217.05,303.0,39125.14,2500.0,189044.67,3448.0,581.0,80.0,54.0,154.0,207.0,34.0,696.0,113.0,96.0,40.0,133.0,460.0,140.0,39.0,136.0,21.0,431.0,6.583782136649596,6.244992795875502,7.02272503424591,6.862754978903093,6.732977000641126,6.370720073464507,7.102233694995173,6.450716806749763,6.802637123270795,6.583137677254256,6.339885616808405,6.839771111929309,6.771166358772023,6.568996228960893,6.659142387132568,6.901164635509824,6.905786119158812,6.588259160407867,119471.0,16838.0,2183.0,1117.0,2813.0,4649.0,975.0,27528.0,3237.0,3148.0,1169.0,3301.0,27372.0,3456.0,1376.0,5829.0,411.0,13724.0,431065.0,69927.0,9206.0,5971.0,12544.0,19403.0,4117.0,84035.0,15056.0,16278.0,6089.0,18546.0,79468.0,12960.0,6038.0,19477.0,1898.0,46502.0,83.86,77.25,87.64,86.27,81.6,74.42,88.41,86.91,82.49,86.84,76.67,87.17,87.76,83.12,88.49,88.36,87.98,83.38,4115.630720323588,3356.9337508046265,4410.702610836936,4277.055817878615,4029.7067104096077,3378.330370025418,4119.185581400315,4589.156812481475,3591.3263207384102,4153.831746204283,3410.6445307613635,3895.7849003484594,5074.395358954401,3497.698441639496,4630.039553907946,5149.733760688786,4179.12841121185,3729.175225591856
2021Q2,44.69682890745705,43.36833983921874,47.12968847128484,51.20345334571378,44.15166148319968,42.82771462626675,49.32737850384909,43.69496892069992,44.11172530083059,50.09918208954424,46.74668172859319,49.10723022143129,43.29387679608024,41.94429239603262,46.19502483143489,46.91574953865484,50.15975224513075,44.99074076647528,47356065.0,8482645.0,1331330.0,1009420.0,1180773.0,2177938.0,584705.0,7742504.0,2052154.0,2381418.0,1059261.0,2694297.0,6716310.0,1518812.0,661769.0,2207720.0,319457.0,5065939.0,1696.9685155113432,1502.975782008982,1613.6651245469575,1730.0364988281576,1552.9228827821416,1332.1627248839275,1595.8421107457877,1806.0302238566528,1517.0042041339623,1520.0194418203178,1374.9961598891678,1571.3639972017154,2027.1596575245635,1496.414176286358,1830.2793474681507,1973.936890026511,1532.1661491076914,1543.8578635995038,99.0569716142366,100.6471726614498,,,,,,,,,,,,,,,,,12709.4,1932.0,355.0,292.1,299.1,539.6,168.4,2117.5,418.6,607.3,207.5,705.8,2280.5,335.4,209.5,791.4,84.8,1331.4,4360536.789999998,41498.75,91074.02,11655.72,12780.1,3551.38,925.78,384672.59,124013.47,20747.25,104.01,27229.06,3299114.879999999,7432.5,3761.470000000001,55870.37,68893.29000000001,206457.86,4450.0,749.0,120.0,63.0,186.0,237.0,31.0,852.0,144.0,148.0,57.0,193.0,658.0,173.0,72.0,182.0,27.0,529.0,6.552781982496255,6.201810285091755,6.928204620534344,6.784838684964085,6.690683511880462,6.385021568472369,7.108097100660873,6.452157239229423,6.799660898289917,6.538165212705107,6.321881431758871,6.84220809293586,6.703874966849297,6.557340929298527,6.56020163378985,6.833335547107913,6.877747940691723,6.573290671633826,139442.0,20161.0,2542.0,1318.0,4321.0,4613.0,1182.0,32656.0,3607.0,4036.0,1513.0,4410.0,28696.0,3975.0,1664.0,6462.0,566.0,17318.0,467451.0,76761.0,9823.0,6078.0,14341.0,19416.0,4425.0,92910.0,16220.0,17139.0,6433.0,20271.0,83637.0,13801.0,6676.0,19821.0,2155.0,54260.0,84.61,78.23,89.13,86.58,85.26,75.23,87.85,87.56,83.33,87.07,80.4,87.74,87.8,86.38,89.64,89.78999999999999,88.51,83.06,4093.734428788935,3357.849637492821,4357.199864502594,4240.675226791064,4065.7347388101343,3397.846334942818,4091.6023208733836,4571.27635951353,3555.0136790233996,4098.960521506929,3389.5821044341765,3860.4487051382494,5055.22184660265,3489.2421219303524,4604.805396988824,5115.853718308519,4125.687736729854,3699.792413937039
2021Q3,44.35076899632635,43.32119042225101,47.74126970656795,51.48230731943771,43.37647596801503,44.64072232566625,49.53339382637941,44.41822894043891,45.20534684245354,50.16112136973179,47.24624237632275,49.06626406368785,43.26107942819499,42.91677460937255,46.33194712025575,48.272112084246,50.92222121294698,45.31861609221443,47346836.0,8488215.0,1330711.0,1007329.0,1182298.0,2176916.0,584569.0,7734485.0,2050861.0,2376735.0,1058385.0,2690972.0,6717668.0,1521411.0,661286.0,2204196.0,319231.0,5072694.0,1731.3498908863473,1551.193524740221,1620.9698469799612,1714.2063919998104,1573.739606632377,1416.547681189679,1580.3996958270684,1860.7294833828494,1546.6303550468895,1542.6888109083322,1386.6148825795005,1577.5207486937068,2051.6530919772053,1517.5901190528018,1844.4694297123206,2030.081777448283,1547.5118726965393,1581.4862657240817,101.0292593639998,103.1518423225433,,,,,,,,,,,,,,,,,12876.5,1955.6,356.1,301.1,293.7,553.2,170.8,2178.9,433.8,622.3,208.6,719.7,2276.0,348.7,206.2,813.9,86.7,1318.2,6296437.359999999,285097.4,17486.2,6221.42,32670.97,3166.73,1361.82,480263.42,17902.46,8440.400000000001,8748.1,63959.29,4596712.799999999,13699.06,55484.63999999999,217446.06,1228.0,378673.3100000001,4740.0,682.0,141.0,75.0,249.0,248.0,38.0,910.0,161.0,137.0,68.0,195.0,678.0,170.0,60.0,188.0,27.0,663.0,6.521781828342914,6.158627774308007,6.833684206822778,6.706922391025078,6.648390023119799,6.399323063480231,7.113960506326574,6.453597671709082,6.79668467330904,6.493192748155958,6.303877246709336,6.844645073942412,6.636583574926572,6.54568562963616,6.461260880447131,6.765506458706001,6.849709762224635,6.558322182859784,165968.0,24318.0,2883.0,1706.0,7406.0,5230.0,1633.0,39811.0,4026.0,4995.0,1650.0,5664.0,29069.0,4571.0,1660.0,7669.0,621.0,22492.0,522828.0,83883.0,10915.0,6965.0,19477.0,20763.0,5643.0,105468.0,18111.0,20153.0,7205.0,23673.0,86062.0,15341.0,6541.0,21569.0,2519.0,64471.0,85.28999999999999,77.39,91.06,87.91,89.98,75.51,90.26,88.95,84.8,90.07,81.5,89.85,87.87,84.8,88.97,89.77,87.62,83.78999999999999,4080.619691346235,3364.3833122092797,4334.8448958378085,4230.214250971586,4099.853756084202,3416.994681769334,4083.593660432954,4555.104048051413,3539.800546016403,4065.834937701852,3368.6180801027126,3845.8537972994463,5040.793156551615,3482.768125598827,4599.664012765268,5116.874029726461,4109.7958203668795,3671.5388466774007
2021Q4,45.62394858800746,42.89835204845642,47.18540399269188,50.94314457484778,44.23534523143881,44.37049940167257,49.48330058602843,44.15377949927191,44.94762853467633,49.30411125029296,48.43865819250447,49.50565578723194,43.82826249856053,42.49072584688823,46.42749517720627,46.98818600661467,51.101393981724,44.70790905780179,47424595.0,8497126.0,1332211.0,1006430.0,1186410.0,2179969.0,585400.0,7752810.0,2053807.0,2375948.0,1057697.0,2692220.0,6732454.0,1525492.0,662964.0,2204350.0,319621.0,5091166.0,1681.0627348843536,1491.1848666435678,1569.6649916357906,1681.8589797578309,1576.2633271721538,1419.0924598222655,1531.9061651688312,1805.548543627847,1489.2343209714577,1489.0929800175934,1337.567618909979,1550.9483994705433,1999.5840875047475,1476.7109080269859,1775.59960075885,1951.5942603837186,1496.9992286694123,1532.1597351528887,102.9126235628206,104.8870097564229,,,,,,,,,,,,,,,,,12877.0,1965.3,351.7,300.9,292.6,577.2,170.1,2168.3,427.0,619.7,206.4,721.4,2320.7,333.9,204.5,801.9,85.0,1299.2,15135689.98999999,295030.2,83746.81999999999,26623.23,186486.01,45884.51,8598.65,854930.0000000001,45168.83,64470.13,7851.25,110167.89,11777254.77,48024.01,58525.65,1265539.71,43.0,256657.79,4378.0,678.0,102.0,74.0,188.0,254.0,27.0,858.0,145.0,146.0,58.0,186.0,624.0,130.0,93.0,212.0,27.0,550.0,6.490781674189573,6.115445263524259,6.739163793111212,6.62900609708607,6.606096534359134,6.413624558488093,7.119823911992275,6.455038104188742,6.793708448328163,6.448220283606809,6.285873061659802,6.847082054948963,6.569292183003848,6.534030329973794,6.362320127104414,6.697677370304089,6.821671583757547,6.543353694085742,173872.0,23980.0,3351.0,1770.0,4552.0,6075.0,1663.0,41603.0,4517.0,5405.0,1949.0,5752.0,36022.0,4798.0,2088.0,8866.0,687.0,20124.0,536375.0,84323.0,11852.0,7326.0,14653.0,21650.0,5709.0,107943.0,18025.0,20438.0,7539.0,25765.0,96820.0,15872.0,7464.0,23914.0,2543.0,60104.0,86.56,79.69,90.82,89.9,85.42,80.77,88.42,89.78999999999999,86.67,89.53999999999999,80.67,89.06,89.82,86.81,90.05,90.89,89.47,85.43,4040.5030983975566,3329.721617460976,4301.710005606801,4213.954178633965,4110.720611689697,3405.484252352897,4058.5747258559827,4493.674161575404,3509.104609735098,4016.266801128983,3322.480861278119,3815.6402409921957,4988.715354883823,3456.646445218297,4566.710848775625,5110.837592569159,4087.5064038499763,3613.142175716015
2022Q1,45.93058210407983,42.78980598593339,47.26183621302982,51.89830028645942,43.98921346946437,44.6634174158952,50.98141800839518,44.58483663858893,44.88924245550181,50.85835372498143,47.53746374617931,49.68754868966229,42.86610091149898,43.05716533997075,46.61079884910562,48.93288528138425,50.83156189005296,44.01520998860141,47486727.0,8511167.0,1328215.0,1004960.0,1187043.0,2185607.0,585450.0,7761823.0,2058278.0,2375583.0,1056808.0,2692825.0,6743254.0,1529658.0,664514.0,2205826.0,319617.0,5108116.0,1652.36331934145,1474.6474310326605,1543.0616765073332,1632.5545349940512,1546.6968871015956,1429.169335625233,1547.6512501263956,1778.633254637091,1455.9836001385484,1465.1124265562416,1340.6375573173343,1513.9510554530566,1953.608182905607,1424.4066799080897,1767.8323201706855,1921.5122698191617,1504.9740397715987,1487.870504265663,104.393400370435,105.1953710502254,105.508613554094,107.7189845522517,101.8420293622056,103.3317527374606,107.2367820708866,103.4809125578254,105.8794726797317,107.9941126708347,106.8838213614773,108.9755511055479,107.9384605816533,102.6197216240368,105.1102025917416,106.2748519688532,103.765890208978,105.94792550449,12821.6,1957.5,358.4,301.3,286.7,566.0,166.3,2188.5,418.9,612.9,214.9,728.9,2299.6,319.9,204.6,802.6,86.2,1276.7,5926778.059999997,887251.94,21088.04,61991.58,133463.23,90394.36,568.6800000000001,524792.7100000002,29281.11,35020.48,4752.27,15819.01,2373129.550000001,3041.26,578956.65,293787.8,4108.2,869218.74,4191.0,751.0,103.0,56.0,150.0,255.0,42.0,804.0,120.0,155.0,73.0,166.0,559.0,132.0,72.0,189.0,24.0,509.0,6.459781520036232,6.072262752740511,6.644643379399646,6.551089803147063,6.56380304559847,6.427926053495955,7.125687317657976,6.456478536668402,6.790732223347285,6.40324781905766,6.267868876610268,6.849519035955515,6.502000791081122,6.522375030311427,6.263379373761696,6.629848281902178,6.793633405290459,6.5283852053117,175312.0,24646.0,3265.0,1823.0,3763.0,7195.0,1588.0,41246.0,4697.0,5405.0,2105.0,5247.0,37449.0,4625.0,1766.0,9186.0,743.0,19964.0,550150.0,88408.0,12016.0,7589.0,14062.0,23658.0,5690.0,108560.0,19466.0,21467.0,7768.0,24475.0,101888.0,15801.0,7450.0,24796.0,2675.0,60463.0,86.27,80.45,89.76,88.32,82.39,79.73,89.17,89.47,85.58,88.77,80.83,88.55,88.28,86.36,89.14,90.92,88.67,87.01,3947.4073430823005,3222.663154939894,4245.51089253567,4168.687525508164,4089.534104795132,3337.350677001519,3997.7352129767546,4373.514632846532,3438.1380934698313,3924.336777619119,3218.068796937866,3744.358555948141,4865.373537076479,3388.8225990347555,4488.535354578031,5065.220092683046,4037.8222180157422,3501.582827360967
2022Q2,45.11723995134994,43.86690011902405,46.3849974054444,51.60048422202477,42.80773892671151,45.59822632815931,49.74664183444034,44.26219986904417,44.3154400196302,49.94153785998235,48.35281825964877,49.98678929494771,43.28694227287836,42.78528292388306,48.77540247452583,48.03312465679176,51.54250200481155,45.04614558375587,47609145.0,8523896.0,1329929.0,1004326.0,1189263.0,2189919.0,585451.0,7792135.0,2062462.0,2375530.0,1055254.0,2692515.0,6784314.0,1535248.0,666111.0,2207091.0,320156.0,5128178.0,1619.84194146501,1432.0639103347066,1518.4199368031623,1578.529844931111,1526.9229552183906,1424.0364048911745,1514.0984479333645,1750.691824948451,1419.131981632749,1424.4161802871042,1295.9617757539306,1482.1439825976615,1917.8454541802246,1400.8448244032143,1751.3218904271905,1854.0472921250816,1458.4622202572116,1491.0473539755603,105.8963934093727,106.3601967229379,,,,,,,,,,,,,,,,,12930.8,1996.7,357.7,290.9,280.3,562.5,175.6,2172.5,431.9,625.3,215.5,737.1,2346.9,307.5,209.6,809.4,88.9,1292.2,8053507.300000003,82879.41,44155.24,207565.61,210527.07,5494.38,7708.68,1051933.15,28362.68,361013.2500000001,4.0,127040.87,5516227.16,49859.97,1242.36,242651.9,1105.0,114967.19,5198.0,855.0,128.0,81.0,258.0,314.0,40.0,966.0,168.0,170.0,65.0,211.0,754.0,150.0,73.0,198.0,38.0,685.0,6.286905482314153,5.926114308786451,6.396425568737738,6.467495013483097,6.270975464159648,6.01407525143425,6.949633111625334,6.406578108990567,6.12707414656238,6.252365352368915,6.170820154642328,6.246070384494004,6.312618736140465,6.71028317179673,6.564870881289322,6.817119591783442,6.020257203805753,6.405534498306936,188794.0,27475.0,3204.0,1804.0,7453.0,6447.0,1576.0,46474.0,4774.0,5184.0,2051.0,5824.0,37051.0,5224.0,2155.0,8572.0,851.0,21810.0,576997.0,94772.0,11637.0,7963.0,19479.0,23143.0,5921.0,117020.0,19982.0,21755.0,7889.0,24935.0,100682.0,17012.0,8144.0,24721.0,2961.0,64589.0,87.31,81.24,90.72,88.4,90.98,82.07,91.68,90.47,85.55,89.49,83.18,88.85,89.3,87.47,90.91,91.03,89.58,87.07,3924.0079219561635,3190.6889006330475,4241.9278853439855,4177.357268832846,4120.060245161902,3327.6322622949187,3992.253544853201,4327.834802010259,3420.3118423960245,3901.8350345612703,3191.2750673178484,3739.910085938906,4827.552644313067,3375.957571387729,4485.19986428371,5091.35995022972,4039.8229132613333,3463.0946767520945
2022Q3,44.77809292802547,43.5027753489038,46.68627034217282,51.22834125180748,44.43230765864038,44.65297780633807,49.4732100393171,44.31475020585104,45.17606972584751,49.82735602524974,47.36213943831031,49.95370819462301,43.22499233636731,43.15529698303811,47.00513703921145,48.36458164530486,51.34158519414868,45.12795696680897,47781354.0,8543098.0,1334478.0,1004553.0,1199002.0,2197327.0,586319.0,7829317.0,2069351.0,2378252.0,1055080.0,2694762.0,6824710.0,1540774.0,667958.0,2209725.0,320985.0,5158046.0,1635.8574826281654,1456.7615357918976,1542.1596685618933,1610.381439403731,1548.0024331829225,1418.7127348849642,1520.1429729555052,1764.3784412362538,1422.3682501312967,1422.742088815143,1324.3858715754898,1467.5524693717166,1944.4373156855709,1418.5487284574515,1759.7213091417757,1901.2764106175516,1462.596071958775,1500.7387612917387,106.3755118093187,107.3034515005506,,,,,,,,,,,,,,,,,13275.4,2033.5,378.3,288.1,280.6,575.5,182.3,2305.1,445.3,629.2,225.5,733.3,2371.3,322.0,210.9,823.9,88.0,1351.9,7405757.409999997,106109.86,312541.8799999999,6202.92,74677.17,14598.45,3.0,832657.8500000001,115703.06,16073.08,2956.01,6807.53,3381297.82,486167.0,16968.17,1725666.08,1158.02,305984.33,5285.0,795.0,87.0,67.0,328.0,307.0,48.0,1069.0,188.0,138.0,91.0,180.0,714.0,180.0,109.0,240.0,27.0,680.0,6.163195613096785,5.810282281319777,6.240807564043917,6.395394678782916,6.049388185327265,5.838298920273356,6.711657928776496,6.229911517979051,6.03543046344458,6.096464492107994,6.09069072784998,6.3137817687064,6.127875526639258,6.477868334244912,6.496962907003722,6.593892996535144,5.925115943797605,6.433698672616711,202148.0,29045.0,2634.0,2154.0,10898.0,6578.0,1842.0,53280.0,4868.0,5228.0,1887.0,6552.0,32538.0,5342.0,3493.0,9404.0,931.0,24600.0,607478.0,101256.0,10245.0,8518.0,25529.0,24252.0,6492.0,129038.0,21549.0,21720.0,8035.0,23811.0,96493.0,17941.0,9754.0,25443.0,3172.0,69975.0,87.27,80.9,90.61,87.41,94.39,82.51,91.38,90.49,85.13,90.92,84.23,89.09,88.89,84.84,91.18,91.49,92.07,86.46000000000001,3918.5268627449755,3191.643470593468,4245.358243070666,4189.405194966206,4133.526673899052,3325.1005638769216,3985.7565300166984,4308.631757466621,3405.4911688977963,3893.8873192745873,3188.1497732036687,3748.233594154077,4830.845387675171,3380.5579872970557,4499.807226603673,5124.604502781381,4045.1622461542215,3444.561784604002
2022Q4,45.10726898196458,43.01748508684306,47.2064356022538,52.15296579832533,43.40964655414207,45.58581545992897,49.8984701378228,43.58458718106753,45.30822905395814,50.20239252614599,48.04565826789409,49.15021874098399,43.23950684360894,43.27426391849306,46.84876522556363,47.32176490639433,51.45709900820288,44.72568751661506,47940295.0,8564311.0,1337461.0,1005533.0,1206684.0,2205349.0,587527.0,7868200.0,2076182.0,2380598.0,1054682.0,2697287.0,6851312.0,1545698.0,670606.0,2212450.0,321679.0,5186582.0,1635.7157572406088,1444.6690785210596,1530.316936781383,1584.4253851550443,1559.4539660482055,1402.971734474145,1537.008751491089,1767.631678991983,1429.4369718697897,1443.171840529935,1333.067328283676,1484.9300937394692,1954.3459863217024,1413.8448433716248,1769.66356587402,1872.8541758014926,1471.0668507804983,1487.820351705847,106.5910742833336,107.2847160806418,,,,,,,,,,,,,,,,,13130.9,2030.2,375.9,292.3,261.1,576.1,182.2,2286.4,447.0,641.9,223.2,711.8,2318.3,313.0,208.0,837.7,89.8,1308.0,10881450.88,151552.68,76036.79000000001,23800.77,68327.98000000001,34415.52,1531.47,1139230.54,393219.5000000001,61886.35,1191.44,27970.14,4548304.35,11231.31,147841.97,3250953.74,171688.16,761558.3700000001,4794.0,759.0,91.5,67.5,252.5,279.0,42.5,974.5,163.5,131.0,73.5,186.0,667.0,161.5,98.5,200.0,27.5,586.0,6.039485743879417,5.694450253853105,6.085189559350096,6.323294344082734,5.827800906494883,5.662522589112462,6.473682745927658,6.053244926967536,5.943786780326779,5.940563631847073,6.010561301057632,6.381493152918797,5.94313231713805,6.245453496693092,6.429054932718123,6.370666401286848,5.829974683789457,6.461862846926484,197001.0,26683.0,3979.0,2226.0,5238.0,7065.0,1692.0,49258.0,4864.0,5916.0,2185.0,6065.0,39469.0,5614.0,2159.0,9650.0,928.0,22952.0,590733.0,95104.0,14347.0,8076.0,16872.0,24589.0,5610.0,120401.0,19994.0,22189.0,8418.0,21827.0,103898.0,17924.0,8074.0,26761.0,2989.0,68198.0,87.01,80.95,90.43,85.82,89.3,85.13,89.47,89.68,85.19,91.1,82.45,89.35,88.67,86.99,89.83,91.03,91.48,86.3,3957.0540979502907,3198.5828488975317,4293.672236519825,4229.473373919245,4189.159147456189,3350.582813110488,4002.933801006403,4342.705376360741,3415.030219798242,3927.698507443657,3228.819894560852,3793.1468469654346,4911.954914586036,3422.3917855897084,4555.765169075435,5198.908938234303,4081.8493597164666,3471.0312349601577
2023Q1,44.89985163497218,43.23748490478627,46.82371204499521,51.61731494228953,44.37032523281213,44.61869108061633,49.30121318573588,45.38134060021721,45.68452659306834,49.67849438279166,47.39612386811769,50.29886555880903,43.6710742602458,42.66681020356081,47.18483216694316,47.17046301061793,51.79273605002954,45.34769209835708,48085361.0,8584147.0,1341289.0,1006060.0,1209906.0,2213016.0,588387.0,7901963.0,2084086.0,2383703.0,1054306.0,2699424.0,6871903.0,1551692.0,672155.0,2216302.0,322282.0,5216195.0,1661.735214392118,1472.5060241721862,1549.3265928674434,1608.7491476563146,1614.632229213653,1408.314781673057,1536.3238258801325,1782.1382314631937,1458.4233993944792,1468.4946571250923,1332.7227173177878,1492.299990042758,2001.3003053988427,1443.8889853505307,1792.9943621651926,1917.0719391643188,1504.0654951760832,1503.9287281237791,106.8116083357584,107.4453236789933,105.8184492562272,109.4513639061038,103.778373075413,106.2207406527975,108.6985844448699,104.5854924138127,104.8561311418191,109.1046168865026,109.3464900382961,111.5315003110486,109.5097360529896,102.2512679685429,105.2073388354642,107.6412850904667,105.4109974462502,106.312233742209,13163.6,2038.9,370.2,295.5,278.2,547.1,184.3,2302.0,443.3,625.7,226.9,710.1,2331.0,321.6,207.4,818.2,85.8,1345.7,10296785.63,123453.88,68632.51,4689.83,71317.51,13695.68,3.0,461981.58,53171.95,22717.81,334.47,38523.4,6959703.089999999,362839.83,129.0,19123.53,753.84,2017345.35,4303.0,723.0,96.0,68.0,177.0,251.0,37.0,880.0,139.0,124.0,56.0,192.0,620.0,143.0,88.0,160.0,28.0,492.0,6.143132381735941,5.751033000229757,6.268619554349396,6.602450327598335,6.255327685329076,5.846118086350746,6.531181637060347,6.083550839382876,6.072463231497933,6.413201903947924,6.065130470352997,6.301330869008046,6.19962415414274,6.700929105713087,6.260175949453351,6.135248083573728,6.199136657348634,6.414470268900211,195460.0,27988.0,3338.0,2154.0,4293.0,8305.0,1532.0,49379.0,4765.0,5430.0,2248.0,6114.0,37406.0,5814.0,2075.0,9704.0,931.0,23072.0,588785.0,97595.0,12238.0,7997.0,15545.0,25874.0,5592.0,120516.0,19899.0,21235.0,8622.0,22393.0,103456.0,18110.0,8006.0,26396.0,3037.0,67784.0,86.62,81.62,90.66,86.9,82.21000000000001,82.45,90.53999999999999,89.34,84.57,89.66,80.55,89.1,89.17,86.35,87.78,91.37,89.74,85.92,4053.2276232944205,3247.7408220953507,4394.280476594264,4315.371821985735,4314.3822431876815,3416.7439643033053,4059.2074331527047,4447.107203333348,3455.972635705175,4013.2138115721805,3324.388740340807,3888.8451993264034,5088.322483108023,3509.2969601767586,4681.435303495158,5330.305163122146,4162.706498994864,3552.4638948056445
2023Q2,45.37865383891558,43.14705282444118,46.66095071052116,52.42994938202442,42.67301497038454,44.49176799681378,50.20577051594363,43.63142924332116,45.58876019273536,49.90997710932546,48.35901996384768,48.92891421715657,44.0064587037087,42.08727959542844,46.32997836212271,47.93198875626922,51.07186274343345,45.05040475608058,48205962.0,8594652.0,1343282.0,1006134.0,1213977.0,2219147.0,588356.0,7929527.0,2088160.0,2384028.0,1053582.0,2698437.0,6911020.0,1555233.0,672873.0,2218011.0,322837.0,5238354.0,1658.2948433092636,1455.4106886573463,1542.3230484723624,1616.8800524368655,1600.7087011380856,1419.9464417683066,1512.4568701963303,1794.564450219916,1465.5275539161044,1471.4386611331493,1309.7168773671738,1504.1608419257611,1995.682427940189,1435.7232764917524,1800.4376706934713,1876.8973056543055,1506.6238741378645,1510.7647763530242,106.6978461040982,107.6026388533083,,,,,,,,,,,,,,,,,13285.7,2058.5,378.2,297.0,269.8,524.5,190.6,2328.7,462.6,638.9,231.9,707.7,2345.1,324.7,210.5,828.0,86.7,1372.8,2256092.25,60576.09,47477.91,31421.67,40595.10000000001,34555.12,664.83,367944.82,35729.36,10272.42,3196.67,62450.4,1016084.6,8687.16,3447.58,290083.28,0.0,242740.19,5257.0,848.0,125.0,73.0,264.0,241.0,40.0,1120.0,180.0,145.0,65.0,206.0,765.0,177.0,94.0,238.0,26.0,610.0,6.281095368525358,5.924980791061669,6.367008706372467,6.685761222571098,6.485049325763198,5.972285333126841,6.604405521665923,6.303084992072373,6.361246004406324,6.356876010335531,6.248236437186259,6.319240683828587,6.38676649789522,6.510807459355085,6.579337995430336,6.354526035852585,6.458530218839287,6.412442739912395,189080.0,28890.0,2800.0,2123.0,6681.0,6618.0,1578.0,47484.0,4757.0,5301.0,2077.0,5968.0,34995.0,5245.0,1989.0,8165.0,853.0,22636.0,601534.0,102408.0,11926.0,7921.0,19676.0,25268.0,5861.0,122936.0,20339.0,22061.0,8474.0,23585.0,101049.0,17967.0,7962.0,26033.0,2955.0,70554.0,88.33,81.8,91.21000000000001,89.62,92.88,84.35,91.98,91.12,86.88,90.81,82.81,90.62,90.89,87.53999999999999,91.12,92.68,92.25,87.68,4108.690755674758,3283.9280256468414,4456.77145525676,4372.43941058938,4372.043292639812,3451.3434646691353,4099.851864668731,4512.228969763468,3482.9579952345575,4076.7204626623775,3384.428798688473,3951.208307129412,5167.086979347464,3556.028316724721,4764.3871463644555,5411.62562946066,4211.016282200194,3599.4362596535625
2023Q3,45.12080310954811,43.47434712200161,46.86421513868064,51.98658836821659,43.97228776278165,44.56281585877999,49.91410658527296,43.69737534725564,45.95124277142131,49.24253218719828,47.90364966741806,50.35669674492286,44.29628769867929,43.29476795767594,46.66425000373096,47.60440590076777,51.4742553090673,44.40772048074237,48320520.0,8605343.0,1345247.0,1006368.0,1222509.0,2224285.0,588662.0,7958401.0,2092447.0,2385360.0,1053870.0,2699216.0,6933145.0,1558016.0,674290.0,2220061.0,323393.0,5261489.0,1663.061582374308,1474.461569013558,1555.6248386538282,1644.1890636174699,1572.2758394255052,1401.8554492812125,1512.625608060906,1795.2379938536083,1452.2829126037716,1459.2187183063236,1321.567567274822,1501.3799167873278,2012.1163609907792,1439.9078372388246,1803.2014771324555,1907.8341467486418,1509.6498674715153,1509.7425129782164,107.2855681873227,108.334119592521,,,,,,,,,,,,,,,,,13604.9,2098.0,382.0,292.4,285.4,547.6,204.6,2356.9,468.9,657.2,241.5,722.3,2418.9,351.6,216.7,850.1,87.4,1394.0,7760133.809999999,283783.97,47798.09,462508.97,139320.7,16157.74,85.68,1491038.19,23746.74,19240.35,2164.21,40244.2,3712562.51,8929.510000000002,193.91,1189176.81,124.81,307226.11,5491.0,787.0,113.0,91.0,350.0,294.0,40.0,1178.0,175.0,203.0,70.0,190.0,711.0,166.0,122.0,221.0,26.0,713.0,6.419058355314776,6.098928581893581,6.465397858395538,6.76907211754386,6.714770966197319,6.098452579902936,6.677629406271499,6.522619144761871,6.650028777314715,6.300550116723137,6.431342404019521,6.337150498649129,6.5739088416477,6.320685812997085,6.898500041407322,6.573803988131441,6.717923780329939,6.410415210924578,204702.0,30430.0,2816.0,2550.0,9489.0,7059.0,1960.0,52112.0,5129.0,5111.0,2045.0,6944.0,32250.0,5483.0,3891.0,9337.0,1035.0,26047.0,636592.0,108075.0,10668.0,9140.0,25009.0,26048.0,6846.0,134271.0,21654.0,22248.0,8897.0,25502.0,98960.0,19003.0,10350.0,27318.0,3175.0,75191.0,88.11,81.23,92.0,86.61,94.15,84.96000000000001,92.3,91.32,88.02,90.39,83.4,90.6,89.76,86.47,90.57,91.39,90.22,88.12,4171.981715105622,3329.2124813904893,4529.410510559222,4448.070549931284,4402.33275656096,3494.919809813675,4163.111346335756,4587.509032824222,3529.4460440737735,4160.626385598982,3447.8098848400714,4021.105275373644,5242.288775553322,3598.9637376324727,4850.189876769473,5500.368857222784,4276.450892212322,3650.9559702016522
2023Q4,45.21704139101828,42.93594088598859,47.92515840528152,51.01580974714379,44.03287434818103,45.00427378499248,50.30509151717232,43.84101516950285,45.41629145116358,49.76899230913752,47.49478651085621,49.26224842946586,43.6590528539997,43.58416962548447,47.67430746918057,47.09761958917115,50.41773269271135,44.66804797004966,48486865.0,8621027.0,1348452.0,1008299.0,1229555.0,2231558.0,590114.0,7994969.0,2099494.0,2389072.0,1054549.0,2703586.0,6965673.0,1564023.0,676571.0,2223774.0,324408.0,5293007.0,1657.031489944249,1462.9819611280118,1555.8262563243215,1618.052572536417,1613.7276844835021,1381.7806410141363,1532.5473904068224,1795.430854311632,1446.1272828012957,1460.8362719799202,1307.664260085398,1487.8480738845087,1998.0959810713,1430.5730956447478,1790.680848414446,1892.1109052497338,1507.94063534896,1497.9382256590081,107.7604352887904,109.1036895591313,,,,,,,,,,,,,,,,,13668.8,2139.0,374.2,300.5,289.7,565.4,199.4,2402.3,455.5,648.8,243.0,739.9,2402.4,348.1,218.3,849.8,85.4,1378.1,11118732.68,127601.82,99382.96,29840.9,234475.2,196589.5,1322.25,2675916.09,181824.94,32250.73,101337.66,321599.22,5937177.029999999,95312.46,2734.03,63060.43000000001,17.74,876005.63,4930.0,704.0,114.0,67.0,198.0,310.0,40.0,1037.0,153.0,144.0,70.0,223.0,734.0,175.0,114.0,212.0,33.0,570.0,6.244706158126,5.687583334134731,6.55886443847536,6.498707709402287,6.595741129363431,6.027487340981838,6.618286095826086,6.218156883538097,6.476521759510886,6.10770493866004,6.163737075863878,6.100853816104916,6.410948735592698,6.889803140733094,6.644697896369864,6.348797441630996,6.585400846684873,6.582781061349666,196572.0,28565.0,3634.0,2435.0,5222.0,7650.0,1553.0,48531.0,5173.0,5601.0,2286.0,5990.0,38161.0,5354.0,2211.0,9330.0,875.0,22988.0,632748.0,105415.0,13612.0,8929.0,18301.0,27240.0,5948.0,131798.0,21927.0,23373.0,9312.0,23463.0,109377.0,19107.0,8772.0,28016.0,2999.0,70821.0,88.2,82.39,91.83,88.38,88.84,83.94,92.61,90.84,87.67,90.41,83.77,90.81,90.36,88.53999999999999,90.75,93.62,90.28999999999999,87.07,4215.956545748873,3369.610310599111,4583.733566285346,4509.211969886089,4403.906587375324,3523.7798514590872,4218.642770333822,4643.235216258067,3570.867211586359,4238.244903066778,3499.436828137041,4074.2336761245624,5268.583536951052,3608.982717593723,4910.205007712527,5562.7553410782475,4329.454981978517,3682.8386100554526
2024Q1,44.61830110832645,44.64658658069168,47.66545389821761,51.11750440634118,44.13280813339153,44.28850342588576,50.68038818559879,44.70461558270338,46.01433101716164,50.57061485850208,48.18681922373855,50.03795108258228,43.78212971022963,42.99303165703441,47.45549187242888,47.71921760437149,49.40264007864064,45.19377185701665,48619695.0,8631862.0,1351591.0,1009599.0,1231768.0,2238754.0,590851.0,8012231.0,2104433.0,2391682.0,1054681.0,2705833.0,7009268.0,1568492.0,678333.0,2227684.0,324184.0,5319285.0,1668.8202206406988,1455.2841232010496,1573.9888885799037,1626.6688554166667,1650.3095152776755,1397.305280138798,1539.1967210515759,1796.5431675051643,1462.9406833907651,1470.789224759927,1368.807648878068,1526.9798429055104,2014.3041415355124,1468.6192728012522,1819.397753431121,1890.6730230467733,1512.9627754266544,1515.056133231453,108.6621104096682,110.1145412338155,108.2371848168664,112.2698638555698,106.1079726600777,109.6149316390576,110.8969614938134,106.9240638890402,107.4525695369217,111.8839884901727,112.2184657026447,114.5684532080418,111.2463934867708,105.643908915533,107.7241219225904,109.9731062993375,108.1105168969013,107.6581951134076,13660.9,2089.7,362.1,295.7,283.9,558.1,195.5,2412.4,450.3,655.5,243.1,728.3,2470.9,344.4,225.6,850.2,89.4,1369.0,7506350.360000002,234905.49,259302.12,579418.46,101804.57,43569.74000000001,9.17,1114628.2,151056.54,10768.29,338.5,22323.85,4682170.999999998,5970.3,397.4,60505.99000000001,963.85,238215.39,4568.0,694.0,89.0,62.0,160.0,275.0,38.0,915.0,139.0,137.0,89.0,191.0,681.0,175.0,92.0,231.0,30.0,521.0,6.252874185402993,5.716329432471718,6.660817410050159,6.551667468365851,6.653202199781999,6.126986385497325,6.695787078220509,6.294932469406787,6.605920644329328,6.161725445876952,6.196334486249384,6.22384054400718,6.305370226775153,6.718575406475358,6.562960282771311,6.351764019056429,6.525916381189855,6.419970169078873,187588.0,26177.0,3590.0,2246.0,4074.0,9466.0,1579.0,46294.0,5189.0,5279.0,2230.0,5978.0,35269.0,5297.0,1951.0,8741.0,861.0,22444.0,606895.0,99413.0,12941.0,8363.0,16376.0,28569.0,6185.0,126685.0,20884.0,22275.0,8624.0,23058.0,102918.0,18070.0,8421.0,26881.0,2837.0,70251.0,87.71000000000001,82.23,91.96000000000001,88.6,84.52,85.12,92.47,90.52,85.0,89.74,82.39,89.55,90.81,87.05,91.18,91.47,88.96000000000001,86.56,4251.233158336934,3400.8299351532014,4623.985782944753,4553.527875710176,4444.921187227595,3551.5464232037552,4260.2748487543995,4684.798656816895,3602.136438574498,4280.739256961537,3537.94211937697,4116.1581960321455,5294.088675372555,3638.7528066093096,4951.958332389803,5614.795532234973,4380.665886248447,3705.4317607510866
2024Q2,45.6139993374509,43.42677156416674,46.68107225849286,51.49888107959614,43.14493639302229,45.12066060973068,49.81942714000651,44.04737098000072,44.85794449922644,49.41113575956478,48.52314891367,51.38145543222883,45.10967378736333,44.80301003920778,48.37326043663432,49.08464357845504,51.22310513796113,44.98435616565636,48701130.0,8636779.0,1352952.0,1009475.0,1234681.0,2242280.0,590781.0,8031452.0,2107648.0,2391138.0,1053420.0,2705549.0,7026574.0,1572241.0,679090.0,2229994.0,324609.0,5343025.0,1664.7129794341975,1450.27981971891,1570.707184032959,1617.0251756345874,1625.1550502317332,1387.319156992326,1502.6252282750097,1783.7708435202628,1448.4795185637686,1464.5052449299035,1366.5149237340102,1510.971493464485,2036.0983400575776,1456.4875468313967,1797.4782984559915,1858.0276937549602,1489.8121183645042,1520.7460379313527,109.4773809763633,111.0370526082216,,,,,,,,,,,,,,,,,13652.2,2077.3,363.4,298.2,299.3,576.3,188.2,2399.8,471.9,656.3,241.0,719.5,2449.1,346.4,224.7,851.5,89.6,1363.8,13943165.50999998,211882.47,172594.94,16201.34,97879.5,76908.44000000002,32069.3,1765564.24,46894.95,78473.06,273.0,46244.54,11201721.48999999,38088.83,5465.43,35488.38,1582.95,115832.65,5442.0,812.0,116.0,71.0,257.0,325.0,45.0,1084.0,162.0,172.0,79.0,214.0,776.0,213.0,106.0,262.0,27.0,672.0,6.261042212679985,5.745075530808705,6.762770381624958,6.604627227329415,6.710663270200567,6.226485430012813,6.773288060614933,6.371708055275476,6.73531952914777,6.215745953093863,6.228931896634891,6.346827271909445,6.199791717957609,6.547347672217621,6.481222669172756,6.354730596481861,6.466431915694837,6.257159276808078,191213.0,28761.0,3374.0,2215.0,7401.0,6989.0,1586.0,48771.0,4596.0,5297.0,1925.0,5950.0,33494.0,5464.0,2024.0,8885.0,804.0,22744.0,617189.0,105045.0,13174.0,8660.0,20774.0,26268.0,6092.0,128030.0,20357.0,22487.0,8599.0,23523.0,101511.0,19233.0,8445.0,26922.0,2912.0,71189.0,88.73,83.73,91.75,88.21000000000001,92.05,86.14,91.53999999999999,90.59,86.08,90.19,84.6,90.46000000000001,91.52,87.37,92.58,91.89,90.86,88.3,4283.12932944095,3429.3212158001256,4661.787404328209,4595.940685412548,4475.188046979976,3578.5500784565643,4299.937521389656,4716.538632679802,3629.6960019761723,4321.063423979849,3574.7309308161985,4154.423006440391,5329.584157488254,3663.4377453592438,4991.897549949275,5660.527550315211,4415.137388541253,3722.870632905947
2024Q3,45.24276494173563,44.56618090680062,47.5605627044411,50.95311390636062,43.43859449043755,44.95240866863376,50.50295881848884,44.19769349831493,45.56747864854068,50.04932164014979,47.77964633391561,49.5312605502957,44.4509933503962,43.05307693341809,47.33196793557426,48.20431014844907,51.85985307392627,44.42208942716749,48821936.0,8648311.0,1356309.0,1010547.0,1241571.0,2246943.0,591395.0,8061119.0,2113135.0,2392231.0,1053034.0,2705832.0,7047812.0,1576891.0,680476.0,2234700.0,325215.0,5366621.0,1691.092649448393,1485.1279580052671,1589.165720487626,1666.6231153525387,1623.6619614374883,1423.734697887046,1521.3476426642953,1814.8283819454136,1456.8429682353103,1488.4959666429386,1393.8686725192254,1533.498039388003,2043.6487595663266,1494.494876762121,1822.2491952682894,1923.077324921438,1514.3205446190875,1556.2324429143912,110.0419968592145,111.9273878354057,,,,,,,,,,,,,,,,,13992.4,2101.6,368.5,298.6,311.9,589.1,194.6,2552.9,478.0,677.1,249.1,736.3,2477.4,352.1,231.5,868.2,91.1,1376.4,4627843.699999996,170075.7300000001,171269.68,1124.75,80021.48,2536.2,207.78,1207733.06,26666.14,55059.03,1617.31,8978.61,1893209.29,265586.49,396272.57,95458.08,13696.07,238331.43,6000.0,883.0,134.0,85.0,316.0,337.0,41.0,1305.0,193.0,199.0,82.0,188.0,803.0,208.0,152.0,277.0,31.0,732.0,6.351846345650648,5.913868439853962,6.343662580556146,6.844556349994735,6.350265749812643,6.18875252750055,6.477206848407781,6.569004375396553,7.071416966274135,6.161409809143007,6.283614839779098,6.338824701298313,6.507919549421811,6.425611213368636,6.213335944039716,6.240256991248528,6.109900451091347,6.365068415299121,199390.0,29456.0,3358.0,2296.0,10226.0,6978.0,1648.0,51070.0,4628.0,5672.0,1941.0,6388.0,29281.0,5317.0,3523.0,9927.0,972.0,25653.0,630199.0,105203.0,13444.0,8904.0,25703.0,26125.0,6490.0,131216.0,20958.0,23619.0,8770.0,24997.0,94728.0,18554.0,10276.0,27397.0,3292.0,76183.0,88.78999999999999,83.94,91.34,90.74,93.83,85.6,92.83,91.17,87.42,90.66,86.21000000000001,91.16,90.35,88.05,92.28,92.39,89.78,86.96000000000001,4305.2190325937,3456.818752991872,4685.826798638606,4626.1902423123165,4484.401780938261,3598.4453321093306,4328.336716987388,4735.132697010709,3647.9687790212906,4352.133318168065,3603.4005971639262,4185.769529385573,5354.176212886474,3680.5801617682932,5019.843858739138,5691.82313209502,4440.626362945539,3734.859318858225
2024Q4,45.08632767066048,44.00568885377465,47.61364321252637,52.35924697553431,43.12251980529778,45.51971579900846,48.94634204602571,43.52838803793802,45.98919189002475,50.27176032464908,48.31137331834825,49.62300720528109,42.72521608658072,43.3750169919043,47.05789889961376,47.61229120582446,50.90027917685998,45.0892273505662,48999880.0,8666148.0,1360820.0,1013182.0,1248020.0,2255021.0,592932.0,8096922.0,2120562.0,2397071.0,1053204.0,2711503.0,7085755.0,1582254.0,682408.0,2239155.0,326139.0,5398671.0,1684.9079164796606,1474.8189798131948,1582.0938618986722,1665.3084540315995,1648.3603508403571,1410.6750929335317,1513.955138151706,1818.593079426973,1459.1454915562558,1491.3049460303864,1378.9178615722499,1517.8215671877172,2033.3111695876553,1489.3027933095655,1807.2565136578285,1882.857149519984,1531.53050904172,1540.6305848293314,110.5345868720681,112.7524092682755,,,,,,,,,,,,,,,,,13958.6,2114.3,373.2,313.8,298.0,588.6,193.0,2497.9,488.6,657.9,239.9,752.2,2460.0,362.7,234.0,830.3,92.0,1424.0,12993326.17999999,354108.04,325821.57,22714.94,455619.21,15020.91,5.0,1163646.61,49247.34,64312.29,1043.5,469435.6,8646341.650000004,1015.0,17418.3,879773.2400000001,6.0,527546.4800000002,5149.0,766.0,96.0,69.0,206.0,335.0,34.0,1100.0,167.0,162.0,78.0,199.0,725.0,185.0,131.0,286.0,25.0,555.0,6.214134436839843,5.500101735399898,6.568604866733232,6.699446261181492,6.544900621684944,6.317983591821903,6.778463111150754,6.239853627668836,6.189458203910736,5.743853345261513,6.587397034514762,6.416928368673332,6.40000286341278,6.505703924655747,6.256980588180708,6.317547559620622,6.845789201627336,6.604131026116884,185863.0,26382.0,3976.0,2281.0,5438.0,7954.0,1478.0,47689.0,5092.0,5507.0,1969.0,5664.0,32900.0,5251.0,2242.0,9487.0,841.0,20721.0,602130.0,100037.0,14067.0,8508.0,17512.0,26293.0,6021.0,124121.0,21383.0,23246.0,8650.0,23827.0,100815.0,18692.0,8724.0,26963.0,2924.0,66036.0,89.39,84.24,92.38,91.91,91.8,88.09,91.77,92.13,88.14,91.77,84.74,91.33,91.42,86.6,93.4,91.83,91.42,87.67,4324.490837533009,3482.29910785335,4708.297982756407,4651.706326955732,4497.532189679524,3614.7321616370527,4352.247122753365,4752.556405891609,3664.7734338469872,4378.68956117266,3632.136732090971,4211.005421987837,5368.841567315,3697.9539809070957,5046.365014967119,5726.723526818326,4464.0784207734405,3742.8985922066413
2025Q1,45.6486820262738,44.47415095085974,47.46510829075842,51.86832083148538,43.55061938673047,46.11051534094334,50.33792885995262,45.10469991885714,46.1634965643899,50.385088757984,47.25471698113208,50.52541419011229,44.00822212232247,43.77936644784568,46.68827064142759,47.67470949104364,51.75754919514529,44.83601653895285,49128297.0,8676713.0,1364621.0,1015128.0,1249844.0,2258866.0,593623.0,8124126.0,2126378.0,2401221.0,1053345.0,2714741.0,7113886.0,1586989.0,683854.0,2242343.0,326803.0,5425182.0,1684.1356113670006,1471.5581992097327,1564.4229452361851,1589.6576082115237,1653.8964861384227,1413.8610399029794,1483.9986197053158,1826.6235683305215,1469.7022997094512,1501.823812725373,1395.9759534630098,1537.231341614436,2019.3787892193448,1452.5994431847237,1803.6923395466129,1908.6644970226441,1540.4125346084556,1540.8563316409034,110.751082167304,113.3767259061612,,,,,,,,,,,,,,,,,14034.4,2101.2,374.7,321.5,295.1,592.1,187.7,2560.6,476.4,660.3,232.1,748.5,2484.9,374.8,229.5,878.9,90.3,1388.5,4582852.68,139838.55,59118.15,84.13,139726.78,37373.69,176738.6,501848.7400000001,37151.88,163682.73,2552.8,101528.61,2651888.560000001,234480.16,4628.959999999999,135658.57,4957.93,191530.75,4760.0,662.0,101.0,79.0,162.0,275.0,37.0,1015.0,160.0,154.0,80.0,187.0,742.0,160.0,86.0,241.0,30.0,546.0,6.18027447290785,5.498459008885646,6.659685507135549,6.56847880275075,6.496949354376195,6.116784800382723,6.809313363094103,6.213655421165591,6.364636358206258,5.830426108376317,6.658742208298397,6.442178430073204,6.424579975355265,6.451976115917779,5.950950153915958,6.342652585448111,7.081351008578886,6.353495453688538,178029.0,24752.0,3518.0,2257.0,4333.0,8939.0,1536.0,45213.0,4777.0,5474.0,1955.0,5549.0,31703.0,5038.0,2037.0,8874.0,729.0,20523.0,589683.0,98736.0,13155.0,8557.0,15886.0,27381.0,6140.0,119169.0,20726.0,23315.0,8768.0,23308.0,99137.0,17390.0,8255.0,26403.0,2854.0,66659.0,88.64,83.86,91.71000000000001,90.69,85.22,86.47,92.14,91.09,86.73,91.3,83.4,91.2,90.89,87.17,92.51,92.29,91.16,87.35,4336.648547960336,3500.48059381612,4720.722954424134,4668.043419976765,4515.397157891887,3628.2080681099646,4370.827394426611,4762.407184080008,3674.629645162611,4394.898608667802,3651.4048698901584,4228.861164982071,5376.699420470161,3706.975600675765,5063.086163383873,5749.6878659991935,4479.241264134112,3744.8683092396323
2025Q2,44.08866038274663,43.08277184909798,45.07756944251376,49.112009810676,42.08961425565795,43.91616000297209,46.65747826057682,43.22736997982557,43.71194218269704,48.11912878409764,45.61583241074294,48.05309559556058,42.96230407203873,41.37683250457321,43.76684497284552,46.03640581063614,44.97564265724235,43.78412319783038,49227658.0,8690805.0,1366814.0,1016036.0,1250984.0,2261033.0,594082.0,8140006.0,2130850.0,2404272.0,1053194.0,2716214.0,7134829.0,1591333.0,685338.0,2244367.0,327663.0,5449057.0,1679.0838880057252,1469.2152330481645,1553.6487117395873,1585.4516446698817,1640.1851477188604,1400.046972621844,1475.2141969499564,1816.1651553102538,1469.1889306180142,1496.8697053505666,1387.3739759910247,1513.7709454502406,2040.5524033383979,1458.9108814644617,1797.3688202838673,1883.2122078285738,1529.272468807398,1522.2677891857063,111.3923675804885,114.0676383342491,,,,,,,,,,,,,,,,,14064.0,2113.9,368.3,317.8,299.6,582.5,187.6,2601.5,472.6,671.3,238.4,750.8,2476.4,375.1,228.0,865.6,90.1,1387.4,4164401.120000001,267000.3800000001,13677.02,1941.34,51116.88,155462.88,193349.36,724703.9799999999,47286.69,27078.15,18645.2,67724.23,1829824.55,18829.02,36311.16,151981.72,397953.3000000001,161515.26,5802.0,855.0,125.0,92.0,226.0,262.0,43.0,1306.0,193.0,178.0,83.0,217.0,840.0,201.0,113.0,283.0,22.0,713.0,6.146414508975857,5.496816282371393,6.750766147537867,6.437511344320008,6.448998087067445,5.915586008943542,6.840163615037452,6.187457214662345,6.53981451250178,5.916998871491121,6.730087382082034,6.467428491473076,6.449157087297748,6.398248307179809,5.644919719651207,6.367757611275598,7.316912815530435,6.102859881260192,182973.0,26435.0,3280.0,2085.0,7699.0,7466.0,1473.0,46074.0,4378.0,5258.0,1882.0,5383.0,31068.0,4918.0,2055.0,9043.0,691.0,22919.0,622585.0,106485.0,13629.0,8852.0,21657.0,27775.0,6227.0,124413.0,21429.0,23892.0,9133.0,24151.0,99296.0,18897.0,8577.0,27221.0,2913.0,74088.0,89.71000000000001,85.15,92.36,91.43,92.59,86.67,92.9,91.89,86.77,91.53999999999999,84.52,91.66,92.26,88.39,92.12,92.87,92.08,88.48,4359.285258160154,3521.7412739252263,4747.332733500322,4697.698328324052,4544.002233985065,3651.0205609566706,4399.127083464868,4787.590278732586,3693.513512645519,4421.156830442011,3678.415455045886,4257.222731408809,5399.799286632121,3723.669276045656,5088.7653255286305,5786.167023978926,4499.887053111573,3755.50234688842
2025Q3,44.15008839869431,43.15952278977374,45.08810630068803,49.16161786871618,42.14383581791715,44.00680803615768,46.73305302020306,43.28728359430568,43.75576536139916,48.16013421297279,45.6868724736414,48.10288862894468,43.03568778923904,41.44793976909985,43.83857463723574,46.09626883110813,45.04021201090516,43.83228075658468,49355367.0,8708950.0,1374215.0,1017734.0,1257823.0,2265411.0,594811.0,8161465.0,2138591.0,2408411.0,1053641.0,2719387.0,7147851.0,1597054.0,686534.0,2246615.0,328285.0,5477827.0,1698.53998937511,1495.8309463034616,1590.3541570872626,1625.224242789896,1642.8653729397827,1425.3463238035013,1509.6622360093604,1833.3627306397527,1495.1629349667232,1509.3938524096186,1406.145271529499,1507.9876065620956,2055.077518984563,1471.9393899855784,1818.5537089220584,1928.1999045046302,1555.1851292480778,1549.202883275782,111.7933492753518,114.5684601108345,,,,,,,,,,,,,,,,,14304.3,2228.6,377.2,319.2,308.2,575.6,195.5,2573.8,475.5,672.6,241.8,771.1,2502.1,372.3,232.1,880.1,90.3,1456.1,10148746.92,683965.02,1432955.4,44955.88,74107.76,64809.67,7217.5,902828.68,227737.64,82104.94,170060.69,11451.76,5777150.339999995,214935.03,313621.6699999999,6546.94,0.0,134238.0,6050.0,880.0,129.0,90.0,316.0,285.0,58.0,1257.0,224.0,200.0,78.0,231.0,838.0,193.0,103.0,294.0,30.0,803.0,6.02232705891388,5.391272380522094,5.966774573975509,6.056699109691525,6.083704982149241,5.411016099590495,6.189475120737235,6.113493071116515,6.312358605715903,6.324520346365205,6.166637000864249,6.324914505601882,6.172628212110137,6.468010029919572,6.548263367184926,6.704818309215875,5.571941714396334,6.168594593137583,196847.0,27830.0,3447.0,2660.0,11857.0,7699.0,1885.0,48700.0,4557.0,5445.0,1835.0,5756.0,29150.0,4877.0,3397.0,9553.0,871.0,26432.0,658609.0,110404.0,14837.0,9975.0,28341.0,28202.0,7078.0,131831.0,23085.0,25071.0,9414.0,25459.0,97773.0,19232.0,10355.0,28618.0,3252.0,81715.0,89.55,84.73,91.46000000000001,90.97,94.23,85.41,92.38,91.82,87.45,91.32,86.44,92.0,92.02,87.09,92.71,93.02,92.29,88.27,4373.813228358997,3539.364331507409,4749.791669406193,4717.697524734447,4546.120210378634,3665.593742714933,4419.814745492901,4803.3444889010425,3701.987875455472,4439.755696568648,3698.6790624426067,4277.49484107765,5421.954277607799,3732.3531152908736,5110.052261666956,5814.6869986546635,4518.019830010036,3757.9520299629257
2025Q4,44.19871374630702,43.22350893710014,45.10501365964754,49.17822558129283,42.20082284749962,44.07606434867014,46.78679464219839,43.33293410775769,43.78117152436107,48.17604938087584,45.7551198438872,48.13769938576012,43.10416134015481,41.51337234119565,43.87496424583763,46.14218614309987,45.07745127800376,43.86250519349976,49496923.0,8731020.0,1379611.0,1020785.0,1260987.0,2272681.0,596364.0,8190858.0,2148756.0,2415186.0,1054622.0,2724994.0,7153681.0,1602412.0,688731.0,2251225.0,329420.0,5504477.0,1693.3272458743152,1486.7335527944772,1575.811915490633,1593.7272946974963,1664.7473861430342,1425.4978042895618,1503.361811946414,1833.5684024234058,1476.0854150825608,1510.0170882237387,1391.2046260737748,1508.2552073805377,2059.711215030945,1453.2503731491338,1821.9733124399686,1891.2922648350564,1570.88666029992,1523.8697980056293,112.4139491816246,,,,,,,,,,,,,,,,,,14487.7,2248.5,377.5,329.8,330.4,610.3,192.1,2631.5,490.5,672.2,249.8,782.4,2506.9,382.3,231.3,890.9,97.2,1431.1,10998066.58999999,218950.69,1881126.89,17637.92,38738.51,69642.86,1619.46,2201625.22,310804.78,308241.76,130206.33,16943.43,5236060.889999998,1764.12,3664.02,235296.65,33381.29,281804.5700000001,5047.0,833.0,114.0,77.0,189.0,286.0,33.0,998.0,152.0,188.0,57.0,200.0,729.0,158.0,100.0,259.0,38.0,600.0,,,,,,,,,,,,,,,,,,,180667.0,24631.0,3686.0,2514.0,6021.0,7601.0,1626.0,44194.0,4949.0,5923.0,1912.0,5265.0,31963.0,5013.0,2207.0,9066.0,775.0,22398.0,603279.0,101044.0,14374.0,8783.0,19011.0,26967.0,6168.0,120329.0,22111.0,24347.0,9030.0,23148.0,95962.0,18801.0,8600.0,27461.0,3007.0,70283.0,90.07,85.34,92.3,91.58,92.2,87.37,93.23,91.76,87.95,91.64,86.58,91.74,92.96,88.94,91.9,92.5,92.0,89.61,4394.422281210845,3554.131282187016,4767.140676956859,4739.3138172772005,4569.147816629648,3681.613760703291,4441.779641497896,4822.451079054579,3712.4532619955426,4460.9202888821965,3723.2984908494773,4301.1078387871685,5458.6737957858095,3748.1201818017844,5132.43113774746,5846.8434193025105,4536.642736183913,3768.155819469722
2026Q1,44.24770692633624,43.28819062323831,45.14412845769567,49.21089520140098,42.28162529642763,44.16118669656886,46.8431432318316,43.38256368926819,43.82162070597845,48.20502374896223,45.81274411517783,48.17053453146112,43.15223268447993,41.57549871211706,43.92260276851413,46.18397616892683,45.14410969380787,43.88839563834752,49590099.0,8748692.0,1381809.0,1021569.0,1260004.0,2275864.0,597067.0,8201735.0,2154740.0,2418632.0,1055342.0,2728034.0,7169262.0,1605736.0,689973.0,2252857.0,329499.0,5528180.0,,,,,,,,,,,,,,,,,,,,,,,,,,,,,,,,,,,,,14559.5,2270.8,394.3,326.5,339.7,633.7,193.4,2606.3,494.6,671.2,248.7,798.4,2561.5,386.6,233.7,858.7,93.5,1413.9,,,,,,,,,,,,,,,,,,,,,,,,,,,,,,,,,,,,,,,,,,,,,,,,,,,,,,,,,,,,,,,,,,,,,,,,,,,,,,,,,,,,,,,,,,,89.17,85.34,91.63,90.98,86.21000000000001,88.6,92.51,89.88,87.03,90.96000000000001,86.75,91.03999999999999,92.09,89.16,90.91,91.77,90.38,88.25,4413.089969232401,3570.058027332952,4788.774275482645,4764.7465902233325,4600.782055290257,3699.032667190081,4463.783546118828,4845.618978406146,3724.868886426041,4481.908831239471,3743.5981653019057,4322.68779829898,5480.245665962811,3763.321480547233,5154.641109950175,5878.472727840742,4563.396538696674,3775.030860910594
2026Q2,44.29609071727241,43.35041806906928,45.16768094598692,49.22081201421708,42.34707996391866,44.2591816519019,46.89622097252391,43.43849302311536,43.84863710833078,48.22391318969761,45.87424704860108,48.20815718202843,43.20354871527064,41.63109163941132,43.9763755262663,46.22490110513898,45.17791724793241,43.9157899421916,49687120.0,8758481.0,1385220.0,1024120.0,1261594.0,2275462.0,598011.0,8212548.0,2162571.0,2423399.0,1055347.0,2730134.0,7192293.0,1610999.0,691190.0,2254920.0,330457.0,5549539.0,,,,,,,,,,,,,,,,,,,,,,,,,,,,,,,,,,,,,,,,,,,,,,,,,,,,,,,,,,,,,,,,,,,,,,,,,,,,,,,,,,,,,,,,,,,,,,,,,,,,,,,,,,,,,,,,,,,,,,,,,,,,,,,,,,,,,,,,,,,,,,,,,,,,,,,,,,,,,,,,,,,,,,,,,,,,,,,,,,,,
