Periodo,Dominio,Pilar,Indicador,Score,Pilar_Geom,Pilar_Aritm,Penalizacion_Deseq,Es_Cuello_Botella,Es_Fortaleza,Dispersion
2017Q1,Sociedades Inclusivas,1. Seguridad,SEG_BAL,34.77951149684998,38.810263977255616,38.810263977255616,0.2098802430753537,True,False,8.061504960811277
2017Q1,Sociedades Inclusivas,1. Seguridad,SEG_CRI,42.841016457661254,38.810263977255616,38.810263977255616,0.2098802430753537,False,True,8.061504960811277
2017Q2,Sociedades Inclusivas,1. Seguridad,SEG_BAL,37.01925540372072,39.930570048132225,39.930570048132225,0.10627254761089944,True,False,5.822629288823002
2017Q2,Sociedades Inclusivas,1. Seguridad,SEG_CRI,42.84188469254372,39.930570048132225,39.930570048132225,0.10627254761089944,False,True,5.822629288823002
2017Q3,Sociedades Inclusivas,1. Seguridad,SEG_BAL,35.81213198319379,39.47096576291498,39.47096576291498,0.16994702765091318,True,False,7.317667559442384
2017Q3,Sociedades Inclusivas,1. Seguridad,SEG_CRI,43.12979954263617,39.47096576291498,39.47096576291498,0.16994702765091318,False,True,7.317667559442384
2017Q4,Sociedades Inclusivas,1. Seguridad,SEG_BAL,35.41128398207809,39.12221614035393,39.12221614035393,0.17639764530567703,True,False,7.421864316551684
2017Q4,Sociedades Inclusivas,1. Seguridad,SEG_CRI,42.83314829862977,39.12221614035393,39.12221614035393,0.17639764530567703,False,True,7.421864316551684
2018Q1,Sociedades Inclusivas,1. Seguridad,SEG_BAL,41.35774229850373,43.57856647017828,43.57856647017828,0.05662492807503128,True,False,4.441648343349101
2018Q1,Sociedades Inclusivas,1. Seguridad,SEG_CRI,45.79939064185283,43.57856647017828,43.57856647017828,0.05662492807503128,False,True,4.441648343349101
2018Q2,Sociedades Inclusivas,1. Seguridad,SEG_BAL,42.14943050800959,42.602301386980216,42.602301386980216,0.0024071214532597196,True,False,0.9057417579412501
2018Q2,Sociedades Inclusivas,1. Seguridad,SEG_CRI,43.05517226595084,42.602301386980216,42.602301386980216,0.0024071214532597196,False,True,0.9057417579412501
2018Q3,Sociedades Inclusivas,1. Seguridad,SEG_BAL,41.6395592616306,42.16427801607422,42.16427801607422,0.0032650912696823298,True,False,1.0494375088872374
2018Q3,Sociedades Inclusivas,1. Seguridad,SEG_CRI,42.68899677051784,42.16427801607422,42.16427801607422,0.0032650912696823298,False,True,1.0494375088872374
2018Q4,Sociedades Inclusivas,1. Seguridad,SEG_BAL,42.20235296846281,41.60066381505027,41.60066381505027,0.004351478311825474,False,True,1.203378306825087
2018Q4,Sociedades Inclusivas,1. Seguridad,SEG_CRI,40.998974661637725,41.60066381505027,41.60066381505027,0.004351478311825474,True,False,1.203378306825087
2019Q1,Sociedades Inclusivas,1. Seguridad,SEG_BAL,43.57166919755908,43.51598610764034,43.51598610764034,3.5626077327322037e-05,False,True,0.1113661798374892
2019Q1,Sociedades Inclusivas,1. Seguridad,SEG_CRI,43.46030301772159,43.51598610764034,43.51598610764034,3.5626077327322037e-05,True,False,0.1113661798374892
2019Q2,Sociedades Inclusivas,1. Seguridad,SEG_BAL,45.23870928517167,44.34823635490814,44.34823635490814,0.008940851356626922,False,True,1.780945860527062
2019Q2,Sociedades Inclusivas,1. Seguridad,SEG_CRI,43.45776342464461,44.34823635490814,44.34823635490814,0.008940851356626922,True,False,1.780945860527062
2019Q3,Sociedades Inclusivas,1. Seguridad,SEG_BAL,41.983793817471046,42.00744605084612,42.00744605084612,6.658678877613511e-06,True,False,0.04730446675014832
2019Q3,Sociedades Inclusivas,1. Seguridad,SEG_CRI,42.031098284221194,42.00744605084612,42.00744605084612,6.658678877613511e-06,False,True,0.04730446675014832
2019Q4,Sociedades Inclusivas,1. Seguridad,SEG_BAL,42.48147778755258,41.1829882755911,41.1829882755911,0.02047561789732555,False,True,2.596979023922948
2019Q4,Sociedades Inclusivas,1. Seguridad,SEG_CRI,39.88449876362963,41.1829882755911,41.1829882755911,0.02047561789732555,True,False,2.596979023922948
2020Q1,Sociedades Inclusivas,1. Seguridad,SEG_BAL,51.71741902543532,49.405428014258135,49.405428014258135,0.054125956092761385,False,True,4.623982022354376
2020Q1,Sociedades Inclusivas,1. Seguridad,SEG_CRI,47.09343700308094,49.405428014258135,49.405428014258135,0.054125956092761385,True,False,4.623982022354376
2020Q2,Sociedades Inclusivas,1. Seguridad,SEG_BAL,79.94459230561601,71.45992754800321,71.45992754800321,0.5054935137810475,False,True,16.969329515225624
2020Q2,Sociedades Inclusivas,1. Seguridad,SEG_CRI,62.97526279039039,71.45992754800321,71.45992754800321,0.5054935137810475,True,False,16.969329515225624
2020Q3,Sociedades Inclusivas,1. Seguridad,SEG_BAL,56.504566139176724,51.57888958957974,51.57888958957974,0.23573462396814193,False,True,9.851353099193972
2020Q3,Sociedades Inclusivas,1. Seguridad,SEG_CRI,46.65321303998275,51.57888958957974,51.57888958957974,0.23573462396814193,True,False,9.851353099193972
2020Q4,Sociedades Inclusivas,1. Seguridad,SEG_BAL,62.62321223874234,55.15237495394763,55.15237495394763,0.5083354498539734,False,True,14.94167456958943
2020Q4,Sociedades Inclusivas,1. Seguridad,SEG_CRI,47.68153766915291,55.15237495394763,55.15237495394763,0.5083354498539734,True,False,14.94167456958943
2021Q1,Sociedades Inclusivas,1. Seguridad,SEG_BAL,64.47954736940152,57.8759965861275,57.8759965861275,0.3779609858553741,False,True,13.207101566548033
2021Q1,Sociedades Inclusivas,1. Seguridad,SEG_CRI,51.27244580285348,57.8759965861275,57.8759965861275,0.3779609858553741,True,False,13.207101566548033
2021Q2,Sociedades Inclusivas,1. Seguridad,SEG_BAL,61.731021888913,55.45416090382541,55.45416090382541,0.3563843813445473,False,True,12.553721970175168
2021Q2,Sociedades Inclusivas,1. Seguridad,SEG_CRI,49.17729991873783,55.45416090382541,55.45416090382541,0.3563843813445473,True,False,12.553721970175168
2021Q3,Sociedades Inclusivas,1. Seguridad,SEG_BAL,54.180462053223934,50.77428025311677,50.77428025311677,0.11438032460660708,False,True,6.812363600214326
2021Q3,Sociedades Inclusivas,1. Seguridad,SEG_CRI,47.36809845300961,50.77428025311677,50.77428025311677,0.11438032460660708,True,False,6.812363600214326
2021Q4,Sociedades Inclusivas,1. Seguridad,SEG_BAL,50.99186560846223,45.49520998043552,45.49520998043552,0.3332690559048075,False,True,10.993311256053417
2021Q4,Sociedades Inclusivas,1. Seguridad,SEG_CRI,39.99855435240881,45.49520998043552,45.49520998043552,0.3332690559048075,True,False,10.993311256053417
2022Q1,Sociedades Inclusivas,1. Seguridad,SEG_BAL,48.64247134096343,43.61747229962161,43.61747229962161,0.2904221525971451,False,True,10.049998082683643
2022Q1,Sociedades Inclusivas,1. Seguridad,SEG_CRI,38.59247325827979,43.61747229962161,43.61747229962161,0.2904221525971451,True,False,10.049998082683643
2022Q2,Sociedades Inclusivas,1. Seguridad,SEG_BAL,47.29775081158697,42.282772668779984,42.282772668779984,0.2984558494378433,False,True,10.029956285613984
2022Q2,Sociedades Inclusivas,1. Seguridad,SEG_CRI,37.26779452597299,42.282772668779984,42.282772668779984,0.2984558494378433,True,False,10.029956285613984
2022Q3,Sociedades Inclusivas,1. Seguridad,SEG_BAL,45.79828535008058,40.94560865844875,40.94560865844875,0.28857485939589367,False,True,9.70535338326367
2022Q3,Sociedades Inclusivas,1. Seguridad,SEG_CRI,36.09293196681691,40.94560865844875,40.94560865844875,0.28857485939589367,True,False,9.70535338326367
2022Q4,Sociedades Inclusivas,1. Seguridad,SEG_BAL,45.946609157685046,39.65549208695762,39.65549208695762,0.502204885738351,False,True,12.582234141454848
2022Q4,Sociedades Inclusivas,1. Seguridad,SEG_CRI,33.3643750162302,39.65549208695762,39.65549208695762,0.502204885738351,True,False,12.582234141454848
2023Q1,Sociedades Inclusivas,1. Seguridad,SEG_BAL,42.08695260849442,37.3373019254206,37.3373019254206,0.30333193219959753,False,True,9.499301366147648
2023Q1,Sociedades Inclusivas,1. Seguridad,SEG_CRI,32.58765124234677,37.3373019254206,37.3373019254206,0.30333193219959753,True,False,9.499301366147648
2023Q2,Sociedades Inclusivas,1. Seguridad,SEG_BAL,44.83557198962465,38.83681135891544,38.83681135891544,0.4660830960399025,False,True,11.99752126141842
2023Q2,Sociedades Inclusivas,1. Seguridad,SEG_CRI,32.83805072820623,38.83681135891544,38.83681135891544,0.4660830960399025,True,False,11.99752126141842
2023Q3,Sociedades Inclusivas,1. Seguridad,SEG_BAL,43.961688993368796,38.014422426496274,38.014422426496274,0.46809993277310014,False,True,11.894533133745043
2023Q3,Sociedades Inclusivas,1. Seguridad,SEG_CRI,32.06715585962375,38.014422426496274,38.014422426496274,0.46809993277310014,True,False,11.894533133745043
2023Q4,Sociedades Inclusivas,1. Seguridad,SEG_BAL,42.783538661854806,34.98607317499277,34.98607317499277,0.8799908994345884,False,True,15.594930973724068
2023Q4,Sociedades Inclusivas,1. Seguridad,SEG_CRI,27.188607688130737,34.98607317499277,34.98607317499277,0.8799908994345884,True,False,15.594930973724068
2024Q1,Sociedades Inclusivas,1. Seguridad,SEG_BAL,45.52688096002565,38.39479124700436,38.39479124700436,0.6682317533736395,False,True,14.264179426042578
2024Q1,Sociedades Inclusivas,1. Seguridad,SEG_CRI,31.262701533983073,38.39479124700436,38.39479124700436,0.6682317533736395,True,False,14.264179426042578
2024Q2,Sociedades Inclusivas,1. Seguridad,SEG_BAL,45.09006582474895,38.3503060582771,38.3503060582771,0.5968742532905225,False,True,13.479519532943705
2024Q2,Sociedades Inclusivas,1. Seguridad,SEG_CRI,31.610546291805242,38.3503060582771,38.3503060582771,0.5968742532905225,True,False,13.479519532943705
2024Q3,Sociedades Inclusivas,1. Seguridad,SEG_BAL,46.63351532610491,40.493849602203895,40.493849602203895,0.4681533508622735,False,True,12.279331447802043
2024Q3,Sociedades Inclusivas,1. Seguridad,SEG_CRI,34.35418387830287,40.493849602203895,40.493849602203895,0.4681533508622735,True,False,12.279331447802043
2024Q4,Sociedades Inclusivas,1. Seguridad,SEG_BAL,47.5086628847024,39.44688126020911,39.44688126020911,0.8325818596500056,False,True,16.123563248986585
2024Q4,Sociedades Inclusivas,1. Seguridad,SEG_CRI,31.385099635715818,39.44688126020911,39.44688126020911,0.8325818596500056,True,False,16.123563248986585
2025Q1,Sociedades Inclusivas,1. Seguridad,SEG_BAL,48.15114923186906,39.860747669772955,39.860747669772955,0.8716665478421106,False,True,16.58080312419221
2025Q1,Sociedades Inclusivas,1. Seguridad,SEG_CRI,31.57034610767685,39.860747669772955,39.860747669772955,0.8716665478421106,True,False,16.58080312419221
2025Q2,Sociedades Inclusivas,1. Seguridad,SEG_BAL,49.67770481013874,40.48036170835421,40.48036170835421,1.0586853879940321,False,True,18.394686203569073
2025Q2,Sociedades Inclusivas,1. Seguridad,SEG_CRI,31.28301860656967,40.48036170835421,40.48036170835421,1.0586853879940321,True,False,18.394686203569073
2025Q3,Sociedades Inclusivas,1. Seguridad,SEG_BAL,50.60734243867825,41.019185974214224,41.019185974214224,1.1363466369738262,False,True,19.176312928928056
2025Q3,Sociedades Inclusivas,1. Seguridad,SEG_CRI,31.431029509750196,41.019185974214224,41.019185974214224,1.1363466369738262,True,False,19.176312928928056
2025Q4,Sociedades Inclusivas,1. Seguridad,SEG_BAL,51.48066683565131,41.48496387078468,41.48496387078468,1.2222248979022368,False,True,19.991405929733265
2025Q4,Sociedades Inclusivas,1. Seguridad,SEG_CRI,31.489260905918048,41.48496387078468,41.48496387078468,1.2222248979022368,True,False,19.991405929733265
2026Q1,Sociedades Inclusivas,1. Seguridad,SEG_BAL,50.766991352064,41.197320574359004,41.197320574359004,1.1268748105189985,False,True,19.139341555409985
2026Q1,Sociedades Inclusivas,1. Seguridad,SEG_CRI,31.627649796654012,41.197320574359004,41.197320574359004,1.1268748105189985,True,False,19.139341555409985
2017Q1,Sociedades Inclusivas,2. Libertad,LIB_ODI,84.93701762386412,75.05412495084282,75.05412495084282,0.6535194119745995,False,True,19.765785346042605
2017Q1,Sociedades Inclusivas,2. Libertad,LIB_SEX,65.17123227782152,75.05412495084282,75.05412495084282,0.6535194119745995,True,False,19.765785346042605
2017Q2,Sociedades Inclusivas,2. Libertad,LIB_ODI,85.52677834734462,75.81137304863957,75.81137304863957,0.625103135829761,False,True,19.4308105974101
2017Q2,Sociedades Inclusivas,2. Libertad,LIB_SEX,66.09596774993452,75.81137304863957,75.81137304863957,0.625103135829761,True,False,19.4308105974101
2017Q3,Sociedades Inclusivas,2. Libertad,LIB_ODI,85.66135751264848,75.82063355498966,75.82063355498966,0.6413237372667169,False,True,19.681447915317662
2017Q3,Sociedades Inclusivas,2. Libertad,LIB_SEX,65.97990959733082,75.82063355498966,75.82063355498966,0.6413237372667169,True,False,19.681447915317662
2017Q4,Sociedades Inclusivas,2. Libertad,LIB_ODI,84.774253918138,74.09568034173452,74.09568034173452,0.7735287661169394,False,True,21.357147152806967
2017Q4,Sociedades Inclusivas,2. Libertad,LIB_SEX,63.417106765331035,74.09568034173452,74.09568034173452,0.7735287661169394,True,False,21.357147152806967
2018Q1,Sociedades Inclusivas,2. Libertad,LIB_ODI,84.85968142390952,74.9580250212052,74.9580250212052,0.6568627452192004,False,True,19.803312805408623
2018Q1,Sociedades Inclusivas,2. Libertad,LIB_SEX,65.0563686185009,74.9580250212052,74.9580250212052,0.6568627452192004,True,False,19.803312805408623
2018Q2,Sociedades Inclusivas,2. Libertad,LIB_ODI,82.23658570550815,69.84944708693425,69.84944708693425,1.1071452983364196,False,True,24.774277237147814
2018Q2,Sociedades Inclusivas,2. Libertad,LIB_SEX,57.462308468360334,69.84944708693425,69.84944708693425,1.1071452983364196,True,False,24.774277237147814
2018Q3,Sociedades Inclusivas,2. Libertad,LIB_ODI,81.29580228069383,70.09486814332793,70.09486814332793,0.9007237777754256,False,True,22.40186827473181
2018Q3,Sociedades Inclusivas,2. Libertad,LIB_SEX,58.89393400596202,70.09486814332793,70.09486814332793,0.9007237777754256,True,False,22.40186827473181
2018Q4,Sociedades Inclusivas,2. Libertad,LIB_ODI,79.41582932207928,69.70885758531378,69.70885758531378,0.6791572705130875,False,True,19.413943473530992
2018Q4,Sociedades Inclusivas,2. Libertad,LIB_SEX,60.001885848548284,69.70885758531378,69.70885758531378,0.6791572705130875,True,False,19.413943473530992
2019Q1,Sociedades Inclusivas,2. Libertad,LIB_ODI,79.5118612395272,68.32954567896748,68.32954567896748,0.9212180673276436,False,True,22.36463112111945
2019Q1,Sociedades Inclusivas,2. Libertad,LIB_SEX,57.147230118407755,68.32954567896748,68.32954567896748,0.9212180673276436,True,False,22.36463112111945
2019Q2,Sociedades Inclusivas,2. Libertad,LIB_ODI,78.83770761258126,70.35129915943129,70.35129915943129,0.5137292920160235,False,True,16.972816906299926
2019Q2,Sociedades Inclusivas,2. Libertad,LIB_SEX,61.86489070628133,70.35129915943129,70.35129915943129,0.5137292920160235,True,False,16.972816906299926
2019Q3,Sociedades Inclusivas,2. Libertad,LIB_ODI,77.6911996469423,67.38512288436362,67.38512288436362,0.7927842266425387,False,True,20.612153525157353
2019Q3,Sociedades Inclusivas,2. Libertad,LIB_SEX,57.07904612178494,67.38512288436362,67.38512288436362,0.7927842266425387,True,False,20.612153525157353
2019Q4,Sociedades Inclusivas,2. Libertad,LIB_ODI,76.35551981360977,65.44272500301068,65.44272500301068,0.9162872798460882,False,True,21.825589621198183
2019Q4,Sociedades Inclusivas,2. Libertad,LIB_SEX,54.52993019241159,65.44272500301068,65.44272500301068,0.9162872798460882,True,False,21.825589621198183
2020Q1,Sociedades Inclusivas,2. Libertad,LIB_ODI,80.91855912551773,70.98635916021153,70.98635916021153,0.6982763106151992,False,True,19.864399930612386
2020Q1,Sociedades Inclusivas,2. Libertad,LIB_SEX,61.054159194905345,70.98635916021153,70.98635916021153,0.6982763106151992,True,False,19.864399930612386
2020Q2,Sociedades Inclusivas,2. Libertad,LIB_ODI,90.51519373571524,81.27189603605326,81.27189603605326,0.5273449323999557,False,True,18.48659539932396
2020Q2,Sociedades Inclusivas,2. Libertad,LIB_SEX,72.02859833639128,81.27189603605326,81.27189603605326,0.5273449323999557,True,False,18.48659539932396
2020Q3,Sociedades Inclusivas,2. Libertad,LIB_ODI,80.41909831003036,69.24313465164877,69.24313465164877,0.9078616757332014,False,True,22.351927316763195
2020Q3,Sociedades Inclusivas,2. Libertad,LIB_SEX,58.06717099326717,69.24313465164877,69.24313465164877,0.9078616757332014,True,False,22.351927316763195
2020Q4,Sociedades Inclusivas,2. Libertad,LIB_ODI,80.46120595582119,70.25095761649007,70.25095761649007,0.745937115212115,False,True,20.42049667866224
2020Q4,Sociedades Inclusivas,2. Libertad,LIB_SEX,60.040709277158946,70.25095761649007,70.25095761649007,0.745937115212115,True,False,20.42049667866224
2021Q1,Sociedades Inclusivas,2. Libertad,LIB_ODI,81.43226303737276,69.59803278813061,69.59803278813061,1.0135071107912097,False,True,23.668460498484322
2021Q1,Sociedades Inclusivas,2. Libertad,LIB_SEX,57.76380253888844,69.59803278813061,69.59803278813061,1.0135071107912097,True,False,23.668460498484322
2021Q2,Sociedades Inclusivas,2. Libertad,LIB_ODI,79.92212902029196,67.25378174049409,67.25378174049409,1.2039207595922932,False,True,25.33669455959575
2021Q2,Sociedades Inclusivas,2. Libertad,LIB_SEX,54.58543446069621,67.25378174049409,67.25378174049409,1.2039207595922932,True,False,25.33669455959575
2021Q3,Sociedades Inclusivas,2. Libertad,LIB_ODI,79.39138702255656,67.52243090223578,67.52243090223578,1.0513352623931524,False,True,23.737912240641556
2021Q3,Sociedades Inclusivas,2. Libertad,LIB_SEX,55.653474781915,67.52243090223578,67.52243090223578,1.0513352623931524,True,False,23.737912240641556
2021Q4,Sociedades Inclusivas,2. Libertad,LIB_ODI,76.59415084138853,64.09788971582286,64.09788971582286,1.2299095995230616,False,True,24.99252225113134
2021Q4,Sociedades Inclusivas,2. Libertad,LIB_SEX,51.601628590257185,64.09788971582286,64.09788971582286,1.2299095995230616,True,False,24.99252225113134
2022Q1,Sociedades Inclusivas,2. Libertad,LIB_ODI,79.32069361872804,62.835283018925935,62.835283018925935,2.201100997359468,False,True,32.97082119960422
2022Q1,Sociedades Inclusivas,2. Libertad,LIB_SEX,46.34987241912383,62.835283018925935,62.835283018925935,2.201100997359468,True,False,32.97082119960422
2022Q2,Sociedades Inclusivas,2. Libertad,LIB_ODI,79.66232842773773,64.01865557181343,64.01865557181343,1.9407709364677146,False,True,31.287345711848616
2022Q2,Sociedades Inclusivas,2. Libertad,LIB_SEX,48.37498271588912,64.01865557181343,64.01865557181343,1.9407709364677146,True,False,31.287345711848616
2022Q3,Sociedades Inclusivas,2. Libertad,LIB_ODI,78.2391134078708,63.33712259613448,63.33712259613448,1.778030915013204,False,True,29.80398162347266
2022Q3,Sociedades Inclusivas,2. Libertad,LIB_SEX,48.435131784398145,63.33712259613448,63.33712259613448,1.778030915013204,True,False,29.80398162347266
2022Q4,Sociedades Inclusivas,2. Libertad,LIB_ODI,73.70694970845958,60.29170455033085,60.29170455033085,1.5114286498921956,False,True,26.830490316257453
2022Q4,Sociedades Inclusivas,2. Libertad,LIB_SEX,46.87645939220212,60.29170455033085,60.29170455033085,1.5114286498921956,True,False,26.830490316257453
2023Q1,Sociedades Inclusivas,2. Libertad,LIB_ODI,66.78919783511881,57.2540360391692,57.2540360391692,0.7995824300911067,False,True,19.070323591899225
2023Q1,Sociedades Inclusivas,2. Libertad,LIB_SEX,47.71887424321959,57.2540360391692,57.2540360391692,0.7995824300911067,True,False,19.070323591899225
2023Q2,Sociedades Inclusivas,2. Libertad,LIB_ODI,64.40703330157893,56.43347480900444,56.43347480900444,0.5661369094406865,False,True,15.947116985149002
2023Q2,Sociedades Inclusivas,2. Libertad,LIB_SEX,48.45991631642993,56.43347480900444,56.43347480900444,0.5661369094406865,True,False,15.947116985149002
2023Q3,Sociedades Inclusivas,2. Libertad,LIB_ODI,64.0320311575474,57.36981633957677,57.36981633957677,0.3881462995017344,False,True,13.324429635941236
2023Q3,Sociedades Inclusivas,2. Libertad,LIB_SEX,50.70760152160616,57.36981633957677,57.36981633957677,0.3881462995017344,True,False,13.324429635941236
2023Q4,Sociedades Inclusivas,2. Libertad,LIB_ODI,63.83297693882454,57.778476789653844,57.778476789653844,0.3180955859387282,False,True,12.109000298341385
2023Q4,Sociedades Inclusivas,2. Libertad,LIB_SEX,51.72397664048315,57.778476789653844,57.778476789653844,0.3180955859387282,True,False,12.109000298341385
2024Q1,Sociedades Inclusivas,2. Libertad,LIB_ODI,73.07805174310683,60.83127153279335,60.83127153279335,1.2455352297425506,False,True,24.493560420626956
2024Q1,Sociedades Inclusivas,2. Libertad,LIB_SEX,48.58449132247987,60.83127153279335,60.83127153279335,1.2455352297425506,True,False,24.493560420626956
2024Q2,Sociedades Inclusivas,2. Libertad,LIB_ODI,76.40700598432001,63.35272308560128,63.35272308560128,1.3595523297745018,False,True,26.108565797437457
2024Q2,Sociedades Inclusivas,2. Libertad,LIB_SEX,50.29844018688255,63.35272308560128,63.35272308560128,1.3595523297745018,True,False,26.108565797437457
2024Q3,Sociedades Inclusivas,2. Libertad,LIB_ODI,79.06955406016003,62.492162173061956,62.492162173061956,2.2388600952019573,False,True,33.15478377419615
2024Q3,Sociedades Inclusivas,2. Libertad,LIB_SEX,45.91477028596388,62.492162173061956,62.492162173061956,2.2388600952019573,True,False,33.15478377419615
2024Q4,Sociedades Inclusivas,2. Libertad,LIB_ODI,76.68398038629327,62.749635526746104,62.749635526746104,1.5667065998412681,False,True,27.86868971909434
2024Q4,Sociedades Inclusivas,2. Libertad,LIB_SEX,48.81529066719893,62.749635526746104,62.749635526746104,1.5667065998412681,True,False,27.86868971909434
2025Q1,Sociedades Inclusivas,2. Libertad,LIB_ODI,76.22411089705582,62.83671636037744,62.83671636037744,1.4426564647015496,False,True,26.77478907335677
2025Q1,Sociedades Inclusivas,2. Libertad,LIB_SEX,49.44932182369905,62.83671636037744,62.83671636037744,1.4426564647015496,True,False,26.77478907335677
2025Q2,Sociedades Inclusivas,2. Libertad,LIB_ODI,76.48344421517736,61.748940094329676,61.748940094329676,1.7837335901756362,False,True,29.469008241695363
2025Q2,Sociedades Inclusivas,2. Libertad,LIB_SEX,47.014435973481994,61.748940094329676,61.748940094329676,1.7837335901756362,True,False,29.469008241695363
2025Q3,Sociedades Inclusivas,2. Libertad,LIB_ODI,76.93490271371589,62.41911212383504,62.41911212383504,1.7113088208113325,False,True,29.031581179761687
2025Q3,Sociedades Inclusivas,2. Libertad,LIB_SEX,47.9033215339542,62.41911212383504,62.41911212383504,1.7113088208113325,True,False,29.031581179761687
2025Q4,Sociedades Inclusivas,2. Libertad,LIB_ODI,77.37514060907294,61.5884108976621,61.5884108976621,2.0576497575748576,False,True,31.573459422821678
2025Q4,Sociedades Inclusivas,2. Libertad,LIB_SEX,45.801681186251265,61.5884108976621,61.5884108976621,2.0576497575748576,True,False,31.573459422821678
2026Q1,Sociedades Inclusivas,2. Libertad,LIB_ODI,77.72249603984093,61.822913109977804,61.822913109977804,2.079496334066242,False,True,31.79916585972625
2026Q1,Sociedades Inclusivas,2. Libertad,LIB_SEX,45.92333018011468,61.822913109977804,61.822913109977804,2.079496334066242,True,False,31.79916585972625
2016Q1,Sociedades Inclusivas,3. Gobernanza,GOB_DES,17.298878546664387,41.26231538731524,41.26231538731524,7.671656478826868,True,False,47.926873681301714
2016Q1,Sociedades Inclusivas,3. Gobernanza,GOB_EFF,65.2257522279661,41.26231538731524,41.26231538731524,7.671656478826868,False,True,47.926873681301714
2016Q2,Sociedades Inclusivas,3. Gobernanza,GOB_DES,18.8047615844535,42.03755727631058,42.03755727631058,7.003382159725923,True,False,46.465591383714155
2016Q2,Sociedades Inclusivas,3. Gobernanza,GOB_EFF,65.27035296816766,42.03755727631058,42.03755727631058,7.003382159725923,False,True,46.465591383714155
2016Q3,Sociedades Inclusivas,3. Gobernanza,GOB_DES,5.988271799451905,35.653887979174364,35.653887979174364,15.876351613162967,True,False,59.33123235944491
2016Q3,Sociedades Inclusivas,3. Gobernanza,GOB_EFF,65.31950415889682,35.653887979174364,35.653887979174364,15.876351613162967,False,True,59.33123235944491
2016Q4,Sociedades Inclusivas,3. Gobernanza,GOB_DES,20.775123223516466,43.058298885549945,43.058298885549945,6.214341642437326,True,False,44.56635132406695
2016Q4,Sociedades Inclusivas,3. Gobernanza,GOB_EFF,65.34147454758342,43.058298885549945,43.058298885549945,6.214341642437326,False,True,44.56635132406695
2017Q1,Sociedades Inclusivas,3. Gobernanza,GOB_DES,21.178342713306563,43.309113805972956,43.309113805972956,6.081324326838981,True,False,44.261542185332786
2017Q1,Sociedades Inclusivas,3. Gobernanza,GOB_EFF,65.43988489863935,43.309113805972956,43.309113805972956,6.081324326838981,False,True,44.261542185332786
2017Q2,Sociedades Inclusivas,3. Gobernanza,GOB_DES,12.259645729704616,38.675266541609176,38.675266541609176,10.426528177105375,True,False,52.83124162380912
2017Q2,Sociedades Inclusivas,3. Gobernanza,GOB_EFF,65.09088735351374,38.675266541609176,38.675266541609176,10.426528177105375,False,True,52.83124162380912
2017Q3,Sociedades Inclusivas,3. Gobernanza,GOB_DES,19.091322868763395,41.74555854208078,41.74555854208078,6.68165596338757,True,False,45.30847134663476
2017Q3,Sociedades Inclusivas,3. Gobernanza,GOB_EFF,64.39979421539816,41.74555854208078,41.74555854208078,6.68165596338757,False,True,45.30847134663476
2017Q4,Sociedades Inclusivas,3. Gobernanza,GOB_DES,26.046628383261204,44.71152052487127,44.71152052487127,4.082197751927495,True,False,37.32978428322012
2017Q4,Sociedades Inclusivas,3. Gobernanza,GOB_EFF,63.37641266648133,44.71152052487127,44.71152052487127,4.082197751927495,False,True,37.32978428322012
2018Q1,Sociedades Inclusivas,3. Gobernanza,GOB_DES,23.910432599450992,42.89179914878908,42.89179914878908,4.428645896101479,True,False,37.96273309867618
2018Q1,Sociedades Inclusivas,3. Gobernanza,GOB_EFF,61.873165698127174,42.89179914878908,42.89179914878908,4.428645896101479,False,True,37.96273309867618
2018Q2,Sociedades Inclusivas,3. Gobernanza,GOB_DES,10.978549993698861,35.76328552375382,35.76328552375382,9.980937373153363,True,False,49.569471060109926
2018Q2,Sociedades Inclusivas,3. Gobernanza,GOB_EFF,60.54802105380879,35.76328552375382,35.76328552375382,9.980937373153363,False,True,49.569471060109926
2018Q3,Sociedades Inclusivas,3. Gobernanza,GOB_DES,20.05763512302552,39.66075800486145,39.66075800486145,5.1833262733675625,True,False,39.206245763671866
2018Q3,Sociedades Inclusivas,3. Gobernanza,GOB_EFF,59.263880886697386,39.66075800486145,39.66075800486145,5.1833262733675625,False,True,39.206245763671866
2018Q4,Sociedades Inclusivas,3. Gobernanza,GOB_DES,14.978974952349411,36.51451806234907,36.51451806234907,7.026716986599748,True,False,43.07108621999932
2018Q4,Sociedades Inclusivas,3. Gobernanza,GOB_EFF,58.050061172348734,36.51451806234907,36.51451806234907,7.026716986599748,False,True,43.07108621999932
2019Q1,Sociedades Inclusivas,3. Gobernanza,GOB_DES,17.69988227760768,37.32136718115626,37.32136718115626,5.5742133173765644,True,False,39.242969807097154
2019Q1,Sociedades Inclusivas,3. Gobernanza,GOB_EFF,56.94285208470484,37.32136718115626,37.32136718115626,5.5742133173765644,False,True,39.242969807097154
2019Q2,Sociedades Inclusivas,3. Gobernanza,GOB_DES,19.150540901848956,37.41132043918751,37.41132043918751,4.759355296300839,True,False,36.521559074677114
2019Q2,Sociedades Inclusivas,3. Gobernanza,GOB_EFF,55.67209997652607,37.41132043918751,37.41132043918751,4.759355296300839,False,True,36.521559074677114
2019Q3,Sociedades Inclusivas,3. Gobernanza,GOB_DES,3.5183866088719484,28.895940152662064,28.895940152662064,15.07728850214661,True,False,50.75510708758023
2019Q3,Sociedades Inclusivas,3. Gobernanza,GOB_EFF,54.27349369645218,28.895940152662064,28.895940152662064,15.07728850214661,False,True,50.75510708758023
2019Q4,Sociedades Inclusivas,3. Gobernanza,GOB_DES,26.24225739355177,39.534411361499835,39.534411361499835,2.301518315261127,True,False,26.584307935896124
2019Q4,Sociedades Inclusivas,3. Gobernanza,GOB_EFF,52.826565329447895,39.534411361499835,39.534411361499835,2.301518315261127,False,True,26.584307935896124
2020Q1,Sociedades Inclusivas,3. Gobernanza,GOB_DES,13.199481458528805,32.14986086264605,32.14986086264605,6.1787870702995065,True,False,37.900758808234485
2020Q1,Sociedades Inclusivas,3. Gobernanza,GOB_EFF,51.100240266763294,32.14986086264605,32.14986086264605,6.1787870702995065,False,True,37.900758808234485
2020Q2,Sociedades Inclusivas,3. Gobernanza,GOB_DES,38.447669053615165,44.33464840594752,44.33464840594752,0.39258969923468356,True,False,11.773958704664707
2020Q2,Sociedades Inclusivas,3. Gobernanza,GOB_EFF,50.22162775827987,44.33464840594752,44.33464840594752,0.39258969923468356,False,True,11.773958704664707
2020Q3,Sociedades Inclusivas,3. Gobernanza,GOB_DES,32.988055623586895,41.478634044480444,41.478634044480444,0.8782995597180303,True,False,16.981156841787097
2020Q3,Sociedades Inclusivas,3. Gobernanza,GOB_EFF,49.96921246537399,41.478634044480444,41.478634044480444,0.8782995597180303,False,True,16.981156841787097
2020Q4,Sociedades Inclusivas,3. Gobernanza,GOB_DES,19.522844600523868,34.91985348376406,34.91985348376406,3.577736695375748,True,False,30.794017766480387
2020Q4,Sociedades Inclusivas,3. Gobernanza,GOB_EFF,50.316862367004255,34.91985348376406,34.91985348376406,3.577736695375748,False,True,30.794017766480387
2021Q1,Sociedades Inclusivas,3. Gobernanza,GOB_DES,24.34348597495617,37.96054367055065,37.96054367055065,2.526398901999599,True,False,27.23411539118896
2021Q1,Sociedades Inclusivas,3. Gobernanza,GOB_EFF,51.57760136614513,37.96054367055065,37.96054367055065,2.526398901999599,False,True,27.23411539118896
2021Q2,Sociedades Inclusivas,3. Gobernanza,GOB_DES,30.472970349838548,41.38120932582629,41.38120932582629,1.4636091009806833,True,False,21.816477951975486
2021Q2,Sociedades Inclusivas,3. Gobernanza,GOB_EFF,52.28944830181403,41.38120932582629,41.38120932582629,1.4636091009806833,False,True,21.816477951975486
2021Q3,Sociedades Inclusivas,3. Gobernanza,GOB_DES,26.601320514161575,39.68664640310735,39.68664640310735,2.2192719407119483,True,False,26.17065177789156
2021Q3,Sociedades Inclusivas,3. Gobernanza,GOB_EFF,52.771972292053135,39.68664640310735,39.68664640310735,2.2192719407119483,False,True,26.17065177789156
2021Q4,Sociedades Inclusivas,3. Gobernanza,GOB_DES,34.24705989167539,43.5659413195126,43.5659413195126,1.0083369227760883,True,False,18.637762855674424
2021Q4,Sociedades Inclusivas,3. Gobernanza,GOB_EFF,52.884822747349816,43.5659413195126,43.5659413195126,1.0083369227760883,False,True,18.637762855674424
2022Q1,Sociedades Inclusivas,3. Gobernanza,GOB_DES,31.622723584529478,42.129271000524696,42.129271000524696,1.3311345672132262,True,False,21.01309483199044
2022Q1,Sociedades Inclusivas,3. Gobernanza,GOB_EFF,52.63581841651992,42.129271000524696,42.129271000524696,1.3311345672132262,False,True,21.01309483199044
2022Q2,Sociedades Inclusivas,3. Gobernanza,GOB_DES,24.239696923700027,38.11705495192326,38.11705495192326,2.615944935975236,True,False,27.75471605644646
2022Q2,Sociedades Inclusivas,3. Gobernanza,GOB_EFF,51.994412980146485,38.11705495192326,38.11705495192326,2.615944935975236,False,True,27.75471605644646
2022Q3,Sociedades Inclusivas,3. Gobernanza,GOB_DES,28.26408440250289,39.620827049535485,39.620827049535485,1.6625034229806062,True,False,22.713485294065194
2022Q3,Sociedades Inclusivas,3. Gobernanza,GOB_EFF,50.97756969656808,39.620827049535485,39.620827049535485,1.6625034229806062,False,True,22.713485294065194
2022Q4,Sociedades Inclusivas,3. Gobernanza,GOB_DES,25.967275711144232,37.81682479290963,37.81682479290963,1.9044254860343202,True,False,23.6990981635308
2022Q4,Sociedades Inclusivas,3. Gobernanza,GOB_EFF,49.66637387467503,37.81682479290963,37.81682479290963,1.9044254860343202,False,True,23.6990981635308
2023Q1,Sociedades Inclusivas,3. Gobernanza,GOB_DES,20.562034795251606,34.20542307893087,34.20542307893087,2.8387381385451604,True,False,27.28677656735853
2023Q1,Sociedades Inclusivas,3. Gobernanza,GOB_EFF,47.848811362610135,34.20542307893087,34.20542307893087,2.8387381385451604,False,True,27.28677656735853
2023Q2,Sociedades Inclusivas,3. Gobernanza,GOB_DES,26.434002318071347,36.427951672880035,36.427951672880035,1.397727017945222,True,False,19.987898709617372
2023Q2,Sociedades Inclusivas,3. Gobernanza,GOB_EFF,46.42190102768872,36.427951672880035,36.427951672880035,1.397727017945222,False,True,19.987898709617372
2023Q3,Sociedades Inclusivas,3. Gobernanza,GOB_DES,32.72459181484868,38.954996906823,38.954996906823,0.5014686369686032,True,False,12.460810183948638
2023Q3,Sociedades Inclusivas,3. Gobernanza,GOB_EFF,45.18540199879732,38.954996906823,38.954996906823,0.5014686369686032,False,True,12.460810183948638
2023Q4,Sociedades Inclusivas,3. Gobernanza,GOB_DES,15.44211474104843,29.83443705011155,29.83443705011155,3.7010351925440403,True,False,28.784644618126244
2023Q4,Sociedades Inclusivas,3. Gobernanza,GOB_EFF,44.22675935917467,29.83443705011155,29.83443705011155,3.7010351925440403,False,True,28.784644618126244
2024Q1,Sociedades Inclusivas,3. Gobernanza,GOB_DES,14.936031688763872,29.233843492959096,29.233843492959096,3.7350164026272274,True,False,28.59562360839045
2024Q1,Sociedades Inclusivas,3. Gobernanza,GOB_EFF,43.53165529715432,29.233843492959096,29.233843492959096,3.7350164026272274,False,True,28.59562360839045
2024Q2,Sociedades Inclusivas,3. Gobernanza,GOB_DES,16.890406259093115,30.02825132985454,30.02825132985454,3.0265309249325476,True,False,26.275690141522855
2024Q2,Sociedades Inclusivas,3. Gobernanza,GOB_EFF,43.16609640061597,30.02825132985454,30.02825132985454,3.0265309249325476,False,True,26.275690141522855
2024Q3,Sociedades Inclusivas,3. Gobernanza,GOB_DES,21.53466182202388,32.32284017354271,32.32284017354271,1.8534915631735238,True,False,21.57635670303765
2024Q3,Sociedades Inclusivas,3. Gobernanza,GOB_EFF,43.11101852506153,32.32284017354271,32.32284017354271,1.8534915631735238,False,True,21.57635670303765
2024Q4,Sociedades Inclusivas,3. Gobernanza,GOB_DES,10.950865774414332,27.141392736164484,27.141392736164484,5.3578660161964,True,False,32.3810539235003
2024Q4,Sociedades Inclusivas,3. Gobernanza,GOB_EFF,43.331919697914635,27.141392736164484,27.141392736164484,5.3578660161964,False,True,32.3810539235003
2025Q1,Sociedades Inclusivas,3. Gobernanza,GOB_DES,14.83485684356336,29.384695833600887,29.384695833600887,3.8550555189151865,True,False,29.099677980075057
2025Q1,Sociedades Inclusivas,3. Gobernanza,GOB_EFF,43.934534823638415,29.384695833600887,29.384695833600887,3.8550555189151865,False,True,29.099677980075057
2025Q2,Sociedades Inclusivas,3. Gobernanza,GOB_DES,11.671578045276043,28.071400904109765,28.071400904109765,5.288746122058363,True,False,32.799645717667445
2025Q2,Sociedades Inclusivas,3. Gobernanza,GOB_EFF,44.47122376294349,28.071400904109765,28.071400904109765,5.288746122058363,False,True,32.799645717667445
2025Q3,Sociedades Inclusivas,3. Gobernanza,GOB_DES,6.61062734281227,25.829051736953584,25.829051736953584,8.572398601513356,True,False,38.436848788282624
2025Q3,Sociedades Inclusivas,3. Gobernanza,GOB_EFF,45.047476131094896,25.829051736953584,25.829051736953584,8.572398601513356,False,True,38.436848788282624
2025Q4,Sociedades Inclusivas,3. Gobernanza,GOB_DES,12.856737451998136,29.220451261199056,29.220451261199056,5.011699903917606,True,False,32.72742761840184
2025Q4,Sociedades Inclusivas,3. Gobernanza,GOB_EFF,45.584165070399976,29.220451261199056,29.220451261199056,5.011699903917606,False,True,32.72742761840184
2026Q1,Sociedades Inclusivas,3. Gobernanza,GOB_DES,22.74263893840348,34.36807621294153,34.36807621294153,2.0259385168284467,True,False,23.25087454907611
2026Q1,Sociedades Inclusivas,3. Gobernanza,GOB_EFF,45.99351348747959,34.36807621294153,34.36807621294153,2.0259385168284467,False,True,23.25087454907611
2016Q1,Sociedades Inclusivas,4. Capital Social,SOC_ASO,64.48550515910843,77.66708528435058,77.66708528435058,1.1267555099865092,True,False,26.363160250484285
2016Q1,Sociedades Inclusivas,4. Capital Social,SOC_PAR_enlazado,90.84866540959271,77.66708528435058,77.66708528435058,1.1267555099865092,False,True,26.363160250484285
2016Q2,Sociedades Inclusivas,4. Capital Social,SOC_ASO,64.91070889878205,77.48651254881162,77.48651254881162,1.0273156557429388,True,False,25.15160730005914
2016Q2,Sociedades Inclusivas,4. Capital Social,SOC_PAR_enlazado,90.06231619884119,77.48651254881162,77.48651254881162,1.0273156557429388,False,True,25.15160730005914
2016Q3,Sociedades Inclusivas,4. Capital Social,SOC_ASO,65.5849162793703,77.87915072514366,77.87915072514366,0.9765245212095977,True,False,24.58846889154671
2016Q3,Sociedades Inclusivas,4. Capital Social,SOC_PAR_enlazado,90.17338517091702,77.87915072514366,77.87915072514366,0.9765245212095977,False,True,24.58846889154671
2016Q4,Sociedades Inclusivas,4. Capital Social,SOC_ASO,66.08196838591913,78.66059225261498,78.66059225261498,1.0122375040928375,True,False,25.157247733391713
2016Q4,Sociedades Inclusivas,4. Capital Social,SOC_PAR_enlazado,91.23921611931084,78.66059225261498,78.66059225261498,1.0122375040928375,False,True,25.157247733391713
2017Q1,Sociedades Inclusivas,4. Capital Social,SOC_ASO,66.4592132492968,79.10517566692656,79.10517566692656,1.0173504197908443,True,False,25.291924835259522
2017Q1,Sociedades Inclusivas,4. Capital Social,SOC_PAR_enlazado,91.75113808455632,79.10517566692656,79.10517566692656,1.0173504197908443,False,True,25.291924835259522
2017Q2,Sociedades Inclusivas,4. Capital Social,SOC_ASO,67.03052117684801,79.94729974421035,79.94729974421035,1.0503570415153405,True,False,25.833557134724686
2017Q2,Sociedades Inclusivas,4. Capital Social,SOC_PAR_enlazado,92.8640783115727,79.94729974421035,79.94729974421035,1.0503570415153405,False,True,25.833557134724686
2017Q3,Sociedades Inclusivas,4. Capital Social,SOC_ASO,67.50411702441163,80.36664571202888,80.36664571202888,1.0359889722602844,True,False,25.725057375234513
2017Q3,Sociedades Inclusivas,4. Capital Social,SOC_PAR_enlazado,93.22917439964614,80.36664571202888,80.36664571202888,1.0359889722602844,False,True,25.725057375234513
2017Q4,Sociedades Inclusivas,4. Capital Social,SOC_ASO,67.66859744902082,80.5896579059224,80.5896579059224,1.0425702278515132,True,False,25.84212091380313
2017Q4,Sociedades Inclusivas,4. Capital Social,SOC_PAR_enlazado,93.51071836282395,80.5896579059224,80.5896579059224,1.0425702278515132,False,True,25.84212091380313
2018Q1,Sociedades Inclusivas,4. Capital Social,SOC_ASO,68.37827601379264,81.42219621051791,81.42219621051791,1.0516158863375153,True,False,26.08784039345052
2018Q1,Sociedades Inclusivas,4. Capital Social,SOC_PAR_enlazado,94.46611640724316,81.42219621051791,81.42219621051791,1.0516158863375153,False,True,26.08784039345052
2018Q2,Sociedades Inclusivas,4. Capital Social,SOC_ASO,69.02236422252635,81.73770398452858,81.73770398452858,0.9950734390771458,True,False,25.43067952400446
2018Q2,Sociedades Inclusivas,4. Capital Social,SOC_PAR_enlazado,94.45304374653081,81.73770398452858,81.73770398452858,0.9950734390771458,False,True,25.43067952400446
2018Q3,Sociedades Inclusivas,4. Capital Social,SOC_ASO,69.68174569786126,82.59997681411863,82.59997681411863,1.0164277706999485,True,False,25.836462232514762
2018Q3,Sociedades Inclusivas,4. Capital Social,SOC_PAR_enlazado,95.51820793037602,82.59997681411863,82.59997681411863,1.0164277706999485,False,True,25.836462232514762
2018Q4,Sociedades Inclusivas,4. Capital Social,SOC_ASO,70.27616561533065,83.1127164748585,83.1127164748585,0.997269682790332,True,False,25.673101719055694
2018Q4,Sociedades Inclusivas,4. Capital Social,SOC_PAR_enlazado,95.94926733438635,83.1127164748585,83.1127164748585,0.997269682790332,False,True,25.673101719055694
2019Q1,Sociedades Inclusivas,4. Capital Social,SOC_ASO,70.45752114410647,83.72069887865302,83.72069887865302,1.057263569491539,True,False,26.526355469093104
2019Q1,Sociedades Inclusivas,4. Capital Social,SOC_PAR_enlazado,96.98387661319957,83.72069887865302,83.72069887865302,1.057263569491539,False,True,26.526355469093104
2019Q2,Sociedades Inclusivas,4. Capital Social,SOC_ASO,71.54557910473069,84.7591356264262,84.7591356264262,1.0363012490183507,True,False,26.427113043391003
2019Q2,Sociedades Inclusivas,4. Capital Social,SOC_PAR_enlazado,97.9726921481217,84.7591356264262,84.7591356264262,1.0363012490183507,False,True,26.427113043391003
2019Q3,Sociedades Inclusivas,4. Capital Social,SOC_ASO,71.29640627497545,84.4707194806851,84.4707194806851,1.0336778196670906,True,False,26.348626411419303
2019Q3,Sociedades Inclusivas,4. Capital Social,SOC_PAR_enlazado,97.64503268639476,84.4707194806851,84.4707194806851,1.0336778196670906,False,True,26.348626411419303
2019Q4,Sociedades Inclusivas,4. Capital Social,SOC_ASO,71.92717450658486,84.37186736867123,84.37186736867123,0.9228312876895046,True,False,24.88938572417274
2019Q4,Sociedades Inclusivas,4. Capital Social,SOC_PAR_enlazado,96.8165602307576,84.37186736867123,84.37186736867123,0.9228312876895046,False,True,24.88938572417274
2020Q1,Sociedades Inclusivas,4. Capital Social,SOC_ASO,71.47779949617025,84.01687937809686,84.01687937809686,0.9409653226479406,True,False,25.078159763853222
2020Q1,Sociedades Inclusivas,4. Capital Social,SOC_PAR_enlazado,96.55595926002347,84.01687937809686,84.01687937809686,0.9409653226479406,False,True,25.078159763853222
2020Q2,Sociedades Inclusivas,4. Capital Social,SOC_ASO,67.9254570570808,83.72412940282686,83.72412940282686,1.5041087486513192,True,False,31.597344691492125
2020Q2,Sociedades Inclusivas,4. Capital Social,SOC_PAR_enlazado,99.52280174857293,83.72412940282686,83.72412940282686,1.5041087486513192,False,True,31.597344691492125
2020Q3,Sociedades Inclusivas,4. Capital Social,SOC_ASO,68.6596787759307,81.02874592294107,81.02874592294107,0.9496360143183153,True,False,24.73813429402074
2020Q3,Sociedades Inclusivas,4. Capital Social,SOC_PAR_enlazado,93.39781306995144,81.02874592294107,81.02874592294107,0.9496360143183153,False,True,24.73813429402074
2020Q4,Sociedades Inclusivas,4. Capital Social,SOC_ASO,68.39730496885487,81.25412273430769,81.25412273430769,1.0236129623519616,True,False,25.71363553090562
2020Q4,Sociedades Inclusivas,4. Capital Social,SOC_PAR_enlazado,94.11094049976049,81.25412273430769,81.25412273430769,1.0236129623519616,False,True,25.71363553090562
2021Q1,Sociedades Inclusivas,4. Capital Social,SOC_ASO,67.50157493350828,80.97894049008819,80.97894049008819,1.1293980959606813,True,False,26.954731113159824
2021Q1,Sociedades Inclusivas,4. Capital Social,SOC_PAR_enlazado,94.4563060466681,80.97894049008819,80.97894049008819,1.1293980959606813,False,True,26.954731113159824
2021Q2,Sociedades Inclusivas,4. Capital Social,SOC_ASO,69.09280399756891,81.62546034542588,81.62546034542588,0.9678611902984215,True,False,25.065312695713942
2021Q2,Sociedades Inclusivas,4. Capital Social,SOC_PAR_enlazado,94.15811669328285,81.62546034542588,81.62546034542588,0.9678611902984215,False,True,25.065312695713942
2021Q3,Sociedades Inclusivas,4. Capital Social,SOC_ASO,69.66828499404804,82.32275095809841,82.32275095809841,0.9784222284703645,True,False,25.308931928100748
2021Q3,Sociedades Inclusivas,4. Capital Social,SOC_PAR_enlazado,94.97721692214878,82.32275095809841,82.32275095809841,0.9784222284703645,False,True,25.308931928100748
2021Q4,Sociedades Inclusivas,4. Capital Social,SOC_ASO,70.70537230176032,82.4353000589017,82.4353000589017,0.8388081575129291,True,False,23.459855514282765
2021Q4,Sociedades Inclusivas,4. Capital Social,SOC_PAR_enlazado,94.16522781604309,82.4353000589017,82.4353000589017,0.8388081575129291,False,True,23.459855514282765
2022Q1,Sociedades Inclusivas,4. Capital Social,SOC_ASO,71.25929837279756,82.31531409164708,82.31531409164708,0.7458623929194346,True,False,22.11203143769903
2022Q1,Sociedades Inclusivas,4. Capital Social,SOC_PAR_enlazado,93.37132981049659,82.31531409164708,82.31531409164708,0.7458623929194346,False,True,22.11203143769903
2022Q2,Sociedades Inclusivas,4. Capital Social,SOC_ASO,73.36064544452749,83.36489338910206,83.36489338910206,0.6024594420519804,True,False,20.00849588914913
2022Q2,Sociedades Inclusivas,4. Capital Social,SOC_PAR_enlazado,93.36914133367662,83.36489338910206,83.36489338910206,0.6024594420519804,False,True,20.00849588914913
2022Q3,Sociedades Inclusivas,4. Capital Social,SOC_ASO,72.52778997213703,82.63722324224571,82.63722324224571,0.6207003694368751,True,False,20.218866540217377
2022Q3,Sociedades Inclusivas,4. Capital Social,SOC_PAR_enlazado,92.7466565123544,82.63722324224571,82.63722324224571,0.6207003694368751,False,True,20.218866540217377
2022Q4,Sociedades Inclusivas,4. Capital Social,SOC_ASO,72.72158420167379,82.58033846156182,82.58033846156182,0.5905996836559524,True,False,19.71750851977606
2022Q4,Sociedades Inclusivas,4. Capital Social,SOC_PAR_enlazado,92.43909272144985,82.58033846156182,82.58033846156182,0.5905996836559524,False,True,19.71750851977606
2023Q1,Sociedades Inclusivas,4. Capital Social,SOC_ASO,72.81739970611622,81.90837236677694,81.90837236677694,0.5060647836518939,True,False,18.18194532132145
2023Q1,Sociedades Inclusivas,4. Capital Social,SOC_PAR_enlazado,90.99934502743767,81.90837236677694,81.90837236677694,0.5060647836518939,False,True,18.18194532132145
2023Q2,Sociedades Inclusivas,4. Capital Social,SOC_ASO,74.08530215759815,82.62655498033915,82.62655498033915,0.44264786868484407,True,False,17.082505645482
2023Q2,Sociedades Inclusivas,4. Capital Social,SOC_PAR_enlazado,91.16780780308015,82.62655498033915,82.62655498033915,0.44264786868484407,False,True,17.082505645482
2023Q3,Sociedades Inclusivas,4. Capital Social,SOC_ASO,73.82412140548603,82.87565516017705,82.87565516017705,0.4957792503635545,True,False,18.103067509382043
2023Q3,Sociedades Inclusivas,4. Capital Social,SOC_PAR_enlazado,91.92718891486807,82.87565516017705,82.87565516017705,0.4957792503635545,False,True,18.103067509382043
2023Q4,Sociedades Inclusivas,4. Capital Social,SOC_ASO,73.91525734798357,82.95824444020485,82.95824444020485,0.4943450353701735,True,False,18.085974184442563
2023Q4,Sociedades Inclusivas,4. Capital Social,SOC_PAR_enlazado,92.00123153242613,82.95824444020485,82.95824444020485,0.4943450353701735,False,True,18.085974184442563
2024Q1,Sociedades Inclusivas,4. Capital Social,SOC_ASO,74.23644584894716,83.23144482639833,83.23144482639833,0.48748189685619536,True,False,17.989997954902336
2024Q1,Sociedades Inclusivas,4. Capital Social,SOC_PAR_enlazado,92.22644380384949,83.23144482639833,83.23144482639833,0.48748189685619536,False,True,17.989997954902336
2024Q2,Sociedades Inclusivas,4. Capital Social,SOC_ASO,75.0062573636568,83.70922557540287,83.70922557540287,0.4536384311215471,True,False,17.405936423492136
2024Q2,Sociedades Inclusivas,4. Capital Social,SOC_PAR_enlazado,92.41219378714894,83.70922557540287,83.70922557540287,0.4536384311215471,False,True,17.405936423492136
2024Q3,Sociedades Inclusivas,4. Capital Social,SOC_ASO,75.02963297980934,83.797514574164,83.797514574164,0.4599618073914229,True,False,17.535763188709325
2024Q3,Sociedades Inclusivas,4. Capital Social,SOC_PAR_enlazado,92.56539616851866,83.797514574164,83.797514574164,0.4599618073914229,False,True,17.535763188709325
2024Q4,Sociedades Inclusivas,4. Capital Social,SOC_ASO,75.30829038114504,84.00002220287384,84.00002220287384,0.45088978354556275,True,False,17.38346364345759
2024Q4,Sociedades Inclusivas,4. Capital Social,SOC_PAR_enlazado,92.69175402460263,84.00002220287384,84.00002220287384,0.45088978354556275,False,True,17.38346364345759
2025Q1,Sociedades Inclusivas,4. Capital Social,SOC_ASO,75.13975232486587,83.96786172439056,83.96786172439056,0.4653690250920448,True,False,17.656218799049398
2025Q1,Sociedades Inclusivas,4. Capital Social,SOC_PAR_enlazado,92.79597112391527,83.96786172439056,83.96786172439056,0.4653690250920448,False,True,17.656218799049398
2025Q2,Sociedades Inclusivas,4. Capital Social,SOC_ASO,75.05827937295044,83.9701032005988,83.9701032005988,0.4742492461408432,True,False,17.823647655296725
2025Q2,Sociedades Inclusivas,4. Capital Social,SOC_PAR_enlazado,92.88192702824716,83.9701032005988,83.9701032005988,0.4742492461408432,False,True,17.823647655296725
2025Q3,Sociedades Inclusivas,4. Capital Social,SOC_ASO,75.40770175202725,84.18026163218408,84.18026163218408,0.4583490787072009,True,False,17.545119760313654
2025Q3,Sociedades Inclusivas,4. Capital Social,SOC_PAR_enlazado,92.9528215123409,84.18026163218408,84.18026163218408,0.4583490787072009,False,True,17.545119760313654
2025Q4,Sociedades Inclusivas,4. Capital Social,SOC_ASO,75.94992552465466,84.48060960131247,84.48060960131247,0.43180932555823404,True,False,17.061368153315627
2025Q4,Sociedades Inclusivas,4. Capital Social,SOC_PAR_enlazado,93.01129367797029,84.48060960131247,84.48060960131247,0.43180932555823404,False,True,17.061368153315627
2026Q1,Sociedades Inclusivas,4. Capital Social,SOC_ASO,77.24863896359619,85.15407958006634,85.15407958006634,0.36775239349847766,True,False,15.810881232940304
2026Q1,Sociedades Inclusivas,4. Capital Social,SOC_PAR_enlazado,93.0595201965365,85.15407958006634,85.15407958006634,0.36775239349847766,False,True,15.810881232940304
2016Q1,Economías Abiertas,5. Inversión,INV_HIP,52.594284141660644,27.902188309027316,27.902188309027316,14.90863160485765,False,True,49.384191665266655
2016Q1,Economías Abiertas,5. Inversión,INV_IED,3.2100924763939895,27.902188309027316,27.902188309027316,14.90863160485765,True,False,49.384191665266655
2016Q2,Economías Abiertas,5. Inversión,INV_HIP,52.80142377575143,28.09032762570362,28.09032762570362,14.732624485475501,False,True,49.422192300095624
2016Q2,Economías Abiertas,5. Inversión,INV_IED,3.379231475655806,28.09032762570362,28.09032762570362,14.732624485475501,True,False,49.422192300095624
2016Q3,Economías Abiertas,5. Inversión,INV_HIP,49.03734495448317,26.085711667633788,26.085711667633788,13.68866029753319,False,True,45.90326657369876
2016Q3,Economías Abiertas,5. Inversión,INV_IED,3.1340783807844095,26.085711667633788,26.085711667633788,13.68866029753319,True,False,45.90326657369876
2016Q4,Economías Abiertas,5. Inversión,INV_HIP,55.387857735381814,29.35851440090795,29.35851440090795,15.779278288209982,False,True,52.05868666894773
2016Q4,Economías Abiertas,5. Inversión,INV_IED,3.329171066434088,29.35851440090795,29.35851440090795,15.779278288209982,True,False,52.05868666894773
2017Q1,Economías Abiertas,5. Inversión,INV_HIP,52.919106770335446,28.13718311986829,28.13718311986829,14.812118988562297,False,True,49.56384730093431
2017Q1,Economías Abiertas,5. Inversión,INV_IED,3.355259469401131,28.13718311986829,28.13718311986829,14.812118988562297,True,False,49.56384730093431
2017Q2,Economías Abiertas,5. Inversión,INV_HIP,55.271203463061504,29.223029279383077,29.223029279383077,15.976216003714505,False,True,52.09634836735685
2017Q2,Economías Abiertas,5. Inversión,INV_IED,3.1748550957046477,29.223029279383077,29.223029279383077,15.976216003714505,True,False,52.09634836735685
2017Q3,Economías Abiertas,5. Inversión,INV_HIP,60.972135069975074,32.22885704811868,32.22885704811868,17.650681744386862,False,True,57.48655604371279
2017Q3,Economías Abiertas,5. Inversión,INV_IED,3.485579026262284,32.22885704811868,32.22885704811868,17.650681744386862,True,False,57.48655604371279
2017Q4,Economías Abiertas,5. Inversión,INV_HIP,54.82443409460941,29.00550849208128,29.00550849208128,15.787997243161666,False,True,51.63785120505626
2017Q4,Economías Abiertas,5. Inversión,INV_IED,3.186582889553148,29.00550849208128,29.00550849208128,15.787997243161666,True,False,51.63785120505626
2018Q1,Economías Abiertas,5. Inversión,INV_HIP,58.56271242853036,30.88775277929389,30.88775277929389,17.170979100038593,False,True,55.34991929847294
2018Q1,Economías Abiertas,5. Inversión,INV_IED,3.212793130057424,30.88775277929389,30.88775277929389,17.170979100038593,True,False,55.34991929847294
2018Q2,Economías Abiertas,5. Inversión,INV_HIP,58.94896395926725,31.108634413553077,31.108634413553077,17.228317923568667,False,True,55.68065909142835
2018Q2,Economías Abiertas,5. Inversión,INV_IED,3.2683048678389013,31.108634413553077,31.108634413553077,17.228317923568667,True,False,55.68065909142835
2018Q3,Economías Abiertas,5. Inversión,INV_HIP,69.1381562846155,36.10018275382668,36.10018275382668,21.54973603083629,False,True,66.07594706157765
2018Q3,Economías Abiertas,5. Inversión,INV_IED,3.0622092230378484,36.10018275382668,36.10018275382668,21.54973603083629,True,False,66.07594706157765
2018Q4,Economías Abiertas,5. Inversión,INV_HIP,60.77032820882388,31.825893007306444,31.825893007306444,18.593087689548774,False,True,57.888870403034865
2018Q4,Economías Abiertas,5. Inversión,INV_IED,2.88145780578901,31.825893007306444,31.825893007306444,18.593087689548774,True,False,57.888870403034865
2019Q1,Economías Abiertas,5. Inversión,INV_HIP,63.5649679865182,33.16599900840303,33.16599900840303,19.903790470871186,False,True,60.797937956230335
2019Q1,Economías Abiertas,5. Inversión,INV_IED,2.7670300302878625,33.16599900840303,33.16599900840303,19.903790470871186,True,False,60.797937956230335
2019Q2,Economías Abiertas,5. Inversión,INV_HIP,66.96436386083015,35.51213168088484,35.51213168088484,19.02369368878512,False,True,62.90446435989061
2019Q2,Economías Abiertas,5. Inversión,INV_IED,4.059899500939534,35.51213168088484,35.51213168088484,19.02369368878512,True,False,62.90446435989061
2019Q3,Economías Abiertas,5. Inversión,INV_HIP,59.74702339340306,32.08241259699697,32.08241259699697,15.835858884676277,False,True,55.32922159281218
2019Q3,Economías Abiertas,5. Inversión,INV_IED,4.417801800590877,32.08241259699697,32.08241259699697,15.835858884676277,True,False,55.32922159281218
2019Q4,Economías Abiertas,5. Inversión,INV_HIP,63.8445827640698,34.609999377757816,34.609999377757816,16.084579243327187,False,True,58.469166772623964
2019Q4,Economías Abiertas,5. Inversión,INV_IED,5.375415991445831,34.609999377757816,34.609999377757816,16.084579243327187,True,False,58.469166772623964
2020Q1,Economías Abiertas,5. Inversión,INV_HIP,69.06590999925676,37.40724292737781,37.40724292737781,17.481615643405444,False,True,63.31733414375791
2020Q1,Economías Abiertas,5. Inversión,INV_IED,5.748575855498849,37.40724292737781,37.40724292737781,17.481615643405444,True,False,63.31733414375791
2020Q2,Economías Abiertas,5. Inversión,INV_HIP,51.13146333918858,29.705709010934328,29.705709010934328,9.129844525873217,False,True,42.8515086565085
2020Q2,Economías Abiertas,5. Inversión,INV_IED,8.279954682680076,29.705709010934328,29.705709010934328,9.129844525873217,True,False,42.8515086565085
2020Q3,Economías Abiertas,5. Inversión,INV_HIP,52.82362540980803,29.22311152249381,29.22311152249381,11.989249758199684,False,True,47.20102777462844
2020Q3,Economías Abiertas,5. Inversión,INV_IED,5.622597635179587,29.22311152249381,29.22311152249381,11.989249758199684,True,False,47.20102777462844
2020Q4,Economías Abiertas,5. Inversión,INV_HIP,58.10026350989877,31.567221732110852,31.567221732110852,14.46496510023876,False,True,53.06608355557583
2020Q4,Economías Abiertas,5. Inversión,INV_IED,5.034179954322936,31.567221732110852,31.567221732110852,14.46496510023876,True,False,53.06608355557583
2021Q1,Economías Abiertas,5. Inversión,INV_HIP,67.10238974339346,36.16615145794301,36.16615145794301,17.43276756648595,False,True,61.8724765709009
2021Q1,Economías Abiertas,5. Inversión,INV_IED,5.229913172492557,36.16615145794301,36.16615145794301,17.43276756648595,True,False,61.8724765709009
2021Q2,Economías Abiertas,5. Inversión,INV_HIP,74.72499568579096,38.64123699290104,38.64123699290104,24.817071378483806,False,True,72.16751738577983
2021Q2,Economías Abiertas,5. Inversión,INV_IED,2.5574783000111334,38.64123699290104,38.64123699290104,24.817071378483806,True,False,72.16751738577983
2021Q3,Economías Abiertas,5. Inversión,INV_HIP,79.22364752524051,41.653698614079815,41.653698614079815,23.666771498939504,False,True,75.13989782232139
2021Q3,Economías Abiertas,5. Inversión,INV_IED,4.083749702919116,41.653698614079815,41.653698614079815,23.666771498939504,True,False,75.13989782232139
2021Q4,Economías Abiertas,5. Inversión,INV_HIP,77.14625285296228,41.188714123626355,41.188714123626355,21.099772397240557,False,True,71.91507745867185
2021Q4,Economías Abiertas,5. Inversión,INV_IED,5.231175394290434,41.188714123626355,41.188714123626355,21.099772397240557,True,False,71.91507745867185
2022Q1,Economías Abiertas,5. Inversión,INV_HIP,81.11098004625605,45.75410610280192,45.75410610280192,16.713966808832428,False,True,70.71374788690825
2022Q1,Economías Abiertas,5. Inversión,INV_IED,10.397232159347794,45.75410610280192,45.75410610280192,16.713966808832428,True,False,70.71374788690825
2022Q2,Economías Abiertas,5. Inversión,INV_HIP,75.68073436811133,43.19296492591431,43.19296492591431,14.729355601692735,False,True,64.97553888439404
2022Q2,Economías Abiertas,5. Inversión,INV_IED,10.705195483717294,43.19296492591431,43.19296492591431,14.729355601692735,True,False,64.97553888439404
2022Q3,Economías Abiertas,5. Inversión,INV_HIP,77.23733475034352,43.31582620903688,43.31582620903688,16.37901016753809,False,True,67.84301708261329
2022Q3,Economías Abiertas,5. Inversión,INV_IED,9.39431766773024,43.31582620903688,43.31582620903688,16.37901016753809,True,False,67.84301708261329
2022Q4,Economías Abiertas,5. Inversión,INV_HIP,78.23229094741154,43.38672894972008,43.38672894972008,17.53725974779025,False,True,69.69112399538292
2022Q4,Economías Abiertas,5. Inversión,INV_IED,8.541166952028611,43.38672894972008,43.38672894972008,17.53725974779025,True,False,69.69112399538292
2023Q1,Economías Abiertas,5. Inversión,INV_HIP,74.42449825383997,38.93583791691386,38.93583791691386,22.918520358019226,False,True,70.97732067385222
2023Q1,Economías Abiertas,5. Inversión,INV_IED,3.447177579987748,38.93583791691386,38.93583791691386,22.918520358019226,True,False,70.97732067385222
2023Q2,Economías Abiertas,5. Inversión,INV_HIP,67.73497303801965,35.47371533045895,35.47371533045895,20.7225889167645,False,True,64.52251541512139
2023Q2,Economías Abiertas,5. Inversión,INV_IED,3.2124576228982606,35.47371533045895,35.47371533045895,20.7225889167645,True,False,64.52251541512139
2023Q3,Economías Abiertas,5. Inversión,INV_HIP,60.11826143503116,31.90469024676969,31.90469024676969,17.008259112191737,False,True,56.42714237652294
2023Q3,Economías Abiertas,5. Inversión,INV_IED,3.6911190585082188,31.90469024676969,31.90469024676969,17.008259112191737,True,False,56.42714237652294
2023Q4,Economías Abiertas,5. Inversión,INV_HIP,60.27909919105782,32.008885695429896,32.008885695429896,16.996764180643453,False,True,56.540426991255835
2023Q4,Economías Abiertas,5. Inversión,INV_IED,3.7386721998019823,32.008885695429896,32.008885695429896,16.996764180643453,True,False,56.540426991255835
2024Q1,Economías Abiertas,5. Inversión,INV_HIP,60.068411199200575,32.38051334513583,32.38051334513583,15.59129189453256,False,True,55.37579570812948
2024Q1,Economías Abiertas,5. Inversión,INV_IED,4.692615491071093,32.38051334513583,32.38051334513583,15.59129189453256,True,False,55.37579570812948
2024Q2,Economías Abiertas,5. Inversión,INV_HIP,66.69974439453719,36.12645801446423,36.12645801446423,16.88080581473632,False,True,61.14657276014593
2024Q2,Economías Abiertas,5. Inversión,INV_IED,5.553171634391263,36.12645801446423,36.12645801446423,16.88080581473632,True,False,61.14657276014593
2024Q3,Economías Abiertas,5. Inversión,INV_HIP,72.67505020889683,38.56527285601212,38.56527285601212,20.57073592406251,False,True,68.21955470576943
2024Q3,Economías Abiertas,5. Inversión,INV_IED,4.455495503127409,38.56527285601212,38.56527285601212,20.57073592406251,True,False,68.21955470576943
2024Q4,Economías Abiertas,5. Inversión,INV_HIP,77.1843881969832,41.60403923887533,41.60403923887533,20.041691291373205,False,True,71.16069791621575
2024Q4,Economías Abiertas,5. Inversión,INV_IED,6.023690280767448,41.60403923887533,41.60403923887533,20.041691291373205,True,False,71.16069791621575
2025Q1,Economías Abiertas,5. Inversión,INV_HIP,77.98458998395874,41.80668870294024,41.80668870294024,20.855347953350208,False,True,72.355802562037
2025Q1,Economías Abiertas,5. Inversión,INV_IED,5.628787421921748,41.80668870294024,41.80668870294024,20.855347953350208,True,False,72.355802562037
2025Q2,Economías Abiertas,5. Inversión,INV_HIP,80.2519873776899,43.042273353560724,43.042273353560724,21.407244403148667,False,True,74.41942804825835
2025Q2,Economías Abiertas,5. Inversión,INV_IED,5.832559329431546,43.042273353560724,43.042273353560724,21.407244403148667,True,False,74.41942804825835
2025Q3,Economías Abiertas,5. Inversión,INV_HIP,81.59459561876628,45.09994187999095,45.09994187999095,18.601922971675293,False,True,72.98930747755065
2025Q3,Economías Abiertas,5. Inversión,INV_IED,8.605288141215626,45.09994187999095,45.09994187999095,18.601922971675293,True,False,72.98930747755065
2025Q4,Economías Abiertas,5. Inversión,INV_HIP,85.44267016362484,46.676028663182,46.676028663182,20.679891285826656,False,True,77.53328300088567
2025Q4,Economías Abiertas,5. Inversión,INV_IED,7.909387162739168,46.676028663182,46.676028663182,20.679891285826656,True,False,77.53328300088567
2026Q1,Economías Abiertas,5. Inversión,INV_HIP,86.10987226220439,46.737551925549525,46.737551925549525,21.553843872499197,False,True,78.74464067330973
2026Q1,Economías Abiertas,5. Inversión,INV_IED,7.365231588894659,46.737551925549525,46.737551925549525,21.553843872499197,True,False,78.74464067330973
2016Q1,Economías Abiertas,6. Empresas,EMP_NAT,92.47353468025987,67.44711780918574,67.44711780918574,4.814920343653732,False,True,50.052833742148266
2016Q1,Economías Abiertas,6. Empresas,EMP_SOC,42.42070093811161,67.44711780918574,67.44711780918574,4.814920343653732,True,False,50.052833742148266
2016Q2,Economías Abiertas,6. Empresas,EMP_NAT,92.13368025257127,67.7088235286371,67.7088235286371,4.5589133335512315,False,True,48.849713447868346
2016Q2,Economías Abiertas,6. Empresas,EMP_SOC,43.28396680470292,67.7088235286371,67.7088235286371,4.5589133335512315,True,False,48.849713447868346
2016Q3,Economías Abiertas,6. Empresas,EMP_NAT,91.55392387286723,66.960426551814,66.960426551814,4.679943143925911,False,True,49.18699464210648
2016Q3,Economías Abiertas,6. Empresas,EMP_SOC,42.36692923076075,66.960426551814,66.960426551814,4.679943143925911,True,False,49.18699464210648
2016Q4,Economías Abiertas,6. Empresas,EMP_NAT,88.35336708576862,63.772125037284596,63.772125037284596,4.927868978388759,False,True,49.16248409696806
2016Q4,Economías Abiertas,6. Empresas,EMP_SOC,39.19088298880057,63.772125037284596,63.772125037284596,4.927868978388759,True,False,49.16248409696806
2017Q1,Economías Abiertas,6. Empresas,EMP_NAT,83.5149759546172,61.74086917464308,61.74086917464308,3.966971951289011,False,True,43.54821355994823
2017Q1,Economías Abiertas,6. Empresas,EMP_SOC,39.96676239466897,61.74086917464308,61.74086917464308,3.966971951289011,True,False,43.54821355994823
2017Q2,Economías Abiertas,6. Empresas,EMP_NAT,81.0660130482441,59.26548941810853,59.26548941810853,4.155277973950255,False,True,43.60104726027115
2017Q2,Economías Abiertas,6. Empresas,EMP_SOC,37.46496578797295,59.26548941810853,59.26548941810853,4.155277973950255,True,False,43.60104726027115
2017Q3,Economías Abiertas,6. Empresas,EMP_NAT,82.07259950629513,59.87107273694392,59.87107273694392,4.268576751761657,False,True,44.40305353870242
2017Q3,Economías Abiertas,6. Empresas,EMP_SOC,37.66954596759271,59.87107273694392,59.87107273694392,4.268576751761657,True,False,44.40305353870242
2017Q4,Economías Abiertas,6. Empresas,EMP_NAT,86.16887270173196,62.4891769245791,62.4891769245791,4.660384436642424,False,True,47.35939155430571
2017Q4,Economías Abiertas,6. Empresas,EMP_SOC,38.80948114742625,62.4891769245791,62.4891769245791,4.660384436642424,True,False,47.35939155430571
2018Q1,Economías Abiertas,6. Empresas,EMP_NAT,96.01266806998258,67.57809153022656,67.57809153022656,6.273333869238833,False,True,56.86915307951204
2018Q1,Economías Abiertas,6. Empresas,EMP_SOC,39.14351499047054,67.57809153022656,67.57809153022656,6.273333869238833,True,False,56.86915307951204
2018Q2,Economías Abiertas,6. Empresas,EMP_NAT,100.7766417364384,71.16680088081925,71.16680088081925,6.452267179995246,False,True,59.2196817112383
2018Q2,Economías Abiertas,6. Empresas,EMP_SOC,41.556960025200105,71.16680088081925,71.16680088081925,6.452267179995246,True,False,59.2196817112383
2018Q3,Economías Abiertas,6. Empresas,EMP_NAT,100.82887759894616,70.11312268846196,70.11312268846196,7.086204840558402,False,True,61.43150982096841
2018Q3,Economías Abiertas,6. Empresas,EMP_SOC,39.397367777977756,70.11312268846196,70.11312268846196,7.086204840558402,True,False,61.43150982096841
2018Q4,Economías Abiertas,6. Empresas,EMP_NAT,99.78954712351246,69.933338674112,69.933338674112,6.693488301629337,False,True,59.712416898800946
2018Q4,Economías Abiertas,6. Empresas,EMP_SOC,40.07713022471152,69.933338674112,69.933338674112,6.693488301629337,True,False,59.712416898800946
2019Q1,Economías Abiertas,6. Empresas,EMP_NAT,96.14986696877432,68.13622825331048,68.13622825331048,6.02518538244334,False,True,56.027277430927676
2019Q1,Economías Abiertas,6. Empresas,EMP_SOC,40.12258953784664,68.13622825331048,68.13622825331048,6.02518538244334,True,False,56.027277430927676
2019Q2,Economías Abiertas,6. Empresas,EMP_NAT,94.89373504347036,66.30663789009935,66.30663789009935,6.478984546244348,False,True,57.174194306742
2019Q2,Economías Abiertas,6. Empresas,EMP_SOC,37.719540736728355,66.30663789009935,66.30663789009935,6.478984546244348,True,False,57.174194306742
2019Q3,Economías Abiertas,6. Empresas,EMP_NAT,92.67847532460408,65.53732631357204,65.53732631357204,5.884169056872054,False,True,54.28229802206407
2019Q3,Economías Abiertas,6. Empresas,EMP_SOC,38.39617730254001,65.53732631357204,65.53732631357204,5.884169056872054,True,False,54.28229802206407
2019Q4,Economías Abiertas,6. Empresas,EMP_NAT,90.92189617874327,64.84543497527085,64.84543497527085,5.47415733838757,False,True,52.15292240694484
2019Q4,Economías Abiertas,6. Empresas,EMP_SOC,38.76897377179843,64.84543497527085,64.84543497527085,5.47415733838757,True,False,52.15292240694484
2020Q1,Economías Abiertas,6. Empresas,EMP_NAT,83.43728441930756,58.45455719419435,58.45455719419435,5.60762164287857,False,True,49.96545445022641
2020Q1,Economías Abiertas,6. Empresas,EMP_SOC,33.47182996908115,58.45455719419435,58.45455719419435,5.60762164287857,True,False,49.96545445022641
2020Q2,Economías Abiertas,6. Empresas,EMP_NAT,63.014470089484774,41.26361137950821,41.26361137950821,6.198161582625296,False,True,43.501717419953124
2020Q2,Economías Abiertas,6. Empresas,EMP_SOC,19.51275266953165,41.26361137950821,41.26361137950821,6.198161582625296,True,False,43.501717419953124
2020Q3,Economías Abiertas,6. Empresas,EMP_NAT,75.806528431414,58.917943642714164,58.917943642714164,2.47239654712002,False,True,33.777169577399654
2020Q3,Economías Abiertas,6. Empresas,EMP_SOC,42.02935885401434,58.917943642714164,58.917943642714164,2.47239654712002,True,False,33.777169577399654
2020Q4,Economías Abiertas,6. Empresas,EMP_NAT,72.83973914138,56.6528590183633,56.6528590183633,2.3616871131848782,False,True,32.37376024603339
2020Q4,Economías Abiertas,6. Empresas,EMP_SOC,40.4659788953466,56.6528590183633,56.6528590183633,2.3616871131848782,True,False,32.37376024603339
2021Q1,Economías Abiertas,6. Empresas,EMP_NAT,75.98011930167058,59.32770766177158,59.32770766177158,2.3849813222645295,False,True,33.304823279798
2021Q1,Economías Abiertas,6. Empresas,EMP_SOC,42.67529602187258,59.32770766177158,59.32770766177158,2.3849813222645295,True,False,33.304823279798
2021Q2,Economías Abiertas,6. Empresas,EMP_NAT,80.3925513753266,62.803985929926384,62.803985929926384,2.513165614896117,False,True,35.17713089080045
2021Q2,Economías Abiertas,6. Empresas,EMP_SOC,45.215420484526156,62.803985929926384,62.803985929926384,2.513165614896117,True,False,35.17713089080045
2021Q3,Economías Abiertas,6. Empresas,EMP_NAT,82.85323881375105,62.453079622195546,62.453079622195546,3.425792209885188,False,True,40.800318383111005
2021Q3,Economías Abiertas,6. Empresas,EMP_SOC,42.05292043064004,62.453079622195546,62.453079622195546,3.425792209885188,True,False,40.800318383111005
2021Q4,Economías Abiertas,6. Empresas,EMP_NAT,81.58709235581766,62.56826717344004,62.56826717344004,2.960613757380038,False,True,38.03765036475524
2021Q4,Economías Abiertas,6. Empresas,EMP_SOC,43.54944199106242,62.56826717344004,62.56826717344004,2.960613757380038,True,False,38.03765036475524
2022Q1,Economías Abiertas,6. Empresas,EMP_NAT,77.764302376519,60.243312214943835,60.243312214943835,2.604162582205639,False,True,35.04198032315033
2022Q1,Economías Abiertas,6. Empresas,EMP_SOC,42.72232205336867,60.243312214943835,60.243312214943835,2.604162582205639,True,False,35.04198032315033
2022Q2,Economías Abiertas,6. Empresas,EMP_NAT,77.95393835952879,59.40221683580771,59.40221683580771,2.9712236360187774,False,True,37.10344304744216
2022Q2,Economías Abiertas,6. Empresas,EMP_SOC,40.85049531208663,59.40221683580771,59.40221683580771,2.9712236360187774,True,False,37.10344304744216
2022Q3,Economías Abiertas,6. Empresas,EMP_NAT,76.2408756713591,59.262758726567775,59.262758726567775,2.4840821226491556,False,True,33.95623388958266
2022Q3,Economías Abiertas,6. Empresas,EMP_SOC,42.28464178177644,59.262758726567775,59.262758726567775,2.4840821226491556,True,False,33.95623388958266
2022Q4,Economías Abiertas,6. Empresas,EMP_NAT,76.48427777878454,59.80655108177699,59.80655108177699,2.372441142498552,False,True,33.35545339401512
2022Q4,Economías Abiertas,6. Empresas,EMP_SOC,43.12882438476942,59.80655108177699,59.80655108177699,2.372441142498552,True,False,33.35545339401512
2023Q1,Economías Abiertas,6. Empresas,EMP_NAT,78.29299242309716,63.49511579041209,63.49511579041209,1.7484350990447979,False,True,29.595753265370135
2023Q1,Economías Abiertas,6. Empresas,EMP_SOC,48.697239157727026,63.49511579041209,63.49511579041209,1.7484350990447979,True,False,29.595753265370135
2023Q2,Economías Abiertas,6. Empresas,EMP_NAT,79.36502484350902,63.786480582057905,63.786480582057905,1.9316176872194575,False,True,31.15708852290222
2023Q2,Economías Abiertas,6. Empresas,EMP_SOC,48.2079363206068,63.786480582057905,63.786480582057905,1.9316176872194575,True,False,31.15708852290222
2023Q3,Economías Abiertas,6. Empresas,EMP_NAT,80.64621903136427,63.08102719623561,63.08102719623561,2.494889937557822,False,True,35.13038367025732
2023Q3,Economías Abiertas,6. Empresas,EMP_SOC,45.51583536110695,63.08102719623561,63.08102719623561,2.494889937557822,True,False,35.13038367025732
2023Q4,Economías Abiertas,6. Empresas,EMP_NAT,83.35231408861057,64.39510556961814,64.39510556961814,2.853624709228484,False,True,37.91441703798487
2023Q4,Economías Abiertas,6. Empresas,EMP_SOC,45.4378970506257,64.39510556961814,64.39510556961814,2.853624709228484,True,False,37.91441703798487
2024Q1,Economías Abiertas,6. Empresas,EMP_NAT,83.35632773562422,65.231543851741,65.231543851741,2.5685841191833987,False,True,36.24956776776644
2024Q1,Economías Abiertas,6. Empresas,EMP_SOC,47.106759967857776,65.231543851741,65.231543851741,2.5685841191833987,True,False,36.24956776776644
2024Q2,Economías Abiertas,6. Empresas,EMP_NAT,83.39531043165269,65.12967660236352,65.12967660236352,2.613747471118984,False,True,36.531267658578344
2024Q2,Economías Abiertas,6. Empresas,EMP_SOC,46.864042773074345,65.12967660236352,65.12967660236352,2.613747471118984,True,False,36.531267658578344
2024Q3,Economías Abiertas,6. Empresas,EMP_NAT,83.35282874445134,67.01605769647996,67.01605769647996,2.021735629824846,False,True,32.67354209594277
2024Q3,Economías Abiertas,6. Empresas,EMP_SOC,50.67928664850857,67.01605769647996,67.01605769647996,2.021735629824846,True,False,32.67354209594277
2024Q4,Economías Abiertas,6. Empresas,EMP_NAT,83.23586421656445,66.85242653837355,66.85242653837355,2.0386170228585456,False,True,32.76687535638181
2024Q4,Economías Abiertas,6. Empresas,EMP_SOC,50.46898886018264,66.85242653837355,66.85242653837355,2.0386170228585456,True,False,32.76687535638181
2025Q1,Economías Abiertas,6. Empresas,EMP_NAT,83.17792400939138,63.13623113168339,63.13623113168339,3.265418308497388,False,True,40.083385755415975
2025Q1,Economías Abiertas,6. Empresas,EMP_SOC,43.0945382539754,63.13623113168339,63.13623113168339,3.265418308497388,True,False,40.083385755415975
2025Q2,Economías Abiertas,6. Empresas,EMP_NAT,83.07755463030341,68.4556310012048,68.4556310012048,1.5798299580926596,False,True,29.243847258197242
2025Q2,Economías Abiertas,6. Empresas,EMP_SOC,53.83370737210617,68.4556310012048,68.4556310012048,1.5798299580926596,True,False,29.243847258197242
2025Q3,Economías Abiertas,6. Empresas,EMP_NAT,82.93187319052616,68.78325488235508,68.78325488235508,1.4709027307573024,False,True,28.29723661634217
2025Q3,Economías Abiertas,6. Empresas,EMP_SOC,54.63463657418399,68.78325488235508,68.78325488235508,1.4709027307573024,True,False,28.29723661634217
2025Q4,Economías Abiertas,6. Empresas,EMP_NAT,82.74400605028363,69.32196981525357,69.32196981525357,1.3117908537740561,False,True,26.844072470060127
2025Q4,Economías Abiertas,6. Empresas,EMP_SOC,55.899933580223504,69.32196981525357,69.32196981525357,1.3117908537740561,True,False,26.844072470060127
2026Q1,Economías Abiertas,6. Empresas,EMP_NAT,82.59415882270572,69.94835550840423,69.94835550840423,1.1525991213558768,False,True,25.291606628602985
2026Q1,Economías Abiertas,6. Empresas,EMP_SOC,57.30255219410274,69.94835550840423,69.94835550840423,1.1525991213558768,True,False,25.291606628602985
2016Q1,Economías Abiertas,7. Infraestructura,INF_BAN,71.60141854805578,49.176109395923056,49.176109395923056,5.410880677783524,False,True,44.85061830426544
2016Q1,Economías Abiertas,7. Infraestructura,INF_TRA,26.750800243790334,49.176109395923056,49.176109395923056,5.410880677783524,True,False,44.85061830426544
2016Q2,Economías Abiertas,7. Infraestructura,INF_BAN,70.40772918183548,48.30805966330216,48.30805966330216,5.351415990818019,False,True,44.199339037066636
2016Q2,Economías Abiertas,7. Infraestructura,INF_TRA,26.208390144768845,48.30805966330216,48.30805966330216,5.351415990818019,True,False,44.199339037066636
2016Q3,Economías Abiertas,7. Infraestructura,INF_BAN,72.29079143323273,49.41565360373953,49.41565360373953,5.613428884366378,False,True,45.75027565898639
2016Q3,Economías Abiertas,7. Infraestructura,INF_TRA,26.540515774246337,49.41565360373953,49.41565360373953,5.613428884366378,True,False,45.75027565898639
2016Q4,Economías Abiertas,7. Infraestructura,INF_BAN,72.56921474351773,49.38677040065011,49.38677040065011,5.779117805074932,False,True,46.36488868573525
2016Q4,Economías Abiertas,7. Infraestructura,INF_TRA,26.204326057782477,49.38677040065011,49.38677040065011,5.779117805074932,True,False,46.36488868573525
2017Q1,Economías Abiertas,7. Infraestructura,INF_BAN,73.24401070274702,50.19301766892574,50.19301766892574,5.606127859612805,False,True,46.10198606764256
2017Q1,Economías Abiertas,7. Infraestructura,INF_TRA,27.142024635104463,50.19301766892574,50.19301766892574,5.606127859612805,True,False,46.10198606764256
2017Q2,Economías Abiertas,7. Infraestructura,INF_BAN,73.70939591035543,50.27801504000403,50.27801504000403,5.79375729783866,False,True,46.862761740702794
2017Q2,Economías Abiertas,7. Infraestructura,INF_TRA,26.846634169652628,50.27801504000403,50.27801504000403,5.79375729783866,True,False,46.862761740702794
2017Q3,Economías Abiertas,7. Infraestructura,INF_BAN,76.07237019829003,51.58048348231047,51.58048348231047,6.185618559496483,False,True,48.98377343195913
2017Q3,Economías Abiertas,7. Infraestructura,INF_TRA,27.0885967663309,51.58048348231047,51.58048348231047,6.185618559496483,True,False,48.98377343195913
2017Q4,Economías Abiertas,7. Infraestructura,INF_BAN,76.03086600778188,51.67162467053672,51.67162467053672,6.102071704036554,False,True,48.71848267449032
2017Q4,Economías Abiertas,7. Infraestructura,INF_TRA,27.312383333291567,51.67162467053672,51.67162467053672,6.102071704036554,True,False,48.71848267449032
2018Q1,Economías Abiertas,7. Infraestructura,INF_BAN,75.17399855773964,51.634269108984576,51.634269108984576,5.677997677345871,False,True,47.07945889751012
2018Q1,Economías Abiertas,7. Infraestructura,INF_TRA,28.09453966022951,51.634269108984576,51.634269108984576,5.677997677345871,True,False,47.07945889751012
2018Q2,Economías Abiertas,7. Infraestructura,INF_BAN,76.43665393633636,52.52441343204384,52.52441343204384,5.758841047594821,False,True,47.824481008585025
2018Q2,Economías Abiertas,7. Infraestructura,INF_TRA,28.612172927751335,52.52441343204384,52.52441343204384,5.758841047594821,True,False,47.824481008585025
2018Q3,Economías Abiertas,7. Infraestructura,INF_BAN,78.08806816880481,52.79661765683581,52.79661765683581,6.451980782622094,False,True,50.58290102393801
2018Q3,Economías Abiertas,7. Infraestructura,INF_TRA,27.505167144866803,52.79661765683581,52.79661765683581,6.451980782622094,True,False,50.58290102393801
2018Q4,Economías Abiertas,7. Infraestructura,INF_BAN,78.66511371051087,52.969083279625025,52.969083279625025,6.650212356654102,False,True,51.39206086177168
2018Q4,Economías Abiertas,7. Infraestructura,INF_TRA,27.273052848739187,52.969083279625025,52.969083279625025,6.650212356654102,True,False,51.39206086177168
2019Q1,Economías Abiertas,7. Infraestructura,INF_BAN,80.9309706354322,53.89778545454511,53.89778545454511,7.269701900960776,False,True,54.06637036177419
2019Q1,Economías Abiertas,7. Infraestructura,INF_TRA,26.864600273658017,53.89778545454511,53.89778545454511,7.269701900960776,True,False,54.06637036177419
2019Q2,Economías Abiertas,7. Infraestructura,INF_BAN,82.52322794314793,54.917074255324195,54.917074255324195,7.4430253093047725,False,True,55.21230737564748
2019Q2,Economías Abiertas,7. Infraestructura,INF_TRA,27.310920567500453,54.917074255324195,54.917074255324195,7.4430253093047725,True,False,55.21230737564748
2019Q3,Economías Abiertas,7. Infraestructura,INF_BAN,84.76868087165163,55.66917854056035,55.66917854056035,8.211024304817073,False,True,58.199004662182546
2019Q3,Economías Abiertas,7. Infraestructura,INF_TRA,26.569676209469083,55.66917854056035,55.66917854056035,8.211024304817073,True,False,58.199004662182546
2019Q4,Economías Abiertas,7. Infraestructura,INF_BAN,85.39700590784228,55.87348590396152,55.87348590396152,8.437126498536642,False,True,59.04704000776152
2019Q4,Economías Abiertas,7. Infraestructura,INF_TRA,26.349965900080768,55.87348590396152,55.87348590396152,8.437126498536642,True,False,59.04704000776152
2020Q1,Economías Abiertas,7. Infraestructura,INF_BAN,87.66872650328276,54.88053653599093,54.88053653599093,10.871356935059737,False,True,65.57637993458366
2020Q1,Economías Abiertas,7. Infraestructura,INF_TRA,22.0923465686991,54.88053653599093,54.88053653599093,10.871356935059737,True,False,65.57637993458366
2020Q2,Economías Abiertas,7. Infraestructura,INF_BAN,89.24773532795588,47.61121056623363,47.61121056623363,24.519498257512833,False,True,83.2730495234445
2020Q2,Economías Abiertas,7. Infraestructura,INF_TRA,5.974685804511385,47.61121056623363,47.61121056623363,24.519498257512833,True,False,83.2730495234445
2020Q3,Economías Abiertas,7. Infraestructura,INF_BAN,90.36785562360491,53.42562347578175,53.42562347578175,14.830692102447976,False,True,73.88446429564632
2020Q3,Economías Abiertas,7. Infraestructura,INF_TRA,16.48339132795859,53.42562347578175,53.42562347578175,14.830692102447976,True,False,73.88446429564632
2020Q4,Economías Abiertas,7. Infraestructura,INF_BAN,90.15259557291911,51.69836981296686,51.69836981296686,17.14415208891893,False,True,76.9084515199045
2020Q4,Economías Abiertas,7. Infraestructura,INF_TRA,13.244144053014612,51.69836981296686,51.69836981296686,17.14415208891893,True,False,76.9084515199045
2021Q1,Economías Abiertas,7. Infraestructura,INF_BAN,89.30372569807582,51.567903421755936,51.567903421755936,16.421689110033157,False,True,75.47164455263977
2021Q1,Economías Abiertas,7. Infraestructura,INF_TRA,13.832081145436048,51.567903421755936,51.567903421755936,16.421689110033157,True,False,75.47164455263977
2021Q2,Economías Abiertas,7. Infraestructura,INF_BAN,88.79409990323373,52.8049320021223,52.8049320021223,14.163753998153908,False,True,71.97833580222286
2021Q2,Economías Abiertas,7. Infraestructura,INF_TRA,16.815764101010863,52.8049320021223,52.8049320021223,14.163753998153908,True,False,71.97833580222286
2021Q3,Economías Abiertas,7. Infraestructura,INF_BAN,89.20510718112509,54.265051683247435,54.265051683247435,12.74531714663528,False,True,69.8801109957553
2021Q3,Economías Abiertas,7. Infraestructura,INF_TRA,19.324996185369784,54.265051683247435,54.265051683247435,12.74531714663528,True,False,69.8801109957553
2021Q4,Economías Abiertas,7. Infraestructura,INF_BAN,89.62374180480674,54.85758870135707,54.85758870135707,12.423290821991166,False,True,69.53230620689934
2021Q4,Economías Abiertas,7. Infraestructura,INF_TRA,20.09143559790741,54.85758870135707,54.85758870135707,12.423290821991166,True,False,69.53230620689934
2022Q1,Economías Abiertas,7. Infraestructura,INF_BAN,89.95735929245305,55.459276135548194,55.459276135548194,12.035623963278503,False,True,68.99616631380971
2022Q1,Economías Abiertas,7. Infraestructura,INF_TRA,20.96119297864334,55.459276135548194,55.459276135548194,12.035623963278503,True,False,68.99616631380971
2022Q2,Economías Abiertas,7. Infraestructura,INF_BAN,91.53933219107782,57.347061676139404,57.347061676139404,11.308228937675992,False,True,68.38454102987683
2022Q2,Economías Abiertas,7. Infraestructura,INF_TRA,23.15479116120099,57.347061676139404,57.347061676139404,11.308228937675992,True,False,68.38454102987683
2022Q3,Economías Abiertas,7. Infraestructura,INF_BAN,92.69492342774645,57.76027940840102,57.76027940840102,11.762230269571567,False,True,69.86928803869085
2022Q3,Economías Abiertas,7. Infraestructura,INF_TRA,22.8256353890556,57.76027940840102,57.76027940840102,11.762230269571567,True,False,69.86928803869085
2022Q4,Economías Abiertas,7. Infraestructura,INF_BAN,91.99718819183596,57.81545684895586,57.81545684895586,11.186750100251736,False,True,68.3634626857602
2022Q4,Economías Abiertas,7. Infraestructura,INF_TRA,23.63372550607576,57.81545684895586,57.81545684895586,11.186750100251736,True,False,68.3634626857602
2023Q1,Economías Abiertas,7. Infraestructura,INF_BAN,91.01802175409797,58.257800380227536,58.257800380227536,10.083749266817485,False,True,65.52044274774087
2023Q1,Economías Abiertas,7. Infraestructura,INF_TRA,25.497579006357096,58.257800380227536,58.257800380227536,10.083749266817485,True,False,65.52044274774087
2023Q2,Economías Abiertas,7. Infraestructura,INF_BAN,91.137118674737,58.740913078073106,58.740913078073106,9.741109688830576,False,True,64.79241119332778
2023Q2,Economías Abiertas,7. Infraestructura,INF_TRA,26.34470748140922,58.740913078073106,58.740913078073106,9.741109688830576,True,False,64.79241119332778
2023Q3,Economías Abiertas,7. Infraestructura,INF_BAN,92.38543931526385,59.67169074523892,59.67169074523892,9.766567452207944,False,True,65.42749714004987
2023Q3,Economías Abiertas,7. Infraestructura,INF_TRA,26.957942175213983,59.67169074523892,59.67169074523892,9.766567452207944,True,False,65.42749714004987
2023Q4,Economías Abiertas,7. Infraestructura,INF_BAN,94.02384903400403,61.071135592082555,61.071135592082555,9.653217710072397,False,True,65.90542688384295
2023Q4,Economías Abiertas,7. Infraestructura,INF_TRA,28.118422150161077,61.071135592082555,61.071135592082555,9.653217710072397,True,False,65.90542688384295
2024Q1,Economías Abiertas,7. Infraestructura,INF_BAN,92.8584983200618,60.94143311111077,60.94143311111077,9.026510226803651,False,True,63.83413041790207
2024Q1,Economías Abiertas,7. Infraestructura,INF_TRA,29.02436790215973,60.94143311111077,60.94143311111077,9.026510226803651,True,False,63.83413041790207
2024Q2,Economías Abiertas,7. Infraestructura,INF_BAN,92.56992824908228,60.873965801855434,60.873965801855434,8.902765344395824,False,True,63.3919248944537
2024Q2,Economías Abiertas,7. Infraestructura,INF_TRA,29.17800335462858,60.873965801855434,60.873965801855434,8.902765344395824,True,False,63.3919248944537
2024Q3,Economías Abiertas,7. Infraestructura,INF_BAN,93.22826452664057,61.54401766475502,61.54401766475502,8.78252971080537,False,True,63.36849372377112
2024Q3,Economías Abiertas,7. Infraestructura,INF_TRA,29.859770802869456,61.54401766475502,61.54401766475502,8.78252971080537,True,False,63.36849372377112
2024Q4,Economías Abiertas,7. Infraestructura,INF_BAN,93.00248707528647,61.593692547040455,61.593692547040455,8.610010267854065,False,True,62.817589056492025
2024Q4,Economías Abiertas,7. Infraestructura,INF_TRA,30.184898018794442,61.593692547040455,61.593692547040455,8.610010267854065,True,False,62.817589056492025
2025Q1,Economías Abiertas,7. Infraestructura,INF_BAN,91.04535038119542,61.07483716001756,61.07483716001756,7.8591996896098095,False,True,59.94102644235572
2025Q1,Economías Abiertas,7. Infraestructura,INF_TRA,31.104323938839695,61.07483716001756,61.07483716001756,7.8591996896098095,True,False,59.94102644235572
2025Q2,Economías Abiertas,7. Infraestructura,INF_BAN,90.88697971861323,60.30070644363866,60.30070644363866,8.332879042924091,False,True,61.17254654994915
2025Q2,Economías Abiertas,7. Infraestructura,INF_TRA,29.71443316866408,60.30070644363866,60.30070644363866,8.332879042924091,True,False,61.17254654994915
2025Q3,Economías Abiertas,7. Infraestructura,INF_BAN,94.94428813348,63.146975478917284,63.146975478917284,8.589928087375228,False,True,63.59462530912543
2025Q3,Economías Abiertas,7. Infraestructura,INF_TRA,31.349662824354564,63.146975478917284,63.146975478917284,8.589928087375228,True,False,63.59462530912543
2025Q4,Economías Abiertas,7. Infraestructura,INF_BAN,96.16384819295274,63.93906036077,63.93906036077,8.714369424658877,False,True,64.44957566436548
2025Q4,Economías Abiertas,7. Infraestructura,INF_TRA,31.71427252858725,63.93906036077,63.93906036077,8.714369424658877,True,False,64.44957566436548
2026Q1,Economías Abiertas,7. Infraestructura,INF_BAN,96.6674779512479,64.36560731281895,64.36560731281895,8.692269367207885,False,True,64.6037412768579
2026Q1,Economías Abiertas,7. Infraestructura,INF_TRA,32.06373667439,64.36560731281895,64.36560731281895,8.692269367207885,True,False,64.6037412768579
2016Q1,Economías Abiertas,8. Calidad Económica,ECO_RBHpc,50.59527604967962,65.66911381318414,65.66911381318414,1.7534512249853407,True,False,30.147675527009035
2016Q1,Economías Abiertas,8. Calidad Económica,ECO_COL_sal,80.74295157668865,65.66911381318414,65.66911381318414,1.7534512249853407,False,True,30.147675527009035
2016Q2,Economías Abiertas,8. Calidad Económica,ECO_RBHpc,50.521784967485004,65.39684624368482,65.39684624368482,1.7141951474132924,True,False,29.750122552399617
2016Q2,Economías Abiertas,8. Calidad Económica,ECO_COL_sal,80.27190751988462,65.39684624368482,65.39684624368482,1.7141951474132924,False,True,29.750122552399617
2016Q3,Economías Abiertas,8. Calidad Económica,ECO_RBHpc,50.663003387491024,65.18428719706942,65.18428719706942,1.6380550986065714,True,False,29.04256761915679
2016Q3,Economías Abiertas,8. Calidad Económica,ECO_COL_sal,79.70557100664782,65.18428719706942,65.18428719706942,1.6380550986065714,False,True,29.04256761915679
2016Q4,Economías Abiertas,8. Calidad Económica,ECO_RBHpc,50.548775209067976,64.87702375592504,64.87702375592504,1.601993096064028,True,False,28.656497093714115
2016Q4,Economías Abiertas,8. Calidad Económica,ECO_COL_sal,79.20527230278209,64.87702375592504,64.87702375592504,1.601993096064028,False,True,28.656497093714115
2017Q1,Economías Abiertas,8. Calidad Económica,ECO_RBHpc,50.60583473652122,64.58575506591856,64.58575506591856,1.5311629649578933,True,False,27.959840658794704
2017Q1,Economías Abiertas,8. Calidad Económica,ECO_COL_sal,78.56567539531592,64.58575506591856,64.58575506591856,1.5311629649578933,False,True,27.959840658794704
2017Q2,Economías Abiertas,8. Calidad Económica,ECO_RBHpc,50.86017149075275,64.90732408832736,64.90732408832736,1.5382604672858164,True,False,28.094305195149232
2017Q2,Economías Abiertas,8. Calidad Económica,ECO_COL_sal,78.95447668590198,64.90732408832736,64.90732408832736,1.5382604672858164,False,True,28.094305195149232
2017Q3,Economías Abiertas,8. Calidad Económica,ECO_RBHpc,51.16484256334519,64.86224986290271,64.86224986290271,1.4627822740684167,True,False,27.39481459911505
2017Q3,Economías Abiertas,8. Calidad Económica,ECO_COL_sal,78.55965716246024,64.86224986290271,64.86224986290271,1.4627822740684167,False,True,27.39481459911505
2017Q4,Economías Abiertas,8. Calidad Económica,ECO_RBHpc,51.5936040967257,64.76893849916625,64.76893849916625,1.354224451930719,True,False,26.35066880488111
2017Q4,Economías Abiertas,8. Calidad Económica,ECO_COL_sal,77.94427290160681,64.76893849916625,64.76893849916625,1.354224451930719,False,True,26.35066880488111
2018Q1,Economías Abiertas,8. Calidad Económica,ECO_RBHpc,51.97851522949195,64.45849685099071,64.45849685099071,1.2196806459396328,True,False,24.959963242997546
2018Q1,Economías Abiertas,8. Calidad Económica,ECO_COL_sal,76.93847847248949,64.45849685099071,64.45849685099071,1.2196806459396328,False,True,24.959963242997546
2018Q2,Economías Abiertas,8. Calidad Económica,ECO_RBHpc,52.46061904658701,64.62132050905068,64.62132050905068,1.154538612736708,True,False,24.321402924927327
2018Q2,Economías Abiertas,8. Calidad Económica,ECO_COL_sal,76.78202197151434,64.62132050905068,64.62132050905068,1.154538612736708,False,True,24.321402924927327
2018Q3,Economías Abiertas,8. Calidad Económica,ECO_RBHpc,52.79070176831419,64.90465410937279,64.90465410937279,1.1405083553843625,True,False,24.22790468211717
2018Q3,Economías Abiertas,8. Calidad Económica,ECO_COL_sal,77.01860645043136,64.90465410937279,64.90465410937279,1.1405083553843625,False,True,24.22790468211717
2018Q4,Economías Abiertas,8. Calidad Económica,ECO_RBHpc,52.98068970708798,64.49394496755771,64.49394496755771,1.0359754855011403,True,False,23.026510520939446
2018Q4,Economías Abiertas,8. Calidad Económica,ECO_COL_sal,76.00720022802743,64.49394496755771,64.49394496755771,1.0359754855011403,False,True,23.026510520939446
2019Q1,Economías Abiertas,8. Calidad Económica,ECO_RBHpc,53.11592904416538,65.52791795667669,65.52791795667669,1.1862474547954918,True,False,24.82397782502263
2019Q1,Economías Abiertas,8. Calidad Económica,ECO_COL_sal,77.93990686918801,65.52791795667669,65.52791795667669,1.1862474547954918,False,True,24.82397782502263
2019Q2,Economías Abiertas,8. Calidad Económica,ECO_RBHpc,53.61166083039159,65.86046568289602,65.86046568289602,1.149046909597672,True,False,24.497609705008863
2019Q2,Economías Abiertas,8. Calidad Económica,ECO_COL_sal,78.10927053540046,65.86046568289602,65.86046568289602,1.149046909597672,False,True,24.497609705008863
2019Q3,Economías Abiertas,8. Calidad Económica,ECO_RBHpc,54.58060649648478,66.37633071736491,66.37633071736491,1.0565161921694397,True,False,23.591448441760257
2019Q3,Economías Abiertas,8. Calidad Económica,ECO_COL_sal,78.17205493824504,66.37633071736491,66.37633071736491,1.0565161921694397,False,True,23.591448441760257
2019Q4,Economías Abiertas,8. Calidad Económica,ECO_RBHpc,55.73312527016393,66.89730193677687,66.89730193677687,0.9381466527911329,True,False,22.32835333322587
2019Q4,Economías Abiertas,8. Calidad Económica,ECO_COL_sal,78.0614786033898,66.89730193677687,66.89730193677687,0.9381466527911329,False,True,22.32835333322587
2020Q1,Economías Abiertas,8. Calidad Económica,ECO_RBHpc,55.3186391051817,67.02576116731524,67.02576116731524,1.0303374389968525,True,False,23.414244124267086
2020Q1,Economías Abiertas,8. Calidad Económica,ECO_COL_sal,78.73288322944879,67.02576116731524,67.02576116731524,1.0303374389968525,False,True,23.414244124267086
2020Q2,Economías Abiertas,8. Calidad Económica,ECO_RBHpc,49.18863289281152,60.84815240616429,60.84815240616429,1.127525685059453,True,False,23.319039026705546
2020Q2,Economías Abiertas,8. Calidad Económica,ECO_COL_sal,72.50767191951707,60.84815240616429,60.84815240616429,1.127525685059453,False,True,23.319039026705546
2020Q3,Economías Abiertas,8. Calidad Económica,ECO_RBHpc,55.67671209478602,67.18553027149648,67.18553027149648,0.9930640684791427,True,False,23.01763635342092
2020Q3,Economías Abiertas,8. Calidad Económica,ECO_COL_sal,78.69434844820694,67.18553027149648,67.18553027149648,0.9930640684791427,False,True,23.01763635342092
2020Q4,Economías Abiertas,8. Calidad Económica,ECO_RBHpc,55.62952104750517,67.28280868367656,67.28280868367656,1.0168503669595736,True,False,23.306575272342776
2020Q4,Economías Abiertas,8. Calidad Económica,ECO_COL_sal,78.93609631984795,67.28280868367656,67.28280868367656,1.0168503669595736,False,True,23.306575272342776
2021Q1,Economías Abiertas,8. Calidad Económica,ECO_RBHpc,55.176753806833126,66.76565428326063,66.76565428326063,1.0134681780113652,True,False,23.177800952855
2021Q1,Economías Abiertas,8. Calidad Económica,ECO_COL_sal,78.35455475968813,66.76565428326063,66.76565428326063,1.0134681780113652,False,True,23.177800952855
2021Q2,Economías Abiertas,8. Calidad Económica,ECO_RBHpc,55.19180791813256,67.52130075098458,67.52130075098458,1.1352354843222088,True,False,24.658985665704044
2021Q2,Economías Abiertas,8. Calidad Económica,ECO_COL_sal,79.8507935838366,67.52130075098458,67.52130075098458,1.1352354843222088,False,True,24.658985665704044
2021Q3,Economías Abiertas,8. Calidad Económica,ECO_RBHpc,55.2991996595387,67.62152122309087,67.62152122309087,1.1321948329901659,True,False,24.64464312710433
2021Q3,Economías Abiertas,8. Calidad Económica,ECO_COL_sal,79.94384278664303,67.62152122309087,67.62152122309087,1.1321948329901659,False,True,24.64464312710433
2021Q4,Economías Abiertas,8. Calidad Económica,ECO_RBHpc,54.7294774250155,66.00579707129543,66.00579707129543,0.9703462598191237,True,False,22.552639292559846
2021Q4,Economías Abiertas,8. Calidad Económica,ECO_COL_sal,77.28211671757535,66.00579707129543,66.00579707129543,0.9703462598191237,False,True,22.552639292559846
2022Q1,Economías Abiertas,8. Calidad Económica,ECO_RBHpc,52.9697946704637,64.7964294753763,64.7964294753763,1.0884395373108617,True,False,23.653269609825188
2022Q1,Economías Abiertas,8. Calidad Económica,ECO_COL_sal,76.62306428028889,64.7964294753763,64.7964294753763,1.0884395373108617,False,True,23.653269609825188
2022Q2,Economías Abiertas,8. Calidad Económica,ECO_RBHpc,52.444244960814814,64.38240238393675,64.38240238393675,1.1165021369008343,True,False,23.876314846243872
2022Q2,Economías Abiertas,8. Calidad Económica,ECO_COL_sal,76.32055980705869,64.38240238393675,64.38240238393675,1.1165021369008343,False,True,23.876314846243872
2022Q3,Economías Abiertas,8. Calidad Económica,ECO_RBHpc,52.459934895620606,63.7434606525667,63.7434606525667,1.0066228102140755,True,False,22.56705151389218
2022Q3,Economías Abiertas,8. Calidad Económica,ECO_COL_sal,75.02698640951279,63.7434606525667,63.7434606525667,1.0066228102140755,False,True,22.56705151389218
2022Q4,Economías Abiertas,8. Calidad Económica,ECO_RBHpc,52.573995045947974,63.737091429622566,63.737091429622566,0.98518227112082,True,False,22.32619276734919
2022Q4,Economías Abiertas,8. Calidad Económica,ECO_COL_sal,74.90018781329717,63.737091429622566,63.737091429622566,0.98518227112082,False,True,22.32619276734919
2023Q1,Economías Abiertas,8. Calidad Económica,ECO_RBHpc,53.38198757309536,65.03384814118809,65.03384814118809,1.052323078457384,True,False,23.303721136185445
2023Q1,Economías Abiertas,8. Calidad Económica,ECO_COL_sal,76.6857087092808,65.03384814118809,65.03384814118809,1.052323078457384,False,True,23.303721136185445
2023Q2,Economías Abiertas,8. Calidad Económica,ECO_RBHpc,53.97678406582918,65.4812817740737,65.4812817740737,1.0185421855592267,True,False,23.008995416489014
2023Q2,Economías Abiertas,8. Calidad Económica,ECO_COL_sal,76.9857794823182,65.4812817740737,65.4812817740737,1.0185421855592267,False,True,23.008995416489014
2023Q3,Economías Abiertas,8. Calidad Económica,ECO_RBHpc,54.72110893230734,65.3898234374636,65.3898234374636,0.8762005350863831,True,False,21.33742901031254
2023Q3,Economías Abiertas,8. Calidad Económica,ECO_COL_sal,76.05853794261988,65.3898234374636,65.3898234374636,0.8762005350863831,False,True,21.33742901031254
2023Q4,Economías Abiertas,8. Calidad Económica,ECO_RBHpc,55.38511401612537,65.69628767344929,65.69628767344929,0.8142261164895217,True,False,20.622347314647854
2023Q4,Economías Abiertas,8. Calidad Económica,ECO_COL_sal,76.00746133077322,65.69628767344929,65.69628767344929,0.8142261164895217,False,True,20.622347314647854
2024Q1,Economías Abiertas,8. Calidad Económica,ECO_RBHpc,55.89826013869925,65.9374805569986,65.9374805569986,0.7687350143892075,True,False,20.078440836598695
2024Q1,Economías Abiertas,8. Calidad Económica,ECO_COL_sal,75.97670097529794,65.9374805569986,65.9374805569986,0.7687350143892075,False,True,20.078440836598695
2024Q2,Economías Abiertas,8. Calidad Económica,ECO_RBHpc,56.36656142034353,66.35210277578152,66.35210277578152,0.7556813291301268,True,False,19.971082710875976
2024Q2,Economías Abiertas,8. Calidad Económica,ECO_COL_sal,76.3376441312195,66.35210277578152,66.35210277578152,0.7556813291301268,False,True,19.971082710875976
2024Q3,Economías Abiertas,8. Calidad Económica,ECO_RBHpc,56.8185288860582,66.74778335764147,66.74778335764147,0.7426586414712375,True,False,19.858508943166527
2024Q3,Economías Abiertas,8. Calidad Económica,ECO_COL_sal,76.67703782922473,66.74778335764147,66.74778335764147,0.7426586414712375,False,True,19.858508943166527
2024Q4,Economías Abiertas,8. Calidad Económica,ECO_RBHpc,57.23734062661327,67.00096785486272,67.00096785486272,0.7152131496763587,True,False,19.527254456498916
2024Q4,Economías Abiertas,8. Calidad Económica,ECO_COL_sal,76.76459508311218,67.00096785486272,67.00096785486272,0.7152131496763587,False,True,19.527254456498916
2025Q1,Economías Abiertas,8. Calidad Económica,ECO_RBHpc,57.536183394829855,67.27220205760506,67.27220205760506,0.7082545313552373,True,False,19.47203732555041
2025Q1,Economías Abiertas,8. Calidad Económica,ECO_COL_sal,77.00822072038027,67.27220205760506,67.27220205760506,0.7082545313552373,False,True,19.47203732555041
2025Q2,Economías Abiertas,8. Calidad Económica,ECO_RBHpc,57.885637807466026,67.42814770222238,67.42814770222238,0.678648771809506,True,False,19.0850197895127
2025Q2,Economías Abiertas,8. Calidad Económica,ECO_COL_sal,76.97065759697873,67.42814770222238,67.42814770222238,0.678648771809506,False,True,19.0850197895127
2025Q3,Economías Abiertas,8. Calidad Económica,ECO_RBHpc,58.1753018823983,67.71778979226374,67.71778979226374,0.6757136099191712,True,False,19.0849758197309
2025Q3,Economías Abiertas,8. Calidad Económica,ECO_COL_sal,77.2602777021292,67.71778979226374,67.71778979226374,0.6757136099191712,False,True,19.0849758197309
2025Q4,Economías Abiertas,8. Calidad Económica,ECO_RBHpc,58.41802112043243,67.96721679797629,67.96721679797629,0.6741605352749502,True,False,19.098391355087728
2025Q4,Economías Abiertas,8. Calidad Económica,ECO_COL_sal,77.51641247552016,67.96721679797629,67.96721679797629,0.6741605352749502,False,True,19.098391355087728
2026Q1,Economías Abiertas,8. Calidad Económica,ECO_RBHpc,58.67980349717753,68.0285933068983,68.0285933068983,0.6454378716633755,True,False,18.697579619441527
2026Q1,Economías Abiertas,8. Calidad Económica,ECO_COL_sal,77.37738311661906,68.0285933068983,68.0285933068983,0.6454378716633755,False,True,18.697579619441527
2016Q1,Personas Empoderadas,9. Vida,VID_ARO,69.45711004810887,71.41595526854539,71.41595526854539,0.02686932173376988,True,False,3.917690440873045
2016Q1,Personas Empoderadas,9. Vida,VID_PAR,73.37480048898192,71.41595526854539,71.41595526854539,0.02686932173376988,False,True,3.917690440873045
2016Q2,Personas Empoderadas,9. Vida,VID_ARO,69.57016993390816,71.45241681326137,71.45241681326137,0.02479599931292853,True,False,3.764493758706408
2016Q2,Personas Empoderadas,9. Vida,VID_PAR,73.33466369261457,71.45241681326137,71.45241681326137,0.02479599931292853,False,True,3.764493758706408
2016Q3,Personas Empoderadas,9. Vida,VID_ARO,70.30779520162002,72.53252869268502,72.53252869268502,0.034126783064209576,True,False,4.449466982129977
2016Q3,Personas Empoderadas,9. Vida,VID_PAR,74.75726218375,72.53252869268502,72.53252869268502,0.034126783064209576,False,True,4.449466982129977
2016Q4,Personas Empoderadas,9. Vida,VID_ARO,71.50854702242833,73.0934328286095,73.0934328286095,0.01718456933021173,True,False,3.169771612362325
2016Q4,Personas Empoderadas,9. Vida,VID_PAR,74.67831863479066,73.0934328286095,73.0934328286095,0.01718456933021173,False,True,3.169771612362325
2017Q1,Personas Empoderadas,9. Vida,VID_ARO,73.94837233441571,75.13468221470902,75.13468221470902,0.009365973289931162,True,False,2.372619760586602
2017Q1,Personas Empoderadas,9. Vida,VID_PAR,76.32099209500231,75.13468221470902,75.13468221470902,0.009365973289931162,False,True,2.372619760586602
2017Q2,Personas Empoderadas,9. Vida,VID_ARO,75.07137205173132,76.27619052675409,76.27619052675409,0.00951593217160962,True,False,2.4096369500455523
2017Q2,Personas Empoderadas,9. Vida,VID_PAR,77.48100900177687,76.27619052675409,76.27619052675409,0.00951593217160962,False,True,2.4096369500455523
2017Q3,Personas Empoderadas,9. Vida,VID_ARO,75.61579652059022,76.80527533229028,76.80527533229028,0.009211246782371063,True,False,2.3789576234001117
2017Q3,Personas Empoderadas,9. Vida,VID_PAR,77.99475414399033,76.80527533229028,76.80527533229028,0.009211246782371063,False,True,2.3789576234001117
2017Q4,Personas Empoderadas,9. Vida,VID_ARO,75.33674906568552,76.94480522772004,76.94480522772004,0.016805078804736695,True,False,3.21611232406903
2017Q4,Personas Empoderadas,9. Vida,VID_PAR,78.55286138975455,76.94480522772004,76.94480522772004,0.016805078804736695,False,True,3.21611232406903
2018Q1,Personas Empoderadas,9. Vida,VID_ARO,74.24651929539822,76.36963885079226,76.36963885079226,0.029517672253760452,True,False,4.246239110788096
2018Q1,Personas Empoderadas,9. Vida,VID_PAR,78.49275840618631,76.36963885079226,76.36963885079226,0.029517672253760452,False,True,4.246239110788096
2018Q2,Personas Empoderadas,9. Vida,VID_ARO,73.8654602684363,76.82515120620634,76.82515120620634,0.057032254330593446,True,False,5.919381875540097
2018Q2,Personas Empoderadas,9. Vida,VID_PAR,79.78484214397639,76.82515120620634,76.82515120620634,0.057032254330593446,False,True,5.919381875540097
2018Q3,Personas Empoderadas,9. Vida,VID_ARO,73.7802930484868,77.31413115834025,77.31413115834025,0.0808037343428083,True,False,7.067676219706897
2018Q3,Personas Empoderadas,9. Vida,VID_PAR,80.8479692681937,77.31413115834025,77.31413115834025,0.0808037343428083,False,True,7.067676219706897
2018Q4,Personas Empoderadas,9. Vida,VID_ARO,73.73259286774754,77.72776877014478,77.72776877014478,0.10274311801374836,True,False,7.9903518047944715
2018Q4,Personas Empoderadas,9. Vida,VID_PAR,81.72294467254201,77.72776877014478,77.72776877014478,0.10274311801374836,False,True,7.9903518047944715
2019Q1,Personas Empoderadas,9. Vida,VID_ARO,73.9318741975905,78.06813184503878,78.06813184503878,0.10965198268975485,True,False,8.27251529489655
2019Q1,Personas Empoderadas,9. Vida,VID_PAR,82.20438949248705,78.06813184503878,78.06813184503878,0.10965198268975485,False,True,8.27251529489655
2019Q2,Personas Empoderadas,9. Vida,VID_ARO,74.22863720473207,78.05430365176164,78.05430365176164,0.0938098436956949,True,False,7.651332894059152
2019Q2,Personas Empoderadas,9. Vida,VID_PAR,81.87997009879122,78.05430365176164,78.05430365176164,0.0938098436956949,False,True,7.651332894059152
2019Q3,Personas Empoderadas,9. Vida,VID_ARO,74.8213061904595,78.51572533177551,78.51572533177551,0.0869653544362734,True,False,7.388838282632051
2019Q3,Personas Empoderadas,9. Vida,VID_PAR,82.21014447309155,78.51572533177551,78.51572533177551,0.0869653544362734,False,True,7.388838282632051
2019Q4,Personas Empoderadas,9. Vida,VID_ARO,75.68624503193453,78.9225824728116,78.9225824728116,0.06638332432024185,True,False,6.472674881754145
2019Q4,Personas Empoderadas,9. Vida,VID_PAR,82.15891991368868,78.9225824728116,78.9225824728116,0.06638332432024185,False,True,6.472674881754145
2020Q1,Personas Empoderadas,9. Vida,VID_ARO,77.53377019849528,79.72145585513985,79.72145585513985,0.030022469042918942,True,False,4.375371313289136
2020Q1,Personas Empoderadas,9. Vida,VID_PAR,81.90914151178441,79.72145585513985,79.72145585513985,0.030022469042918942,False,True,4.375371313289136
2020Q2,Personas Empoderadas,9. Vida,VID_ARO,78.24251818183726,79.88537515082692,79.88537515082692,0.01689460957838662,True,False,3.285713937979324
2020Q2,Personas Empoderadas,9. Vida,VID_PAR,81.52823211981658,79.88537515082692,79.88537515082692,0.01689460957838662,False,True,3.285713937979324
2020Q3,Personas Empoderadas,9. Vida,VID_ARO,78.11446125615738,79.2067774344855,79.2067774344855,0.007532255489721251,True,False,2.1846323566562376
2020Q3,Personas Empoderadas,9. Vida,VID_PAR,80.29909361281362,79.2067774344855,79.2067774344855,0.007532255489721251,False,True,2.1846323566562376
2020Q4,Personas Empoderadas,9. Vida,VID_ARO,76.95010156681774,78.58962133394772,78.58962133394772,0.017103515396939883,True,False,3.279039534259951
2020Q4,Personas Empoderadas,9. Vida,VID_PAR,80.22914110107769,78.58962133394772,78.58962133394772,0.017103515396939883,False,True,3.279039534259951
2021Q1,Personas Empoderadas,9. Vida,VID_ARO,74.24358717273613,77.23304771183999,77.23304771183999,0.05787823004038728,True,False,5.978921078207705
2021Q1,Personas Empoderadas,9. Vida,VID_PAR,80.22250825094383,77.23304771183999,77.23304771183999,0.05787823004038728,False,True,5.978921078207705
2021Q2,Personas Empoderadas,9. Vida,VID_ARO,73.10529307091052,77.03991868901426,77.03991868901426,0.10054130099990743,True,False,7.869251236207475
2021Q2,Personas Empoderadas,9. Vida,VID_PAR,80.974544307118,77.03991868901426,77.03991868901426,0.10054130099990743,False,True,7.869251236207475
2021Q3,Personas Empoderadas,9. Vida,VID_ARO,73.04492752804191,77.26029140254636,77.26029140254636,0.11508199190373603,True,False,8.43072774900891
2021Q3,Personas Empoderadas,9. Vida,VID_PAR,81.47565527705082,77.26029140254636,77.26029140254636,0.11508199190373603,False,True,8.43072774900891
2021Q4,Personas Empoderadas,9. Vida,VID_ARO,73.9268303606741,78.4146672384934,78.4146672384934,0.12852952381412308,True,False,8.975673755638596
2021Q4,Personas Empoderadas,9. Vida,VID_PAR,82.9025041163127,78.4146672384934,78.4146672384934,0.12852952381412308,False,True,8.975673755638596
2022Q1,Personas Empoderadas,9. Vida,VID_ARO,76.16347745376268,79.90091925182334,79.90091925182334,0.0874590706452949,True,False,7.474883596121316
2022Q1,Personas Empoderadas,9. Vida,VID_PAR,83.638361049884,79.90091925182334,79.90091925182334,0.0874590706452949,False,True,7.474883596121316
2022Q2,Personas Empoderadas,9. Vida,VID_ARO,77.28640564906021,80.70894315251925,80.70894315251925,0.07260059016095965,True,False,6.845075006918094
2022Q2,Personas Empoderadas,9. Vida,VID_PAR,84.13148065597831,80.70894315251925,80.70894315251925,0.07260059016095965,False,True,6.845075006918094
2022Q3,Personas Empoderadas,9. Vida,VID_ARO,77.62455695381585,81.26647298738985,81.26647298738985,0.0816463298514094,True,False,7.283832067147998
2022Q3,Personas Empoderadas,9. Vida,VID_PAR,84.90838902096385,81.26647298738985,81.26647298738985,0.0816463298514094,False,True,7.283832067147998
2022Q4,Personas Empoderadas,9. Vida,VID_ARO,77.15795645125655,80.69691484629061,80.69691484629061,0.07763775211358848,True,False,7.07791679006813
2022Q4,Personas Empoderadas,9. Vida,VID_PAR,84.23587324132468,80.69691484629061,80.69691484629061,0.07763775211358848,False,True,7.07791679006813
2023Q1,Personas Empoderadas,9. Vida,VID_ARO,75.83443522863847,80.42975227701723,80.42975227701723,0.1313829749745139,True,False,9.190634096757535
2023Q1,Personas Empoderadas,9. Vida,VID_PAR,85.025069325396,80.42975227701723,80.42975227701723,0.1313829749745139,False,True,9.190634096757535
2023Q2,Personas Empoderadas,9. Vida,VID_ARO,75.30561322987492,80.02082899931219,80.02082899931219,0.1390425021085946,True,False,9.430431538874544
2023Q2,Personas Empoderadas,9. Vida,VID_PAR,84.73604476874947,80.02082899931219,80.02082899931219,0.1390425021085946,False,True,9.430431538874544
2023Q3,Personas Empoderadas,9. Vida,VID_ARO,75.30438354728967,80.15731702234734,80.15731702234734,0.14703950184524217,True,False,9.705866950115336
2023Q3,Personas Empoderadas,9. Vida,VID_PAR,85.01025049740501,80.15731702234734,80.15731702234734,0.14703950184524217,False,True,9.705866950115336
2023Q4,Personas Empoderadas,9. Vida,VID_ARO,75.7015702127967,80.72501771122415,80.72501771122415,0.15645399243871339,True,False,10.046894996854903
2023Q4,Personas Empoderadas,9. Vida,VID_PAR,85.7484652096516,80.72501771122415,80.72501771122415,0.15645399243871339,False,True,10.046894996854903
2024Q1,Personas Empoderadas,9. Vida,VID_ARO,76.31732843231083,81.0860366787997,81.0860366787997,0.14034645420818492,True,False,9.53741649297774
2024Q1,Personas Empoderadas,9. Vida,VID_PAR,85.85474492528857,81.0860366787997,81.0860366787997,0.14034645420818492,False,True,9.53741649297774
2024Q2,Personas Empoderadas,9. Vida,VID_ARO,76.72577937440846,81.74217994209744,81.74217994209744,0.15406985839268827,True,False,10.032801135377966
2024Q2,Personas Empoderadas,9. Vida,VID_PAR,86.75858050978643,81.74217994209744,81.74217994209744,0.15406985839268827,False,True,10.032801135377966
2024Q3,Personas Empoderadas,9. Vida,VID_ARO,77.15136782234701,82.39626692727946,82.39626692727946,0.1671003443049841,True,False,10.489798209864887
2024Q3,Personas Empoderadas,9. Vida,VID_PAR,87.6411660322119,82.39626692727946,82.39626692727946,0.1671003443049841,False,True,10.489798209864887
2024Q4,Personas Empoderadas,9. Vida,VID_ARO,77.60317842959358,82.64141418800673,82.64141418800673,0.15372104874909098,True,False,10.076471516826302
2024Q4,Personas Empoderadas,9. Vida,VID_PAR,87.67964994641989,82.64141418800673,82.64141418800673,0.15372104874909098,False,True,10.076471516826302
2025Q1,Personas Empoderadas,9. Vida,VID_ARO,78.23786535545679,82.9859525952869,82.9859525952869,0.1359435686719621,True,False,9.49617447966024
2025Q1,Personas Empoderadas,9. Vida,VID_PAR,87.73403983511703,82.9859525952869,82.9859525952869,0.1359435686719621,False,True,9.49617447966024
2025Q2,Personas Empoderadas,9. Vida,VID_ARO,78.54130970939808,83.39023517171398,83.39023517171398,0.1410955734294106,True,False,9.697850924631808
2025Q2,Personas Empoderadas,9. Vida,VID_PAR,88.23916063402989,83.39023517171398,83.39023517171398,0.1410955734294106,False,True,9.697850924631808
2025Q3,Personas Empoderadas,9. Vida,VID_ARO,78.90062016135052,83.592741224214,83.592741224214,0.13178996370034213,True,False,9.38424212572697
2025Q3,Personas Empoderadas,9. Vida,VID_PAR,88.28486228707749,83.592741224214,83.592741224214,0.13178996370034213,False,True,9.38424212572697
2025Q4,Personas Empoderadas,9. Vida,VID_ARO,78.63899557098536,83.73034974560359,83.73034974560359,0.15493720585176618,True,False,10.182708349236464
2025Q4,Personas Empoderadas,9. Vida,VID_PAR,88.82170392022182,83.73034974560359,83.73034974560359,0.15493720585176618,False,True,10.182708349236464
2026Q1,Personas Empoderadas,9. Vida,VID_ARO,78.0321706281515,83.74273576331686,83.74273576331686,0.19493364404058866,True,False,11.421130270330707
2026Q1,Personas Empoderadas,9. Vida,VID_PAR,89.45330089848221,83.74273576331686,83.74273576331686,0.19493364404058866,False,True,11.421130270330707
2016Q1,Personas Empoderadas,10. Salud,SAL_ESP,95.85119547165797,96.84990540106678,96.84990540106678,0.005149452835510715,True,False,1.997419858817608
2016Q1,Personas Empoderadas,10. Salud,SAL_SAT_enlazado,97.84861533047558,96.84990540106678,96.84990540106678,0.005149452835510715,False,True,1.997419858817608
2016Q2,Personas Empoderadas,10. Salud,SAL_ESP,96.07835336039922,96.76291958010029,96.76291958010029,0.0024215721022500247,True,False,1.3691324394021223
2016Q2,Personas Empoderadas,10. Salud,SAL_SAT_enlazado,97.44748579980134,96.76291958010029,96.76291958010029,0.0024215721022500247,False,True,1.3691324394021223
2016Q3,Personas Empoderadas,10. Salud,SAL_ESP,96.10723113439388,97.21057549654896,97.21057549654896,0.006261705499767345,True,False,2.2066887243101547
2016Q3,Personas Empoderadas,10. Salud,SAL_SAT_enlazado,98.31391985870404,97.21057549654896,97.21057549654896,0.006261705499767345,False,True,2.2066887243101547
2016Q4,Personas Empoderadas,10. Salud,SAL_ESP,96.200405111032,97.69037951431937,97.69037951431937,0.011363211280709606,True,False,2.9799488065747397
2016Q4,Personas Empoderadas,10. Salud,SAL_SAT_enlazado,99.18035391760674,97.69037951431937,97.69037951431937,0.011363211280709606,False,True,2.9799488065747397
2017Q1,Personas Empoderadas,10. Salud,SAL_ESP,96.18244194059268,95.37172341783227,95.37172341783227,0.003445866204273784,False,True,1.6214370455208353
2017Q1,Personas Empoderadas,10. Salud,SAL_SAT_enlazado,94.56100489507185,95.37172341783227,95.37172341783227,0.003445866204273784,True,False,1.6214370455208353
2017Q2,Personas Empoderadas,10. Salud,SAL_ESP,96.08663864580889,95.26067203049685,95.26067203049685,0.0035808779098402965,False,True,1.6519332306240813
2017Q2,Personas Empoderadas,10. Salud,SAL_SAT_enlazado,94.43470541518481,95.26067203049685,95.26067203049685,0.0035808779098402965,True,False,1.6519332306240813
2017Q3,Personas Empoderadas,10. Salud,SAL_ESP,95.99087322657086,96.61572346648052,96.61572346648052,0.0020205919444720166,True,False,1.2497004798193387
2017Q3,Personas Empoderadas,10. Salud,SAL_SAT_enlazado,97.2405737063902,96.61572346648052,96.61572346648052,0.0020205919444720166,False,True,1.2497004798193387
2017Q4,Personas Empoderadas,10. Salud,SAL_ESP,95.88332018420327,97.96488109089942,97.96488109089942,0.022117032773209644,True,False,4.1631218133923085
2017Q4,Personas Empoderadas,10. Salud,SAL_SAT_enlazado,100.04644199759558,97.96488109089942,97.96488109089942,0.022117032773209644,False,True,4.1631218133923085
2018Q1,Personas Empoderadas,10. Salud,SAL_ESP,95.8856364147795,95.85542630629757,95.85542630629757,4.760558184102592e-06,False,True,0.06042021696384836
2018Q1,Personas Empoderadas,10. Salud,SAL_SAT_enlazado,95.82521619781565,95.85542630629757,95.85542630629757,4.760558184102592e-06,True,False,0.06042021696384836
2018Q2,Personas Empoderadas,10. Salud,SAL_ESP,95.82170476623494,94.16095782837212,94.16095782837212,0.014646701675005147,False,True,3.3214938757256647
2018Q2,Personas Empoderadas,10. Salud,SAL_SAT_enlazado,92.50021089050928,94.16095782837212,94.16095782837212,0.014646701675005147,True,False,3.3214938757256647
2018Q3,Personas Empoderadas,10. Salud,SAL_ESP,95.88452441426803,94.8989255968101,94.8989255968101,0.005118241430366766,False,True,1.9711976349158533
2018Q3,Personas Empoderadas,10. Salud,SAL_SAT_enlazado,93.91332677935218,94.8989255968101,94.8989255968101,0.005118241430366766,True,False,1.9711976349158533
2018Q4,Personas Empoderadas,10. Salud,SAL_ESP,96.17576408066391,95.7511033744295,95.7511033744295,0.000941699864910106,False,True,0.8493214124688109
2018Q4,Personas Empoderadas,10. Salud,SAL_SAT_enlazado,95.3264426681951,95.7511033744295,95.7511033744295,0.000941699864910106,True,False,0.8493214124688109
2019Q1,Personas Empoderadas,10. Salud,SAL_ESP,96.84547061586535,96.29203604248649,96.29203604248649,0.0015904345213044735,False,True,1.106869146757731
2019Q1,Personas Empoderadas,10. Salud,SAL_SAT_enlazado,95.73860146910762,96.29203604248649,96.29203604248649,0.0015904345213044735,True,False,1.106869146757731
2019Q2,Personas Empoderadas,10. Salud,SAL_ESP,96.9188341433241,96.53479720667211,96.53479720667211,0.0007638952818638245,False,True,0.7680738733039902
2019Q2,Personas Empoderadas,10. Salud,SAL_SAT_enlazado,96.15076027002011,96.53479720667211,96.53479720667211,0.0007638952818638245,True,False,0.7680738733039902
2019Q3,Personas Empoderadas,10. Salud,SAL_ESP,96.49454927961186,97.10717397390742,97.10717397390742,0.0019324666505866617,True,False,1.2252493885911235
2019Q3,Personas Empoderadas,10. Salud,SAL_SAT_enlazado,97.71979866820298,97.10717397390742,97.10717397390742,0.0019324666505866617,False,True,1.2252493885911235
2019Q4,Personas Empoderadas,10. Salud,SAL_ESP,95.71568602436757,97.50226154537671,97.50226154537671,0.016369466723773485,True,False,3.5731510420182673
2019Q4,Personas Empoderadas,10. Salud,SAL_SAT_enlazado,99.28883706638584,97.50226154537671,97.50226154537671,0.016369466723773485,False,True,3.5731510420182673
2020Q1,Personas Empoderadas,10. Salud,SAL_ESP,95.2605133776446,96.94286868367448,96.94286868367448,0.014598972282101386,True,False,3.3647106120597385
2020Q1,Personas Empoderadas,10. Salud,SAL_SAT_enlazado,98.62522398970434,96.94286868367448,96.94286868367448,0.014598972282101386,False,True,3.3647106120597385
2020Q2,Personas Empoderadas,10. Salud,SAL_ESP,97.79278565084033,97.87719828193157,97.87719828193157,3.640017156669728e-05,True,False,0.16882526218248017
2020Q2,Personas Empoderadas,10. Salud,SAL_SAT_enlazado,97.96161091302281,97.87719828193157,97.87719828193157,3.640017156669728e-05,False,True,0.16882526218248017
2020Q3,Personas Empoderadas,10. Salud,SAL_ESP,94.75959985282174,96.02879884458153,96.02879884458153,0.008387777702509425,True,False,2.538397983519573
2020Q3,Personas Empoderadas,10. Salud,SAL_SAT_enlazado,97.29799783634131,96.02879884458153,96.02879884458153,0.008387777702509425,False,True,2.538397983519573
2020Q4,Personas Empoderadas,10. Salud,SAL_ESP,94.92170891125893,95.77804683545936,95.77804683545936,0.0038282744341273656,True,False,1.7126758484008633
2020Q4,Personas Empoderadas,10. Salud,SAL_SAT_enlazado,96.6343847596598,95.77804683545936,95.77804683545936,0.0038282744341273656,False,True,1.7126758484008633
2021Q1,Personas Empoderadas,10. Salud,SAL_ESP,95.53664773475379,95.75370970886604,95.75370970886604,0.00024602681862972986,True,False,0.43412394822449585
2021Q1,Personas Empoderadas,10. Salud,SAL_SAT_enlazado,95.97077168297828,95.75370970886604,95.75370970886604,0.00024602681862972986,False,True,0.43412394822449585
2021Q2,Personas Empoderadas,10. Salud,SAL_ESP,95.683959295798,95.49555895104739,95.49555895104739,0.0001858448959666248,False,True,0.3768006895012377
2021Q2,Personas Empoderadas,10. Salud,SAL_SAT_enlazado,95.30715860629677,95.49555895104739,95.49555895104739,0.0001858448959666248,True,False,0.3768006895012377
2021Q3,Personas Empoderadas,10. Salud,SAL_ESP,95.61304901764495,95.12829727363011,95.12829727363011,0.0012350992582241815,False,True,0.9695034880296873
2021Q3,Personas Empoderadas,10. Salud,SAL_SAT_enlazado,94.64354552961527,95.12829727363011,95.12829727363011,0.0012350992582241815,True,False,0.9695034880296873
2021Q4,Personas Empoderadas,10. Salud,SAL_ESP,95.66617404360046,94.82305324826712,94.82305324826712,0.0037483855537630006,False,True,1.686241590666711
2021Q4,Personas Empoderadas,10. Salud,SAL_SAT_enlazado,93.97993245293375,94.82305324826712,94.82305324826712,0.0037483855537630006,True,False,1.686241590666711
2022Q1,Personas Empoderadas,10. Salud,SAL_ESP,95.97451106375414,94.64541522000319,94.64541522000319,0.009332638331741805,False,True,2.6581916875018976
2022Q1,Personas Empoderadas,10. Salud,SAL_SAT_enlazado,93.31631937625224,94.64541522000319,94.64541522000319,0.009332638331741805,True,False,2.6581916875018976
2022Q2,Personas Empoderadas,10. Salud,SAL_ESP,96.03281764012722,93.55159051566096,93.55159051566096,0.032910028997150675,False,True,4.962454248932502
2022Q2,Personas Empoderadas,10. Salud,SAL_SAT_enlazado,91.07036339119472,93.55159051566096,93.55159051566096,0.032910028997150675,True,False,4.962454248932502
2022Q3,Personas Empoderadas,10. Salud,SAL_ESP,96.06761273613874,92.67895588709462,92.67895588709462,0.06197111064309979,False,True,6.777313698088264
2022Q3,Personas Empoderadas,10. Salud,SAL_SAT_enlazado,89.29029903805048,92.67895588709462,92.67895588709462,0.06197111064309979,True,False,6.777313698088264
2022Q4,Personas Empoderadas,10. Salud,SAL_ESP,96.30311025792396,91.9066724714151,91.9066724714151,0.10521398868002052,False,True,8.792875573017696
2022Q4,Personas Empoderadas,10. Salud,SAL_SAT_enlazado,87.51023468490627,91.9066724714151,91.9066724714151,0.10521398868002052,True,False,8.792875573017696
2023Q1,Personas Empoderadas,10. Salud,SAL_ESP,96.60994628105699,92.49486198802612,92.49486198802612,0.0915851227263147,False,True,8.230168586061765
2023Q1,Personas Empoderadas,10. Salud,SAL_SAT_enlazado,88.37977769499523,92.49486198802612,92.49486198802612,0.0915851227263147,True,False,8.230168586061765
2023Q2,Personas Empoderadas,10. Salud,SAL_ESP,96.77114462826604,93.91204426623513,93.91204426623513,0.04353195575299651,False,True,5.71820072406183
2023Q2,Personas Empoderadas,10. Salud,SAL_SAT_enlazado,91.05294390420421,93.91204426623513,93.91204426623513,0.04353195575299651,True,False,5.71820072406183
2023Q3,Personas Empoderadas,10. Salud,SAL_ESP,96.83732868586763,95.28171939964041,95.28171939964041,0.012699610936707018,False,True,3.1112185724544474
2023Q3,Personas Empoderadas,10. Salud,SAL_SAT_enlazado,93.72611011341318,95.28171939964041,95.28171939964041,0.012699610936707018,True,False,3.1112185724544474
2023Q4,Personas Empoderadas,10. Salud,SAL_ESP,97.11783113243456,92.26126874976757,92.26126874976757,0.12791152698910935,False,True,9.713124765334001
2023Q4,Personas Empoderadas,10. Salud,SAL_SAT_enlazado,87.40470636710056,92.26126874976757,92.26126874976757,0.12791152698910935,True,False,9.713124765334001
2024Q1,Personas Empoderadas,10. Salud,SAL_ESP,97.93761486965309,92.89204039602023,92.89204039602023,0.13713029867344062,False,True,10.091148947265694
2024Q1,Personas Empoderadas,10. Salud,SAL_SAT_enlazado,87.8464659223874,92.89204039602023,92.89204039602023,0.13713029867344062,True,False,10.091148947265694
2024Q2,Personas Empoderadas,10. Salud,SAL_ESP,97.95937441706157,93.1237999473679,93.1237999473679,0.125631491287848,False,True,9.671148939387336
2024Q2,Personas Empoderadas,10. Salud,SAL_SAT_enlazado,88.28822547767423,93.1237999473679,93.1237999473679,0.125631491287848,True,False,9.671148939387336
2024Q3,Personas Empoderadas,10. Salud,SAL_ESP,97.28835004977529,94.08526169669605,94.08526169669605,0.05453962386415867,False,True,6.406176706158476
2024Q3,Personas Empoderadas,10. Salud,SAL_SAT_enlazado,90.88217334361681,94.08526169669605,94.08526169669605,0.05453962386415867,True,False,6.406176706158476
2024Q4,Personas Empoderadas,10. Salud,SAL_ESP,95.70044421620642,90.1120008750726,90.1120008750726,0.1734551745108348,False,True,11.176886682267636
2024Q4,Personas Empoderadas,10. Salud,SAL_SAT_enlazado,84.52355753393879,90.1120008750726,90.1120008750726,0.1734551745108348,True,False,11.176886682267636
2025Q1,Personas Empoderadas,10. Salud,SAL_ESP,96.2559831758306,90.37714794390762,90.37714794390762,0.19140535234899403,False,True,11.757670463845955
2025Q1,Personas Empoderadas,10. Salud,SAL_SAT_enlazado,84.49831271198464,90.37714794390762,90.37714794390762,0.19140535234899403,True,False,11.757670463845955
2025Q2,Personas Empoderadas,10. Salud,SAL_ESP,96.58092615575417,90.52699702289232,90.52699702289232,0.20265295089224367,False,True,12.107858265723706
2025Q2,Personas Empoderadas,10. Salud,SAL_SAT_enlazado,84.47306789003046,90.52699702289232,90.52699702289232,0.20265295089224367,True,False,12.107858265723706
2025Q3,Personas Empoderadas,10. Salud,SAL_ESP,96.78169325606699,89.81640047763536,89.81640047763536,0.2704877218333195,False,True,13.930585556863264
2025Q3,Personas Empoderadas,10. Salud,SAL_SAT_enlazado,82.85110769920372,89.81640047763536,89.81640047763536,0.2704877218333195,True,False,13.930585556863264
2025Q4,Personas Empoderadas,10. Salud,SAL_ESP,96.91559167507351,88.24898318736909,88.24898318736909,0.4265889423623008,False,True,17.333216975408845
2025Q4,Personas Empoderadas,10. Salud,SAL_SAT_enlazado,79.58237469966467,88.24898318736909,88.24898318736909,0.4265889423623008,True,False,17.333216975408845
2026Q1,Personas Empoderadas,10. Salud,SAL_ESP,97.01348132527843,88.7904186538604,88.7904186538604,0.3815973460874176,False,True,16.446125342836083
2026Q1,Personas Empoderadas,10. Salud,SAL_SAT_enlazado,80.56735598244235,88.7904186538604,88.7904186538604,0.3815973460874176,True,False,16.446125342836083
2016Q1,Personas Empoderadas,11. Educación,EDU_ABA,77.95923164815981,63.82843645757304,63.82843645757304,1.5838388775410053,False,True,28.261590381173548
2016Q1,Personas Empoderadas,11. Educación,EDU_SUP,49.69764126698627,63.82843645757304,63.82843645757304,1.5838388775410053,True,False,28.261590381173548
2016Q2,Personas Empoderadas,11. Educación,EDU_ABA,77.46993970173062,63.370486619544636,63.370486619544636,1.5884180463646231,False,True,28.198906164371984
2016Q2,Personas Empoderadas,11. Educación,EDU_SUP,49.27103353735864,63.370486619544636,63.370486619544636,1.5884180463646231,True,False,28.198906164371984
2016Q3,Personas Empoderadas,11. Educación,EDU_ABA,79.14219619181303,65.0779376028036,65.0779376028036,1.537914050904675,False,True,28.128517178018853
2016Q3,Personas Empoderadas,11. Educación,EDU_SUP,51.013679013794174,65.0779376028036,65.0779376028036,1.537914050904675,True,False,28.128517178018853
2016Q4,Personas Empoderadas,11. Educación,EDU_ABA,78.61070959014344,64.72223688692578,64.72223688692578,1.507695255910896,False,True,27.776945406435317
2016Q4,Personas Empoderadas,11. Educación,EDU_SUP,50.833764183708126,64.72223688692578,64.72223688692578,1.507695255910896,True,False,27.776945406435317
2017Q1,Personas Empoderadas,11. Educación,EDU_ABA,77.33197345759143,63.81538514745454,63.81538514745454,1.4478838188600491,False,True,27.033176620273778
2017Q1,Personas Empoderadas,11. Educación,EDU_SUP,50.29879683731765,63.81538514745454,63.81538514745454,1.4478838188600491,True,False,27.033176620273778
2017Q2,Personas Empoderadas,11. Educación,EDU_ABA,76.85961160587449,63.523246620161586,63.523246620161586,1.415725093910659,False,True,26.672729971425817
2017Q2,Personas Empoderadas,11. Educación,EDU_SUP,50.186881634448675,63.523246620161586,63.523246620161586,1.415725093910659,True,False,26.672729971425817
2017Q3,Personas Empoderadas,11. Educación,EDU_ABA,78.69124970023577,65.37368703219573,65.37368703219573,1.3708630260137795,False,True,26.635125336080065
2017Q3,Personas Empoderadas,11. Educación,EDU_SUP,52.05612436415571,65.37368703219573,65.37368703219573,1.3708630260137795,True,False,26.635125336080065
2017Q4,Personas Empoderadas,11. Educación,EDU_ABA,78.6702068564061,65.31758180541367,65.31758180541367,1.379378068097779,False,True,26.705250101984866
2017Q4,Personas Empoderadas,11. Educación,EDU_SUP,51.96495675442123,65.31758180541367,65.31758180541367,1.379378068097779,True,False,26.705250101984866
2018Q1,Personas Empoderadas,11. Educación,EDU_ABA,78.27515110774478,64.8074631352208,64.8074631352208,1.4148085236829147,False,True,26.935375945047944
2018Q1,Personas Empoderadas,11. Educación,EDU_SUP,51.33977516269683,64.8074631352208,64.8074631352208,1.4148085236829147,True,False,26.935375945047944
2018Q2,Personas Empoderadas,11. Educación,EDU_ABA,79.41784590140357,65.89146875823005,65.89146875823005,1.4033087868256615,False,True,27.05275428634704
2018Q2,Personas Empoderadas,11. Educación,EDU_SUP,52.36509161505653,65.89146875823005,65.89146875823005,1.4033087868256615,True,False,27.05275428634704
2018Q3,Personas Empoderadas,11. Educación,EDU_ABA,80.4846125966177,66.95821023373524,66.95821023373524,1.3804826364595186,False,True,27.052804725764894
2018Q3,Personas Empoderadas,11. Educación,EDU_SUP,53.4318078708528,66.95821023373524,66.95821023373524,1.3804826364595186,True,False,27.052804725764894
2018Q4,Personas Empoderadas,11. Educación,EDU_ABA,79.89157406129817,66.43344376759875,66.43344376759875,1.3774588021821046,False,True,26.91626058739886
2018Q4,Personas Empoderadas,11. Educación,EDU_SUP,52.97531347389931,66.43344376759875,66.43344376759875,1.3774588021821046,True,False,26.91626058739886
2019Q1,Personas Empoderadas,11. Educación,EDU_ABA,79.63136462995459,66.3421890914974,66.3421890914974,1.3446209296033373,False,True,26.57835107691436
2019Q1,Personas Empoderadas,11. Educación,EDU_SUP,53.05301355304023,66.3421890914974,66.3421890914974,1.3446209296033373,True,False,26.57835107691436
2019Q2,Personas Empoderadas,11. Educación,EDU_ABA,79.67093215735062,66.5233445874494,66.5233445874494,1.3121774748120743,False,True,26.295175139802446
2019Q2,Personas Empoderadas,11. Educación,EDU_SUP,53.375757017548175,66.5233445874494,66.5233445874494,1.3121774748120743,True,False,26.295175139802446
2019Q3,Personas Empoderadas,11. Educación,EDU_ABA,80.52094749732453,67.55984952140757,67.55984952140757,1.2549235610091927,False,True,25.92219595183392
2019Q3,Personas Empoderadas,11. Educación,EDU_SUP,54.59875154549061,67.55984952140757,67.55984952140757,1.2549235610091927,True,False,25.92219595183392
2019Q4,Personas Empoderadas,11. Educación,EDU_ABA,79.46771601623894,66.91615054164961,66.91615054164961,1.1876985025987778,False,True,25.10313094917865
2019Q4,Personas Empoderadas,11. Educación,EDU_SUP,54.36458506706029,66.91615054164961,66.91615054164961,1.1876985025987778,True,False,25.10313094917865
2020Q1,Personas Empoderadas,11. Educación,EDU_ABA,78.71011965584516,66.9600491471637,66.9600491471637,1.039005277761916,False,True,23.50014101736292
2020Q1,Personas Empoderadas,11. Educación,EDU_SUP,55.20997863848224,66.9600491471637,66.9600491471637,1.039005277761916,True,False,23.50014101736292
2020Q2,Personas Empoderadas,11. Educación,EDU_ABA,79.0021019828075,67.62952989494008,67.62952989494008,0.9630621775272346,False,True,22.745144175734843
2020Q2,Personas Empoderadas,11. Educación,EDU_SUP,56.25695780707266,67.62952989494008,67.62952989494008,0.9630621775272346,True,False,22.745144175734843
2020Q3,Personas Empoderadas,11. Educación,EDU_ABA,79.97562761167232,68.72517129877568,68.72517129877568,0.927115258814851,False,True,22.500912625793298
2020Q3,Personas Empoderadas,11. Educación,EDU_SUP,57.474714985879025,68.72517129877568,68.72517129877568,0.927115258814851,True,False,22.500912625793298
2020Q4,Personas Empoderadas,11. Educación,EDU_ABA,80.78859329467407,69.48401820851561,69.48401820851561,0.9257556246173948,False,True,22.609150172316916
2020Q4,Personas Empoderadas,11. Educación,EDU_SUP,58.179443122357156,69.48401820851561,69.48401820851561,0.9257556246173948,True,False,22.609150172316916
2021Q1,Personas Empoderadas,11. Educación,EDU_ABA,82.59620864716396,71.0518664033955,71.0518664033955,0.9441215989538705,False,True,23.08868448753693
2021Q1,Personas Empoderadas,11. Educación,EDU_SUP,59.50752415962703,71.0518664033955,71.0518664033955,0.9441215989538705,True,False,23.08868448753693
2021Q2,Personas Empoderadas,11. Educación,EDU_ABA,83.3869497550582,71.73469703801281,71.73469703801281,0.9526953302792975,False,True,23.30450543409078
2021Q2,Personas Empoderadas,11. Educación,EDU_SUP,60.08244432096742,71.73469703801281,71.73469703801281,0.9526953302792975,True,False,23.30450543409078
2021Q3,Personas Empoderadas,11. Educación,EDU_ABA,84.32970622343412,72.55308447088069,72.55308447088069,0.962154554193333,False,True,23.553243505106835
2021Q3,Personas Empoderadas,11. Educación,EDU_SUP,60.77646271832728,72.55308447088069,72.55308447088069,0.962154554193333,True,False,23.553243505106835
2021Q4,Personas Empoderadas,11. Educación,EDU_ABA,84.86119191466878,72.93752998706385,72.93752998706385,0.9812268104134745,False,True,23.847323855209858
2021Q4,Personas Empoderadas,11. Educación,EDU_SUP,61.01386805945892,72.93752998706385,72.93752998706385,0.9812268104134745,True,False,23.847323855209858
2022Q1,Personas Empoderadas,11. Educación,EDU_ABA,84.9678233503603,72.81963995999824,72.81963995999824,1.0204644478943408,False,True,24.296366780724135
2022Q1,Personas Empoderadas,11. Educación,EDU_SUP,60.67145656963617,72.81963995999824,72.81963995999824,1.0204644478943408,True,False,24.296366780724135
2022Q2,Personas Empoderadas,11. Educación,EDU_ABA,86.2403339200534,74.01717619649494,74.01717619649494,1.0162393027262908,False,True,24.446315447116916
2022Q2,Personas Empoderadas,11. Educación,EDU_SUP,61.794018472936486,74.01717619649494,74.01717619649494,1.0162393027262908,True,False,24.446315447116916
2022Q3,Personas Empoderadas,11. Educación,EDU_ABA,87.03408939885183,74.91277252488106,74.91277252488106,0.987153389121616,False,True,24.242633747941547
2022Q3,Personas Empoderadas,11. Educación,EDU_SUP,62.79145565091029,74.91277252488106,74.91277252488106,0.987153389121616,True,False,24.242633747941547
2022Q4,Personas Empoderadas,11. Educación,EDU_ABA,85.89150518562477,74.21289277834722,74.21289277834722,0.9246708953526763,False,True,23.357224814555096
2022Q4,Personas Empoderadas,11. Educación,EDU_SUP,62.53428037106967,74.21289277834722,74.21289277834722,0.9246708953526763,True,False,23.357224814555096
2023Q1,Personas Empoderadas,11. Educación,EDU_ABA,84.01806904547861,73.33760271096932,73.33760271096932,0.7818888748461887,False,True,21.36093266901858
2023Q1,Personas Empoderadas,11. Educación,EDU_SUP,62.65713637646003,73.33760271096932,73.33760271096932,0.7818888748461887,True,False,21.36093266901858
2023Q2,Personas Empoderadas,11. Educación,EDU_ABA,83.66406845577855,73.42310465159954,73.42310465159954,0.7177062478962029,False,True,20.481927608358014
2023Q2,Personas Empoderadas,11. Educación,EDU_SUP,63.182140847420534,73.42310465159954,73.42310465159954,0.7177062478962029,True,False,20.481927608358014
2023Q3,Personas Empoderadas,11. Educación,EDU_ABA,84.6260580259094,74.47029110783318,74.47029110783318,0.6957382051478049,False,True,20.31153383615245
2023Q3,Personas Empoderadas,11. Educación,EDU_SUP,64.31452418975695,74.47029110783318,74.47029110783318,0.6957382051478049,True,False,20.31153383615245
2023Q4,Personas Empoderadas,11. Educación,EDU_ABA,86.1239320366368,75.78801275911609,75.78801275911609,0.7081109833111583,False,True,20.671838555041433
2023Q4,Personas Empoderadas,11. Educación,EDU_SUP,65.45209348159537,75.78801275911609,75.78801275911609,0.7081109833111583,True,False,20.671838555041433
2024Q1,Personas Empoderadas,11. Educación,EDU_ABA,85.19439717529367,74.52883835455197,74.52883835455197,0.7671030067428006,False,True,21.331117641483424
2024Q1,Personas Empoderadas,11. Educación,EDU_SUP,63.86327953381025,74.52883835455197,74.52883835455197,0.7671030067428006,True,False,21.331117641483424
2024Q2,Personas Empoderadas,11. Educación,EDU_ABA,85.21545316354661,74.3318171608088,74.3318171608088,0.8011058233831392,False,True,21.767272005475633
2024Q2,Personas Empoderadas,11. Educación,EDU_SUP,63.44818115807098,74.3318171608088,74.3318171608088,0.8011058233831392,True,False,21.767272005475633
2024Q3,Personas Empoderadas,11. Educación,EDU_ABA,86.39596621376052,75.2503811943289,75.2503811943289,0.8299820791237806,False,True,22.291170038863243
2024Q3,Personas Empoderadas,11. Educación,EDU_SUP,64.10479617489727,75.2503811943289,75.2503811943289,0.8299820791237806,True,False,22.291170038863243
2024Q4,Personas Empoderadas,11. Educación,EDU_ABA,87.32793530228945,75.84368870767963,75.84368870767963,0.8745137292819436,False,True,22.968493189219643
2024Q4,Personas Empoderadas,11. Educación,EDU_SUP,64.3594421130698,75.84368870767963,75.84368870767963,0.8745137292819436,True,False,22.968493189219643
2025Q1,Personas Empoderadas,11. Educación,EDU_ABA,87.40863461206303,75.64571577385908,75.64571577385908,0.9201642178799148,False,True,23.52583767640789
2025Q1,Personas Empoderadas,11. Educación,EDU_SUP,63.882796935655136,75.64571577385908,75.64571577385908,0.9201642178799148,True,False,23.52583767640789
2025Q2,Personas Empoderadas,11. Educación,EDU_ABA,87.49665271449904,75.83067841123835,75.83067841123835,0.902734145668731,False,True,23.33194860652138
2025Q2,Personas Empoderadas,11. Educación,EDU_SUP,64.16470410797766,75.83067841123835,75.83067841123835,0.902734145668731,True,False,23.33194860652138
2025Q3,Personas Empoderadas,11. Educación,EDU_ABA,88.02589400520691,77.76561410276236,77.76561410276236,0.6798346547782614,False,True,20.520559804889118
2025Q3,Personas Empoderadas,11. Educación,EDU_SUP,67.50533420031779,77.76561410276236,77.76561410276236,0.6798346547782614,True,False,20.520559804889118
2025Q4,Personas Empoderadas,11. Educación,EDU_ABA,88.40186771125897,78.16891031633878,78.16891031633878,0.6726838082205546,False,True,20.46591478984037
2025Q4,Personas Empoderadas,11. Educación,EDU_SUP,67.9359529214186,78.16891031633878,78.16891031633878,0.6726838082205546,True,False,20.46591478984037
2026Q1,Personas Empoderadas,11. Educación,EDU_ABA,88.47974570995224,78.4754398776264,78.4754398776264,0.6403030254292901,False,True,20.00861166465168
2026Q1,Personas Empoderadas,11. Educación,EDU_SUP,68.47113404530056,78.4754398776264,78.4754398776264,0.6403030254292901,True,False,20.00861166465168
2016Q1,Personas Empoderadas,12. Conocimiento,CON_IDI,42.0934144624227,33.31689408150817,33.31689408150817,1.1767615173474226,False,True,17.553040761829067
2016Q1,Personas Empoderadas,12. Conocimiento,CON_OCI,24.540373700593634,33.31689408150817,33.31689408150817,1.1767615173474226,True,False,17.553040761829067
2016Q2,Personas Empoderadas,12. Conocimiento,CON_IDI,41.089062625608456,32.88393538637349,32.88393538637349,1.0401119117473456,False,True,16.410254478469938
2016Q2,Personas Empoderadas,12. Conocimiento,CON_OCI,24.67880814713852,32.88393538637349,32.88393538637349,1.0401119117473456,True,False,16.410254478469938
2016Q3,Personas Empoderadas,12. Conocimiento,CON_IDI,40.618905747892875,32.800917636310885,32.800917636310885,0.9453175058595242,False,True,15.635976223163976
2016Q3,Personas Empoderadas,12. Conocimiento,CON_OCI,24.9829295247289,32.800917636310885,32.800917636310885,0.9453175058595242,True,False,15.635976223163976
2016Q4,Personas Empoderadas,12. Conocimiento,CON_IDI,40.64776875542246,32.96244463151257,32.96244463151257,0.9084503531705934,False,True,15.370648247819794
2016Q4,Personas Empoderadas,12. Conocimiento,CON_OCI,25.277120507602667,32.96244463151257,32.96244463151257,0.9084503531705934,True,False,15.370648247819794
2017Q1,Personas Empoderadas,12. Conocimiento,CON_IDI,41.01122012189304,33.271325528003786,33.271325528003786,0.9127851705358552,False,True,15.4797891877785
2017Q1,Personas Empoderadas,12. Conocimiento,CON_OCI,25.53143093411454,33.271325528003786,33.271325528003786,0.9127851705358552,True,False,15.4797891877785
2017Q2,Personas Empoderadas,12. Conocimiento,CON_IDI,41.12856116660257,33.4954415303652,33.4954415303652,0.8813328052597242,False,True,15.266239272474756
2017Q2,Personas Empoderadas,12. Conocimiento,CON_OCI,25.862321894127817,33.4954415303652,33.4954415303652,0.8813328052597242,True,False,15.266239272474756
2017Q3,Personas Empoderadas,12. Conocimiento,CON_IDI,41.15979244784992,33.67043840259547,33.67043840259547,0.8434982739784473,False,True,14.978708090508889
2017Q3,Personas Empoderadas,12. Conocimiento,CON_OCI,26.181084357341028,33.67043840259547,33.67043840259547,0.8434982739784473,True,False,14.978708090508889
2017Q4,Personas Empoderadas,12. Conocimiento,CON_IDI,41.14957785500095,33.835726139234865,33.835726139234865,0.7999283367133287,False,True,14.627703431532176
2017Q4,Personas Empoderadas,12. Conocimiento,CON_OCI,26.521874423468773,33.835726139234865,33.835726139234865,0.7999283367133287,True,False,14.627703431532176
2018Q1,Personas Empoderadas,12. Conocimiento,CON_IDI,41.234141975291045,34.114666443512064,34.114666443512064,0.7511604121536806,False,True,14.23895106355797
2018Q1,Personas Empoderadas,12. Conocimiento,CON_OCI,26.995190911733076,34.114666443512064,34.114666443512064,0.7511604121536806,True,False,14.23895106355797
2018Q2,Personas Empoderadas,12. Conocimiento,CON_IDI,41.16025229556535,34.33806818314023,34.33806818314023,0.6845285403899837,False,True,13.644368224850236
2018Q2,Personas Empoderadas,12. Conocimiento,CON_OCI,27.515884070715114,34.33806818314023,34.33806818314023,0.6845285403899837,True,False,13.644368224850236
2018Q3,Personas Empoderadas,12. Conocimiento,CON_IDI,41.07219927138242,34.508887717451834,34.508887717451834,0.6298931494051203,False,True,13.126623107861182
2018Q3,Personas Empoderadas,12. Conocimiento,CON_OCI,27.945576163521242,34.508887717451834,34.508887717451834,0.6298931494051203,True,False,13.126623107861182
2018Q4,Personas Empoderadas,12. Conocimiento,CON_IDI,40.982558049107666,34.65564203810143,34.65564203810143,0.582431756962734,False,True,12.65383202201247
2018Q4,Personas Empoderadas,12. Conocimiento,CON_OCI,28.328726027095197,34.65564203810143,34.65564203810143,0.582431756962734,True,False,12.65383202201247
2019Q1,Personas Empoderadas,12. Conocimiento,CON_IDI,40.850074491403156,34.75277219623338,34.75277219623338,0.5390603244617225,False,True,12.194604590339555
2019Q1,Personas Empoderadas,12. Conocimiento,CON_OCI,28.6554699010636,34.75277219623338,34.75277219623338,0.5390603244617225,True,False,12.194604590339555
2019Q2,Personas Empoderadas,12. Conocimiento,CON_IDI,40.98206190100744,34.91603018859915,34.91603018859915,0.5309691388463875,False,True,12.132063424816572
2019Q2,Personas Empoderadas,12. Conocimiento,CON_OCI,28.84999847619087,34.91603018859915,34.91603018859915,0.5309691388463875,True,False,12.132063424816572
2019Q3,Personas Empoderadas,12. Conocimiento,CON_IDI,41.494472499408644,35.29696085751247,35.29696085751247,0.5483451264458878,False,True,12.395023283792359
2019Q3,Personas Empoderadas,12. Conocimiento,CON_OCI,29.099449215616286,35.29696085751247,35.29696085751247,0.5483451264458878,True,False,12.395023283792359
2019Q4,Personas Empoderadas,12. Conocimiento,CON_IDI,42.92967623349811,36.15440054532639,36.15440054532639,0.6405114575178601,False,True,13.550551376343432
2019Q4,Personas Empoderadas,12. Conocimiento,CON_OCI,29.379124857154675,36.15440054532639,36.15440054532639,0.6405114575178601,True,False,13.550551376343432
2020Q1,Personas Empoderadas,12. Conocimiento,CON_IDI,46.86543116663383,38.2220164710744,38.2220164710744,0.9901225424052598,False,True,17.28682939111887
2020Q1,Personas Empoderadas,12. Conocimiento,CON_OCI,29.57860177551496,38.2220164710744,38.2220164710744,0.9901225424052598,True,False,17.28682939111887
2020Q2,Personas Empoderadas,12. Conocimiento,CON_IDI,50.8455573028462,39.54663191184011,39.54663191184011,1.64847390146911,False,True,22.597850782012188
2020Q2,Personas Empoderadas,12. Conocimiento,CON_OCI,28.247706520834015,39.54663191184011,39.54663191184011,1.64847390146911,True,False,22.597850782012188
2020Q3,Personas Empoderadas,12. Conocimiento,CON_IDI,48.94974739796808,38.877489175543744,38.877489175543744,1.3274055685086452,False,True,20.144516444848673
2020Q3,Personas Empoderadas,12. Conocimiento,CON_OCI,28.80523095311941,38.877489175543744,38.877489175543744,1.3274055685086452,True,False,20.144516444848673
2020Q4,Personas Empoderadas,12. Conocimiento,CON_IDI,48.50968580140266,38.94902114707722,38.94902114707722,1.1916385619058758,False,True,19.121329308650886
2020Q4,Personas Empoderadas,12. Conocimiento,CON_OCI,29.388356492751775,38.94902114707722,38.94902114707722,1.1916385619058758,True,False,19.121329308650886
2021Q1,Personas Empoderadas,12. Conocimiento,CON_IDI,47.03067048762166,38.517646865288505,38.517646865288505,0.9525360728967556,False,True,17.026047244666316
2021Q1,Personas Empoderadas,12. Conocimiento,CON_OCI,30.004623242955347,38.517646865288505,38.517646865288505,0.9525360728967556,True,False,17.026047244666316
2021Q2,Personas Empoderadas,12. Conocimiento,CON_IDI,46.170892287366534,38.43961994859454,38.43961994859454,0.7855124725684206,False,True,15.462544677543995
2021Q2,Personas Empoderadas,12. Conocimiento,CON_OCI,30.70834760982254,38.43961994859454,38.43961994859454,0.7855124725684206,True,False,15.462544677543995
2021Q3,Personas Empoderadas,12. Conocimiento,CON_IDI,45.64204874031926,38.47818076673645,38.47818076673645,0.6727659326849533,False,True,14.327735947165618
2021Q3,Personas Empoderadas,12. Conocimiento,CON_OCI,31.314312793153643,38.47818076673645,38.47818076673645,0.6727659326849533,True,False,14.327735947165618
2021Q4,Personas Empoderadas,12. Conocimiento,CON_IDI,45.48400894971827,38.6856290594729,38.6856290594729,0.602037755670672,False,True,13.596759780490736
2021Q4,Personas Empoderadas,12. Conocimiento,CON_OCI,31.887249169227537,38.6856290594729,38.6856290594729,0.602037755670672,True,False,13.596759780490736
2022Q1,Personas Empoderadas,12. Conocimiento,CON_IDI,45.70203182495094,39.07676137289674,39.07676137289674,0.5657360576515842,False,True,13.250540904108398
2022Q1,Personas Empoderadas,12. Conocimiento,CON_OCI,32.451490920842545,39.07676137289674,39.07676137289674,0.5657360576515842,True,False,13.250540904108398
2022Q2,Personas Empoderadas,12. Conocimiento,CON_IDI,45.96056852985862,39.50102367383049,39.50102367383049,0.5317389545355056,False,True,12.919089712056255
2022Q2,Personas Empoderadas,12. Conocimiento,CON_OCI,33.041478817802364,39.50102367383049,39.50102367383049,0.5317389545355056,True,False,12.919089712056255
2022Q3,Personas Empoderadas,12. Conocimiento,CON_IDI,46.547888267967345,40.08597822249543,40.08597822249543,0.5242622761590283,False,True,12.923820090943828
2022Q3,Personas Empoderadas,12. Conocimiento,CON_OCI,33.62406817702352,40.08597822249543,40.08597822249543,0.5242622761590283,True,False,12.923820090943828
2022Q4,Personas Empoderadas,12. Conocimiento,CON_IDI,47.92426537621965,41.05205559378378,41.05205559378378,0.5792993103119599,False,True,13.744419564871741
2022Q4,Personas Empoderadas,12. Conocimiento,CON_OCI,34.17984581134791,41.05205559378378,41.05205559378378,0.5792993103119599,True,False,13.744419564871741
2023Q1,Personas Empoderadas,12. Conocimiento,CON_IDI,50.578810594273236,42.59614117263462,42.59614117263462,0.7546757142660141,False,True,15.965338843277237
2023Q1,Personas Empoderadas,12. Conocimiento,CON_OCI,34.613471750996,42.59614117263462,42.59614117263462,0.7546757142660141,True,False,15.965338843277237
2023Q2,Personas Empoderadas,12. Conocimiento,CON_IDI,51.750852899156676,43.411454468594485,43.411454468594485,0.8085342295405695,False,True,16.678796861124376
2023Q2,Personas Empoderadas,12. Conocimiento,CON_OCI,35.0720560380323,43.411454468594485,43.411454468594485,0.8085342295405695,True,False,16.678796861124376
2023Q3,Personas Empoderadas,12. Conocimiento,CON_IDI,52.002264483849835,43.75678550857256,43.75678550857256,0.7839062181237253,False,True,16.490957950554538
2023Q3,Personas Empoderadas,12. Conocimiento,CON_OCI,35.5113065332953,43.75678550857256,43.75678550857256,0.7839062181237253,True,False,16.490957950554538
2023Q4,Personas Empoderadas,12. Conocimiento,CON_IDI,51.68129489539604,43.74457888390536,43.74457888390536,0.726016370925386,False,True,15.873432022981362
2023Q4,Personas Empoderadas,12. Conocimiento,CON_OCI,35.80786287241468,43.74457888390536,43.74457888390536,0.726016370925386,True,False,15.873432022981362
2024Q1,Personas Empoderadas,12. Conocimiento,CON_IDI,50.776265934405295,43.43682160516503,43.43682160516503,0.6245566791311106,False,True,14.678888658480531
2024Q1,Personas Empoderadas,12. Conocimiento,CON_OCI,36.097377275924764,43.43682160516503,43.43682160516503,0.6245566791311106,True,False,14.678888658480531
2024Q2,Personas Empoderadas,12. Conocimiento,CON_IDI,49.973852463022524,43.2720749571984,43.2720749571984,0.522119993902507,False,True,13.403555011648251
2024Q2,Personas Empoderadas,12. Conocimiento,CON_OCI,36.57029745137427,43.2720749571984,43.2720749571984,0.522119993902507,True,False,13.403555011648251
2024Q3,Personas Empoderadas,12. Conocimiento,CON_IDI,48.94886602996319,42.91337342939235,42.91337342939235,0.42654666910190997,False,True,12.070985201141681
2024Q3,Personas Empoderadas,12. Conocimiento,CON_OCI,36.87788082882151,42.91337342939235,42.91337342939235,0.42654666910190997,True,False,12.070985201141681
2024Q4,Personas Empoderadas,12. Conocimiento,CON_IDI,47.27857077543059,42.25924860125531,42.25924860125531,0.29914258072038535,False,True,10.038644348350552
2024Q4,Personas Empoderadas,12. Conocimiento,CON_OCI,37.239926427080036,42.25924860125531,42.25924860125531,0.29914258072038535,True,False,10.038644348350552
2025Q1,Personas Empoderadas,12. Conocimiento,CON_IDI,46.210924608902516,41.69775156200613,41.69775156200613,0.24496209765822385,False,True,9.026346093792768
2025Q1,Personas Empoderadas,12. Conocimiento,CON_OCI,37.18457851510975,41.69775156200613,41.69775156200613,0.24496209765822385,True,False,9.026346093792768
2025Q2,Personas Empoderadas,12. Conocimiento,CON_IDI,45.803422888232866,41.8070157944115,41.8070157944115,0.19145019721425882,False,True,7.992814187642743
2025Q2,Personas Empoderadas,12. Conocimiento,CON_OCI,37.81060870059012,41.8070157944115,41.8070157944115,0.19145019721425882,True,False,7.992814187642743
2025Q3,Personas Empoderadas,12. Conocimiento,CON_IDI,45.89599047649233,42.076994941252366,42.076994941252366,0.17366838609693502,False,True,7.637991070479927
2025Q3,Personas Empoderadas,12. Conocimiento,CON_OCI,38.2579994060124,42.076994941252366,42.076994941252366,0.17366838609693502,True,False,7.637991070479927
2025Q4,Personas Empoderadas,12. Conocimiento,CON_IDI,46.249911058809985,42.40839838986315,42.40839838986315,0.17434773866857967,False,True,7.68302533789366
2025Q4,Personas Empoderadas,12. Conocimiento,CON_OCI,38.566885720916325,42.40839838986315,42.40839838986315,0.17434773866857967,True,False,7.68302533789366
2026Q1,Personas Empoderadas,12. Conocimiento,CON_IDI,46.650984360424225,42.79932862592092,42.79932862592092,0.17366406884401187,False,True,7.7033114690066
2026Q1,Personas Empoderadas,12. Conocimiento,CON_OCI,38.947672891417625,42.79932862592092,42.79932862592092,0.17366406884401187,True,False,7.7033114690066
