Periodo,AUX_IPC_ESP,AUX_IPC_AND,AUX_IPC_ARA,AUX_IPC_AST,AUX_IPC_BAL,AUX_IPC_CAN,AUX_IPC_CANT,AUX_IPC_CAT,AUX_IPC_CLM,AUX_IPC_CYL,AUX_IPC_EXT,AUX_IPC_GAL,AUX_IPC_MAD,AUX_IPC_MUR,AUX_IPC_NAV,AUX_IPC_PV,AUX_IPC_RIO,AUX_IPC_VAL,CON_OCI_ESP,CON_OCI_AND,CON_OCI_ARA,CON_OCI_AST,CON_OCI_BAL,CON_OCI_CAN,CON_OCI_CANT,CON_OCI_CAT,CON_OCI_CLM,CON_OCI_CYL,CON_OCI_EXT,CON_OCI_GAL,CON_OCI_MAD,CON_OCI_MUR,CON_OCI_NAV,CON_OCI_PV,CON_OCI_RIO,CON_OCI_VAL,EMP_SOC_ESP,EMP_SOC_AND,EMP_SOC_ARA,EMP_SOC_AST,EMP_SOC_BAL,EMP_SOC_CAN,EMP_SOC_CANT,EMP_SOC_CAT,EMP_SOC_CLM,EMP_SOC_CYL,EMP_SOC_EXT,EMP_SOC_GAL,EMP_SOC_MAD,EMP_SOC_MUR,EMP_SOC_NAV,EMP_SOC_PV,EMP_SOC_RIO,EMP_SOC_VAL,GOB_DES_ESP,GOB_DES_AND,GOB_DES_ARA,GOB_DES_AST,GOB_DES_BAL,GOB_DES_CAN,GOB_DES_CANT,GOB_DES_CAT,GOB_DES_CLM,GOB_DES_CYL,GOB_DES_EXT,GOB_DES_GAL,GOB_DES_MAD,GOB_DES_MUR,GOB_DES_NAV,GOB_DES_PV,GOB_DES_RIO,GOB_DES_VAL,INF_TRA_ESP,INF_TRA_AND,INF_TRA_ARA,INF_TRA_AST,INF_TRA_BAL,INF_TRA_CAN,INF_TRA_CANT,INF_TRA_CAT,INF_TRA_CLM,INF_TRA_CYL,INF_TRA_EXT,INF_TRA_GAL,INF_TRA_MAD,INF_TRA_MUR,INF_TRA_NAV,INF_TRA_PV,INF_TRA_RIO,INF_TRA_VAL,INV_HIP_ESP,INV_HIP_AND,INV_HIP_ARA,INV_HIP_AST,INV_HIP_BAL,INV_HIP_CAN,INV_HIP_CANT,INV_HIP_CAT,INV_HIP_CLM,INV_HIP_CYL,INV_HIP_EXT,INV_HIP_GAL,INV_HIP_MAD,INV_HIP_MUR,INV_HIP_NAV,INV_HIP_PV,INV_HIP_RIO,INV_HIP_VAL,SOC_ASO_ESP,SOC_ASO_AND,SOC_ASO_ARA,SOC_ASO_AST,SOC_ASO_BAL,SOC_ASO_CAN,SOC_ASO_CANT,SOC_ASO_CAT,SOC_ASO_CLM,SOC_ASO_CYL,SOC_ASO_EXT,SOC_ASO_GAL,SOC_ASO_MAD,SOC_ASO_MUR,SOC_ASO_NAV,SOC_ASO_PV,SOC_ASO_RIO,SOC_ASO_VAL
2009-01-01,,,,,,,,,,,,,,,,,,,1177522.5,128178.9,27285.0,20435.2,20048.3,29930.9,9670.5,235540.2,22714.7,40665.9,12625.4,53509.4,373340.2,22326.4,13766.0,63077.8,5368.2,96702.1,,,,,,,,,,,,,,,,,,,,,,,,,,,,,,,,,,,,,,,,,,,,,,,,,,,,,,,,,,,,,,,,,,,,,,,,,761023.5,115427.9,24219.4,17841.4,18505.7,29348.1,10694.8,141200.3,29483.4,39929.4,13750.1,46456.8,121288.5,21537.7,10937.9,38316.8,5425.7,75253.6
2009-02-01,,,,,,,,,,,,,,,,,,,1181278.3,128715.5,27632.5,20499.4,20094.5,29780.4,9706.5,236768.3,22651.3,40977.1,12653.7,53874.7,373763.2,22390.5,13799.4,63533.9,5386.5,96757.1,,,,,,,,,,,,,,,,,,,,,,,,,,,,,,,,,,,,,,,,,,,,,,,,,,,,,,,,,,,,,,,,,,,,,,,,,755627.0,114461.4,24190.5,17713.4,18526.7,29124.8,10586.3,139946.0,29221.2,39936.7,13771.7,45873.8,121124.9,21334.7,10826.3,37945.6,5321.8,74288.6
2009-03-01,,,,,,,,,,,,,,,,,,,1184842.6,128899.4,27816.4,20547.0,20207.7,29835.0,9704.1,237214.4,22793.5,41303.8,12724.6,54052.4,374845.2,22423.6,13847.3,64258.2,5390.1,96646.1,,,,,,,,,,,,,,,,,,,,,,,,,,,,,,,,,,,,,,,,,,,,,,,,,,,,,,,,,,,,,,,,,,,,,,,,,749784.1,114530.4,24035.0,17486.7,18552.0,28937.8,10472.9,137524.8,29038.7,39990.4,13725.2,45689.3,119915.5,21146.2,10812.3,37569.4,5310.5,73739.2
2009-04-01,,,,,,,,,,,,,,,,,,,1182759.9,128860.2,27728.1,20521.6,20325.4,29856.1,9665.2,236455.2,22772.9,41277.3,12900.5,54058.9,374030.9,22385.7,13883.2,64082.9,5379.299999999999,96216.4,,,,,,,,,,,,,,,,,,,,,,,,,,,,,,,,,,,,,,,,,,,,,,,,,,,,,,,,,,,,,,,,,,,,,,,,,747399.9,115488.1,23954.1,17388.8,18836.1,28848.3,10486.2,136359.5,28993.3,39858.9,13760.4,45520.0,118982.0,20997.8,10787.2,37394.0,5320.5,73187.3
2009-05-01,,,,,,,,,,,,,,,,,,,1186023.7,128984.6,27839.0,20606.2,20484.5,29890.4,9690.9,236773.4,22782.0,41393.3,12918.5,53972.2,375976.4,22334.5,13889.9,64454.0,5383.200000000001,96231.2,,,,,,,,,,,,,,,,,,,,,,,,,,,,,,,,,,,,,,,,,,,,,,,,,,,,,,,,,,,,,,,,,,,,,,,,,748529.3,115089.4,23956.7,17457.9,19569.6,28720.3,10511.1,136362.4,29132.3,39959.7,13974.2,45478.5,119086.0,21134.3,10802.6,37566.7,5280.2,73166.6
2009-06-01,,,,,,,,,,,,,,,,,,,1185086.3,129225.0,27943.5,20640.1,20660.2,29816.6,9756.2,236355.4,22824.9,41691.5,12891.8,53836.3,374903.8,22443.1,13893.8,64266.9,5371.4,96124.9,,,,,,,,,,,,,,,,,,,,,,,,,,,,,,,,,,,,,,,,,,,,,,,,,,,,,,,,,,,,,,,,,,,,,,,,,744664.0,114593.5,23680.6,17483.7,19798.9,28594.8,10549.6,134782.4,29056.0,39730.5,13968.5,45561.3,118695.8,20863.8,10766.0,37476.9,5240.7,72570.8
2009-07-01,,,,,,,,,,,,,,,,,,,1184084.2,130113.0,27939.6,20672.8,20778.3,29868.8,9793.3,235666.4,22833.3,41711.8,12877.3,53700.10000000001,373369.2,22619.8,13898.7,64066.0,5379.1,96367.8,,,,,,,,,,,,,,,,,,,,,,,,,,,,,,,,,,,,,,,,,,,,,,,,,,,,,,,,,,,,,,,,,,,,,,,,,742869.0,113809.3,23698.5,17629.5,20167.6,28537.8,10756.2,133582.6,29256.1,39734.3,13873.7,46001.8,117409.5,20865.9,10676.8,37332.4,5263.1,73173.3
2009-08-01,,,,,,,,,,,,,,,,,,,1170241.4,129120.2,27641.9,20688.6,20565.8,29774.6,9709.0,231359.6,22680.9,41467.9,12959.9,53165.7,369166.2,22271.4,13846.6,63223.3,5347.1,94856.1,,,,,,,,,,,,,,,,,,,,,,,,,,,,,,,,,,,,,,,,,,,,,,,,,,,,,,,,,,,,,,,,,,,,,,,,,733168.0,111867.1,23381.1,17571.5,19971.9,28574.3,10794.5,130444.8,29094.4,39746.6,13830.9,45672.9,115843.2,20631.2,10715.3,36504.2,5235.1,72311.4
2009-09-01,,,,,,,,,,,,,,,,,,,1174236.9,129503.8,27822.5,20720.1,20416.6,29727.5,9696.9,232346.8,22641.6,41420.4,12939.9,53072.4,371261.5,22270.5,13823.1,63461.8,5404.1,95323.5,,,,,,,,,,,,,,,,,,,,,,,,,,,,,,,,,,,,,,,,,,,,,,,,,,,,,,,,,,,,,,,,,,,,,,,,,731631.4,111278.7,23414.9,17571.8,19483.9,28477.8,10628.5,131255.6,28954.3,39802.4,13886.8,45190.0,115690.3,20586.8,10591.0,36565.8,5207.7,72009.5
2009-10-01,,,,,,,,,,,,,,,,,,,1178697.5,129503.7,27875.9,20818.7,20294.7,29828.6,9698.8,234193.0,22692.0,41681.5,13129.8,52953.9,372758.8,22231.7,13837.7,63760.2,5459.1,95571.0,,,,,,,,,,,,,,,,,,,,,,,,,,,,,,,,,,,,,,,,,,,,,,,,,,,,,,,,,,,,,,,,,,,,,,,,,737040.6,112181.8,23717.2,17601.0,19195.1,28459.2,10491.4,132539.9,28945.9,40107.9,14027.2,45060.5,117123.5,20679.8,10731.3,37312.5,5249.9,72506.5
2009-11-01,,,,,,,,,,,,,,,,,,,1182648.0,130164.5,29065.2,20837.0,20179.4,30063.3,9727.8,234641.2,22741.5,41855.0,13170.3,53256.2,373080.9,22302.4,13881.6,64141.2,5390.8,95691.4,,,,,,,,,,,,,,,,,,,,,,,,,,,,,,,,,,,,,,,,,,,,,,,,,,,,,,,,,,,,,,,,,,,,,,,,,736808.0,112632.9,23763.1,17535.5,18378.4,28777.6,10496.7,132526.3,29015.4,40124.0,14135.8,45371.2,116780.3,20707.1,10759.6,37489.4,5284.6,71951.2
2009-12-01,,,,,,,,,,,,,,,,,,,1183170.0,130491.2,29138.3,20850.4,20104.9,30195.7,9812.3,235113.7,22748.4,41929.7,13177.1,53193.7,372554.0,22334.6,13875.9,64164.3,5395.700000000001,95627.1,,,,,,,,,,,,,,,,,,,,,,,,,,,,,,,,,,,,,,,,,,,,,,,,,,,,,,,,,,,,,,,,,,,,,,,,,736436.6,112743.3,23705.3,17518.3,18103.9,28867.0,10478.4,132379.4,29062.7,39943.6,14205.8,45465.0,116947.9,20646.1,10773.4,37612.2,5301.7,71568.7
2010-01-01,72.759,72.686,73.161,73.171,71.988,75.559,72.569,71.839,71.964,71.773,73.304,71.964,74.105,73.631,72.641,71.681,72.411,72.912,1171107.2,128437.3,28859.8,20653.2,19829.5,29416.0,9678.2,232771.8,22658.2,41498.9,12860.1,52645.0,370020.5,22047.8,13756.1,63621.10000000001,5370.1,94553.4,6268.0,988.0,166.0,113.0,135.0,184.0,59.0,1132.0,199.0,221.0,98.0,302.0,1373.0,180.0,88.0,247.0,37.0,728.0,,,,,,,,,,,,,,,,,,,,,,,,,,,,,,,,,,,,,90045.0,15834.0,2839.0,1308.0,2485.0,4770.0,1249.0,12118.0,3778.0,6625.0,1730.0,5815.0,11160.0,3102.0,1021.0,3422.0,2156.0,10481.0,726437.3,111341.4,23455.1,17210.9,17789.9,28394.1,10277.9,130702.6,28608.3,39169.0,14066.8,45041.5,115488.9,20306.7,10638.0,37045.0,5225.3,70535.6
2010-02-01,72.627,72.614,73.073,73.033,71.823,75.403,72.31,71.7,71.722,71.63,73.211,71.744,74.013,73.564,72.415,71.471,72.338,72.78,1174799.0,129106.5,28895.6,20669.8,19808.5,29265.2,9687.3,233349.0,22659.6,41637.1,12922.7,52911.9,371490.5,22029.4,13719.4,63988.2,5376.3,94874.6,7757.0,1206.0,210.0,127.0,185.0,223.0,60.0,1325.0,263.0,306.0,139.0,358.0,1736.0,183.0,104.0,341.0,36.0,940.0,,,,,,,,,,,,,,,,,,,,,,,,,,,,,,,,,,,,,88523.0,17165.0,2259.0,2218.0,2434.0,3237.0,1325.0,12814.0,3239.0,5662.0,1542.0,4352.0,11033.0,3262.0,1052.0,4321.0,971.0,11377.0,726066.9,111680.4,23471.7,17108.2,17739.7,28265.9,10267.3,130479.8,28665.4,39352.9,14070.2,44941.0,115174.3,20383.5,10617.9,36990.6,5209.5,70550.1
2010-03-01,73.165,73.186,73.579,73.509,72.316,75.967,72.714,72.228,72.326,72.19,73.716,72.357,74.528,74.106,73.047,72.069,72.705,73.245,1179496.3,129995.1,29024.9,20739.9,20035.5,29100.6,9725.6,234106.0,22664.5,41921.2,13136.1,53402.2,372874.9,22096.3,13787.9,64179.9,5377.099999999999,94938.7,8731.0,1362.0,206.0,105.0,221.0,360.0,104.0,1615.0,305.0,355.0,134.0,442.0,1774.0,230.0,94.0,370.0,30.0,1010.0,,,,,,,,,,,,,,,,,,,,,,,,,,,,,,,,,,,,,87137.0,15144.0,2829.0,2144.0,2328.0,4464.0,1516.0,13519.0,3574.0,4805.0,1468.0,4963.0,11111.0,2969.0,1028.0,3961.0,818.0,10227.0,727874.1,112404.9,23509.8,17117.3,17889.9,28261.1,10237.0,130634.5,28829.1,39555.9,14224.7,44892.0,115141.2,20421.2,10630.1,37025.2,5231.9,70803.4
2010-04-01,73.944,74.042,74.347,74.414,72.728,76.642,73.398,72.949,73.156,72.947,74.745,73.22,75.152,75.164,73.766,72.857,73.985,74.143,1182266.9,130815.3,29067.1,20864.3,20121.3,28976.6,9860.0,234232.8,22567.7,42096.2,13200.2,53663.5,374161.9,22131.1,13786.6,63985.1,5379.400000000001,94976.6,7267.0,1242.0,142.0,138.0,178.0,222.0,55.0,1374.0,243.0,257.0,96.0,344.0,1516.0,226.0,88.0,263.0,35.0,835.0,,,,,,,,,,,,,,,,,,,,,,,,,,,,,,,,,,,,,80182.0,13462.0,2873.0,2167.0,2452.0,3510.0,1007.0,12216.0,4097.0,4296.0,1908.0,5259.0,9955.0,2822.0,790.0,2865.0,899.0,9377.0,728962.4,113317.9,23508.7,17113.8,18287.9,28179.0,10278.8,130987.6,28814.9,39492.5,14319.5,44966.3,114725.5,20437.7,10644.9,36951.5,5238.4,70646.6
2010-05-01,74.109,74.21,74.528,74.711,73.053,76.782,73.585,73.142,73.389,73.132,74.773,73.407,75.236,75.249,74.199,72.996,74.17,74.279,1188583.3,131648.4,29084.4,20877.6,20397.2,29043.5,9997.5,235448.4,22691.1,42199.9,13278.9,53832.2,376309.8,22208.8,13935.7,64304.1,5376.8,95580.0,7712.0,1154.0,175.0,122.0,212.0,282.0,75.0,1345.0,223.0,349.0,119.0,386.0,1685.0,208.0,108.0,311.0,48.0,893.0,,,,,,,,,,,,,,,,,,,,,,,,,,,,,,,,,,,,,87882.0,14988.0,2775.0,1751.0,2339.0,3529.0,1633.0,13054.0,3578.0,5791.0,1894.0,4351.0,12744.0,3049.0,881.0,3725.0,967.0,10637.0,732161.6,113901.8,23502.4,17173.5,19128.3,27967.2,10395.4,131118.4,28933.9,39709.2,14358.3,44997.8,115044.9,20584.8,10745.2,37053.6,5225.8,71246.0
2010-06-01,74.241,74.336,74.571,74.885,73.22,76.759,73.723,73.285,73.553,73.229,74.944,73.584,75.376,75.428,74.317,73.112,74.396,74.427,1189788.8,131593.8,29117.7,20930.1,20501.0,28966.6,10113.1,235916.8,22678.0,42471.6,13327.3,53878.2,376138.6,22223.8,13950.2,64335.4,5375.6,95890.3,7141.0,1216.0,172.0,111.0,177.0,261.0,84.0,1265.0,222.0,289.0,74.0,340.0,1466.0,226.0,101.0,281.0,36.0,805.0,,,,,,,,,,,,,,,,,,,,,,,,,,,,,,,,,,,,,89140.0,15692.0,2619.0,2010.0,2262.0,3809.0,1440.0,11951.0,3921.0,5223.0,2019.0,5327.0,11839.0,3241.0,940.0,3812.0,1737.0,11118.0,729245.8,113507.3,23352.4,17204.3,19507.9,27806.3,10426.5,129905.6,28963.5,39478.5,14309.9,44984.5,114280.6,20447.0,10638.5,37021.1,5189.7,71192.7
2010-07-01,73.909,73.895,74.214,74.371,73.333,76.397,73.628,73.03,73.024,72.942,74.454,73.09,75.233,74.824,74.113,72.812,73.634,74.024,1190130.4,131532.9,29100.5,20923.1,20575.1,28988.1,10018.5,236172.0,22689.4,42543.7,13267.4,53857.9,376825.5,22199.1,13981.7,64072.10000000001,5394.9,95630.6,6690.0,1006.0,144.0,97.0,158.0,235.0,51.0,1138.0,238.0,309.0,74.0,354.0,1457.0,177.0,89.0,253.0,43.0,863.0,,,,,,,,,,,,,,,,,,,,,,,,,,,,,,,,,,,,,84218.0,13463.0,2278.0,2000.0,2679.0,3237.0,1089.0,14618.0,3958.0,4868.0,2008.0,4641.0,10071.0,3001.0,771.0,3735.0,1302.0,10362.0,726730.6,112550.1,23418.5,17210.2,19904.0,27803.4,10579.5,129086.0,29094.0,39246.1,13955.4,45144.2,113108.2,20300.7,10495.7,36935.5,5187.8,71727.9
2010-08-01,74.095,74.116,74.381,74.612,73.386,76.432,73.816,73.22,73.181,73.152,74.584,73.247,75.43,75.01,74.104,73.024,73.794,74.252,1175642.6,130173.4,27530.3,20926.7,20510.1,29070.8,9931.3,231855.1,22590.1,42259.0,13189.9,53450.9,373071.8,21906.6,13976.3,63318.2,5386.299999999999,94186.7,4852.0,677.0,120.0,53.0,134.0,204.0,51.0,992.0,178.0,166.0,53.0,278.0,990.0,148.0,49.0,168.0,37.0,541.0,,,,,,,,,,,,,,,,,,,,,,,,,,,,,,,,,,,,,77256.0,13110.0,2090.0,1662.0,2812.0,3441.0,1046.0,11675.0,3621.0,4989.0,1809.0,4424.0,9660.0,2941.0,872.0,3526.0,750.0,8725.0,717669.0,111187.3,23182.9,17165.3,19690.2,27887.4,10684.4,126515.6,28932.3,39185.1,13730.5,44568.4,111382.1,19955.5,10476.2,36129.1,5198.4,70872.2
2010-09-01,74.146,74.245,74.421,74.644,73.149,76.452,73.795,73.226,73.363,73.286,74.705,73.394,75.463,75.022,74.132,73.164,73.739,74.193,1183284.5,130308.0,27688.0,21038.2,20456.6,29204.3,9930.5,233559.6,22580.2,42433.5,13171.4,53456.7,376797.8,21916.0,14002.7,63816.4,5430.6,95204.7,5207.0,828.0,127.0,97.0,141.0,194.0,53.0,842.0,189.0,241.0,84.0,328.0,1053.0,155.0,61.0,222.0,19.0,566.0,,,,,,,,,,,,,,,,,,,,,,,,,,,,,,,,,,,,,83330.0,15293.0,2743.0,2599.0,2380.0,3386.0,1226.0,11657.0,3024.0,5171.0,1333.0,3846.0,10749.0,3244.0,759.0,3804.0,934.0,10728.0,716924.2,110559.5,23079.6,17161.8,19203.2,27859.0,10483.5,127884.4,28774.7,39313.9,13738.1,44113.8,111403.4,19918.7,10418.4,36207.1,5224.9,70560.4
2010-10-01,74.824,74.99,75.296,75.436,73.318,76.894,74.495,73.833,74.249,73.999,75.648,74.314,75.962,75.899,74.536,73.94,74.706,74.903,1189469.4,130703.6,27730.3,21135.8,20374.2,29251.1,9912.0,235327.1,22627.7,42424.2,13137.1,53481.1,379617.1,21953.6,14055.5,64368.4,5518.799999999999,95561.4,5492.0,826.0,121.0,70.0,116.0,170.0,37.0,985.0,185.0,200.0,74.0,272.0,1373.0,167.0,54.0,186.0,31.0,614.0,,,,,,,,,,,,,,,,,,,,,,,,,,,,,,,,,,,,,62109.0,11308.0,1875.0,1128.0,1735.0,3335.0,1043.0,8215.0,2558.0,3657.0,1498.0,3295.0,7711.0,2413.0,638.0,3030.0,422.0,8056.0,721825.6,111100.0,23344.1,17122.3,18827.2,27984.5,10339.2,129425.6,28870.6,39515.6,13831.8,44180.3,112655.6,20169.2,10525.1,36941.3,5241.7,70679.1
2010-11-01,75.23,75.436,75.574,76.243,73.86,77.274,75.104,74.178,74.676,74.39,75.87,74.76,76.309,76.406,75.183,74.29,75.326,75.305,1193309.3,131340.0,27697.6,21148.7,20260.8,29590.4,9882.7,236506.9,22659.2,42499.2,13263.9,53476.10000000001,380658.6,22080.3,14103.8,64734.7,5429.6,95677.9,6682.0,966.0,140.0,103.0,154.0,232.0,53.0,1138.0,245.0,233.0,98.0,351.0,1569.0,215.0,60.0,261.0,21.0,831.0,,,,,,,,,,,,,,,,,,,,,,,,,,,,,,,,,,,,,67086.0,11971.0,1963.0,1765.0,1717.0,2751.0,912.0,9201.0,2745.0,4983.0,1651.0,4375.0,8018.0,2130.0,691.0,3064.0,990.0,8013.0,723228.3,111526.2,23401.3,17125.1,18038.1,28469.7,10362.5,129684.9,28871.0,39546.7,13782.0,44422.1,113058.3,20193.0,10551.2,37200.0,5277.0,70625.0
2010-12-01,75.692,75.88,76.021,76.528,74.264,77.677,75.531,74.682,75.212,74.862,76.306,75.233,76.856,76.85,75.691,74.594,75.869,75.739,1192453.8,131270.7,27727.0,21176.8,20192.8,29751.6,9796.5,236721.5,22565.3,42425.6,13289.8,53472.60000000001,380008.9,22091.9,14126.7,64785.6,5433.4,95293.5,6195.0,1011.0,141.0,96.0,161.0,207.0,53.0,1231.0,232.0,229.0,84.0,285.0,1223.0,162.0,67.0,243.0,29.0,730.0,,,,,,,,,,,,,,,,,,,,,,,,,,,,,,,,,,,,,64040.0,10531.0,1373.0,2116.0,1530.0,5063.0,1247.0,8522.0,2759.0,3600.0,1589.0,4519.0,6816.0,2407.0,464.0,4119.0,544.0,6709.0,721931.3,111157.6,23371.5,17122.0,17718.1,28667.9,10366.8,129730.1,28960.2,39244.6,13692.6,44237.6,113012.2,20073.7,10522.2,37244.7,5323.8,70311.7
2011-01-01,75.138,75.208,75.382,75.894,73.964,77.434,75.143,74.201,74.628,74.288,75.817,74.394,76.409,76.077,74.834,73.938,74.904,75.285,1180571.4,129452.6,27417.3,20994.6,20022.9,29229.9,9677.9,235246.1,22355.4,41441.0,13059.8,52895.2,376444.6,21874.9,14075.9,64317.3,5418.599999999999,94367.8,7124.0,1166.0,146.0,110.0,172.0,255.0,84.0,1306.0,256.0,228.0,92.0,354.0,1582.0,212.0,52.0,322.0,32.0,742.0,,,,,,,,,,,,,,,,,,,,,,,,,,,,,,,,,,,,,75409.0,14235.0,3576.0,1455.0,2319.0,3610.0,1082.0,10121.0,2976.0,4669.0,1651.0,4673.0,8151.0,2271.0,786.0,4149.0,745.0,8782.0,711452.1,109981.0,23081.2,16873.4,17452.5,28172.9,10164.1,127903.2,28588.8,38459.6,13301.8,43605.9,111290.3,19701.6,10316.4,36803.6,5253.6,69324.8
2011-02-01,75.234,75.3,75.539,76.094,74.213,77.525,75.057,74.294,74.693,74.387,75.867,74.451,76.541,76.235,74.914,73.978,75.022,75.342,1181308.1,129469.5,27449.9,21116.4,20116.0,29097.5,9601.3,234318.9,22370.1,41589.60000000001,13123.3,52981.9,377477.5,21837.7,14122.2,64543.0,5405.6,94403.7,7959.0,1228.0,202.0,117.0,222.0,298.0,72.0,1475.0,245.0,271.0,124.0,384.0,1762.0,246.0,103.0,303.0,39.0,856.0,,,,,,,,,,,,,,,,,,,,,,,,,,,,,,,,,,,,,76398.0,13539.0,2334.0,1795.0,2083.0,3315.0,1171.0,10836.0,3192.0,4767.0,1738.0,4142.0,10243.0,3424.0,825.0,3296.0,1060.0,8489.0,710854.6,110223.6,23211.1,16834.5,17467.5,28203.8,10134.5,127423.6,28565.3,38539.8,13384.7,43620.4,111200.8,19587.6,10237.6,36737.1,5226.4,69083.7
2011-03-01,75.796,75.949,76.139,76.503,74.48,78.207,75.54,74.776,75.395,74.981,76.441,75.094,77.077,76.793,75.673,74.575,75.433,75.856,1185538.7,129903.5,27481.7,21082.7,20178.0,29299.9,9663.9,234993.9,22456.2,41779.10000000001,13210.4,53099.5,378940.4,21865.2,14165.6,65053.3,5402.3,94675.1,9316.0,1597.0,197.0,147.0,242.0,301.0,79.0,1650.0,316.0,311.0,136.0,435.0,2056.0,317.0,108.0,386.0,27.0,994.0,,,,,,,,,,,,,,,,,,,,,,,,,,,,,,,,,,,,,68917.0,14516.0,1565.0,1475.0,1722.0,2761.0,870.0,9930.0,2966.0,4020.0,1421.0,3845.0,8683.0,2684.0,810.0,3817.0,526.0,7167.0,714228.1,111620.1,23312.6,16862.3,17658.7,28241.8,10120.5,127650.8,28689.2,38868.5,13390.0,43696.0,111451.1,19682.6,10290.4,36756.7,5219.3,69587.0
2011-04-01,76.739,76.951,77.134,77.567,75.214,78.926,76.449,75.714,76.358,75.887,77.585,76.096,77.874,77.94,76.599,75.56,76.915,76.863,1187672.6,130360.8,27491.8,21008.5,20222.7,29620.5,9698.1,235591.2,22476.4,41943.4,13430.2,53114.2,379150.9,21786.1,14228.3,65031.5,5401.299999999999,94811.4,6899.0,1117.0,155.0,104.0,209.0,253.0,75.0,1331.0,246.0,291.0,88.0,338.0,1362.0,208.0,66.0,250.0,32.0,768.0,,,,,,,,,,,,,,,,,,,,,,,,,,,,,,,,,,,,,49618.0,10682.0,1121.0,994.0,1435.0,2160.0,606.0,7650.0,1692.0,2901.0,1238.0,2813.0,5266.0,2066.0,445.0,2518.0,398.0,5483.0,716959.6,112751.6,23387.3,16832.5,18101.5,28352.6,10150.4,128148.5,28737.2,38921.0,13433.1,43693.5,111647.7,19675.2,10350.9,36663.3,5213.6,69762.2
2011-05-01,76.714,76.948,77.096,77.651,75.295,78.974,76.427,75.726,76.337,75.825,77.464,76.125,77.747,77.865,76.665,75.479,76.922,76.843,1189679.5,129456.0,27437.2,21052.3,20460.1,30199.3,9726.1,236461.2,22501.2,41997.6,13466.6,53175.5,379781.1,21661.8,14220.7,65420.7,5419.6,94853.4,8105.0,1174.0,179.0,128.0,242.0,310.0,72.0,1541.0,254.0,289.0,117.0,360.0,1724.0,224.0,88.0,321.0,41.0,1024.0,,,,,,,,,,,,,,,,,,,,,,,,,,,,,,,,,,,,,60341.0,10976.0,1711.0,1012.0,1925.0,1979.0,667.0,9606.0,2342.0,3261.0,1186.0,3136.0,7722.0,2453.0,611.0,3539.0,786.0,7287.0,718895.6,111793.8,23576.5,16871.6,18954.7,28072.1,10199.8,129031.8,28806.1,39013.9,13531.2,43715.5,111947.6,19786.5,10397.9,36626.1,5283.3,70107.8
2011-06-01,76.606,76.774,76.965,77.526,75.311,78.849,76.308,75.674,76.189,75.731,77.354,76.069,77.626,77.665,76.556,75.376,76.972,76.739,1189845.0,129619.5,27132.4,21013.9,20557.4,29792.5,9780.0,236518.1,22537.8,42176.6,13505.8,53111.9,380097.5,21573.0,14264.2,65465.4,5409.5,94956.9,7634.0,1326.0,165.0,107.0,192.0,264.0,62.0,1299.0,229.0,256.0,80.0,391.0,1661.0,275.0,93.0,277.0,36.0,914.0,,,,,,,,,,,,,,,,,,,,,,,,,,,,,,,,,,,,,52225.0,10825.0,1319.0,902.0,1534.0,2195.0,888.0,6760.0,2121.0,3590.0,1162.0,2590.0,6377.0,1800.0,678.0,2790.0,317.0,6238.0,716264.3,111372.3,23481.7,16864.7,19237.2,28033.9,10241.5,128191.8,28764.9,38860.9,13542.7,43802.2,111579.5,19576.6,10343.3,36250.1,5300.5,69662.3
2011-07-01,76.194,76.169,76.506,76.932,75.257,78.248,76.148,75.392,75.675,75.419,76.724,75.495,77.41,77.031,76.362,74.999,76.154,76.284,1188893.9,129470.5,27059.8,20989.3,20577.7,29633.8,9841.4,236351.0,22482.3,42349.8,13452.1,53339.3,380204.3000000001,21596.6,14235.7,65024.5,5396.7,94606.1,6476.0,1200.0,117.0,102.0,183.0,271.0,36.0,1173.0,223.0,216.0,96.0,297.0,1292.0,180.0,56.0,229.0,24.0,772.0,,,,,,,,,,,,,,,,,,,,,,,,,,,,,,,,,,,,,46748.0,8762.0,1276.0,755.0,1342.0,1645.0,605.0,7737.0,1854.0,2694.0,841.0,2595.0,6826.0,1728.0,516.0,1881.0,447.0,5094.0,715810.8,110974.6,23485.2,16979.7,19744.7,28283.2,10385.6,127059.4,28786.3,39129.9,13548.4,44004.2,110724.3,19450.4,10286.7,36296.6,5330.0,70311.5
2011-08-01,76.289,76.278,76.641,77.076,75.227,78.339,76.149,75.441,75.664,75.512,76.82,75.596,77.599,77.102,76.268,75.099,76.269,76.376,1175157.2,128382.3,26846.4,20928.8,20431.2,29533.9,9726.4,231882.8,22351.8,42136.5,13287.7,53005.0,376273.1,21335.7,14202.6,64209.4,5354.7,92988.3,5309.0,906.0,127.0,85.0,151.0,235.0,38.0,1136.0,165.0,188.0,64.0,268.0,968.0,156.0,53.0,151.0,22.0,588.0,,,,,,,,,,,,,,,,,,,,,,,,,,,,,,,,,,,,,47620.0,9739.0,1647.0,720.0,1601.0,2657.0,479.0,7109.0,1633.0,3528.0,865.0,2730.0,5117.0,1521.0,550.0,1997.0,561.0,5073.0,707122.9,109330.9,23342.4,16952.2,19537.0,28327.0,10378.2,124483.1,28613.2,38956.8,13555.2,43712.1,109343.8,19146.6,10306.4,35402.1,5271.4,69563.7
2011-09-01,76.475,76.577,76.813,77.204,75.209,78.443,76.209,75.575,75.942,75.764,77.075,75.859,77.779,77.282,76.422,75.355,76.344,76.449,1181692.5,128501.8,26961.6,21095.8,20236.6,29684.6,9728.0,233441.9,22304.5,42362.6,13173.0,53212.2,379646.9,21409.7,14166.4,64681.5,5418.900000000001,93409.2,5756.0,875.0,124.0,84.0,145.0,224.0,38.0,1046.0,196.0,203.0,78.0,322.0,1199.0,189.0,69.0,208.0,33.0,712.0,,,,,,,,,,,,,,,,,,,,,,,,,,,,,,,,,,,,,51033.0,9684.0,1144.0,885.0,1866.0,1957.0,682.0,7477.0,1689.0,3072.0,997.0,2608.0,7484.0,2054.0,711.0,2197.0,343.0,6109.0,705374.1,108297.4,23399.8,16647.2,19048.0,28511.9,10336.0,125518.9,28405.8,38700.5,13475.6,43526.0,109228.4,19168.3,10219.5,35552.9,5247.6,69175.5
2011-10-01,77.078,77.173,77.572,77.915,75.478,78.841,76.783,76.116,76.785,76.416,77.893,76.703,78.259,78.111,76.946,76.073,77.179,77.03,1185368.0,128475.7,27019.4,21131.8,20079.5,29554.8,9731.7,235416.1,22176.9,42498.5,13165.7,53191.10000000001,381086.3,21489.7,14137.3,65029.7,5377.1,93540.8,6380.0,1080.0,114.0,93.0,172.0,235.0,56.0,1147.0,200.0,222.0,80.0,282.0,1446.0,197.0,84.0,194.0,33.0,733.0,,,,,,,,,,,,,,,,,,,,,,,,,,,,,,,,,,,,,39178.0,8135.0,797.0,698.0,1315.0,1676.0,325.0,4903.0,2116.0,2071.0,765.0,2326.0,4778.0,1568.0,510.0,2077.0,957.0,4000.0,708297.9,108594.8,23607.0,16635.6,18518.7,28706.4,10209.3,126385.5,28282.8,38851.7,13509.6,43808.7,109799.1,19281.9,10295.9,36282.7,5231.1,69478.0
2011-11-01,77.391,77.477,77.825,78.448,75.847,79.125,77.291,76.386,77.13,76.785,78.066,77.07,78.506,78.581,77.488,76.347,77.721,77.356,1187248.7,128381.4,26990.7,21226.0,19773.0,29255.8,9813.7,236121.1,22079.9,42533.5,13171.4,53138.7,382889.3,21548.4,14184.1,65253.2,5299.799999999999,93331.3,7251.0,1194.0,165.0,113.0,178.0,271.0,56.0,1312.0,248.0,271.0,103.0,346.0,1587.0,186.0,57.0,242.0,30.0,873.0,,,,,,,,,,,,,,,,,,,,,,,,,,,,,,,,,,,,,45581.0,9495.0,1653.0,821.0,1139.0,1868.0,1095.0,6344.0,1729.0,2769.0,1054.0,2569.0,5230.0,1238.0,697.0,3030.0,451.0,4302.0,706615.5,108166.7,23661.8,16600.5,17383.7,28828.7,10134.0,125772.5,28161.0,38789.3,13504.0,43838.6,110607.1,19238.8,10291.5,36421.4,5183.4,69189.3
2011-12-01,77.492,77.49,77.84,78.563,75.979,79.218,77.294,76.566,77.173,76.864,78.134,77.106,78.81,78.56,77.665,76.35,77.928,77.333,1191854.7,128852.6,26964.2,21472.4,19556.7,29231.3,9780.7,237057.5,22007.8,42365.2,13068.3,53563.0,385944.5,21535.3,14421.7,65329.4,5258.799999999999,93257.8,6603.0,1079.0,131.0,98.0,183.0,251.0,55.0,1225.0,212.0,222.0,80.0,309.0,1406.0,234.0,74.0,221.0,33.0,782.0,,,,,,,,,,,,,,,,,,,,,,,,,,,,,,,,,,,,,38691.0,7743.0,1073.0,677.0,1044.0,1388.0,482.0,4716.0,1929.0,2787.0,803.0,2372.0,5243.0,1337.0,467.0,2663.0,380.0,3511.0,707586.8,107663.1,23995.7,16717.3,17048.9,28963.4,10107.1,125425.5,27952.8,38452.7,13459.1,43847.7,112384.5,19257.6,10234.3,37028.0,5186.2,68819.3
2012-01-01,76.639,76.494,76.996,77.424,75.51,78.484,76.537,75.861,76.241,75.977,77.133,76.046,77.965,77.479,76.539,75.423,76.549,76.718,1173402.6,126760.6,26548.7,21106.0,19063.1,28656.8,9636.8,233726.4,21606.4,41626.4,12695.9,52693.1,381187.3000000001,21201.5,14248.0,64386.0,5214.6,90956.0,7955.0,1339.0,151.0,147.0,200.0,307.0,55.0,1482.0,263.0,220.0,102.0,441.0,1669.0,196.0,85.0,306.0,37.0,934.0,,,,,,,,,,,,,,,,,,,145472.0,18597.0,10018.0,2926.0,1917.79,4564.0,1032.12,24050.0,2066.0,6340.0,1007.0,5165.0,41353.0,1792.0,1115.12,7431.0,559.2,10919.0,46821.0,8835.0,1361.0,825.0,1387.0,2306.0,645.0,6772.0,2098.0,3209.0,773.0,2348.0,5194.0,1640.0,774.0,2654.0,532.0,5384.0,694228.2,106051.9,23476.9,16385.2,16581.1,28464.1,9765.9,123838.6,27062.9,37605.1,13135.1,43096.3,109895.0,18819.6,9979.8,36770.1,5092.3,67053.2
2012-02-01,76.719,76.588,77.095,77.533,75.28,78.697,76.414,75.958,76.24,76.071,77.186,76.037,78.077,77.551,76.703,75.413,76.667,76.853,1172052.5,126434.3,26642.9,21087.1,18940.3,28653.4,9615.5,233567.4,21552.6,41597.6,12726.5,52533.1,381060.7,21204.1,14193.5,64341.2,5199.3,90608.9,8219.0,1331.0,187.0,123.0,255.0,266.0,67.0,1527.0,275.0,291.0,115.0,368.0,1691.0,222.0,92.0,299.0,39.0,1054.0,,,,,,,,,,,,,,,,,,,143221.0,17595.0,10152.0,2835.0,1846.01,4388.0,993.49,23447.0,2088.0,6294.0,1014.0,5078.0,41492.0,1772.0,1073.38,7417.0,538.27,10751.0,43616.0,8009.0,1273.0,664.0,1451.0,1468.0,411.0,6973.0,1679.0,2990.0,766.0,2078.0,5950.0,1375.0,741.0,2792.0,285.0,4549.0,692515.6,105979.6,23445.5,16341.4,16563.8,28431.2,9681.0,123347.8,26917.4,37501.8,13110.8,43086.1,109460.8,18771.8,9978.5,36777.4,5032.3,66892.9
2012-03-01,77.235,77.147,77.557,77.935,75.823,79.268,76.81,76.448,76.795,76.775,77.894,76.568,78.505,78.043,77.245,76.0,77.11,77.312,1173022.5,126608.1,26591.5,20998.1,18929.9,28581.3,9663.8,234188.9,21551.4,41577.1,12670.9,52672.2,381488.7,21210.0,14148.4,64400.7,5183.5,90465.7,8741.0,1511.0,215.0,125.0,307.0,319.0,68.0,1652.0,312.0,276.0,135.0,380.0,1802.0,290.0,102.0,311.0,44.0,878.0,,,,,,,,,,,,,,,,,,,153748.0,20103.0,10740.0,3031.0,1971.31,4646.0,1060.93,25565.0,2200.0,6563.0,1126.0,5486.0,43543.0,1769.0,1146.24,7529.0,574.8,11945.0,42367.0,8939.0,1123.0,729.0,1141.0,1610.0,506.0,5988.0,2098.0,3063.0,737.0,2206.0,5635.0,1362.0,711.0,2402.0,215.0,3794.0,693848.6,106498.6,23412.2,16312.7,16810.0,28385.9,9648.8,123448.5,26944.6,37825.5,13213.7,43150.9,109187.5,18865.2,9973.9,36805.4,5016.8,67179.6
2012-04-01,78.32,78.336,78.734,79.108,76.715,80.1,77.803,77.548,77.899,77.851,79.165,77.654,79.425,79.433,78.228,77.057,78.543,78.447,1171432.4,126315.0,26546.3,20944.9,19093.8,28481.8,9673.9,233960.9,21565.5,41717.2,12655.7,52771.2,380656.5,21189.1,13955.4,64356.2,5146.1,90316.2,6849.0,1119.0,155.0,102.0,226.0,252.0,60.0,1363.0,227.0,231.0,93.0,344.0,1381.0,190.0,81.0,228.0,28.0,756.0,,,,,,,,,,,,,,,,,,,135330.0,19125.0,9366.0,2716.0,1790.82,4167.0,963.79,22634.0,1884.0,5605.0,909.0,4758.0,37513.0,1556.0,1041.29,6410.0,522.17,10055.0,35761.0,6790.0,964.0,570.0,1307.0,1450.0,604.0,5556.0,1248.0,2319.0,732.0,1468.0,4269.0,1129.0,476.0,1838.0,518.0,4390.0,692390.0,105438.0,23350.8,16300.7,17284.3,28047.9,9641.6,123671.7,26881.2,37774.1,13169.2,43095.8,108709.7,18912.8,9967.3,36755.1,5032.4,67188.1
2012-05-01,78.204,78.19,78.595,79.06,76.857,79.887,77.665,77.438,77.791,77.686,78.905,77.524,79.32,79.283,78.143,76.938,78.568,78.373,1171387.1,126024.1,26522.1,20833.2,19381.9,28488.1,9708.4,234257.3,21499.7,41389.0,12636.3,52788.2,380611.1,21205.4,13926.5,64536.4,5119.2,90371.4,8038.0,1250.0,186.0,105.0,256.0,244.0,71.0,1498.0,243.0,274.0,126.0,372.0,1692.0,250.0,95.0,295.0,56.0,1009.0,,,,,,,,,,,,,,,,,,,152780.0,20580.0,10928.0,3047.0,2080.44,4565.0,1119.66,24577.0,2105.0,6622.0,1147.0,5411.0,42888.0,1831.0,1209.69,7443.0,606.62,11608.0,43694.0,8140.0,1013.0,944.0,1401.0,1987.0,580.0,6254.0,2198.0,2935.0,802.0,2015.0,5225.0,1615.0,668.0,2631.0,392.0,4657.0,694758.6,105877.3,23284.5,16407.4,18347.7,27863.8,9631.0,124219.6,26924.8,37643.9,13205.3,42938.1,108818.4,19084.1,9958.4,36805.1,5073.7,67464.8
2012-06-01,78.058,78.015,78.386,78.892,76.806,79.667,77.775,77.31,77.562,77.516,78.759,77.408,79.202,79.067,78.063,76.801,78.521,78.22,1170773.5,125734.4,26429.8,20809.1,19603.7,28700.7,9692.6,234094.1,21312.0,41413.3,12518.1,52789.0,380374.0,21149.6,13887.9,64521.8,5122.7,90551.6,7549.0,1226.0,172.0,106.0,192.0,286.0,65.0,1524.0,220.0,233.0,94.0,367.0,1595.0,238.0,94.0,241.0,34.0,844.0,,,,,,,,,,,,,,,,,,,143243.0,18288.0,10014.0,2511.0,2001.4,4283.0,1077.12,23822.0,1900.0,5992.0,1006.0,5124.0,41233.0,1527.0,1163.73,7238.0,583.58,10658.0,40745.0,8489.0,1476.0,554.0,1381.0,1378.0,742.0,6212.0,1554.0,2335.0,716.0,2117.0,5299.0,1549.0,554.0,1875.0,345.0,4110.0,692480.6,105537.0,23077.8,16422.6,18953.2,27807.2,9674.1,123442.9,26981.4,37439.0,13140.5,42828.5,108859.4,18928.7,9884.5,36178.9,5046.1,67102.5
2012-07-01,77.876,77.729,78.067,78.43,76.942,79.906,77.896,77.344,77.277,77.307,78.433,77.033,79.089,78.591,78.236,76.459,77.887,77.901,1165493.4,125310.4,26290.3,20740.5,19803.2,28803.1,9711.4,232376.2,21279.3,41298.2,12527.6,52681.0,378423.2,21089.4,13848.4,64043.9,5112.6,90082.4,6935.0,1136.0,175.0,103.0,173.0,254.0,42.0,1285.0,207.0,233.0,71.0,333.0,1478.0,226.0,56.0,250.0,42.0,865.0,,,,,,,,,,,,,,,,,,,127452.0,16651.0,8567.0,2794.0,2160.31,4210.0,1162.65,22171.0,1597.0,5216.0,779.0,4776.0,33113.0,1205.0,1256.14,6171.0,629.91,9789.0,41303.0,8140.0,1442.0,868.0,1620.0,2292.0,484.0,5677.0,1718.0,2338.0,701.0,2043.0,5019.0,2151.0,457.0,2018.0,362.0,3918.0,689528.7,104572.0,23001.6,16333.2,19327.1,27850.8,9818.5,122248.0,27193.0,37466.6,13122.5,42884.9,107709.2,18804.9,9817.9,36007.2,5082.9,67266.6
2012-08-01,78.314,78.114,78.582,78.938,77.225,80.323,78.546,77.78,77.74,77.8,78.813,77.537,79.51,79.062,78.439,76.907,78.366,78.389,1151746.1,123828.4,26030.8,20629.3,19720.1,28441.3,9627.2,228665.5,21051.6,40806.5,12431.3,52491.5,374425.2,20820.4,13760.3,63283.8,5096.8,88550.4,5470.0,887.0,131.0,73.0,153.0,245.0,56.0,1022.0,176.0,201.0,78.0,265.0,1029.0,191.0,54.0,156.0,29.0,713.0,,,,,,,,,,,,,,,,,,,99095.0,14108.0,6590.0,2753.0,1811.98,3763.0,975.18,15623.0,1274.0,4385.0,659.0,4339.0,23344.0,837.0,1053.6,5508.0,528.35,7178.0,34572.0,6723.0,942.0,742.0,1062.0,1859.0,326.0,4826.0,1507.0,1998.0,721.0,1838.0,4638.0,1199.0,472.0,1625.0,224.0,3794.0,679906.8,103100.4,22765.1,16184.4,19121.8,27948.1,9890.6,119512.2,26890.8,37169.1,13089.0,42579.3,106154.0,18462.6,9774.9,35142.0,5068.3,66125.1
2012-09-01,79.085,78.967,79.303,79.582,77.887,81.065,79.165,78.526,78.584,78.597,79.634,78.346,80.297,79.848,79.175,77.727,79.056,79.058,1155166.0,123701.6,26091.1,21202.3,19580.9,28575.7,9593.0,228626.1,21020.5,40798.8,12437.7,52850.7,376482.7,20882.8,13695.1,63626.60000000001,5150.1,88752.5,5984.0,1033.0,137.0,97.0,162.0,252.0,42.0,956.0,211.0,197.0,94.0,301.0,1336.0,173.0,76.0,166.0,27.0,717.0,,,,,,,,,,,,,,,,,,,128860.0,16990.0,9345.0,2775.0,1914.88,4212.0,1030.56,20143.0,1696.0,5709.0,882.0,5005.0,35180.0,1248.0,1113.43,6738.0,558.35,9707.0,36570.0,7972.0,950.0,697.0,1228.0,1119.0,348.0,5032.0,1259.0,2013.0,555.0,1787.0,4875.0,1464.0,396.0,2054.0,245.0,4504.0,676403.4,101950.2,22728.0,16002.4,18733.5,27940.2,9698.4,120029.7,26509.0,36717.2,12993.6,42111.3,105729.6,18401.4,9761.6,35434.7,5043.0,65549.5
2012-10-01,79.757,79.557,80.014,80.397,78.302,81.434,79.834,79.295,79.309,79.232,80.443,79.224,80.917,80.73,79.641,78.458,79.872,79.692,1155970.2,123633.9,25824.5,20665.5,19202.7,28634.0,9555.6,230672.4,21018.8,40823.3,12456.9,53007.7,376280.2,20737.6,13638.6,63661.3,5188.6,88862.9,7547.0,1234.0,161.0,105.0,236.0,284.0,70.0,1356.0,264.0,230.0,90.0,392.0,1653.0,250.0,77.0,256.0,29.0,847.0,,,,,,,,,,,,,,,,,,,151073.0,20512.0,11888.0,3117.0,2071.52,4687.0,1114.86,22537.0,2051.0,6573.0,1226.0,5795.0,42768.0,1811.0,1204.51,6984.0,604.02,11139.0,31319.0,6274.0,946.0,765.0,957.0,1276.0,297.0,4802.0,1208.0,1660.0,706.0,1799.0,3743.0,910.0,370.0,1703.0,291.0,3549.0,677404.4,101119.4,22922.1,15816.9,18201.1,27899.4,9521.2,121116.7,26623.0,36812.8,13085.2,42341.7,105619.0,18384.5,9835.4,36089.0,5041.0,65902.4
2012-11-01,79.658,79.512,79.957,80.562,78.311,81.178,80.01,79.13,79.184,79.168,80.298,79.135,80.677,80.862,79.772,78.426,79.948,79.618,1155410.5,123483.7,25667.3,20535.6,18986.0,28499.5,9544.0,231337.4,20940.4,40829.7,12548.9,52732.4,376290.6,20646.5,13689.2,63578.2,5077.6,88965.79999999999,7597.0,1273.0,146.0,105.0,193.0,264.0,50.0,1479.0,250.0,241.0,83.0,324.0,1594.0,288.0,72.0,262.0,36.0,926.0,,,,,,,,,,,,,,,,,,,137496.0,18345.0,10204.0,2805.0,1810.94,4351.0,974.62,20982.0,1865.0,5944.0,1051.0,5068.0,39157.0,1648.0,1052.99,6806.0,528.04,10541.0,31559.0,5862.0,1577.0,575.0,925.0,1248.0,309.0,3916.0,1147.0,1969.0,736.0,1450.0,4831.0,937.0,322.0,1964.0,394.0,3319.0,674476.2,100761.4,22746.8,15680.5,16931.2,27916.3,9429.7,120770.6,26680.8,36656.8,13103.8,41994.0,105501.5,18372.1,9852.5,36271.6,5037.1,65703.9
2012-12-01,79.714,79.485,79.938,80.57,78.345,81.232,80.085,79.336,79.218,79.23,80.288,79.116,80.785,80.826,79.786,78.4,80.08,79.628,1153262.3,123473.1,25626.7,20430.4,18887.7,28410.3,9519.9,230898.2,20860.3,40668.9,12501.5,52694.4,375614.5,20640.0,13618.2,63549.7,5072.6,88729.9,6298.0,1060.0,164.0,90.0,194.0,216.0,50.0,1056.0,215.0,190.0,74.0,256.0,1358.0,249.0,55.0,231.0,38.0,793.0,,,,,,,,,,,,,,,,,,,129673.0,17604.0,9939.0,2801.0,1757.63,4117.0,945.93,19629.0,1661.0,5593.0,879.0,4388.0,36576.0,1247.0,1021.99,6704.0,512.5,10063.0,28438.0,4679.0,1272.0,724.0,1103.0,1308.0,415.0,3673.0,1014.0,1458.0,551.0,1416.0,4476.0,959.0,313.0,1728.0,248.0,3051.0,672384.8,100253.5,22660.6,15584.0,16511.8,27974.5,9401.9,120476.1,26732.2,36417.1,13001.0,41795.9,105622.1,18402.2,9834.8,36271.8,5042.3,65312.6
2013-01-01,78.695,78.38,78.952,79.417,77.594,80.279,79.18,78.395,78.155,78.196,79.209,77.949,79.85,79.645,78.653,77.303,78.57,78.669,1139842.3,122219.2,25411.6,20221.6,18873.8,28015.2,9419.9,228790.1,20722.3,40249.4,12202.6,51842.1,371053.4,20487.5,13463.9,62686.8,5027.2,87089.7,8861.0,1499.0,201.0,156.0,249.0,278.0,94.0,1722.0,293.0,304.0,118.0,430.0,1782.0,246.0,91.0,306.0,42.0,1036.0,,,,,,,,,,,,,,,,,,,139275.0,17954.0,10221.0,2862.0,1864.16,4696.0,994.87,22302.0,1755.0,5946.0,951.0,5181.0,39295.0,1443.0,1078.03,7286.0,537.79,10440.0,41700.0,7714.0,1635.0,757.0,1283.0,3378.0,680.0,5605.0,1364.0,2335.0,942.0,2020.0,5516.0,1118.0,491.0,2676.0,367.0,3661.0,660918.9,98417.7,22340.9,15302.8,16065.9,27613.5,9222.5,118423.6,26348.7,35991.7,12686.9,41081.8,103977.6,18110.4,9571.7,35811.7,4906.7,63919.2
2013-02-01,78.832,78.581,79.118,79.574,77.631,80.287,79.163,78.467,78.251,78.338,79.359,78.11,80.046,79.843,78.648,77.352,78.699,78.857,1139438.8,122173.8,25367.7,20199.5,18964.8,28032.3,9397.7,229285.5,20717.8,40165.3,12217.4,51855.2,370659.9,20469.3,13470.3,62485.9,5029.7,86830.6,8653.0,1303.0,189.0,120.0,251.0,295.0,63.0,1661.0,324.0,285.0,97.0,386.0,1891.0,287.0,82.0,310.0,35.0,1063.0,,,,,,,,,,,,,,,,,,,131939.0,16645.0,9861.0,2659.0,1726.79,4173.0,921.56,20720.0,1735.0,5626.0,917.0,4758.0,38605.0,1433.0,998.59,6652.0,498.16,9871.0,38119.0,7229.0,1269.0,770.0,923.0,2201.0,569.0,5164.0,1611.0,2436.0,556.0,1921.0,5248.0,1072.0,608.0,2171.0,445.0,3875.0,659125.2,98323.8,22316.4,15212.2,15952.6,27515.6,9185.2,118004.6,26381.2,35904.1,12621.4,40936.1,103722.0,18074.3,9514.9,35767.4,4889.5,63660.9
2013-03-01,79.109,78.864,79.378,79.736,77.831,80.66,79.332,78.712,78.508,78.579,79.68,78.379,80.363,80.094,79.083,77.8,78.793,79.067,1142172.4,122611.0,25340.0,20276.3,19122.1,28054.4,9436.8,230079.4,20697.5,40218.9,12262.4,51993.6,371689.5,20630.3,13417.8,62482.2,4996.3,86746.1,8339.0,1395.0,182.0,141.0,252.0,319.0,80.0,1616.0,269.0,302.0,102.0,366.0,1789.0,225.0,47.0,270.0,35.0,935.0,,,,,,,,,,,,,,,,,,,134542.0,18165.0,10060.0,2822.0,1835.19,4330.0,979.41,21509.0,1764.0,5696.0,910.0,4822.0,37171.0,1358.0,1061.27,6709.0,529.43,10422.0,27448.0,4990.0,1176.0,518.0,753.0,1525.0,255.0,3980.0,1009.0,1494.0,540.0,1525.0,3732.0,802.0,432.0,1858.0,467.0,2357.0,660580.7,99023.5,22317.0,15192.1,16212.6,27480.7,9231.0,117848.3,26463.7,35999.9,12733.1,40928.6,103741.7,18200.6,9530.9,35701.0,4897.2,63963.4
2013-04-01,79.405,79.258,79.763,80.159,78.008,80.821,79.62,78.962,78.84,78.813,80.245,78.686,80.469,80.693,79.234,78.197,79.562,79.415,1144225.8,122960.8,25302.1,20285.4,19369.5,28049.6,9442.8,230802.3,20829.3,40218.0,12349.6,52039.0,372036.5,20738.8,13408.4,62446.7,4972.5,86881.5,8938.0,1579.0,201.0,122.0,312.0,355.0,78.0,1635.0,300.0,288.0,101.0,413.0,1935.0,261.0,97.0,269.0,39.0,942.0,,,,,,,,,,,,,,,,,,,146869.0,20277.0,10447.0,2937.0,1907.73,4670.0,1018.12,23430.0,1796.0,5672.0,1039.0,5399.0,43228.0,1572.0,1103.22,6703.0,550.36,10547.0,29532.0,5936.0,994.0,734.0,920.0,1346.0,329.0,4340.0,1174.0,1339.0,565.0,1271.0,3977.0,1073.0,348.0,2020.0,190.0,2922.0,662481.0,100069.5,22217.7,15167.7,16701.3,27505.1,9201.4,117963.3,26572.9,36162.6,12777.4,40869.2,103767.4,18232.5,9556.6,35710.4,4872.2,64052.9
2013-05-01,79.551,79.382,79.84,80.322,78.229,80.894,79.849,79.169,78.942,78.989,80.293,78.889,80.546,80.9,79.454,78.29,79.766,79.594,1146165.4,123086.2,25354.4,20289.8,19686.5,28173.4,9446.9,231787.0,20754.3,40144.4,12401.5,52122.5,371930.7,20893.8,13378.7,62443.2,4949.5,87231.1,8855.0,1464.0,187.0,116.0,320.0,329.0,82.0,1680.0,242.0,329.0,133.0,389.0,1821.0,273.0,72.0,317.0,46.0,1032.0,,,,,,,,,,,,,,,,,,,148404.0,20233.0,11110.0,2888.0,2033.42,4512.0,1085.2,23979.0,1701.0,6029.0,1053.0,5248.0,41496.0,1572.0,1175.91,7054.0,586.62,11774.0,30648.0,6382.0,1134.0,503.0,1054.0,1277.0,257.0,4301.0,1171.0,1822.0,558.0,1539.0,3880.0,1363.0,547.0,1679.0,268.0,2871.0,666042.9,100623.4,22216.3,15262.8,17914.6,27372.3,9160.2,118541.2,26944.0,36265.5,12845.0,40892.6,103799.3,18418.9,9594.4,35741.7,4869.8,64527.0
2013-06-01,79.669,79.489,79.833,80.405,78.473,80.917,80.07,79.292,79.128,79.151,80.436,79.077,80.686,81.022,79.602,78.332,79.94,79.658,1149081.6,123271.7,25245.4,20434.5,20016.4,28390.7,9509.4,232275.0,20838.9,40144.7,12440.8,52176.8,372959.1,21023.9,13446.3,62414.6,4967.7,87425.4,7624.0,1234.0,156.0,120.0,222.0,313.0,72.0,1323.0,259.0,257.0,111.0,361.0,1679.0,247.0,83.0,266.0,36.0,868.0,,,,,,,,,,,,,,,,,,,136858.0,17583.0,10123.0,2673.0,1918.98,4182.0,1024.13,22512.0,1582.0,5388.0,911.0,4801.0,39830.0,1304.0,1109.73,6384.0,553.61,10379.0,23919.0,4896.0,1186.0,351.0,832.0,954.0,183.0,3585.0,1031.0,1170.0,578.0,812.0,3537.0,749.0,317.0,1052.0,189.0,2472.0,664504.0,100151.5,22064.9,15275.1,18581.1,27331.1,9176.8,117952.6,27033.5,36058.0,12837.3,40979.2,103975.0,18353.3,9544.9,35157.3,4862.0,64115.9
2013-07-01,79.258,78.965,79.394,79.842,78.369,80.348,79.913,78.932,78.643,78.832,79.776,78.523,80.415,80.42,79.668,78.119,79.141,79.146,1147792.8,123296.0,25249.2,20263.4,20352.3,28588.1,9584.9,231610.1,20773.5,40164.8,12491.1,51981.1,372420.4,21064.0,13402.5,62087.9,4956.3,87411.0,8064.0,1370.0,167.0,105.0,217.0,345.0,54.0,1628.0,269.0,272.0,91.0,342.0,1620.0,265.0,53.0,276.0,23.0,954.0,,,,,,,,,,,,,,,,,,,129604.0,16386.0,8988.0,2797.0,2197.05,4136.0,1172.53,22854.0,1334.0,5010.0,794.0,4857.0,34073.0,1075.0,1270.54,6263.0,633.83,10497.0,23065.0,4079.0,789.0,335.0,801.0,813.0,215.0,3719.0,1110.0,1435.0,430.0,1130.0,3106.0,771.0,384.0,1498.0,198.0,2215.0,665369.7,100676.6,22154.9,15190.5,19003.3,27615.5,9332.3,117368.1,27128.6,36196.3,12896.9,41182.4,103501.5,18211.3,9507.4,35113.8,4870.8,64486.7
2013-08-01,79.504,79.239,79.687,80.163,78.458,80.582,80.101,79.137,78.902,79.124,79.922,78.825,80.63,80.655,79.361,78.396,79.542,79.494,1136998.7,122524.9,25105.8,20301.5,20278.7,28504.7,9596.2,228250.8,20674.1,39918.2,12438.8,51780.9,368969.6,20912.5,13321.5,61458.7,4931.9,85915.0,5681.0,887.0,140.0,89.0,158.0,257.0,53.0,1162.0,182.0,202.0,65.0,272.0,1104.0,164.0,57.0,163.0,27.0,688.0,,,,,,,,,,,,,,,,,,,95827.0,13508.0,6715.0,2588.0,1794.12,3755.0,957.49,14926.0,1081.0,4002.0,613.0,4263.0,22773.0,678.0,1037.53,5431.0,517.59,6887.0,19649.0,3888.0,774.0,415.0,575.0,910.0,229.0,2251.0,731.0,1116.0,395.0,977.0,3156.0,567.0,258.0,1148.0,272.0,1939.0,658825.7,99763.2,21964.3,15241.3,18942.9,27620.1,9428.5,115008.2,27047.5,36124.4,12943.2,41225.1,102556.2,17919.8,9525.4,34174.9,4848.3,63667.7
2013-09-01,79.355,79.112,79.463,79.959,78.242,80.738,79.813,78.936,78.807,79.053,79.745,78.719,80.55,80.315,79.145,78.249,79.197,79.238,1145035.4,123364.5,25230.1,20342.8,20186.7,28712.4,9616.3,229416.8,20691.8,40042.0,12426.4,52077.9,373212.3000000001,20994.7,13309.6,61832.9,4906.6,86569.0,6288.0,1103.0,137.0,87.0,163.0,215.0,42.0,1041.0,239.0,213.0,80.0,319.0,1333.0,223.0,63.0,197.0,39.0,784.0,,,,,,,,,,,,,,,,,,,131258.0,17117.0,9510.0,2793.0,1913.77,4382.0,1021.35,20913.0,1514.0,5366.0,914.0,5070.0,36554.0,1420.0,1106.72,6712.0,552.1,9812.0,23594.0,4199.0,794.0,359.0,672.0,1251.0,251.0,3308.0,791.0,1140.0,507.0,976.0,3959.0,799.0,461.0,1379.0,133.0,2586.0,657253.9,98970.0,21909.5,15191.5,18463.8,27419.1,9315.7,115753.2,27042.3,35773.2,12854.7,40880.9,102721.1,17980.0,9366.9,34531.9,4836.0,63315.6
2013-10-01,79.678,79.441,79.985,80.327,78.262,80.908,80.185,79.223,79.183,79.323,80.23,79.272,80.754,80.831,79.278,78.747,79.672,79.558,1155353.3,123776.2,25419.6,20462.4,20060.1,29049.6,9522.1,233604.0,20875.3,38932.2,12442.5,52396.9,377315.1,21120.0,13399.8,62216.0,5071.6,87612.2,7759.0,1281.0,147.0,108.0,247.0,259.0,47.0,1465.0,256.0,226.0,80.0,390.0,1719.0,250.0,64.0,266.0,31.0,917.0,,,,,,,,,,,,,,,,,,,157271.0,20501.0,11627.0,3124.0,2101.17,4959.0,1121.36,25847.0,1866.0,6290.0,1156.0,5769.0,44756.0,1813.0,1215.09,7326.0,606.17,12157.0,25182.0,4590.0,645.0,558.0,860.0,1023.0,245.0,3357.0,986.0,1189.0,499.0,2073.0,3886.0,748.0,522.0,1322.0,160.0,2344.0,663172.9,99719.7,22175.5,15379.4,17821.2,27530.9,9177.1,117626.8,27088.3,35886.6,12900.4,41066.8,103445.4,18111.4,9555.8,35608.0,4845.4,64220.7
2013-11-01,79.844,79.664,80.093,80.806,78.56,80.934,80.629,79.333,79.283,79.5,80.229,79.503,80.846,81.104,79.611,78.919,80.108,79.718,1161924.1,124217.8,25420.9,20490.7,19824.7,29373.6,9521.3,235247.9,20950.9,39036.5,12630.7,52583.3,380110.6,21230.4,13386.1,62445.5,4941.8,88386.59999999999,7350.0,1212.0,177.0,98.0,206.0,228.0,61.0,1401.0,248.0,248.0,82.0,312.0,1531.0,238.0,40.0,258.0,27.0,965.0,,,,,,,,,,,,,,,,,,,141143.0,18516.0,9788.0,2833.0,1815.59,4666.0,968.95,22566.0,1681.0,5817.0,1039.0,5216.0,40954.0,1624.0,1049.94,7207.0,523.78,10526.0,23178.0,4500.0,635.0,604.0,851.0,884.0,260.0,3176.0,914.0,1006.0,347.0,1567.0,3336.0,688.0,370.0,1178.0,148.0,2666.0,663136.8,99941.3,22235.3,15299.3,16506.5,27835.7,9154.6,117764.8,26926.3,35841.6,12934.1,40801.8,103744.7,18284.0,9606.0,36026.0,4822.7,64349.7
2013-12-01,79.915,79.701,80.078,80.725,78.722,80.934,80.595,79.518,79.387,79.599,80.253,79.519,80.922,81.148,79.77,78.86,80.197,79.798,1164729.6,124771.3,25487.1,20441.6,19727.9,29525.1,9545.9,235611.3,21148.2,39061.6,12695.9,52840.10000000001,380348.1,21444.3,13341.6,62400.4,4979.4,89220.5,7008.0,1061.0,138.0,95.0,201.0,231.0,74.0,1373.0,240.0,242.0,81.0,296.0,1442.0,215.0,73.0,305.0,30.0,893.0,,,,,,,,,,,,,,,,,,,132658.0,17653.0,9878.0,2666.0,1598.39,4345.0,853.03,20798.0,1545.0,5465.0,857.0,4822.0,37843.0,1363.0,924.34,7084.0,461.12,10671.0,20944.0,3579.0,855.0,475.0,683.0,1135.0,287.0,2381.0,1198.0,1056.0,412.0,1175.0,2989.0,650.0,515.0,937.0,239.0,2349.0,664539.0,99895.2,22230.4,15283.7,16180.9,28104.0,9121.9,117909.3,27129.1,35787.4,12886.9,40880.6,104540.6,18329.0,9557.9,36275.4,4859.2,64451.3
2014-01-01,78.852,78.484,78.98,79.437,77.988,80.089,79.438,78.623,78.206,78.464,79.102,78.299,79.991,79.795,78.343,77.762,78.583,78.77,1154869.1,123929.3,25321.7,20228.4,19567.4,28904.1,9453.2,234445.2,21094.7,38734.4,12710.9,52015.3,376850.8,21335.1,13154.3,61715.2,4970.8,88387.4,8961.0,1531.0,148.0,113.0,234.0,296.0,67.0,1793.0,233.0,278.0,100.0,429.0,2020.0,260.0,58.0,350.0,56.0,976.0,,,,,,,,,,,,,,,,,,,137071.0,17792.0,10061.0,2853.0,1731.92,4574.0,919.46,21930.0,1592.0,5715.0,871.0,4998.0,39263.0,1512.0,997.1,7353.0,494.15,10273.0,28671.0,5116.0,798.0,617.0,850.0,1273.0,287.0,3932.0,1153.0,1646.0,757.0,1578.0,4611.0,790.0,640.0,1516.0,191.0,2848.0,656370.5,98184.5,21959.5,15075.3,15853.0,27917.9,8957.5,116646.7,26834.7,35304.8,12693.5,40381.4,103484.7,18106.6,9421.2,35917.7,4802.3,63702.3
2014-02-01,78.818,78.46,78.953,79.38,77.925,80.088,79.25,78.644,78.078,78.363,79.059,78.247,79.976,79.76,78.308,77.717,78.592,78.699,1160454.0,124347.0,25493.2,20323.6,19747.5,28974.8,9320.4,236314.5,21149.7,38597.9,12726.7,52191.0,378526.4,21551.9,13199.5,61900.8,5019.1,89093.0,8978.0,1402.0,181.0,140.0,243.0,361.0,88.0,1661.0,271.0,277.0,140.0,363.0,1951.0,286.0,109.0,341.0,43.0,1100.0,,,,,,,,,,,,,,,,,,,134017.0,16371.0,9959.0,2720.0,1725.44,4390.0,916.02,21640.0,1602.0,5516.0,965.0,4864.0,38492.0,1528.0,993.37,6984.0,492.3,10733.0,25763.0,4439.0,540.0,417.0,874.0,1229.0,243.0,3472.0,1012.0,1316.0,461.0,907.0,4632.0,810.0,582.0,1488.0,269.0,3026.0,657253.1,98314.2,22081.9,15030.1,15921.6,28022.8,8930.9,116721.2,26828.3,35343.0,12694.2,40335.5,103540.4,18224.1,9404.6,36011.4,4815.8,63846.2
2014-03-01,78.994,78.762,79.072,79.472,78.038,80.367,79.274,78.77,78.251,78.502,79.234,78.417,80.127,79.874,78.518,77.924,78.658,78.845,1165082.7,124860.4,25508.4,20428.0,20021.6,29071.3,9263.4,237971.3,21203.5,38296.1,12817.1,52100.10000000001,379743.1,21717.1,13240.2,62112.4,5035.0,89713.9,9519.0,1536.0,209.0,127.0,335.0,346.0,85.0,1812.0,305.0,298.0,109.0,444.0,2028.0,257.0,105.0,343.0,46.0,1112.0,,,,,,,,,,,,,,,,,,,145497.0,19037.0,10603.0,2884.0,1868.86,4546.0,992.16,23566.0,1719.0,5917.0,992.0,5047.0,42423.0,1613.0,1075.94,7333.0,533.22,10878.0,26111.0,4847.0,824.0,669.0,779.0,1341.0,214.0,3417.0,1011.0,1897.0,420.0,1142.0,3778.0,736.0,372.0,1665.0,185.0,2747.0,661077.0,99046.5,22187.7,15068.7,16226.5,28230.8,8975.5,117199.5,26928.9,35700.0,12814.4,40445.0,104023.1,18425.8,9454.4,35994.2,4847.0,64319.7
2014-04-01,79.697,79.502,79.859,80.322,78.507,80.831,79.901,79.494,79.039,79.124,80.12,79.113,80.657,80.937,79.186,78.678,79.722,79.652,1170998.3,125727.9,25603.6,20553.7,20383.9,29221.1,9358.7,239749.4,21326.8,37940.5,12894.5,52385.4,381122.5,21893.7,13296.1,62207.9,5058.5,90333.7,8428.0,1448.0,163.0,117.0,299.0,286.0,98.0,1576.0,262.0,272.0,106.0,363.0,1776.0,225.0,86.0,311.0,51.0,970.0,,,,,,,,,,,,,,,,,,,137001.0,19253.0,9804.0,2761.0,1816.38,4455.0,964.3,22308.0,1601.0,5430.0,904.0,4963.0,38315.0,1473.0,1045.72,6359.0,518.24,10687.0,23663.0,4645.0,780.0,453.0,763.0,1194.0,224.0,3561.0,955.0,1115.0,454.0,1065.0,3140.0,842.0,482.0,1201.0,204.0,2508.0,666158.4,100210.2,22293.3,15025.2,16972.7,28145.7,9030.3,118290.5,27265.8,36017.1,12986.7,40547.6,104487.3,18564.2,9533.0,36047.9,4867.4,64715.0
2014-05-01,79.715,79.479,79.851,80.368,78.673,80.686,79.959,79.547,78.97,79.178,79.989,79.223,80.669,80.879,79.32,78.645,79.833,79.717,1176835.3,126680.3,25505.3,20623.9,20824.3,29399.3,9418.1,241229.4,21318.1,37753.3,13041.4,52725.0,382999.0,21969.6,13333.4,62580.3,5050.2,90395.5,8216.0,1261.0,165.0,126.0,321.0,303.0,47.0,1596.0,264.0,271.0,119.0,384.0,1686.0,247.0,92.0,243.0,58.0,1019.0,,,,,,,,,,,,,,,,,,,146925.0,20283.0,10563.0,2861.0,1994.51,4531.0,1058.86,24183.0,1745.0,5862.0,1006.0,5237.0,40465.0,1588.0,1148.28,7222.0,569.07,11839.0,27690.0,4870.0,952.0,807.0,881.0,1135.0,285.0,4026.0,1077.0,1398.0,540.0,1121.0,4052.0,1018.0,376.0,1511.0,170.0,3329.0,671946.1,101386.8,22395.9,15155.7,18153.7,28137.7,9119.8,119220.7,27622.3,36290.7,13118.8,40633.3,104978.0,18767.7,9608.7,36071.6,4876.7,65248.7
2014-06-01,79.737,79.419,79.836,80.361,78.84,80.705,79.984,79.6,78.973,79.219,80.01,79.315,80.718,80.889,79.459,78.72,79.975,79.673,1181035.6,127336.8,25307.4,20718.7,21249.4,29686.8,9488.1,242700.4,21381.8,37862.7,13123.2,52290.60000000001,384225.2,22045.8,13413.8,62929.7,5033.2,90185.6,7530.0,1257.0,188.0,101.0,269.0,298.0,67.0,1243.0,229.0,240.0,82.0,342.0,1641.0,222.0,83.0,303.0,26.0,923.0,,,,,,,,,,,,,,,,,,,135998.0,17546.0,10050.0,2689.0,1949.98,4416.0,1035.22,22114.0,1578.0,5347.0,903.0,4917.0,38567.0,1303.0,1122.64,6784.0,556.36,10457.0,26168.0,4780.0,744.0,453.0,785.0,1165.0,219.0,3369.0,999.0,1253.0,813.0,1251.0,4498.0,844.0,518.0,1333.0,158.0,2880.0,671388.2,100928.0,22213.1,15326.1,18848.5,27985.1,9207.9,119306.9,27743.8,36119.2,13173.3,40735.6,105350.3,18725.9,9566.2,35197.2,4877.7,64912.2
2014-07-01,78.987,78.501,79.094,79.419,78.434,80.045,79.476,78.961,78.022,78.428,78.973,78.385,80.2,79.888,78.87,78.018,78.86,78.842,1183224.0,127712.2,25145.6,20896.3,21611.1,29889.1,9598.8,242499.3,21530.6,38150.8,13237.9,52452.6,384321.6,22142.9,13430.1,62840.8,5053.1,90627.9,7966.0,1304.0,160.0,114.0,230.0,268.0,53.0,1509.0,241.0,260.0,100.0,338.0,1798.0,208.0,56.0,280.0,24.0,1009.0,,,,,,,,,,,,,,,,,,,129633.0,16496.0,8893.0,2688.0,2194.8,4354.0,1165.19,22694.0,1368.0,4870.0,774.0,4879.0,33738.0,1095.0,1263.58,6428.0,626.21,10858.0,27079.0,4760.0,826.0,658.0,752.0,1642.0,321.0,4172.0,1183.0,1270.0,533.0,1042.0,4191.0,826.0,373.0,1431.0,296.0,2734.0,674293.5,101129.2,22219.6,15413.8,19427.0,28229.2,9434.8,119467.1,27940.0,36284.9,13254.0,41204.6,105207.4,18791.8,9547.9,35359.7,4873.7,65411.1
2014-08-01,79.112,78.627,79.247,79.584,78.469,80.047,79.608,79.091,78.101,78.556,79.058,78.531,80.348,79.969,78.724,78.163,79.016,79.013,1172145.6,126816.9,25035.1,20928.0,21567.4,29691.9,9597.9,238924.7,21392.5,38068.6,13159.5,52310.4,380860.8,22040.0,13399.1,61961.5,5024.6,89292.0,5111.0,802.0,104.0,88.0,167.0,244.0,52.0,1059.0,150.0,179.0,64.0,262.0,921.0,147.0,43.0,182.0,31.0,602.0,,,,,,,,,,,,,,,,,,,94539.0,13511.0,6497.0,2496.0,1777.92,3718.0,943.88,15088.0,1057.0,3887.0,593.0,4139.0,22069.0,654.0,1023.58,5472.0,507.27,6854.0,23856.0,4364.0,1072.0,432.0,1113.0,982.0,351.0,3168.0,913.0,1562.0,411.0,1363.0,3619.0,657.0,278.0,1172.0,127.0,2181.0,667480.2,100595.5,22050.3,15404.3,19400.3,28351.7,9510.0,116924.6,27654.1,36149.3,13283.9,41209.3,104135.7,18394.7,9568.6,34399.9,4838.3,64635.3
2014-09-01,79.233,78.897,79.272,79.635,78.454,80.126,79.604,79.045,78.368,78.854,79.388,78.738,80.44,80.037,78.929,78.339,79.262,79.065,1181956.6,127762.6,25207.5,20922.2,21450.7,29817.9,9560.8,241527.7,21431.4,38262.1,13188.2,52905.9,384791.6,22131.3,13396.0,62366.3,5048.6,90139.8,6627.0,1197.0,147.0,96.0,182.0,253.0,55.0,1024.0,190.0,205.0,85.0,341.0,1553.0,191.0,71.0,204.0,27.0,791.0,,,,,,,,,,,,,,,,,,,134345.0,17661.0,9831.0,2732.0,2009.35,4473.0,1066.74,21402.0,1562.0,5459.0,924.0,5219.0,36619.0,1458.0,1156.82,7072.0,573.3,10322.0,30334.0,6027.0,1031.0,484.0,688.0,968.0,238.0,4052.0,1099.0,1662.0,536.0,1773.0,5428.0,951.0,568.0,1481.0,153.0,3020.0,666661.9,99972.2,22100.7,15333.2,19049.4,28056.2,9398.0,117694.3,27605.4,35636.9,13237.9,41009.7,104529.3,18497.9,9468.4,34836.2,4792.2,64331.1
2014-10-01,79.602,79.314,79.743,80.129,78.401,80.397,79.911,79.323,78.925,79.232,80.0,79.301,80.717,80.579,79.176,78.897,79.8,79.374,1193710.4,128909.5,25393.3,21083.0,21261.6,29968.1,9572.6,245514.9,21648.5,38398.8,13240.7,53229.1,388294.6,22371.4,13494.7,62989.5,5177.5,91137.4,7980.0,1369.0,132.0,101.0,201.0,318.0,75.0,1514.0,236.0,248.0,92.0,387.0,1714.0,267.0,80.0,289.0,26.0,922.0,,,,,,,,,,,,,,,,,,,157759.0,20573.0,12331.0,2954.0,2105.73,5051.0,1117.91,26262.0,1875.0,6074.0,1101.0,5839.0,43769.0,1858.0,1212.31,7648.0,600.8,12352.0,27640.0,5935.0,812.0,521.0,932.0,1105.0,288.0,3773.0,1151.0,1184.0,556.0,1350.0,4115.0,767.0,586.0,1219.0,181.0,3075.0,674724.1,100775.3,22392.9,15373.0,18272.0,28272.2,9272.1,120258.1,27791.9,35974.4,13263.8,41273.6,105778.6,18717.4,9569.1,36338.1,4795.0,65351.1
2014-11-01,79.547,79.264,79.678,80.357,78.48,80.346,80.118,79.284,78.802,79.158,79.793,79.295,80.484,80.662,79.377,78.873,79.895,79.355,1202091.4,129744.5,25380.0,21307.2,20946.4,30338.5,9625.6,247878.1,21748.5,38635.2,13326.1,53478.8,390890.8000000001,22547.8,13544.4,63372.5,5057.1,92257.7,7352.0,1240.0,173.0,121.0,201.0,266.0,68.0,1422.0,207.0,218.0,90.0,338.0,1611.0,209.0,63.0,263.0,29.0,816.0,,,,,,,,,,,,,,,,,,,139781.0,18575.0,10431.0,2722.0,1836.46,4571.0,974.95,22514.0,1693.0,5734.0,1008.0,5145.0,39203.0,1613.0,1057.28,7221.0,523.97,10567.0,25183.0,5151.0,783.0,450.0,653.0,1260.0,272.0,3369.0,1054.0,1061.0,466.0,1354.0,3729.0,665.0,341.0,1659.0,260.0,2606.0,674949.2,100801.2,22353.7,15381.4,16845.3,28519.6,9233.5,120699.5,27694.0,35918.3,13220.3,41070.8,106250.7,18786.3,9563.6,36928.3,4809.0,65544.0
2014-12-01,79.083,78.738,79.098,79.819,78.096,80.081,79.573,78.973,78.186,78.646,79.315,78.701,80.069,80.071,78.831,78.343,79.484,78.837,1205954.7,129891.5,25408.1,21425.3,20851.0,30386.9,9650.9,249199.0,21761.9,38539.3,13411.1,53720.1,392382.7,22594.1,13568.2,63357.4,5081.2,92698.6,7490.0,1194.0,163.0,120.0,205.0,247.0,64.0,1455.0,224.0,254.0,99.0,275.0,1569.0,213.0,59.0,338.0,31.0,966.0,,,,,,,,,,,,,,,,,,,137086.0,18674.0,10646.0,2720.0,1808.02,4612.0,959.86,21383.0,1582.0,5576.0,884.0,4971.0,38222.0,1468.0,1040.91,7271.0,515.86,10429.0,23377.0,4370.0,630.0,378.0,716.0,1157.0,292.0,3275.0,1063.0,1007.0,511.0,1035.0,4056.0,802.0,349.0,1186.0,173.0,2319.0,676205.5,100919.4,22416.7,15353.6,16468.2,28747.8,9228.4,120654.0,27703.7,35780.4,13203.1,41203.7,106755.8,18890.0,9606.1,37305.8,4853.1,65761.9
2015-01-01,77.812,77.401,77.705,78.278,77.152,78.993,78.099,77.886,76.664,77.033,77.916,77.196,78.99,78.522,77.225,76.981,77.671,77.682,1199132.0,129231.5,25189.1,21211.7,20834.0,30134.2,9641.9,247947.4,21789.3,38211.7,13435.2,53278.8,390054.3,22335.6,13479.1,63181.2,5080.099999999999,92056.8,8233.0,1397.0,170.0,121.0,272.0,295.0,76.0,1661.0,244.0,255.0,114.0,351.0,1671.0,256.0,67.0,244.0,34.0,992.0,,,,,,,,,,,,,,,,,,,133542.0,17446.0,9912.0,2641.0,1789.55,4463.0,942.59,21239.0,1494.0,5403.0,799.0,4828.0,37519.0,1460.0,1026.56,7069.0,506.51,10738.0,32983.0,5789.0,1200.0,575.0,950.0,2088.0,374.0,5487.0,1061.0,1624.0,585.0,1538.0,5012.0,973.0,438.0,1881.0,258.0,3022.0,668185.4,100054.6,22309.2,15184.8,16098.0,28590.7,9072.7,119435.6,26656.2,35452.9,12953.3,40631.6,105819.3,18646.2,9413.2,36832.4,4799.7,64842.4
2015-02-01,77.972,77.619,77.875,78.415,77.233,78.881,78.053,78.03,76.829,77.123,78.044,77.276,79.221,78.797,77.388,77.099,77.923,77.904,1209029.1,130381.6,25294.6,21298.7,21012.7,30429.1,9792.6,250307.0,21910.8,38226.6,13585.3,53651.5,392887.9,22607.4,13540.5,63797.4,5111.7,93152.5,8713.0,1450.0,179.0,111.0,281.0,299.0,54.0,1702.0,241.0,253.0,128.0,392.0,1845.0,241.0,84.0,295.0,30.0,1109.0,,,,,,,,,,,,,,,,,,,132316.0,17082.0,9908.0,2551.0,1724.31,4357.0,908.22,21156.0,1531.0,5328.0,891.0,4701.0,37591.0,1508.0,989.14,6863.0,488.05,10629.0,31619.0,5943.0,1003.0,539.0,938.0,984.0,370.0,4768.0,1165.0,1417.0,484.0,1333.0,5681.0,973.0,409.0,2089.0,217.0,3216.0,669079.0,100315.7,22333.1,15121.9,16264.6,28685.5,8992.9,119749.5,26398.3,35514.4,13043.3,40690.0,105840.4,18732.7,9408.6,36874.2,4793.1,64869.0
2015-03-01,78.47,78.115,78.415,78.837,77.704,79.481,78.526,78.545,77.384,77.615,78.496,77.766,79.695,79.264,78.034,77.585,78.233,78.385,1219154.7,131338.6,25422.9,21431.0,21338.6,30559.9,9864.3,252814.5,21941.4,38440.8,13987.1,53930.6,396005.3000000001,22799.2,13683.2,64341.7,5149.799999999999,94043.0,9916.0,1760.0,229.0,165.0,374.0,419.0,95.0,1839.0,302.0,292.0,148.0,408.0,1957.0,310.0,87.0,356.0,43.0,1113.0,,,,,,,,,,,,,,,,,,,145702.0,20042.0,10794.0,2903.0,1954.85,4763.0,1029.65,23628.0,1710.0,5931.0,1006.0,5236.0,40577.0,1586.0,1121.38,7332.0,553.3,10875.0,29988.0,5027.0,982.0,538.0,922.0,1451.0,450.0,4600.0,1093.0,1538.0,463.0,1439.0,5083.0,986.0,563.0,1574.0,227.0,2960.0,674735.9,101274.1,22569.8,15137.3,16720.8,28920.7,8993.6,120772.5,26605.4,35846.1,13214.3,40947.8,106577.1,18938.4,9488.4,36963.5,4832.6,65445.2
2015-04-01,79.191,78.908,79.174,79.683,78.336,80.005,79.085,79.257,78.112,78.322,79.338,78.492,80.249,80.286,78.667,78.286,79.304,79.238,1227958.0,133055.0,25577.8,21510.0,21708.2,30808.0,9894.2,254856.2,22071.4,38606.4,14149.5,54307.6,398505.8000000001,22918.1,13742.2,64371.0,5182.900000000001,94666.4,8284.0,1252.0,168.0,111.0,311.0,269.0,67.0,1677.0,243.0,260.0,89.0,356.0,1807.0,245.0,75.0,283.0,32.0,1017.0,,,,,,,,,,,,,,,,,,,139380.0,19964.0,10042.0,2799.0,1860.45,4601.0,979.93,22873.0,1598.0,5401.0,927.0,5089.0,39372.0,1503.0,1067.23,6524.0,526.58,9818.0,28921.0,5276.0,829.0,797.0,915.0,1111.0,247.0,4568.0,1017.0,1246.0,545.0,1321.0,4777.0,1258.0,430.0,1370.0,248.0,2777.0,680609.9,102851.7,22574.2,15215.3,17553.5,28890.6,9074.1,121764.1,26867.3,36104.3,13370.7,41208.8,107170.8,19102.2,9560.7,37033.1,4831.4,65978.4
2015-05-01,79.569,79.301,79.513,80.084,78.823,80.199,79.606,79.649,78.516,78.746,79.572,78.889,80.597,80.661,79.14,78.64,79.781,79.632,1237005.8,134006.4,25672.3,21668.9,22197.1,31146.5,9971.2,257256.3,22304.8,38726.9,14302.0,54490.2,400809.9,23074.8,13833.7,64792.0,5196.400000000001,95492.6,8064.0,1355.0,165.0,119.0,315.0,300.0,68.0,1706.0,187.0,259.0,93.0,350.0,1579.0,243.0,85.0,251.0,42.0,931.0,,,,,,,,,,,,,,,,,,,147327.0,19967.0,10733.0,2626.0,2009.18,4699.0,1058.27,24374.0,1693.0,5822.0,965.0,5136.0,40877.0,1577.0,1152.55,7283.0,568.68,11997.0,29791.0,5257.0,976.0,574.0,891.0,1641.0,412.0,4383.0,1062.0,1717.0,685.0,1273.0,4723.0,1006.0,440.0,1370.0,237.0,3058.0,688272.9,103799.3,22675.1,15407.1,18969.7,28941.0,9161.6,123131.0,27225.3,36356.4,13584.4,41405.3,108066.5,19376.2,9670.3,37277.1,4885.3,66852.7
2015-06-01,79.782,79.455,79.733,80.257,79.194,80.447,79.873,79.869,78.707,79.028,79.755,79.138,80.791,80.803,79.363,78.886,80.164,79.843,1244759.2,134738.8,25795.9,21816.5,22662.1,31324.5,9975.0,258989.0,22337.5,38856.4,14470.2,54597.60000000001,403114.2,23237.4,13907.4,65493.6,5208.900000000001,96183.0,8254.0,1440.0,144.0,122.0,263.0,322.0,79.0,1552.0,255.0,240.0,97.0,355.0,1774.0,260.0,95.0,270.0,28.0,940.0,,,,,,,,,,,,,,,,,,,141255.0,18355.0,10427.0,2729.0,2046.31,4595.0,1077.83,23444.0,1603.0,5546.0,902.0,5123.0,39123.0,1402.0,1173.85,7175.0,579.19,11076.0,32137.0,6184.0,960.0,564.0,1039.0,1767.0,361.0,3738.0,1070.0,1412.0,610.0,1375.0,5885.0,945.0,476.0,1717.0,251.0,3605.0,687784.6,103552.3,22435.4,15478.5,19926.1,28922.6,9209.4,122720.1,27105.1,36321.8,13554.4,41487.0,108994.2,19359.7,9574.9,36146.3,4830.8,66684.5
2015-07-01,79.041,78.561,78.894,79.409,78.937,79.809,79.359,79.244,77.749,78.243,78.734,78.281,80.188,79.889,78.778,78.213,79.007,79.047,1248540.1,135323.7,25876.8,21957.8,23074.4,31464.1,10091.7,258229.4,22431.7,38930.2,14418.0,54726.10000000001,404782.8,23391.6,13963.5,65636.9,5263.1,96939.1,8069.0,1358.0,168.0,95.0,244.0,315.0,59.0,1704.0,225.0,231.0,73.0,334.0,1769.0,243.0,36.0,279.0,35.0,887.0,,,,,,,,,,,,,,,,,,,131022.0,16832.0,8883.0,2768.0,2246.64,4489.0,1183.34,23423.0,1357.0,4935.0,761.0,4957.0,33780.0,1150.0,1288.77,6730.0,635.89,10247.0,34353.0,5572.0,1008.0,757.0,1648.0,1815.0,422.0,5002.0,1302.0,1567.0,754.0,1335.0,6024.0,987.0,461.0,1690.0,225.0,3743.0,690544.8,103588.8,22440.4,15533.3,20461.6,29571.7,9377.9,123094.0,27161.0,36442.4,13605.6,41853.9,109231.0,19370.9,9535.8,36126.5,4788.0,66922.2
2015-08-01,78.779,78.299,78.687,79.149,78.613,79.618,78.938,79.003,77.38,77.929,78.379,78.01,79.96,79.53,78.182,78.011,78.795,78.796,1235778.8,134218.6,25630.0,21943.9,22948.3,31365.8,10090.7,253707.0,22173.0,38768.6,14359.7,54590.60000000001,401402.0,23172.8,13954.5,64775.4,5228.099999999999,95422.2,5187.0,839.0,137.0,74.0,174.0,250.0,42.0,1153.0,178.0,126.0,80.0,213.0,944.0,109.0,41.0,173.0,32.0,611.0,,,,,,,,,,,,,,,,,,,100216.0,14109.0,6739.0,2554.0,1849.33,3878.0,974.08,15750.0,1105.0,3936.0,594.0,4183.0,23825.0,732.0,1060.85,5683.0,523.43,8312.0,29574.0,5566.0,890.0,677.0,975.0,1542.0,379.0,3673.0,1046.0,1380.0,598.0,1696.0,5009.0,869.0,385.0,1571.0,220.0,3054.0,681708.9,102303.1,22373.6,15537.5,20451.4,29555.8,9377.9,119625.7,26911.8,36341.1,13643.7,41775.1,108023.9,18996.0,9592.1,34976.5,4780.9,66193.1
2015-09-01,78.536,78.159,78.395,78.881,78.166,79.328,78.501,78.656,77.209,77.751,78.214,77.841,79.738,79.266,77.995,77.909,78.546,78.457,1246927.7,135082.7,25798.8,21965.4,22858.7,31911.4,10086.0,256373.5,22134.1,38982.1,14395.6,54915.9,406315.6,23271.5,13975.8,65387.5,5311.0,96052.2,6445.0,1088.0,168.0,85.0,194.0,231.0,54.0,1070.0,167.0,196.0,75.0,298.0,1582.0,196.0,63.0,194.0,25.0,748.0,,,,,,,,,,,,,,,,,,,137281.0,18109.0,9944.0,2685.0,2020.51,4686.0,1064.24,21975.0,1581.0,5545.0,916.0,5196.0,37739.0,1529.0,1159.05,7175.0,571.88,10569.0,36435.0,6821.0,1018.0,586.0,1217.0,1779.0,344.0,5052.0,1247.0,1475.0,651.0,1259.0,7149.0,1011.0,548.0,2064.0,164.0,3949.0,681436.1,101774.7,22379.5,15474.4,19902.5,29204.3,9198.4,120598.7,26797.4,36099.8,13522.6,41603.3,108485.3,19102.7,9559.2,35412.5,4781.7,66123.0
2015-10-01,79.039,78.706,79.054,79.407,78.241,79.716,78.956,79.078,77.944,78.289,79.054,78.498,80.098,79.984,78.402,78.555,79.221,78.96,1258728.4,135687.6,25886.1,22041.4,22668.9,31684.9,10089.8,260397.4,22248.3,39301.8,14478.6,55258.60000000001,411222.6,23451.1,14103.7,66112.5,5286.900000000001,96813.9,7444.0,1253.0,147.0,90.0,208.0,296.0,62.0,1493.0,193.0,260.0,75.0,286.0,1657.0,254.0,57.0,254.0,31.0,809.0,,,,,,,,,,,,,,,,,,,153378.0,20030.0,12258.0,2918.0,2088.68,4885.0,1100.14,25330.0,1805.0,5926.0,1059.0,5555.0,42976.0,1806.0,1198.15,7578.0,591.18,11295.0,29089.0,5322.0,701.0,477.0,1102.0,1268.0,327.0,4116.0,1063.0,1452.0,537.0,1213.0,4773.0,915.0,430.0,1954.0,314.0,3066.0,688745.8,102395.2,22720.2,15508.6,18903.6,29401.4,9076.7,123155.3,26882.1,36579.0,13453.0,41867.3,109397.0,19331.9,9715.0,37052.0,4789.1,66988.9
2015-11-01,79.329,79.019,79.339,80.025,78.594,79.871,79.565,79.3,78.242,78.626,79.278,78.875,80.295,80.415,78.993,78.827,79.776,79.242,1268960.9,136432.5,25929.1,22137.4,22376.1,31654.1,10147.4,263133.6,22263.5,39525.8,14582.6,55449.60000000001,415423.5,23752.0,14178.9,66819.2,5245.8,97934.2,7952.0,1322.0,169.0,114.0,231.0,293.0,71.0,1582.0,245.0,216.0,100.0,317.0,1702.0,210.0,67.0,264.0,51.0,974.0,,,,,,,,,,,,,,,,,,,147754.0,19042.0,10621.0,2840.0,1932.19,4953.0,1017.72,24474.0,1779.0,5771.0,1007.0,5298.0,42283.0,1771.0,1108.39,7480.0,546.89,11224.0,28503.0,5766.0,739.0,460.0,1259.0,1421.0,318.0,4560.0,1086.0,1290.0,577.0,1313.0,3732.0,730.0,347.0,1842.0,233.0,2754.0,689110.8,102451.9,22801.1,15541.8,17338.8,29805.5,9044.1,123061.8,26955.7,36560.2,13477.7,41902.9,109693.2,19517.7,9761.5,37589.8,4817.5,67272.0
2015-12-01,79.097,78.714,79.025,79.696,78.351,79.782,79.281,79.194,77.933,78.377,79.091,78.574,80.082,80.004,78.787,78.583,79.532,78.994,1274949.0,137077.0,26101.5,22176.2,22326.5,31812.2,10172.1,265465.6,22290.1,39612.8,14513.3,55617.4,417152.0,23764.5,14189.5,66869.6,5261.2,98554.2,8083.0,1379.0,158.0,125.0,241.0,288.0,78.0,1755.0,252.0,259.0,93.0,308.0,1660.0,229.0,63.0,274.0,42.0,860.0,,,,,,,,,,,,,,,,,,,140217.0,18882.0,9536.0,2767.0,1886.25,4842.0,993.52,22445.0,1589.0,5507.0,846.0,5012.0,40287.0,1506.0,1082.03,7360.0,533.88,10646.0,28588.0,5664.0,791.0,517.0,892.0,1764.0,406.0,4388.0,1039.0,1168.0,486.0,1296.0,4418.0,881.0,404.0,1486.0,181.0,2747.0,690239.6,102903.9,22875.4,15626.9,16841.7,30021.9,9076.4,123199.1,27085.0,36402.3,13405.4,41936.0,109826.2,19607.3,9764.9,37954.9,4879.2,67313.9
2016-01-01,77.588,77.147,77.571,78.005,77.112,78.428,77.788,77.858,76.188,76.593,77.478,76.823,78.797,78.382,77.168,77.048,77.544,77.327,1266834.4,135823.3,25971.3,22154.3,22271.6,31622.8,10124.0,264499.0,22139.8,39435.3,14284.1,55097.0,414084.0,23648.7,14338.1,66438.9,5233.6,97689.8,9441.0,1570.0,168.0,130.0,277.0,345.0,89.0,2182.0,272.0,278.0,139.0,416.0,1822.0,327.0,57.0,237.0,57.0,1057.0,23.62446581196581,20.73008849557522,20.87962962962963,21.04166666666666,22.45283018867925,17.59259259259259,19.6078431372549,22.13228894691036,19.68036529680365,17.31563421828908,13.90625,20.21956087824352,21.50406504065041,18.79629629629629,21.33333333333333,20.26666666666667,20.19607843137255,20.13071895424837,134026.0,17651.0,8525.0,2657.0,1811.59,4726.0,944.41,21534.0,1509.0,5346.0,791.0,4727.0,38925.0,1438.0,1035.9,7350.0,509.14,10236.0,33237.0,6389.0,869.0,684.0,1041.0,1440.0,335.0,5208.0,1308.0,1809.0,650.0,1209.0,5669.0,892.0,460.0,1627.0,232.0,3326.0,680728.7,101542.2,22699.5,15394.1,16479.9,29756.9,8914.8,121487.9,26702.5,35868.8,13058.2,41517.1,108184.0,19375.2,9503.7,37561.1,4810.0,66398.4
2016-02-01,77.314,76.868,77.287,77.716,76.783,78.248,77.242,77.633,75.783,76.232,77.207,76.407,78.614,78.127,76.851,76.708,77.3,77.073,1274124.6,136150.6,26147.7,22252.0,22482.5,31922.2,10143.1,266319.2,22294.1,39602.7,14307.7,55320.1,416554.3000000001,23742.4,14456.9,66715.7,5252.099999999999,98442.3,10396.0,1655.0,367.0,137.0,377.0,344.0,96.0,2103.0,325.0,312.0,142.0,464.0,2048.0,286.0,91.0,330.0,66.0,1231.0,25.91471616895345,22.69031781226903,27.77777777777778,28.64583333333333,32.05128205128205,15.58641975308642,29.90196078431372,27.63272410791993,24.71264367816092,27.1386430678466,22.91666666666666,25.50200803212851,28.50467289719626,26.38888888888889,31.25,23.86666666666666,22.54901960784313,28.81806108897742,139142.0,17692.0,8815.0,2709.0,1819.59,4662.0,948.58,22484.0,1652.0,5647.0,956.0,4945.0,41517.0,1634.0,1040.47,7402.0,511.38,10378.0,36113.0,6919.0,1210.0,693.0,1041.0,1383.0,399.0,5226.0,1373.0,1730.0,655.0,1449.0,6057.0,1066.0,481.0,2309.0,254.0,3805.0,683879.8,102155.0,22977.0,15443.0,16676.2,29851.7,8960.1,122197.8,26822.6,36128.3,13131.1,41562.9,108202.0,19504.6,9528.3,37677.3,4807.2,66783.6
2016-03-01,77.81,77.463,77.755,78.146,77.18,78.747,77.655,78.077,76.332,76.796,77.76,76.921,79.051,78.65,77.483,77.24,77.612,77.53,1280697.4,136474.1,26272.3,22360.5,22784.7,32220.9,10175.6,268062.7,22488.4,39620.9,14310.0,55473.3,418876.2,23837.2,14514.8,66967.7,5264.700000000001,99022.0,9833.0,1640.0,256.0,178.0,370.0,364.0,97.0,1998.0,318.0,312.0,127.0,473.0,1968.0,255.0,81.0,270.0,49.0,1044.0,25.35468179975679,25.12934220251293,27.54629629629629,26.5625,37.10691823899371,21.68284789644013,22.54901960784313,27.13787085514834,25.11415525114155,29.35103244837758,18.75,21.98364008179959,27.70632368703108,22.76995305164319,28.09523809523809,19.06666666666666,25.49019607843137,24.18300653594772,142208.0,19861.0,8794.0,2786.0,1900.16,4807.0,990.58,23420.0,1644.0,5690.0,935.0,5070.0,40641.0,1530.0,1086.55,7157.0,534.03,10841.0,32414.0,6518.0,1055.0,483.0,910.0,2370.0,309.0,4721.0,1158.0,1285.0,684.0,1196.0,5162.0,755.0,434.0,2010.0,214.0,3093.0,690027.6,103540.3,23200.9,15512.9,17179.6,30046.4,9005.0,123115.2,27055.7,36590.1,13304.5,41665.3,108923.4,19731.1,9598.6,37776.5,4827.7,67515.6
2016-04-01,78.355,78.096,78.185,78.801,77.66,79.213,78.035,78.623,76.945,77.274,78.511,77.547,79.401,79.399,77.907,77.759,78.402,78.194,1288464.7,137407.1,26361.2,22423.1,23157.8,32305.2,10181.8,270087.2,22584.6,39695.9,14382.6,55725.0,421795.2,23954.3,14482.9,67147.1,5265.5,99549.6,9509.0,1565.0,231.0,159.0,410.0,364.0,92.0,1886.0,327.0,299.0,107.0,408.0,1905.0,259.0,87.0,310.0,48.0,1031.0,25.60910307898259,19.26090169992609,25.32407407407408,28.59375,31.32075471698113,22.48427672955975,17.94117647058824,24.70844212358572,20.29680365296804,21.09144542772861,17.91666666666666,24.27145708582834,23.24186991869919,17.22222222222222,25.42857142857143,23.97333333333333,16.875,23.04347826086957,149809.0,20127.0,9655.0,2767.0,2054.16,4947.0,1070.87,24887.0,1729.0,5877.0,977.0,5264.0,43576.0,1689.0,1174.6,7452.0,577.31,11098.0,33500.0,6039.0,1005.0,782.0,1134.0,1426.0,333.0,5308.0,1569.0,1479.0,674.0,1341.0,5143.0,995.0,464.0,1957.0,250.0,3452.0,695161.4,104799.6,23221.1,15500.3,18161.6,30000.0,9069.1,124294.9,27283.5,36733.6,13413.2,41599.1,109319.9,19893.6,9683.2,37872.9,4846.6,68028.0
2016-05-01,78.783,78.531,78.652,79.338,78.14,79.502,78.578,79.058,77.406,77.743,78.829,78.017,79.751,79.895,78.496,78.068,78.939,78.685,1295567.1,138288.3,26504.9,22536.9,23640.8,32524.5,10207.0,271826.4,22728.9,39787.0,14441.9,56073.9,423558.1,23978.6,14470.2,67545.8,5249.6,100225.2,8811.0,1418.0,254.0,123.0,366.0,330.0,97.0,1764.0,261.0,270.0,114.0,346.0,1731.0,215.0,97.0,259.0,49.0,1102.0,26.1003757380569,24.18879056047197,33.56481481481482,28.38541666666666,33.33333333333333,22.47706422018348,24.50980392156863,26.334208223972,21.80365296803653,27.38095238095238,20.83333333333333,28.62985685071574,28.57873210633947,21.06481481481481,33.8235294117647,23.6,29.41176470588235,27.05026455026455,153035.0,19594.0,10212.0,2737.0,2135.58,4797.0,1113.31,25859.0,1669.0,5859.0,971.0,5254.0,43658.0,1668.0,1221.16,7759.0,600.19,12847.0,37542.0,6787.0,1138.0,684.0,1332.0,1440.0,408.0,5968.0,1420.0,1792.0,645.0,1536.0,5891.0,1174.0,893.0,2083.0,336.0,3936.0,701150.3,105796.3,23191.4,15627.4,19699.6,29883.6,9116.0,125115.2,27537.9,36988.4,13562.3,41789.1,109895.2,20088.5,9780.0,37919.3,4870.1,68849.2
2016-06-01,79.148,78.838,78.966,79.775,78.598,79.853,79.012,79.447,77.829,78.138,79.141,78.423,80.117,80.171,78.845,78.471,79.384,79.019,1303591.7,139581.3,26745.4,22607.7,24251.0,32808.6,10231.4,273590.6,22787.7,39962.1,14485.7,56309.9,425622.3000000001,24041.3,14537.6,67896.09999999999,5255.2,100924.8,9296.0,1582.0,223.0,127.0,296.0,416.0,104.0,1930.0,288.0,293.0,120.0,449.0,1877.0,231.0,74.0,275.0,49.0,953.0,25.2818035426731,23.85185185185185,23.61111111111111,21.875,18.82716049382716,21.25382262996942,23.0392156862745,27.03993055555556,26.36986301369863,24.02402402402402,17.70833333333333,26.93089430894308,28.47648261758691,17.37089201877934,34.28571428571428,26.96476964769647,29.16666666666666,26.6798418972332,149236.0,18574.0,10084.0,2707.0,2086.98,4750.0,1087.98,25183.0,1654.0,5655.0,917.0,5076.0,43204.0,1408.0,1193.37,7389.0,586.53,12715.0,35976.0,6972.0,1018.0,520.0,1790.0,1360.0,339.0,5276.0,1578.0,1541.0,646.0,1506.0,5610.0,915.0,567.0,2180.0,272.0,3754.0,702061.8,106092.5,22840.2,15747.5,20659.4,29945.9,9181.2,124814.1,27635.1,36900.1,13642.6,41946.0,110712.9,20081.3,9773.0,36721.0,4924.8,69028.8
2016-07-01,78.572,78.117,78.304,79.031,78.41,79.416,78.722,78.962,77.044,77.533,78.335,77.67,79.739,79.385,78.533,77.923,78.235,78.383,1307455.4,140132.2,26821.6,22615.5,24660.4,33078.5,10426.8,273989.9,22928.9,40435.9,14477.9,56606.3,426215.5,24148.7,14535.9,67688.6,5288.400000000001,101448.3,8207.0,1389.0,225.0,110.0,286.0,274.0,79.0,2097.0,228.0,252.0,94.0,358.0,1439.0,199.0,43.0,226.0,65.0,832.0,,,,,,,,,,,,,,,,,,,132807.0,16117.0,8346.0,2595.0,2200.8,4486.0,1147.31,23397.0,1281.0,4756.0,721.0,4801.0,36480.0,1107.0,1258.45,6773.0,618.52,11486.0,27489.0,5188.0,843.0,197.0,1006.0,1202.0,342.0,4606.0,1243.0,1226.0,442.0,1187.0,4188.0,812.0,459.0,1297.0,144.0,3010.0,705017.1,106604.8,22963.5,15857.2,21256.4,30714.4,9388.3,125392.7,27858.0,36978.5,13767.5,42282.8,110147.7,20032.4,9657.5,36621.4,4956.5,69150.3
2016-08-01,78.673,78.224,78.444,79.25,78.431,79.446,78.728,79.088,77.128,77.647,78.301,77.815,79.781,79.521,78.419,78.06,78.459,78.533,1293566.6,139120.3,26667.4,22607.5,24506.7,33057.1,10403.7,268967.4,22753.2,39813.8,14425.5,56585.7,422615.6,23941.7,14506.0,66686.0,5261.5,99673.3,6405.0,958.0,161.0,86.0,206.0,262.0,64.0,1698.0,161.0,182.0,67.0,303.0,1040.0,150.0,57.0,194.0,74.0,732.0,,,,,,,,,,,,,,,,,,,109050.0,14628.0,6750.0,2625.0,1943.08,4119.0,1012.96,17285.0,1123.0,4085.0,633.0,4473.0,28032.0,746.0,1111.09,6243.0,546.09,9072.0,29597.0,5846.0,1339.0,601.0,1252.0,1265.0,443.0,4538.0,1145.0,1261.0,698.0,1128.0,4269.0,883.0,431.0,1397.0,275.0,2758.0,694970.3,105572.0,22971.7,15808.8,21274.7,30836.2,9428.7,121343.8,27628.2,36672.7,13809.3,42144.7,108716.0,19527.5,9666.6,35116.3,4910.9,68305.7
2016-09-01,78.677,78.345,78.532,79.199,78.216,79.517,78.624,78.974,77.251,77.873,78.421,78.004,79.763,79.354,78.455,78.112,78.413,78.341,1304221.7,139741.0,26825.7,22569.9,24355.0,33338.9,10399.1,272304.1,22712.7,39936.8,14459.0,56831.0,427226.2,24076.0,14521.4,67327.2,5273.9,100371.4,6775.0,1213.0,152.0,89.0,249.0,268.0,59.0,1383.0,197.0,183.0,82.0,285.0,1414.0,192.0,64.0,196.0,32.0,700.0,26.46663981742516,25.97498160412067,26.62037037037037,28.125,23.45679012345679,23.83177570093458,23.0392156862745,27.83595113438045,25.05747126436781,23.54740061162079,18.22916666666666,25.97137014314928,28.63636363636364,22.22222222222221,31.9047619047619,31.4207650273224,25.49019607843137,26.85185185185184,148049.0,17974.0,9759.0,2681.0,2086.77,4829.0,1087.87,24898.0,1569.0,5664.0,926.0,5358.0,43287.0,1537.0,1193.25,7497.0,586.47,12151.0,37093.0,6600.0,1001.0,706.0,1331.0,1569.0,461.0,6009.0,1248.0,1495.0,595.0,1216.0,7170.0,974.0,471.0,2065.0,218.0,3920.0,695119.0,105202.7,23012.5,15767.8,20642.6,30636.9,9280.2,122381.3,27639.8,36239.1,14003.2,42159.8,108773.6,19625.5,9718.2,35581.7,4932.0,68219.0
2016-10-01,79.576,79.305,79.645,80.206,78.781,80.225,79.562,79.793,78.352,78.885,79.541,79.109,80.473,80.454,79.17,79.123,79.463,79.244,1316040.8,140986.8,27037.8,22791.2,24137.3,33537.5,10428.4,276957.6,22918.3,40229.8,14603.7,57258.9,430334.2,23683.3,14631.8,67788.0,5317.299999999999,101470.8,7128.0,1195.0,129.0,105.0,234.0,275.0,66.0,1429.0,177.0,195.0,80.0,345.0,1624.0,211.0,57.0,205.0,28.0,767.0,26.99718988358089,24.42477876106195,22.5,24.84375,29.62962962962963,21.66666666666667,30.19607843137254,28.45887445887445,25.28735632183908,20.87878787878788,15.0,17.47967479674797,25.07070707070707,22.11267605633803,21.14285714285714,24.48087431693989,21.17647058823529,22.70341207349081,156443.0,19481.0,11575.0,2840.0,2098.34,5073.0,1093.9,25393.0,1697.0,5814.0,1041.0,5417.0,45990.0,1768.0,1199.87,7427.0,589.73,12953.0,33429.0,6047.0,1249.0,773.0,945.0,3268.0,370.0,4519.0,1238.0,1462.0,581.0,1176.0,5496.0,843.0,406.0,1418.0,182.0,3258.0,701915.9,105816.0,23264.3,15719.0,19815.1,31074.3,9129.1,124263.5,27772.6,36724.5,14171.5,42447.2,109218.3,19850.1,9906.2,37185.1,5087.6,69111.6
2016-11-01,79.864,79.596,79.812,80.641,79.153,80.472,80.082,80.065,78.646,79.141,79.74,79.407,80.72,80.813,79.687,79.416,80.103,79.536,1323664.2,141678.1,27183.9,22962.4,23772.4,33763.1,10721.1,279205.8,22989.8,40369.8,14688.9,57605.10000000001,432617.8000000001,23620.7,14691.3,68248.0,5337.4,102275.3,7889.0,1342.0,176.0,95.0,252.0,296.0,75.0,1694.0,215.0,232.0,123.0,365.0,1553.0,243.0,62.0,261.0,25.0,871.0,23.7300629942367,20.67696835908756,24.30555555555556,21.35416666666666,29.62962962962962,20.48929663608562,23.0392156862745,28.24194952132289,23.51598173515982,24.24242424242424,27.08333333333333,21.84959349593496,25.66056910569105,24.17840375586854,23.0392156862745,15.43715846994535,18.62745098039215,25.13123359580052,151603.0,19475.0,10536.0,2810.0,1987.26,5098.0,1035.99,25385.0,1709.0,5928.0,1054.0,5432.0,43458.0,1804.0,1136.35,7706.0,558.51,11762.0,35302.0,7069.0,1208.0,941.0,1171.0,1704.0,387.0,4583.0,1234.0,1401.0,673.0,1577.0,5755.0,941.0,413.0,1914.0,198.0,4050.0,701957.8,105867.0,23326.1,15637.2,18083.1,31502.2,9092.9,124242.6,27907.0,36795.9,14217.7,42278.4,109627.3,20017.9,9922.1,37653.9,4919.7,69479.8
2016-12-01,80.338,79.997,80.271,80.982,79.585,80.818,80.486,80.709,79.174,79.627,80.251,79.84,81.172,81.269,80.176,79.779,80.755,80.003,1325448.5,141665.1,27260.4,23040.5,23542.7,33795.7,10631.0,280380.6,23025.5,40226.60000000001,14582.0,57724.60000000001,433136.6,23643.3,14643.0,68393.9,5337.400000000001,102482.8,7357.0,1162.0,184.0,119.0,266.0,277.0,63.0,1605.0,207.0,206.0,53.0,321.0,1503.0,208.0,61.0,245.0,29.0,828.0,22.28980805623141,20.56659308314937,30.55555555555556,17.70833333333333,25.0,18.82716049382716,24.01960784313726,23.80952380952381,20.11494252873563,20.12012012012012,22.91666666666666,16.42857142857143,25.52870090634441,21.19047619047619,17.14285714285714,23.22404371584699,19.79166666666666,24.54068241469816,141128.0,18673.0,10130.0,2642.0,1920.57,4810.0,1001.22,22381.0,1548.0,5457.0,861.0,5068.0,39700.0,1499.0,1098.21,7545.0,539.76,11685.0,29181.0,5866.0,825.0,625.0,954.0,1517.0,371.0,4196.0,1074.0,1199.0,571.0,1155.0,4878.0,701.0,344.0,1627.0,222.0,3007.0,702988.6,106115.5,23263.5,15606.8,17519.8,31799.5,9162.7,124579.1,27864.3,36702.2,14210.6,42262.6,110209.0,20104.1,9843.8,37855.0,4937.3,69500.1
2017-01-01,79.896,79.486,79.793,80.331,79.332,80.361,80.162,80.275,78.681,79.174,79.692,79.243,80.886,80.712,79.419,79.305,79.965,79.677,1316693.9,140250.1,27065.2,22904.6,23585.0,33505.8,10620.0,279189.6,22888.4,39989.4,14502.4,57262.10000000001,429821.1,23518.2,14494.0,67769.7,5325.0,102082.4,8889.0,1412.0,218.0,99.0,287.0,379.0,73.0,1829.0,255.0,305.0,100.0,432.0,1756.0,247.0,93.0,279.0,45.0,1063.0,21.9611780455154,20.25754231052244,24.25925925925926,19.11458333333333,25.67901234567901,22.90909090909091,21.17647058823529,25.34904013961605,23.88127853881278,21.08108108108108,13.75,17.29674796747967,21.8338399189463,19.58333333333333,17.04761904761905,22.68292682926829,13.75,20.59288537549407,141045.0,17814.0,9939.0,2614.0,1895.42,4937.0,976.56,22918.0,1511.0,5335.0,837.0,4983.0,40521.0,1509.0,1078.43,7551.0,527.62,11610.0,37930.0,6798.0,1236.0,776.0,1364.0,1714.0,473.0,5631.0,1418.0,1546.0,826.0,1471.0,6592.0,1054.0,597.0,2046.0,266.0,3981.0,693514.7,104644.8,23137.9,15334.1,17114.1,31426.1,9057.9,123089.8,27376.1,36085.9,13802.9,41766.9,108774.6,19945.5,9620.1,37333.0,4867.6,68698.2
2017-02-01,79.608,79.187,79.551,80.094,79.032,80.182,79.686,80.042,78.381,78.939,79.351,78.947,80.619,80.407,79.116,78.953,79.636,79.281,1327432.3,141562.3,27187.2,23052.3,23812.3,33801.4,10679.7,282232.5,23053.3,40207.1,14584.0,57645.2,432783.1,23708.4,14597.1,68246.4,5345.799999999999,102991.4,8844.0,1412.0,208.0,93.0,334.0,307.0,72.0,1784.0,259.0,294.0,128.0,390.0,1781.0,256.0,97.0,296.0,44.0,1071.0,23.81048116874414,20.4646017699115,27.77777777777778,25.78125,26.23456790123457,17.27272727272727,23.52941176470588,28.13852813852813,20.89041095890411,23.57357357357357,15.88541666666667,21.44308943089431,29.10372608257804,20.65727699530516,20.47619047619047,21.68021680216802,24.50980392156863,24.73333333333333,142698.0,17157.0,9997.0,2561.0,1896.69,4772.0,977.21,23344.0,1557.0,5500.0,921.0,4848.0,41956.0,1709.0,1079.15,7467.0,527.98,11937.0,35376.0,6014.0,1260.0,723.0,1180.0,1454.0,702.0,5206.0,1262.0,1553.0,584.0,1601.0,6299.0,1095.0,440.0,1822.0,239.0,3850.0,696273.0,105262.5,23305.1,15393.4,17341.7,31516.3,9107.1,123687.6,27603.5,36150.9,13911.3,41891.4,108886.6,20075.0,9606.8,37419.1,4851.9,68829.4
2017-03-01,79.592,79.254,79.464,79.966,79.046,80.425,79.558,80.036,78.337,78.814,79.25,78.962,80.535,80.257,79.087,79.038,79.403,79.222,1339099.2,143060.7,27389.0,23267.8,24114.7,34202.5,10678.9,285087.4,23213.2,40368.2,14670.0,58030.9,436335.9,23958.8,14720.4,68714.3,5380.0,103948.0,10545.0,1784.0,229.0,168.0,463.0,418.0,66.0,2116.0,293.0,343.0,105.0,470.0,2118.0,319.0,88.0,313.0,47.0,1184.0,25.60648706607693,24.6119733924612,23.84259259259259,24.21875,22.53086419753086,18.80733944954128,30.3921568627451,27.70562770562771,27.62557077625571,25.3030303030303,22.39583333333333,24.79674796747967,28.45528455284553,15.50925925925926,29.04761904761904,26.55826558265582,38.09523809523809,25.72178477690288,163191.0,20943.0,11140.0,2918.0,2169.4,5342.0,1117.72,27333.0,1782.0,6301.0,1060.0,5557.0,46764.0,1918.0,1234.32,8266.0,603.89,13605.0,38742.0,7035.0,966.0,733.0,1535.0,1547.0,460.0,6396.0,1449.0,1635.0,650.0,1443.0,6234.0,1008.0,539.0,2460.0,306.0,4269.0,701666.5,106496.3,23514.3,15397.0,17908.1,31675.8,9144.7,124533.9,27819.0,36331.5,14100.6,42085.3,109483.7,20323.0,9591.0,37517.2,4875.4,69472.6
2017-04-01,80.356,80.033,80.097,80.828,79.762,81.034,80.04,80.794,79.031,79.473,80.119,79.683,81.352,81.263,79.728,79.759,80.484,80.062,1346478.1,144073.1,27513.8,23382.2,24494.5,34501.8,10616.6,287075.2,23280.3,40459.7,14798.9,58443.0,438147.5,24184.8,14876.1,68511.5,5381.200000000001,104792.0,7788.0,1274.0,165.0,127.0,303.0,310.0,80.0,1575.0,203.0,228.0,125.0,319.0,1782.0,192.0,55.0,239.0,29.0,771.0,24.53183520599251,20.89036055923473,25.41666666666667,23.125,32.65432098765432,20.98765432098765,22.15686274509804,26.118363794604,19.31034482758621,21.98198198198198,11.09375,23.53658536585366,23.64551863041289,29.12037037037037,30.57142857142857,25.82655826558265,28.125,21.58169934640523,137997.0,19430.0,9535.0,2525.0,1912.33,4713.0,985.27,22919.0,1482.0,5177.0,857.0,4825.0,38561.0,1436.0,1088.06,6595.0,532.33,10896.0,29310.0,6121.0,792.0,511.0,933.0,1369.0,363.0,4428.0,1186.0,1442.0,557.0,1196.0,4658.0,723.0,361.0,1422.0,188.0,2969.0,708464.8,108079.7,23610.5,15516.9,19077.4,31655.6,9228.8,125978.6,28028.8,36608.7,14292.6,42184.2,110098.3,20508.2,9666.6,37619.2,4909.9,70010.8
2017-05-01,80.308,80.036,80.03,80.626,79.832,81.103,80.104,80.739,78.871,79.46,80.202,79.69,81.167,81.159,79.704,79.658,80.589,80.104,1355053.0,144931.5,27607.8,23315.3,24929.9,34948.6,10608.9,289644.6,23368.4,40601.9,14925.6,58733.7,440596.6,24357.1,14923.0,68790.5,5381.5,105420.0,8786.0,1435.0,144.0,122.0,373.0,389.0,80.0,1784.0,220.0,285.0,104.0,365.0,1788.0,193.0,67.0,297.0,38.0,1085.0,29.19187844560978,26.26606198034769,32.62910798122066,20.37037037037037,29.87421383647798,25.22935779816514,26.47058823529412,33.03030303030303,28.04597701149425,28.07807807807808,28.57142857142857,27.94715447154472,31.73652694610778,25.34246575342465,36.66666666666666,28.33333333333333,33.33333333333333,30.7843137254902,160540.0,21568.0,11113.0,2823.0,2239.16,5053.0,1153.66,28052.0,1724.0,6116.0,1058.0,5407.0,44034.0,1781.0,1274.01,8002.0,623.31,13217.0,40156.0,7229.0,1498.0,795.0,1308.0,1582.0,401.0,6419.0,1474.0,1789.0,753.0,1500.0,6855.0,1109.0,529.0,2017.0,283.0,4493.0,714350.7,109302.0,23543.8,15654.1,20685.7,31675.7,9267.8,126858.0,28164.2,36824.8,14412.5,42330.6,110540.5,20721.8,9735.6,37598.2,4937.7,70689.7
2017-06-01,80.343,79.972,80.062,80.682,80.019,81.224,80.103,80.827,78.93,79.469,80.181,79.685,81.275,81.021,79.696,79.634,80.616,80.137,1362528.9,146116.5,27698.1,23357.0,25286.9,35073.3,10652.0,291122.0,23320.5,40706.6,15031.2,59036.7,443326.7,24429.8,14842.4,69111.5,5381.6,106076.7,8329.0,1313.0,185.0,101.0,318.0,368.0,68.0,1685.0,233.0,214.0,100.0,383.0,1871.0,252.0,67.0,220.0,24.0,906.0,28.06982343499197,25.57027225901398,32.3943661971831,26.98412698412698,30.8641975308642,21.36363636363636,30.88235294117647,31.36998254799303,25.97701149425287,21.62162162162162,22.22222222222221,26.6260162601626,31.62134944612286,23.74429223744292,34.76190476190477,28.45528455284553,43.13725490196079,29.73856209150327,151223.0,18457.0,10366.0,2676.0,2191.81,4907.0,1129.26,26341.0,1580.0,5750.0,944.0,5190.0,42638.0,1530.0,1247.07,7572.0,610.13,12904.0,40959.0,7756.0,1033.0,795.0,1347.0,2033.0,391.0,5925.0,1479.0,1777.0,684.0,1588.0,7669.0,1110.0,521.0,2191.0,402.0,4137.0,714576.4,109564.9,23120.4,15768.4,21697.3,31635.0,9389.1,126825.9,28103.5,36762.3,14304.7,42524.9,111158.5,20697.1,9627.2,36095.2,4945.6,70916.3
2017-07-01,79.788,79.269,79.411,80.061,79.821,80.64,79.761,80.461,78.22,78.836,79.284,79.009,80.792,80.123,79.453,79.242,79.54,79.553,1365136.3,146881.8,27781.4,23428.1,25710.3,35133.9,10636.6,291909.7,23354.7,40858.9,15025.2,59506.7,442813.3000000001,24577.8,14821.4,69059.7,5427.6,106254.4,7435.0,1049.0,135.0,110.0,247.0,291.0,53.0,1579.0,181.0,202.0,97.0,264.0,1737.0,231.0,57.0,225.0,31.0,936.0,26.88755020080321,22.6710816777042,24.92957746478873,24.12698412698413,27.77777777777778,18.42592592592593,27.94117647058824,27.16883116883117,24.87356321839081,21.66666666666666,18.73015873015873,19.14634146341463,23.69477911646586,20.13888888888889,30.0,28.25136612021858,24.70588235294118,22.3490813648294,136584.0,16464.0,8665.0,2616.0,2299.83,4596.0,1184.92,24874.0,1290.0,4816.0,742.0,4613.0,37463.0,1213.0,1308.53,6778.0,640.2,11575.0,35307.0,6260.0,1338.0,745.0,1431.0,1589.0,344.0,5839.0,1651.0,1545.0,515.0,1290.0,5943.0,948.0,462.0,1628.0,295.0,3394.0,716977.9,109946.4,23116.1,15807.8,22309.4,32213.4,9584.1,127157.6,28324.4,36889.7,14265.6,42763.6,111003.4,20716.6,9494.1,36172.9,4983.2,70795.8
2017-08-01,79.947,79.435,79.578,80.405,79.927,80.575,80.106,80.668,78.365,78.992,79.324,79.237,80.914,80.291,79.24,79.453,79.655,79.722,1350089.9,145778.2,27612.2,23463.0,25550.2,34939.6,10715.1,286862.3,23159.2,40662.7,14910.5,59441.7,437971.6,24348.5,14680.4,68107.7,5365.0,104583.4,5910.0,1024.0,127.0,88.0,209.0,285.0,39.0,1297.0,149.0,162.0,59.0,299.0,1129.0,147.0,57.0,156.0,38.0,629.0,,,,,,,,,,,,,,,,,,,110945.0,15052.0,6904.0,2602.0,1994.99,4246.0,1027.86,17949.0,1147.0,4185.0,627.0,4449.0,28136.0,812.0,1135.08,6307.0,555.34,9092.0,36292.0,7517.0,968.0,759.0,1231.0,1758.0,400.0,5674.0,1554.0,1537.0,669.0,1446.0,5616.0,949.0,600.0,1819.0,238.0,3482.0,706309.9,108571.9,22933.1,15767.6,22214.7,32387.5,9598.1,123239.3,28129.3,36680.2,14147.0,42622.1,109280.9,20342.7,9553.8,34750.5,4975.0,69861.7
2017-09-01,80.086,79.719,79.734,80.388,79.84,80.669,80.072,80.661,78.623,79.218,79.546,79.402,81.212,80.231,79.305,79.563,79.713,79.731,1359387.0,146534.8,27873.4,23521.6,25371.7,35226.4,10705.0,288362.1,23154.6,40866.0,14970.7,59509.7,442712.2,24451.8,14693.8,68695.5,5370.700000000001,105451.8,6157.0,999.0,130.0,110.0,218.0,227.0,56.0,1015.0,163.0,192.0,68.0,261.0,1563.0,182.0,63.0,206.0,12.0,680.0,23.19566960705693,22.0382634289919,19.95305164319248,21.16402116402116,28.08641975308642,18.20987654320988,23.52941176470588,25.54112554112554,20.91954022988505,24.62462462462463,17.72486772486772,22.76422764227642,27.52752752752752,17.36111111111111,26.66666666666666,19.64769647696477,34.31372549019608,23.52941176470588,143853.0,18477.0,10028.0,2631.0,2144.03,4820.0,1104.65,23610.0,1545.0,5654.0,899.0,5194.0,39757.0,1583.0,1219.88,7416.0,596.83,12097.0,40758.0,7751.0,1110.0,716.0,1259.0,1592.0,404.0,6542.0,1566.0,1730.0,585.0,1444.0,7261.0,1179.0,433.0,2160.0,493.0,4476.0,707173.0,108351.5,23164.5,15753.1,21568.3,32188.8,9448.5,124206.9,28127.8,36369.3,14246.5,42418.7,109527.7,20415.8,9549.6,35257.8,5155.8,70100.7
2017-10-01,80.825,80.556,80.737,81.184,80.181,81.345,80.746,81.275,79.621,80.076,80.594,80.3,81.713,81.207,80.003,80.377,80.74,80.512,1370729.3,147769.3,28128.9,23724.5,25263.0,35553.8,10742.1,290400.3,23420.9,41196.2,15038.1,59785.2,446966.2,24611.3,14810.7,69313.7,5392.3,106702.1,7236.0,1260.0,156.0,108.0,268.0,297.0,62.0,1224.0,210.0,200.0,58.0,291.0,1709.0,189.0,67.0,233.0,34.0,856.0,22.18871464951079,20.35398230088495,16.8075117370892,22.91005291005291,27.40740740740741,15.22935779816514,20.58823529411765,25.47743055555556,19.5632183908046,22.64264264264264,19.68253968253968,22.37804878048781,20.36697247706422,21.99074074074074,32.85714285714285,22.68817204301075,17.05882352941176,21.44356955380578,159602.0,20988.0,12189.0,2872.0,2193.71,5254.0,1130.24,25817.0,1775.0,5991.0,1104.0,5631.0,44966.0,1938.0,1248.15,7840.0,610.66,12860.0,34767.0,6702.0,799.0,668.0,1085.0,1350.0,427.0,5409.0,1256.0,1520.0,575.0,1354.0,7052.0,827.0,411.0,1621.0,330.0,3270.0,715280.5,108755.7,23112.7,15707.0,20712.2,32561.2,9386.0,126941.8,28427.5,36685.1,14493.7,42394.0,110953.0,20649.7,9773.4,37045.4,5001.2,71192.8
2017-11-01,81.194,80.964,81.056,81.75,80.592,81.756,81.42,81.569,79.984,80.459,80.885,80.851,81.963,81.757,80.638,80.676,81.244,80.898,1379657.1,148617.9,28267.1,23835.3,24883.9,35701.9,10846.6,292609.2,23547.9,41376.10000000001,15064.5,60136.1,450391.7,24854.6,14871.3,69748.9,5409.0,107597.4,7716.0,1301.0,197.0,100.0,257.0,295.0,65.0,1370.0,246.0,227.0,121.0,302.0,1774.0,233.0,65.0,246.0,32.0,863.0,23.62342197152833,20.60338484179544,15.72769953051643,18.78306878306877,37.34567901234568,19.47040498442368,21.5686274509804,31.18421052631579,21.60919540229885,23.08868501529052,10.05291005291005,20.73170731707317,26.23363544813695,25.11415525114155,24.76190476190476,22.62872628726288,26.47058823529412,23.41269841269841,155811.0,20531.0,10956.0,2783.0,2071.73,5259.0,1067.4,25807.0,1700.0,6043.0,1072.0,5479.0,43793.0,1925.0,1178.75,7836.0,576.7,12827.0,35127.0,6971.0,1067.0,701.0,1115.0,1421.0,435.0,5692.0,1192.0,1397.0,552.0,1251.0,6307.0,907.0,379.0,2045.0,226.0,3408.0,715373.9,108384.7,23208.8,15662.8,18779.5,32911.8,9369.0,126923.3,28414.9,36811.3,14527.7,42706.0,111677.1,20843.7,9805.2,37423.0,4955.9,71496.4
2017-12-01,81.231,80.916,80.977,81.71,80.632,81.715,81.447,81.717,80.035,80.46,80.885,80.767,82.118,81.743,80.634,80.645,81.253,80.917,1379775.5,148674.2,28342.5,23784.0,24765.2,35771.3,10845.4,292641.2,23632.3,41221.9,15039.5,59920.4,450553.7,24922.2,14878.4,69707.8,5404.799999999999,107753.8,6735.0,1118.0,143.0,118.0,221.0,284.0,48.0,1246.0,206.0,205.0,85.0,292.0,1407.0,200.0,62.0,250.0,34.0,801.0,24.19897684437264,20.34149962880475,27.08333333333334,17.1957671957672,30.55555555555555,15.42056074766355,24.50980392156863,31.85763888888889,26.55172413793104,21.51515151515151,20.1058201058201,20.32520325203252,25.80321285140563,23.51598173515982,40.47619047619048,23.71273712737127,20.58823529411764,22.97476759628153,138530.0,18814.0,10194.0,2547.0,1886.54,4766.0,971.98,21529.0,1567.0,5522.0,855.0,4756.0,38622.0,1578.0,1073.38,7359.0,525.15,11497.0,28228.0,5263.0,833.0,522.0,955.0,1991.0,313.0,3843.0,1101.0,1146.0,517.0,1136.0,4879.0,790.0,351.0,1437.0,220.0,2860.0,715834.1,108482.9,23238.5,15651.9,18114.1,33109.5,9315.9,126997.7,28569.2,36657.0,14481.0,42738.3,112176.1,20893.6,9754.8,37660.2,4988.8,71486.6
2018-01-01,80.355,79.884,80.161,80.608,79.881,80.97,80.494,80.965,79.161,79.58,79.871,79.703,81.426,80.728,79.69,79.663,80.161,80.011,1373255.8,147968.3,28319.1,23319.2,24676.3,35623.1,10703.3,291433.4,23552.6,40628.6,14970.4,59578.6,448377.0,24812.0,14880.5,69465.2,5394.799999999999,107662.9,9403.0,1639.0,220.0,126.0,325.0,345.0,89.0,1748.0,260.0,295.0,123.0,416.0,1987.0,227.0,94.0,323.0,41.0,1126.0,23.73166464809581,21.54708520179372,23.94366197183098,23.96825396825397,28.33333333333333,20.65420560747664,24.70588235294118,24.58442694663167,22.72727272727273,18.71559633027523,14.6031746031746,20.26422764227642,20.42168674698795,23.01369863013698,24.0,28.30645161290322,28.23529411764705,16.75889328063241,148236.0,19169.0,10386.0,2783.0,2018.24,4979.0,1028.43,24618.0,1640.0,5821.0,878.0,5182.0,41807.0,1673.0,1143.03,7748.0,556.87,12043.0,42222.0,7820.0,1186.0,782.0,1440.0,1729.0,494.0,6858.0,1753.0,1732.0,701.0,1702.0,7075.0,1123.0,553.0,2371.0,330.0,4488.0,706969.8,107330.0,22937.3,15366.0,17680.4,32687.4,9245.7,125267.7,28209.8,36233.3,14002.3,42345.3,110867.6,20791.1,9592.0,37368.7,4920.9,70622.0
2018-02-01,80.463,80.031,80.324,80.672,79.868,81.304,80.471,81.125,79.119,79.585,79.927,79.695,81.502,80.876,79.734,79.748,80.353,80.168,1386662.8,149941.2,28486.6,23493.9,25039.8,35928.4,10679.9,294099.0,23850.0,40927.6,15158.6,60147.9,452417.3000000001,25119.0,15057.8,70051.09999999999,5420.0,108968.0,8738.0,1360.0,210.0,90.0,308.0,261.0,67.0,1575.0,293.0,252.0,110.0,358.0,2089.0,270.0,88.0,261.0,45.0,1075.0,25.28828104049343,21.63355408388521,23.47417840375587,16.66666666666667,31.17283950617284,18.71069182389937,25.49019607843137,34.68233246301131,23.67816091954023,26.96969696969697,19.04761904761905,20.63008130081301,26.74650698602795,22.38095238095238,26.19047619047619,26.47849462365591,23.52941176470588,25.26455026455026,141606.0,18338.0,10148.0,2569.0,1897.9,4564.0,967.1,23303.0,1579.0,5597.0,928.0,4866.0,40125.0,1741.0,1074.88,7205.0,523.67,11701.0,39829.0,7299.0,1046.0,805.0,1469.0,1435.0,543.0,5771.0,1368.0,1516.0,551.0,1650.0,8137.0,1170.0,487.0,2111.0,251.0,4087.0,711008.9,108264.8,23221.6,15404.7,17918.8,32856.9,9228.5,125930.3,28264.8,36431.7,14099.0,42422.2,111510.5,20910.8,9644.1,37369.1,4908.5,71095.9
2018-03-01,80.558,80.145,80.36,80.663,79.912,81.379,80.488,81.221,79.201,79.633,80.058,79.8,81.626,80.942,79.894,79.949,80.237,80.221,1398345.7,151471.4,28587.9,23580.6,25311.9,36183.8,10724.7,296628.4,24041.2,41121.6,15250.9,60558.6,456355.8000000001,25387.0,15116.6,70701.4,5465.799999999999,109978.1,9265.0,1512.0,206.0,159.0,343.0,337.0,49.0,1829.0,285.0,276.0,107.0,410.0,2000.0,213.0,88.0,323.0,32.0,1071.0,24.62151932954852,19.88888888888889,30.98591549295775,19.57671957671957,29.48717948717949,21.60493827160494,23.52941176470588,33.42151675485009,25.52447552447552,25.0,18.78306878306877,16.15541922290388,25.07462686567164,26.66666666666666,23.33333333333333,29.16666666666666,24.44444444444445,22.86666666666666,149091.0,20222.0,10438.0,2760.0,2080.43,5178.0,1060.11,24995.0,1603.0,5991.0,898.0,5010.0,40321.0,1680.0,1178.25,7593.0,574.03,12600.0,36525.0,6572.0,1211.0,711.0,1100.0,1455.0,464.0,5650.0,1347.0,1707.0,571.0,1428.0,6235.0,864.0,483.0,1831.0,296.0,4504.0,718085.9,109838.0,23447.3,15455.4,18451.4,33237.5,9301.5,126765.1,28425.1,36854.3,14310.7,42667.4,112401.5,21161.8,9709.4,37519.4,4943.5,72090.2
2018-04-01,81.224,80.904,80.979,81.407,80.599,81.922,81.021,81.786,79.958,80.307,80.956,80.606,82.162,81.819,80.425,80.59,81.163,80.968,1407062.1,152842.9,28728.0,23713.2,25743.8,36534.5,10788.6,298747.6,24217.2,41147.2,15340.6,60847.4,458850.6,25520.2,15132.0,70894.0,5510.6,110585.5,8817.0,1564.0,200.0,100.0,333.0,365.0,84.0,1618.0,276.0,229.0,95.0,409.0,1977.0,260.0,78.0,262.0,33.0,919.0,27.10191943768585,25.79259259259259,24.4131455399061,21.90476190476191,31.32075471698113,21.04761904761905,25.29411764705882,28.22862129144851,25.36130536130536,29.93939393939394,13.80952380952381,20.79754601226994,23.26153846153846,26.16438356164383,23.71428571428572,28.18181818181818,13.57142857142857,22.67716535433071,152132.0,21295.0,10197.0,2724.0,2081.28,5265.0,1060.55,25761.0,1706.0,5578.0,943.0,5361.0,42803.0,1730.0,1178.74,7276.0,574.27,11687.0,40426.0,6834.0,1092.0,802.0,1410.0,1499.0,421.0,6351.0,1714.0,1611.0,604.0,1386.0,8410.0,1392.0,482.0,1803.0,283.0,4226.0,723564.8,111237.6,23499.6,15492.7,19587.7,32934.0,9349.4,127862.0,28559.6,37057.3,14542.4,42828.5,113113.9,21295.6,9746.6,37552.0,4956.0,72452.6
2018-05-01,81.956,81.615,81.731,82.233,81.482,82.494,81.826,82.561,80.727,81.101,81.626,81.288,82.797,82.473,81.407,81.27,82.028,81.796,1420107.2,154443.3,28591.9,23786.6,26243.7,36877.2,10809.0,300719.2,24475.3,41291.4,15386.8,61456.8,464554.9,25860.3,15191.7,71238.2,5516.5,111759.5,8830.0,1499.0,166.0,119.0,312.0,341.0,70.0,1634.0,263.0,271.0,103.0,346.0,1949.0,257.0,74.0,283.0,41.0,1071.0,26.46782211473868,23.50993377483444,26.76056338028169,22.22222222222222,28.39506172839506,16.98717948717949,31.37254901960784,31.85763888888889,25.64102564102564,30.42813455657492,21.42857142857142,23.10838445807771,29.89021956087824,24.42922374429224,26.66666666666666,27.95698924731183,13.72549019607843,25.82345191040842,160065.0,21681.0,11253.0,2830.0,2272.72,5213.0,1158.1,27555.0,1803.0,6113.0,982.0,5457.0,43231.0,1837.0,1287.16,7944.0,627.09,13458.0,42829.0,8010.0,1258.0,863.0,1426.0,2568.0,424.0,6258.0,1657.0,1635.0,746.0,1581.0,6825.0,990.0,578.0,2278.0,295.0,5341.0,731017.1,112661.8,23532.8,15673.9,21236.4,32962.5,9444.3,129140.3,28733.3,37231.7,14729.4,43034.0,113892.0,21492.8,9810.0,37470.5,5001.5,73431.7
2018-06-01,82.17,81.764,81.891,82.497,81.8,82.722,82.137,82.78,80.986,81.397,81.853,81.529,82.967,82.753,81.666,81.458,82.272,82.042,1429446.9,155788.5,28722.8,23991.6,26600.7,37214.7,10861.9,302310.0,24583.7,41648.4,15443.4,61808.3,467381.6,26026.7,15327.6,71388.5,5506.1,112963.8,8120.0,1347.0,137.0,87.0,290.0,348.0,50.0,1503.0,238.0,220.0,86.0,336.0,1906.0,258.0,54.0,248.0,42.0,956.0,25.16418710628602,24.48604992657856,32.62910798122066,25.66137566137565,31.17283950617283,19.54545454545454,19.6078431372549,30.16493055555556,20.51282051282051,26.96969696969697,17.1957671957672,20.04089979550102,26.96969696969697,22.8310502283105,31.37254901960784,24.05913978494624,23.95833333333333,24.24242424242424,152406.0,19419.0,10483.0,2615.0,2209.9,4899.0,1126.09,26795.0,1650.0,5653.0,901.0,5244.0,42166.0,1580.0,1251.58,7574.0,609.76,13015.0,42046.0,7920.0,1447.0,744.0,1209.0,1560.0,451.0,6292.0,1530.0,1901.0,734.0,1619.0,8060.0,966.0,623.0,2147.0,265.0,4453.0,731134.1,112913.5,23274.3,15647.4,22145.6,32991.4,9523.1,128952.1,28648.4,37053.3,14679.8,43076.8,114590.6,21612.8,9725.8,35976.9,5020.3,73733.6
2018-07-01,81.581,80.981,81.287,81.953,81.407,81.94,81.74,82.31,80.247,80.755,80.962,80.854,82.571,81.865,81.39,81.047,81.369,81.395,1434685.9,156707.2,28881.8,24650.3,26960.0,37410.8,10967.8,303155.9,24684.3,41914.4,15497.1,62460.4,467624.9,26197.0,15360.9,71199.9,5538.2,113631.8,7695.0,1252.0,183.0,64.0,265.0,299.0,50.0,1579.0,220.0,207.0,74.0,284.0,1790.0,187.0,41.0,251.0,31.0,901.0,23.68209255533199,21.14054451802796,26.0093896713615,23.33333333333333,28.88888888888889,19.75975975975976,20.88235294117647,27.61780104712042,19.04428904428904,20.27522935779816,16.50793650793651,21.16564417177914,22.05823293172691,23.79629629629629,28.95238095238095,23.79032258064516,21.76470588235295,22.69588313413015,138282.0,17472.0,8934.0,2673.0,2389.03,4855.0,1217.37,25621.0,1437.0,4944.0,707.0,4923.0,34933.0,1246.0,1353.03,7113.0,659.18,12168.0,40872.0,7525.0,1086.0,896.0,1206.0,1623.0,453.0,6765.0,1589.0,1603.0,680.0,1459.0,7474.0,1078.0,515.0,2000.0,408.0,4432.0,732072.3,113403.8,23245.1,15574.8,22660.3,33672.6,9748.4,129132.0,28835.9,37114.9,14510.7,43274.9,114061.4,21274.7,9631.9,35940.0,5039.4,73357.3
2018-08-01,81.697,81.117,81.385,82.192,81.464,82.134,82.023,82.443,80.328,80.869,81.041,81.017,82.577,81.995,81.111,81.164,81.428,81.628,1419501.2,155459.7,28770.1,24527.4,26765.0,37374.5,10941.9,298433.4,24578.6,41740.3,15448.6,62304.4,462616.7,25934.6,15352.7,70057.5,5511.700000000001,111805.6,5870.0,932.0,106.0,93.0,221.0,272.0,54.0,1082.0,165.0,158.0,73.0,237.0,1336.0,140.0,68.0,183.0,35.0,702.0,,,,,,,,,,,,,,,,,,,111409.0,15338.0,7182.0,2683.0,2055.81,4463.0,1047.57,18783.0,1134.0,4235.0,584.0,4594.0,26012.0,842.0,1164.31,6456.0,567.24,9417.0,39847.0,8447.0,975.0,790.0,1383.0,1779.0,453.0,5450.0,1611.0,1603.0,870.0,1585.0,7006.0,987.0,572.0,2038.0,357.0,3863.0,719897.1,112094.3,22992.4,15502.7,22482.9,33755.3,9783.2,124699.1,28600.6,36907.7,14488.1,43105.4,111961.3,20789.7,9682.1,34498.7,4965.6,72199.1
2018-09-01,81.897,81.459,81.606,82.11,81.352,82.285,81.83,82.498,80.724,81.262,81.438,81.261,82.937,81.999,81.24,81.258,81.45,81.699,1433041.5,157092.9,28948.4,24377.5,26685.7,38028.5,10875.7,301327.0,24524.0,41779.9,15538.9,62536.3,468488.4,26113.9,15464.6,70714.5,5517.1,113035.7,5882.0,1055.0,132.0,73.0,189.0,247.0,42.0,866.0,169.0,180.0,79.0,261.0,1386.0,199.0,59.0,188.0,22.0,725.0,17.5695379093764,23.03482587064677,18.35294117647059,11.33333333333333,31.09375,19.24812030075188,17.58333333333333,22.64770240700219,20.66666666666666,19.46969696969697,16.84210526315789,19.91496598639456,19.875,19.45098039215686,29.26829268292683,21.6331096196868,24.11764705882353,17.33115468409586,144660.0,18513.0,10060.0,2636.0,2203.32,5016.0,1122.73,24008.0,1569.0,5611.0,886.0,5185.0,39590.0,1580.0,1247.85,7523.0,607.94,12102.0,44612.0,8293.0,1115.0,834.0,1095.0,1602.0,557.0,6836.0,1551.0,1682.0,667.0,1449.0,9244.0,1191.0,525.0,2364.0,339.0,5190.0,722109.5,112173.8,23084.5,15490.8,21843.8,33712.9,9641.4,126019.3,28533.9,36627.6,14816.8,42978.2,112498.2,20957.4,9615.9,35102.7,5009.1,72509.8
2018-10-01,82.654,82.214,82.469,82.873,81.713,82.918,82.662,83.232,81.686,82.083,82.425,82.15,83.605,82.938,81.967,82.115,82.395,82.406,1447255.3,158638.1,29180.3,24191.9,26626.3,37981.2,10919.0,305244.5,24667.6,42093.9,15601.2,62899.2,473714.8000000001,26311.2,15723.9,71490.20000000001,5569.5,114435.9,7723.0,1351.0,148.0,102.0,268.0,281.0,67.0,1358.0,213.0,228.0,88.0,300.0,1875.0,199.0,78.0,262.0,30.0,859.0,23.85917703778451,24.09453652547575,21.05882352941176,25.46666666666667,28.30769230769231,22.53968253968254,13.5,24.27331887201735,23.94117647058824,21.81818181818182,16.44736842105263,20.71428571428572,22.375,26.62790697674419,29.52380952380953,25.50925925925926,26.0,21.72185430463576,166873.0,20785.0,12467.0,2941.0,2339.37,5735.0,1192.06,28654.0,1894.0,6298.0,1121.0,5932.0,46666.0,2086.0,1324.91,8096.0,645.48,13176.0,41989.0,8052.0,1051.0,744.0,1033.0,1347.0,494.0,7494.0,1459.0,1678.0,637.0,1347.0,8730.0,972.0,624.0,1899.0,284.0,4061.0,732004.2,112986.9,23435.5,15545.5,21020.5,34176.8,9600.8,128894.7,28991.3,36981.0,14981.0,43227.4,113811.1,21228.3,9857.0,36898.8,5199.0,73587.3
2018-11-01,82.563,82.106,82.395,83.048,81.584,83.062,82.746,83.103,81.573,81.891,82.31,82.121,83.514,82.925,82.1,81.916,82.536,82.265,1457374.3,158361.6,29274.6,24369.4,26193.0,38128.3,11006.9,308376.6,24700.2,42202.9,15662.6,63167.8,478643.9,26545.3,15783.2,72165.79999999999,5608.6,115236.2,7969.0,1380.0,146.0,88.0,245.0,282.0,73.0,1494.0,253.0,208.0,106.0,340.0,1837.0,209.0,81.0,235.0,20.0,948.0,24.08092355973996,24.58563535911603,18.50980392156863,20.53333333333333,31.66666666666667,20.22727272727273,20.0,27.67032967032967,21.55945419103314,24.42748091603054,20.26315789473684,22.56802721088435,23.87755102040816,19.65116279069768,35.6910569105691,23.64864864864865,39.36507936507936,21.88453159041394,157737.0,20590.0,11007.0,2833.0,2148.56,5514.0,1094.83,26712.0,1802.0,6129.0,1025.0,5501.0,43773.0,1950.0,1216.84,7915.0,592.83,12863.0,41545.0,7920.0,1101.0,764.0,1247.0,1912.0,425.0,7135.0,1548.0,1636.0,552.0,1254.0,7752.0,875.0,526.0,1910.0,275.0,4626.0,732092.7,113066.1,23498.9,15505.2,18956.7,34350.6,9551.6,129159.7,29074.5,37047.7,15141.2,43143.7,114658.3,21401.0,9892.6,37258.9,5017.2,73794.2
2018-12-01,82.193,81.706,81.935,82.63,81.21,82.879,82.283,82.859,80.962,81.418,81.749,81.586,83.285,82.439,81.719,81.426,82.195,81.845,1459081.2,158811.2,29390.1,24421.5,26119.3,38069.1,10994.6,308648.7,24788.9,42176.5,15624.7,62977.3,479472.9,26670.3,15698.3,72186.7,5628.1,115494.3,6809.0,1127.0,162.0,87.0,194.0,261.0,59.0,1269.0,201.0,207.0,94.0,328.0,1505.0,184.0,31.0,256.0,33.0,791.0,22.07327971403038,21.79251074278699,22.98039215686275,26.53333333333333,26.86868686868687,15.12626262626262,22.5,24.29403202328966,19.76744186046512,27.14285714285714,18.07017543859649,20.18707482993197,21.95979899497488,21.31782945736434,27.14285714285714,20.27027027027027,31.0,21.17324561403509,145415.0,19699.0,10519.0,2578.0,2010.81,5311.0,1024.64,23196.0,1639.0,5674.0,840.0,4988.0,40506.0,1686.0,1138.83,7266.0,554.82,12039.0,29106.0,5467.0,815.0,568.0,748.0,1150.0,363.0,4390.0,991.0,1156.0,432.0,1057.0,5384.0,683.0,350.0,1750.0,207.0,3534.0,732655.8,113095.9,23521.4,15505.4,18450.7,34344.1,9543.7,129235.9,29293.1,36840.5,14952.3,43363.1,114870.8,21545.4,9898.0,37572.2,5003.5,74028.1
2019-01-01,81.142,80.485,80.953,81.307,80.418,81.799,81.224,81.808,79.74,80.486,80.634,80.354,82.466,81.247,80.721,80.436,81.049,80.823,1450298.6,157979.6,29310.3,24345.4,25891.9,37464.9,10885.9,307321.6,24543.4,41960.2,15585.8,62566.8,475934.2,26643.3,15576.5,71888.29999999999,5610.400000000001,114923.0,8995.0,1506.0,155.0,91.0,276.0,298.0,85.0,1867.0,266.0,287.0,94.0,387.0,1913.0,223.0,84.0,302.0,37.0,1105.0,22.7891156462585,22.80540208717004,24.23529411764705,24.8,27.12121212121212,21.07769423558897,24.25,24.82207697893972,20.0968992248062,25.06265664160401,20.26315789473684,21.44557823129252,22.75689223057644,21.72413793103448,24.28571428571428,19.39189189189189,30.0,19.53947368421053,151945.0,18187.0,10458.0,2695.0,2084.58,5402.0,1047.74,25767.0,1706.0,5853.0,858.0,5339.0,44292.0,1672.0,1175.21,7641.0,568.83,12300.0,49583.0,8150.0,1357.0,825.0,1208.0,1771.0,560.0,6458.0,2429.0,1711.0,764.0,1485.0,13207.0,1094.0,497.0,2444.0,367.0,5157.0,722720.3,111328.7,23221.7,15313.7,17981.5,33707.6,9357.2,127285.4,28880.3,36294.4,14468.0,42930.9,114048.7,21354.4,9745.8,37266.8,4927.1,72992.6
2019-02-01,81.34,80.73,81.151,81.527,80.415,81.845,81.325,82.036,79.946,80.604,80.721,80.511,82.715,81.396,80.981,80.793,81.272,80.937,1461811.7,159297.0,29484.1,24546.9,26194.0,37712.5,10893.3,310502.0,24636.0,42189.0,15746.6,62888.9,479597.5,26812.2,15632.6,72293.5,5654.6,115871.3,9382.0,1453.0,205.0,134.0,337.0,306.0,55.0,1650.0,324.0,261.0,122.0,390.0,2262.0,258.0,87.0,306.0,39.0,1170.0,21.32816014394962,22.67283950617284,25.37254901960784,21.35135135135135,29.83870967741936,14.40298507462687,16.75,23.00220750551876,21.57894736842105,20.90225563909775,14.3859649122807,24.64285714285714,22.04545454545455,21.03448275862069,30.26315789473684,20.78828828828829,22.16666666666666,19.94462901439645,149612.0,17347.0,10360.0,2681.0,2013.57,5335.0,1012.05,25048.0,1682.0,5777.0,959.0,5204.0,44787.0,1766.0,1135.18,7368.0,549.45,11856.0,43061.0,7310.0,1181.0,1247.0,1157.0,1672.0,527.0,6905.0,2038.0,1706.0,685.0,1459.0,8020.0,1061.0,467.0,2474.0,345.0,4705.0,725619.1,112004.2,23337.9,15256.7,18159.1,33791.8,9296.8,127839.9,28929.8,36267.7,14561.8,43022.9,114653.6,21503.8,9738.5,37311.2,4936.6,73368.1
2019-03-01,81.636,81.095,81.358,81.703,80.815,82.042,81.512,82.325,80.336,80.918,81.039,80.881,82.936,81.708,81.214,81.126,81.286,81.23,1473234.0,160534.6,29678.9,24639.6,26552.4,37916.5,11004.6,313413.5,24889.7,42385.8,15900.7,63490.7,482947.4,27073.6,15741.7,72767.0,5731.0,116712.3,9437.0,1639.0,239.0,122.0,315.0,349.0,63.0,1807.0,284.0,305.0,129.0,381.0,2095.0,190.0,92.0,309.0,68.0,1031.0,,,,,,,,,,,,,,,,,,,161632.0,19699.0,11026.0,2876.0,2176.07,5487.0,1093.72,27728.0,1803.0,6182.0,980.0,5226.0,47979.0,1814.0,1226.79,7704.0,593.79,12924.0,42410.0,8055.0,1051.0,772.0,1556.0,1628.0,502.0,6489.0,1721.0,1633.0,771.0,1434.0,8729.0,1069.0,463.0,2040.0,297.0,4134.0,732425.2,113361.0,23602.9,15329.6,18663.1,34203.0,9356.5,128627.3,29149.1,36804.7,14743.9,43351.9,115548.2,21692.3,9825.7,37379.5,4962.2,74227.8
2019-04-01,82.459,81.919,82.235,82.508,81.556,82.688,82.27,83.171,81.216,81.778,82.208,81.696,83.601,82.752,82.146,81.926,82.547,82.141,1480863.9,161469.5,29825.4,24780.5,26891.1,38038.9,11090.8,315092.4,25014.4,42537.3,15952.8,64170.9,485069.9,27319.7,15784.4,72972.2,5734.6,117281.0,8683.0,1404.0,169.0,109.0,270.0,325.0,55.0,1696.0,254.0,283.0,93.0,374.0,2138.0,199.0,67.0,250.0,30.0,953.0,,,,,,,,,,,,,,,,,,,149922.0,19184.0,10246.0,2760.0,2114.65,5287.0,1062.85,26228.0,1633.0,5511.0,886.0,5225.0,42739.0,1645.0,1192.16,6998.0,577.03,11664.0,39112.0,7977.0,1203.0,815.0,1125.0,1552.0,417.0,6029.0,1691.0,1509.0,648.0,1356.0,6932.0,807.0,653.0,1919.0,256.0,4134.0,738958.1,114916.7,23741.4,15415.2,19867.0,34121.0,9420.4,129953.3,29372.5,37063.3,14917.7,43592.4,115898.2,21922.8,9855.1,37430.3,4977.8,74917.5
2019-05-01,82.619,82.108,82.361,82.83,81.785,82.641,82.624,83.361,81.315,81.968,82.241,81.924,83.67,82.854,82.429,82.109,82.918,82.332,1487003.4,162412.2,30021.5,24791.5,27400.9,38205.0,11106.5,316281.6,25094.6,42709.5,16052.4,64428.60000000001,486125.1,27505.9,15804.3,73417.4,5728.299999999999,118045.6,8585.0,1401.0,185.0,89.0,323.0,302.0,50.0,1870.0,208.0,252.0,104.0,315.0,1889.0,242.0,60.0,285.0,48.0,951.0,21.2786152987158,20.59436274509804,18.47058823529412,13.10810810810811,24.69696969696969,13.681592039801,15.5,20.21978021978022,16.88109161793372,17.04545454545455,16.71052631578947,21.1168384879725,18.46980976013234,21.4176245210728,20.73170731707317,22.47165532879819,20.47619047619047,17.37704918032787,166846.0,21418.0,11575.0,2923.0,2366.08,5588.0,1189.22,29132.0,1823.0,6221.0,1013.0,5603.0,47066.0,1861.0,1333.91,8041.0,645.64,13487.0,48772.0,9527.0,1330.0,1007.0,1739.0,1724.0,559.0,7808.0,1997.0,2605.0,945.0,1705.0,7390.0,1177.0,564.0,2570.0,355.0,5656.0,745681.1,116386.8,23809.8,15559.5,21529.8,34139.6,9457.6,131209.4,29497.3,37132.2,15122.7,43828.7,116363.4,22179.8,9922.0,37400.1,5007.2,75532.5
2019-06-01,82.522,81.91,82.241,82.775,81.771,82.711,82.462,83.392,81.187,81.807,82.078,81.776,83.54,82.787,82.464,82.069,82.873,82.168,1495885.6,163284.6,30267.5,24786.4,27720.9,38359.3,11156.8,317313.6,25225.3,42986.8,16254.1,64644.9,490219.4,27600.9,15924.9,73383.5,5731.299999999999,119138.4,7433.0,1222.0,152.0,107.0,243.0,277.0,63.0,1383.0,204.0,213.0,93.0,286.0,1801.0,180.0,65.0,245.0,39.0,846.0,21.76642008518269,24.08225905463474,23.72549019607843,25.0,26.96969696969697,15.04,18.0,24.03776325344953,22.64705882352941,22.03007518796992,13.28947368421053,23.57388316151203,18.76974231088944,21.91570881226053,27.77777777777779,17.67123287671233,25.26315789473684,21.35722041259501,153355.0,17910.0,10514.0,2696.0,2228.96,5260.0,1120.3,26684.0,1649.0,5649.0,891.0,5155.0,44658.0,1547.0,1256.6,7556.0,608.22,12734.0,41466.0,8350.0,1224.0,697.0,1113.0,1442.0,443.0,6602.0,1522.0,2122.0,709.0,1476.0,6111.0,1131.0,569.0,2464.0,204.0,5207.0,744632.2,116532.0,23520.9,15555.0,22331.4,34410.1,9545.9,131024.8,29374.8,36966.2,15085.1,43758.6,116771.2,22135.7,9841.2,35667.2,4953.5,75550.6
2019-07-01,82.011,81.231,81.68,82.202,81.557,82.081,82.065,82.944,80.537,81.321,81.177,81.232,83.238,81.995,82.223,81.664,81.973,81.61,1497992.2,164448.9,30334.6,24841.4,28008.2,38453.5,11275.9,317612.0,25391.7,43198.8,16285.3,64869.5,489604.8000000001,27689.9,15954.1,73087.9,5780.8,119188.3,7825.0,1272.0,147.0,108.0,229.0,278.0,45.0,1510.0,200.0,220.0,71.0,281.0,1972.0,192.0,45.0,275.0,42.0,930.0,,,,,,,,,,,,,,,,,,,145841.0,17128.0,9257.0,2843.0,2529.86,5384.0,1271.54,27503.0,1429.0,5146.0,762.0,5162.0,38301.0,1321.0,1426.24,7282.0,690.33,12460.0,46519.0,8850.0,1433.0,982.0,1314.0,1805.0,520.0,7379.0,2308.0,2013.0,964.0,1902.0,6990.0,1251.0,488.0,2052.0,789.0,5386.0,744588.3,116763.5,23436.0,15505.5,22878.8,34457.0,9755.2,130945.8,29464.7,37109.8,14951.9,43995.0,116261.8,21903.7,9808.1,35608.0,5018.6,75147.5
2019-08-01,81.965,81.19,81.749,82.141,81.534,82.098,82.245,82.957,80.406,81.181,81.028,81.09,83.13,81.998,81.828,81.678,81.9,81.625,1480651.1,163024.3,30036.3,24862.2,27876.4,38246.7,11243.3,312885.5,25248.9,42931.3,16221.6,64552.8,483189.1,27440.0,15931.7,71977.0,5730.5,117270.1,5368.0,855.0,106.0,58.0,146.0,261.0,31.0,1085.0,153.0,151.0,73.0,222.0,1134.0,188.0,55.0,164.0,27.0,656.0,,,,,,,,,,,,,,,,,,,113651.0,15236.0,7240.0,2749.0,2098.45,4777.0,1054.71,19401.0,1175.0,4230.0,611.0,4600.0,26960.0,844.0,1183.03,6492.0,572.61,9496.0,28805.0,5849.0,830.0,542.0,762.0,978.0,350.0,4584.0,1080.0,1161.0,463.0,1127.0,4099.0,824.0,331.0,1648.0,349.0,3741.0,732582.3,115351.3,23085.9,15470.6,22783.5,34403.7,9662.0,126564.7,29275.0,36915.1,14873.7,43772.4,114333.7,21417.0,9832.5,34386.1,5012.1,74060.6
2019-09-01,81.965,81.355,81.715,81.819,81.398,82.304,81.896,82.754,80.534,81.322,81.141,81.067,83.272,81.918,81.784,81.641,81.777,81.505,1492187.3,163711.3,30283.2,24840.6,27916.3,38482.5,11253.6,315586.4,25237.0,42919.6,16254.1,64375.10000000001,489028.3,27622.4,15960.2,72667.9,5745.1,118333.0,5787.0,1025.0,137.0,64.0,201.0,221.0,60.0,946.0,195.0,167.0,89.0,240.0,1301.0,163.0,55.0,196.0,24.0,683.0,28.14087368777514,26.65739882607352,26.47058823529412,23.2662192393736,29.9737532808399,20.67193675889328,27.29166666666667,26.79231337767923,31.82445759368836,25.47169811320755,21.43487858719647,26.34961439588688,24.33755274261603,27.32177263969171,29.68888888888889,24.99438832772166,28.91891891891892,23.11002178649237,151462.0,18071.0,10479.0,2736.0,2303.6,5459.0,1157.82,25929.0,1653.0,5747.0,885.0,5346.0,42852.0,1597.0,1298.68,7618.0,628.59,12288.0,31506.0,5598.0,692.0,516.0,847.0,1228.0,257.0,4777.0,1323.0,1177.0,302.0,951.0,6262.0,869.0,441.0,1989.0,130.0,4077.0,734884.1,115692.9,23145.3,15456.2,22165.2,34503.4,9536.9,127564.9,29265.7,36541.5,15072.8,43573.9,115120.1,21480.2,9791.2,34921.1,5109.6,74461.3
2019-10-01,82.76,82.23,82.557,82.67,81.776,82.798,82.686,83.444,81.716,82.17,82.546,82.052,83.89,82.848,82.38,82.5,82.719,82.376,1507039.1,164679.6,30564.2,25132.1,27863.8,39031.9,11330.5,319231.1,25408.2,43426.5,16381.9,64714.9,494561.4,27825.2,16141.3,73346.6,5787.4,119612.9,8029.0,1421.0,141.0,95.0,248.0,288.0,53.0,1497.0,227.0,209.0,98.0,318.0,1871.0,213.0,79.0,253.0,38.0,960.0,,,,,,,,,,,,,,,,,,,175501.0,21094.0,13317.0,3136.0,2449.25,6287.0,1231.03,29062.0,1999.0,6575.0,1166.0,6177.0,50605.0,2169.0,1380.8,8445.0,668.33,13984.0,40538.0,8181.0,1025.0,622.0,1108.0,2063.0,436.0,6681.0,1620.0,1508.0,585.0,1285.0,6617.0,1275.0,649.0,2184.0,245.0,4376.0,745062.1,116374.9,23503.0,15588.2,21263.3,34847.6,9477.8,130463.8,29696.2,37123.7,15294.7,43900.8,116425.5,21710.6,10049.7,36828.6,5175.7,75761.8
2019-11-01,82.9,82.327,82.651,83.075,81.928,83.016,83.084,83.537,81.812,82.263,82.553,82.309,84.013,83.234,82.833,82.594,83.075,82.481,1514908.7,165558.2,30508.9,25252.4,27399.8,39200.6,11463.1,321365.1,25465.5,43399.5,16266.6,65152.3,497620.7,27911.8,16173.3,73906.4,5794.0,120501.0,7332.0,1218.0,152.0,98.0,224.0,224.0,37.0,1380.0,205.0,202.0,88.0,294.0,1865.0,160.0,51.0,243.0,26.0,843.0,23.81855402015679,20.37890424987199,19.3,23.01666666666667,25.68728522336769,16.55855855855856,18.85000000000001,23.34470989761092,21.42424242424242,20.54101221640489,13.38383838383838,21.22666666666667,20.45865633074936,19.61805555555556,20.31372549019608,17.52136752136752,22.67730496453901,21.65820642978004,159532.0,19689.0,11310.0,2896.0,2163.92,5873.0,1087.61,26857.0,1831.0,6159.0,1027.0,5533.0,45218.0,1948.0,1219.94,7988.0,590.47,13056.0,41947.0,8126.0,1064.0,693.0,966.0,1673.0,524.0,5971.0,1432.0,1788.0,736.0,1267.0,8632.0,1020.0,473.0,2054.0,297.0,5191.0,744552.5,116389.9,23584.5,15552.0,19124.9,35115.0,9538.8,130612.2,29797.0,37074.4,15281.0,43966.9,116813.0,21832.8,10170.7,37145.6,5042.8,75950.1
2019-12-01,82.84,82.139,82.568,82.955,82.001,83.229,83.06,83.612,81.711,82.205,82.293,82.193,84.005,83.016,82.753,82.368,83.055,82.398,1515041.2,165773.3,30398.1,25260.3,27188.7,38868.1,11498.9,321709.7,25557.2,43340.60000000001,16217.9,65215.2,497878.2,27969.8,16150.9,73764.2,5805.4,120553.8,7095.0,1144.0,125.0,89.0,198.0,256.0,45.0,1448.0,219.0,261.0,82.0,284.0,1543.0,213.0,45.0,263.0,25.0,847.0,,,,,,,,,,,,,,,,,,,147067.0,18814.0,10900.0,2727.0,2086.5,5615.0,1048.7,24595.0,1715.0,5823.0,854.0,5243.0,38996.0,1757.0,1176.29,7898.0,569.35,12346.0,44001.0,6734.0,964.0,718.0,917.0,2729.0,528.0,5346.0,3152.0,1379.0,606.0,1254.0,11227.0,1163.0,448.0,1899.0,173.0,4713.0,744951.3,116807.9,23637.2,15537.5,18543.2,35434.4,9531.2,130541.0,29826.5,36831.0,15173.7,43907.5,117064.9,21911.0,10169.0,37532.4,5037.3,75867.3
2020-01-01,82.032,81.324,81.757,82.034,81.332,82.724,82.123,82.78,80.87,81.367,81.466,81.312,83.241,82.211,81.707,81.545,81.91,81.622,1507274.9,164931.9,30244.5,24977.0,27458.2,38709.5,11460.5,320398.8,25477.8,43135.10000000001,16035.2,64903.3,494396.6,27888.2,16105.3,73374.5,5843.1,120117.2,8658.0,1502.0,164.0,119.0,278.0,334.0,49.0,1768.0,235.0,243.0,87.0,367.0,1906.0,232.0,68.0,285.0,37.0,966.0,26.27745533174007,25.34493874919407,24.47058823529412,27.97297297297297,29.34343434343434,21.11111111111111,22.16666666666666,25.28205128205128,26.76470588235295,24.8989898989899,20.70175438596491,22.76632302405498,23.39917695473251,22.07843137254902,22.41666666666666,19.9537037037037,28.88888888888889,22.10526315789474,154833.0,18151.0,10783.0,2882.0,2130.7,5817.0,1055.58,25823.0,1739.0,6058.0,871.0,5379.0,45470.0,1768.0,1194.8,7895.0,577.03,12273.0,56921.0,9475.0,1385.0,1957.0,2118.0,1980.0,583.0,7587.0,2032.0,2621.0,956.0,2092.0,12864.0,1353.0,968.0,2172.0,329.0,6299.0,733046.7,115176.6,23314.9,15301.0,18078.2,34704.5,9273.4,128481.2,29183.3,36316.6,14594.8,43470.9,115390.5,21579.9,9999.6,37099.8,4954.4,74569.0
2020-02-01,81.935,81.298,81.651,81.817,81.185,82.781,81.95,82.728,80.669,81.189,81.32,81.095,83.192,82.147,81.481,81.427,81.729,81.443,1518072.5,166230.5,30481.1,25002.5,27690.4,38932.2,11565.6,322486.6,25602.6,43237.1,16113.5,65348.6,498183.2,28097.2,16215.0,73925.5,5897.700000000001,121223.1,8523.0,1277.0,206.0,101.0,278.0,277.0,56.0,1710.0,274.0,254.0,103.0,360.0,1971.0,181.0,67.0,281.0,42.0,1064.0,24.4673655732161,23.9863184079602,23.13725490196078,26.35135135135135,25.25252525252525,21.08585858585858,22.75,21.84523809523809,22.8849902534113,23.86363636363636,19.29824561403509,21.70103092783505,23.17578772802653,19.6124031007752,26.5079365079365,20.15981735159817,21.83333333333333,21.14478114478115,158355.0,18262.0,10979.0,2825.0,2122.54,5622.0,1051.54,26622.0,1774.0,6152.0,950.0,5228.0,47576.0,1884.0,1190.23,7880.0,574.82,12715.0,51818.0,9348.0,2059.0,1072.0,1505.0,1390.0,585.0,9224.0,1946.0,2400.0,900.0,1630.0,9645.0,1316.0,532.0,2362.0,264.0,5600.0,735248.0,115739.5,23497.6,15301.1,18275.9,34759.7,9270.3,128463.5,29251.5,36330.0,14654.7,43621.4,115653.2,21804.8,10021.6,37118.2,4958.7,74978.0
2020-03-01,81.621,81.068,81.201,81.456,80.94,82.741,81.491,82.336,80.161,80.736,81.003,80.683,83.028,81.708,80.977,81.24,81.305,81.036,1508168.6,164826.3,30325.6,24700.1,27597.1,38353.4,11498.7,320498.7,25555.9,43072.60000000001,16072.5,65121.0,494310.9,28001.6,16261.5,73773.6,5912.5,120442.1,6779.0,1190.0,131.0,68.0,225.0,223.0,51.0,1188.0,171.0,209.0,78.0,296.0,1728.0,147.0,55.0,217.0,33.0,759.0,22.36606092857,22.61642156862745,22.90196078431373,21.89189189189189,29.18032786885247,22.54742547425474,24.66666666666666,20.71878516683702,21.43984220907297,22.95739348370928,15.93607305936073,20.65292096219931,22.11138819617623,24.73895582329316,20.3968253968254,15.31531531531531,15.23809523809524,18.3499446290144,74239.0,9222.0,5004.0,1242.0,1043.02,2978.0,516.73,12878.0,848.0,2808.0,489.0,2720.0,20820.0,886.0,584.88,3551.0,282.47,5935.0,36588.0,6819.0,1104.0,778.0,952.0,1410.0,510.0,6457.0,1456.0,1526.0,605.0,1177.0,5912.0,1018.0,480.0,1712.0,424.0,4178.0,723372.3,113588.2,23160.7,15083.0,18444.5,33992.7,9165.7,126195.9,28790.8,35954.3,14532.7,43301.0,112729.4,21456.0,9974.9,36651.0,4894.6,74001.4
2020-04-01,81.868,81.398,81.258,81.73,80.899,83.033,81.696,82.578,80.214,80.871,81.622,80.922,83.193,82.139,81.292,81.501,81.8,81.369,1470812.6,159666.2,29768.6,24045.5,26966.2,36825.8,11297.6,312924.4,25005.8,42197.9,15758.6,63412.6,482729.5,27238.9,16041.6,72446.5,5782.9,116929.3,2314.0,386.0,44.0,41.0,142.0,41.0,30.0,253.0,40.0,90.0,18.0,92.0,515.0,134.0,50.0,74.0,12.0,351.0,19.07777777777778,15.92048929663608,22.4561403508772,12.79279279279279,14.63541666666666,15.2415458937198,16.0,17.55072463768116,16.94915254237288,12.55639097744361,16.71111111111111,15.17948717948718,16.23890234059725,14.98039215686275,10.93023255813953,14.76510067114094,18.41269841269841,14.91169977924945,12687.0,1632.0,918.0,402.0,144.92,675.0,71.8,1836.0,143.0,338.0,88.0,535.0,3677.0,108.0,81.27,656.0,39.25,1004.0,32516.0,7129.0,754.0,636.0,902.0,1037.0,299.0,5625.0,856.0,1268.0,424.0,1185.0,5295.0,934.0,298.0,1675.0,265.0,3897.0,698806.6,108482.9,22296.8,14740.3,18259.7,31734.3,9001.0,122098.1,27840.9,35022.8,14123.7,42357.2,109135.3,20674.8,9694.7,35744.6,4766.7,71450.0
2020-05-01,81.863,81.433,81.311,81.791,81.004,83.007,81.735,82.551,80.141,80.854,81.557,80.975,83.075,82.112,81.381,81.536,81.968,81.428,1466394.0,159287.0,29709.4,23986.0,26839.1,36748.4,11274.4,311626.8,25027.4,42183.9,15881.5,63315.10000000001,480635.6,27262.5,16026.4,72187.6,5799.799999999999,116848.1,3792.0,652.0,52.0,45.0,127.0,81.0,28.0,612.0,97.0,98.0,54.0,143.0,997.0,121.0,20.0,128.0,26.0,508.0,20.56140350877193,17.15529753265602,19.96825396825397,18.87755102040816,14.6031746031746,16.11439842209073,18.22695035460993,16.55251141552511,16.30792227204783,18.39430894308943,14.21768707482993,19.0633608815427,16.50579150579151,16.05504587155963,16.96428571428572,15.62724014336918,19.74358974358974,17.6385336743393,27903.0,3524.0,2351.0,558.0,403.64,1337.0,199.97,4467.0,294.0,711.0,179.0,1200.0,7018.0,280.0,226.34,1700.0,109.31,2404.0,34877.0,6349.0,972.0,497.0,1039.0,1643.0,477.0,5319.0,1005.0,1368.0,460.0,1484.0,6905.0,673.0,355.0,1763.0,192.0,4160.0,703549.4,110314.0,22306.7,14829.2,18988.0,32185.4,9038.2,121731.8,28050.8,34968.6,14275.0,42488.2,109795.9,20906.0,9701.6,35542.3,4792.7,72292.8
2020-06-01,82.24,81.764,81.762,82.073,81.322,83.368,82.052,82.913,80.708,81.25,81.91,81.424,83.467,82.487,81.906,81.944,82.31,81.762,1472701.4,160421.8,29858.7,24116.2,26836.6,37170.2,11328.8,312605.4,25261.2,42462.6,15934.7,63712.0,481663.4,27475.0,16148.6,72350.9,5832.5,117734.6,6737.0,1194.0,124.0,117.0,197.0,186.0,61.0,1436.0,159.0,168.0,116.0,237.0,1499.0,202.0,47.0,257.0,27.0,702.0,20.83853814029228,17.94403892944039,17.64705882352942,14.67532467532467,20.67632850241547,18.2716049382716,19.33333333333333,18.78464818763326,21.25240847784201,21.28953771289538,17.36842105263158,18.88611803823774,19.136400322841,17.32558139534883,14.49275362318841,17.90188348664039,22.83333333333333,16.46302250803859,64066.0,8175.0,5356.0,1340.0,952.63,3018.0,471.95,10033.0,628.0,1998.0,353.0,2346.0,16593.0,620.0,534.19,3635.0,257.99,5534.0,37054.0,6552.0,898.0,777.0,1097.0,1247.0,490.0,5400.0,1279.0,1700.0,741.0,1319.0,6816.0,1052.0,340.0,3336.0,177.0,3767.0,703697.3,111162.1,22204.5,14895.8,19181.0,32438.8,9057.2,121426.3,28059.0,34905.5,14280.7,42352.9,110715.8,21098.9,9494.5,33746.0,4786.0,72585.3
2020-07-01,81.502,80.866,81.095,81.464,81.044,82.648,81.731,82.267,79.862,80.564,80.928,80.649,82.702,81.558,81.141,81.177,81.129,81.114,1482614.1,162194.6,30039.7,24276.1,27150.3,37623.6,11448.1,313766.4,25617.1,42726.6,16016.9,64209.7,484045.0,27797.2,16268.1,72611.6,5912.700000000001,119045.1,7641.0,1292.0,142.0,103.0,243.0,285.0,68.0,1446.0,247.0,191.0,93.0,308.0,1756.0,197.0,60.0,234.0,36.0,926.0,13.31354441512753,13.68421052631579,14.38202247191011,11.75925925925926,17.33333333333333,13.30882352941176,14.34108527131783,17.31899641577061,14.46393762183236,9.62406015037594,13.42105263157894,12.75510204081633,13.79338175948345,12.1031746031746,15.28455284552845,12.37777777777778,18.09523809523809,15.31618435155412,82137.0,10180.0,5762.0,1784.0,1337.59,3764.0,662.66,13677.0,800.0,2970.0,439.0,3195.0,21045.0,717.0,750.06,4444.0,362.24,7130.0,37329.0,6032.0,995.0,812.0,2405.0,2374.0,359.0,5818.0,1373.0,1328.0,768.0,1058.0,5373.0,1141.0,283.0,2596.0,314.0,4265.0,707719.9,112283.7,22226.6,14884.7,19580.6,32594.4,9304.8,121965.0,28186.6,35065.0,14365.1,42393.8,111554.8,21374.3,9490.1,33628.6,4845.2,72654.8
2020-08-01,81.54,80.939,81.202,81.647,80.971,82.54,81.778,82.301,79.855,80.612,80.965,80.785,82.677,81.61,81.118,81.331,81.331,81.114,1477881.9,162479.0,29961.5,24391.0,27220.4,37701.8,11661.9,311244.5,25678.1,42722.8,16071.9,64251.2,482250.6,27714.1,16269.9,71986.6,5927.2,118487.1,5752.0,1044.0,100.0,66.0,243.0,237.0,45.0,1030.0,152.0,134.0,57.0,250.0,1228.0,184.0,42.0,141.0,23.0,759.0,,,,,,,,,,,,,,,,,,,67601.0,8891.0,4446.0,1633.0,1292.72,3529.0,640.43,10511.0,706.0,2588.0,383.0,2801.0,16119.0,491.0,724.9,3703.0,350.09,5779.0,27682.0,4992.0,939.0,586.0,910.0,1675.0,380.0,3789.0,1471.0,1435.0,594.0,1146.0,3802.0,769.0,404.0,1673.0,234.0,2854.0,704460.3,112429.2,22014.3,14883.1,19647.2,32720.0,9356.2,119856.9,28153.8,35172.7,14404.8,42328.5,111065.8,21194.6,9613.9,33137.9,4839.8,72423.6
2020-09-01,81.662,81.134,81.292,81.601,80.979,82.579,81.543,82.36,80.011,80.811,81.222,80.848,82.876,81.572,81.214,81.51,81.209,81.248,1489444.8,163531.6,30039.7,24450.3,27094.2,38009.6,11677.7,314112.4,25776.0,42841.10000000001,16177.7,64672.2,486919.8,27859.7,16366.0,72443.0,5964.5,119687.0,6599.0,1144.0,141.0,74.0,212.0,259.0,46.0,1118.0,181.0,209.0,90.0,272.0,1586.0,221.0,52.0,208.0,31.0,742.0,27.15794306703398,23.34593572778828,27.01754385964912,28.15315315315315,24.42528735632184,23.515625,27.5,24.09395973154362,25.26627218934912,22.0671834625323,24.52380952380952,23.45744680851064,22.90953545232274,23.95348837209302,21.75438596491228,24.30446194225722,28.83333333333333,22.64705882352941,88647.0,11006.0,6654.0,1809.0,1302.38,3702.0,645.22,15318.0,910.0,3293.0,593.0,3384.0,22830.0,749.0,730.32,4922.0,352.71,7411.0,38155.0,7180.0,1066.0,808.0,1095.0,1403.0,550.0,5183.0,1592.0,1873.0,737.0,1516.0,6713.0,1164.0,394.0,2149.0,261.0,4367.0,705965.1,112074.9,22136.3,14860.5,19176.0,32908.9,9199.5,120961.5,28205.1,34912.0,14751.0,42454.6,111061.6,21080.1,9651.5,33479.4,4936.1,72869.5
2020-10-01,82.09,81.78,81.893,82.011,81.171,83.062,82.026,82.567,80.706,81.297,82.085,81.475,82.999,82.4,81.574,82.086,81.742,81.664,1504013.8,165144.6,30302.6,24671.4,26942.2,38399.8,11743.0,318056.7,26064.7,43049.4,16282.1,64887.0,491690.2,28197.8,16506.4,73055.7,5972.9,121241.7,7396.0,1411.0,149.0,103.0,215.0,226.0,42.0,1364.0,213.0,190.0,98.0,295.0,1673.0,219.0,70.0,247.0,31.0,830.0,23.36981304149567,22.43565599497803,30.28455284552846,19.72222222222222,20.1025641025641,21.82539682539682,20.0,21.69590643274854,23.09664694280079,21.91214470284238,25.07246376811594,17.49559082892416,20.82508250825082,23.76984126984127,22.41666666666666,21.7016317016317,22.5,23.30011074197121,97943.0,11989.0,7068.0,1894.0,1367.44,4316.0,677.45,17094.0,1073.0,3586.0,697.0,3653.0,26161.0,882.0,766.8,5451.0,370.33,7710.0,38132.0,7161.0,1089.0,756.0,1269.0,1188.0,374.0,5315.0,1766.0,1865.0,737.0,1308.0,6991.0,1081.0,477.0,1960.0,405.0,4312.0,708913.5,112319.8,22325.0,14890.1,17884.6,33152.0,9148.1,122813.2,28424.4,34906.2,14833.6,42681.4,111123.4,21007.0,9720.0,34046.4,4916.8,73438.5
2020-11-01,82.225,81.818,81.973,82.413,81.49,83.05,82.316,82.739,80.769,81.434,81.928,81.709,83.117,82.607,81.996,82.112,82.029,81.873,1514095.4,166194.2,30566.5,24773.9,26813.2,38713.9,11796.0,320747.1,26227.7,43306.7,16330.9,65155.2,494854.3000000001,28455.3,16540.5,73452.5,6027.200000000001,122309.2,7339.0,1340.0,138.0,95.0,215.0,258.0,59.0,1483.0,245.0,190.0,87.0,262.0,1568.0,158.0,47.0,225.0,28.0,926.0,21.44922052193174,20.89866156787763,21.15226337448559,21.47619047619047,20.05208333333333,20.31007751937984,22.25,18.84533029413168,22.76073619631902,22.5,22.76190476190477,17.92349726775956,22.13696369636964,23.52941176470588,23.41880341880341,18.92857142857142,17.36842105263158,20.83908045977012,90395.0,9923.0,6309.0,1343.0,1269.1,4338.0,628.73,15420.0,1014.0,3154.0,637.0,3360.0,25888.0,797.0,711.66,4963.0,343.7,7338.0,39501.0,7474.0,1253.0,802.0,902.0,1276.0,469.0,6045.0,1482.0,1736.0,695.0,1532.0,6989.0,1178.0,491.0,2311.0,268.0,4527.0,704914.4,111572.9,22122.8,14690.7,17246.8,32766.7,9046.6,122001.7,28424.4,34669.0,14788.7,42565.8,110980.9,20958.7,9716.0,34173.3,4792.1,73138.2
2020-12-01,82.4,81.873,82.036,82.472,81.695,83.108,82.605,83.072,80.973,81.63,81.921,81.892,83.374,82.669,82.236,82.145,82.361,82.003,1519139.7,166636.4,30670.3,24838.2,26824.8,38862.6,11831.5,322566.9,26296.6,43439.3,16265.9,65287.8,496076.7,28569.3,16566.0,73695.4,6052.0,122830.1,7670.0,1222.0,152.0,103.0,195.0,254.0,57.0,1615.0,218.0,212.0,133.0,330.0,1538.0,267.0,55.0,307.0,25.0,974.0,23.189093441828,23.37201805286912,21.39917695473251,22.66666666666666,21.92708333333334,19.38461538461539,19.57264957264957,19.88755181166895,21.84738955823293,22.99479166666666,23.14814814814815,18.50088183421516,21.94513715710723,24.51219512195122,17.45614035087719,19.95169082125604,18.51851851851852,21.83908045977012,90944.0,10424.0,6666.0,1529.0,1220.58,3962.0,604.69,15635.0,978.0,3293.0,550.0,3231.0,25793.0,828.0,684.45,5077.0,330.55,7293.0,36007.0,6793.0,1161.0,658.0,705.0,1124.0,496.0,6122.0,1350.0,1639.0,752.0,1553.0,5942.0,879.0,357.0,2176.0,171.0,4053.0,702994.7,110480.0,22035.3,14568.9,17138.8,32836.2,8996.4,122341.3,28377.2,34412.3,14771.9,42434.6,110980.9,20882.8,9702.4,34162.3,4779.9,72750.5
2021-01-01,82.407,81.838,82.13,82.326,81.885,82.87,82.529,83.133,80.998,81.699,81.946,81.626,83.549,82.569,82.041,82.062,82.136,82.043,1513155.0,166331.2,30607.2,24785.2,26723.3,38603.4,11814.5,321652.9,26251.5,43272.60000000001,16140.6,65196.0,493509.7,28642.8,16554.0,73394.2,6065.6,121809.2,7815.0,1362.0,119.0,115.0,237.0,257.0,67.0,1653.0,225.0,223.0,101.0,306.0,1626.0,236.0,65.0,244.0,26.0,944.0,19.5374002437374,20.22255192878339,18.19727891156463,18.19148936170212,15.34013605442177,19.79550102249489,22.88461538461539,18.88888888888889,18.54063018242123,19.35353535353536,18.16326530612244,18.5072463768116,20.41994750656168,20.42813455657493,20.63670411985018,17.98882681564246,19.86666666666666,18.3511586452763,73312.0,8841.0,6020.0,1541.0,563.83,3638.0,278.58,13490.0,668.0,2910.0,350.0,2803.0,17082.0,646.0,315.42,4674.0,152.2,5409.0,37355.0,7314.0,1125.0,777.0,857.0,1368.0,530.0,5980.0,1751.0,1788.0,819.0,1578.0,5656.0,1005.0,669.0,1972.0,228.0,3869.0,693471.5,108799.5,21823.0,14378.8,16815.7,32239.7,8834.2,120502.9,27803.9,34073.4,14274.1,42083.9,110232.9,20723.9,9504.2,33752.2,4687.0,71618.8
2021-02-01,81.922,81.331,81.54,81.768,81.381,82.445,81.905,82.656,80.478,81.107,81.402,81.249,83.072,82.12,81.697,81.637,81.589,81.569,1523623.8,168118.7,30758.1,24940.0,26869.3,38948.2,11833.1,323687.1,26400.8,43394.7,16243.4,65659.0,496594.4,28871.9,16658.7,73835.9,6100.0,122870.1,8787.0,1458.0,170.0,124.0,313.0,314.0,85.0,1591.0,270.0,203.0,97.0,335.0,2081.0,240.0,89.0,269.0,37.0,1102.0,21.25514440365386,21.27363184079602,22.50825082508252,24.18367346938776,21.19565217391305,21.86991869918698,20.99009900990099,19.33214072748956,20.24271844660194,26.0337552742616,21.28472222222223,23.72384937238493,22.43243243243244,21.35220125786164,24.79166666666666,18.30540037243949,21.40893470790378,20.21447721179625,83892.0,8633.0,6443.0,1453.0,595.04,3661.0,294.0,15068.0,900.0,3214.0,546.0,2571.0,25057.0,763.0,332.88,4703.0,160.62,5350.0,42850.0,8558.0,1334.0,899.0,1024.0,1221.0,628.0,6554.0,1657.0,1802.0,865.0,1785.0,6771.0,1380.0,577.0,2292.0,332.0,5039.0,692531.8,108620.8,21775.5,14367.0,16775.2,32209.9,8820.1,120614.9,27758.6,34005.4,14175.6,41913.4,110450.7,20726.9,9545.6,33710.9,4633.0,71049.5
2021-03-01,82.716,82.211,82.46,82.682,82.216,83.081,82.699,83.376,81.466,81.914,82.272,82.039,83.794,82.833,82.47,82.412,82.264,82.396,1537116.8,170094.5,30955.5,25027.1,26993.9,39402.2,11966.4,326802.3,26638.9,43598.1,16396.3,66495.29999999999,500234.4,29296.5,16693.2,74332.9,6147.400000000001,124160.8,11005.0,2112.0,222.0,96.0,363.0,308.0,76.0,2031.0,368.0,356.0,135.0,432.0,2511.0,278.0,84.0,345.0,55.0,1209.0,19.09457496233457,21.2143928035982,16.34304207119742,17.5886524822695,22.17687074829932,19.4375,22.36245954692557,20.2411091018686,18.95189003436426,20.9704641350211,16.66666666666666,20.29761904761905,20.93385214007781,22.02492211838006,22.0618556701031,20.60263653483993,22.25806451612902,20.09082652134424,101764.0,11117.0,7414.0,1824.0,723.19,4467.0,357.32,18348.0,1128.0,3782.0,655.0,3523.0,29396.0,924.0,404.57,5453.0,195.21,7012.0,49490.0,8969.0,1122.0,948.0,1170.0,1593.0,726.0,8325.0,1908.0,2018.0,827.0,1978.0,8775.0,1515.0,710.0,2647.0,301.0,5906.0,695695.4,109274.3,21849.4,14378.0,16842.5,32444.8,8859.8,121409.7,27932.9,34065.8,14174.4,41942.0,110961.6,20846.8,9612.3,33826.8,4678.1,71163.0
2021-04-01,83.693,83.284,83.35,83.742,82.976,84.034,83.56,84.267,82.436,82.913,83.613,83.129,84.582,84.036,83.499,83.501,83.69,83.435,1550747.2,172431.2,31269.1,25101.7,27213.5,39513.3,12059.0,329321.1,26837.6,44033.7,16598.4,66938.9,504784.6,29592.3,16785.1,74978.6,6172.200000000001,125285.4,9226.0,1593.0,178.0,124.0,330.0,286.0,90.0,1578.0,248.0,272.0,111.0,410.0,2321.0,265.0,82.0,265.0,29.0,1023.0,16.81741724727753,19.22812192723697,17.41496598639456,19.0,13.96491228070175,16.37860082304527,19.41580756013746,18.48108747044917,21.62436548223351,21.16666666666667,22.17543859649121,17.8613569321534,17.53424657534246,19.77564102564103,19.00343642611684,16.76136363636363,15.88744588744588,18.55831037649219,96822.0,10958.0,6983.0,1787.0,650.99,4101.0,321.65,17171.0,1058.0,3491.0,623.0,3473.0,28771.0,842.0,364.18,4839.0,175.72,6675.0,43241.0,8558.0,1015.0,866.0,933.0,1273.0,547.0,6789.0,1706.0,1724.0,830.0,1786.0,7795.0,1165.0,488.0,2147.0,338.0,5188.0,700326.9,110056.5,21999.8,14464.8,17191.3,32467.9,8899.1,122211.4,28176.5,34266.3,14120.0,42200.1,111801.3,20990.9,9681.7,33908.0,4703.7,71747.8
2021-05-01,84.087,83.664,83.921,83.982,83.483,84.366,83.97,84.678,82.963,83.421,83.894,83.611,84.838,84.394,84.037,83.792,84.118,83.91,1562076.7,174099.2,31459.7,25227.4,27624.6,39859.3,12188.4,331988.6,27059.6,44227.0,16655.4,67267.2,508333.3,29842.0,16875.1,74873.0,6209.4,126450.6,9574.0,1628.0,178.0,110.0,335.0,347.0,76.0,1890.0,253.0,256.0,128.0,354.0,2231.0,274.0,93.0,334.0,38.0,1042.0,16.97373754580839,19.48984645864289,21.84027777777777,18.14814814814814,18.0072463768116,16.20253164556961,18.80701754385964,18.38690476190476,18.89438943894389,18.06451612903226,19.08424908424908,18.36336336336337,18.00391389432485,20.61728395061728,17.78947368421052,17.97752808988764,18.00766283524904,18.668430335097,106257.0,12015.0,7715.0,1954.0,751.71,4358.0,371.41,18569.0,1125.0,3869.0,635.0,3600.0,30564.0,1031.0,420.52,5502.0,202.91,8334.0,47769.0,9281.0,1368.0,1119.0,1039.0,1383.0,744.0,8005.0,1774.0,2128.0,1149.0,1736.0,7428.0,1563.0,661.0,2534.0,306.0,5430.0,707132.5,111214.6,22153.8,14680.9,17882.5,32642.0,8938.6,123507.2,28425.0,34503.8,14280.3,42537.1,112676.5,21185.8,9714.9,34042.6,4746.0,72535.8
2021-06-01,84.487,84.005,84.361,84.443,83.938,84.675,84.606,85.068,83.418,83.908,84.405,84.128,85.226,84.61,84.513,84.304,84.627,84.223,1573572.2,175628.6,31686.9,25280.6,27904.5,40110.0,12295.0,334309.3,27159.7,44537.2,16763.6,67826.7,511367.1,30180.8,17037.4,75427.1,6194.5,128011.0,9556.0,1674.0,203.0,148.0,274.0,314.0,75.0,1857.0,255.0,231.0,95.0,372.0,2315.0,284.0,82.0,302.0,39.0,1021.0,18.32404267827782,18.91196834817012,17.98679867986799,17.96296296296295,21.34057971014493,17.9441117764471,18.98550724637681,18.23045267489712,19.57044673539519,20.70833333333334,18.66666666666668,17.33618233618233,19.532279314888,18.58024691358024,19.25925925925926,19.24670433145009,18.3132530120482,19.54212454212454,109939.0,12482.0,7841.0,2026.0,798.84,4385.0,394.69,19432.0,1114.0,3918.0,622.0,3753.0,31609.0,1057.0,446.89,5563.0,215.63,8713.0,50121.0,10279.0,1743.0,929.0,1100.0,1557.0,945.0,7515.0,2101.0,2140.0,744.0,1524.0,9148.0,1467.0,580.0,2350.0,223.0,5679.0,715125.8,112816.7,22188.1,14753.4,19345.3,32884.4,9133.0,124410.2,28654.3,34744.8,14301.9,42851.9,113861.0,21485.1,9759.3,33901.8,4783.9,73726.2
2021-07-01,83.85,83.179,83.712,83.649,83.483,84.103,84.167,84.535,82.741,83.372,83.415,83.485,84.826,83.735,83.841,83.531,83.671,83.5,1582810.6,177338.2,31845.1,25471.7,28368.9,40284.3,12456.2,336509.3,27377.9,44760.5,16789.5,68380.5,512862.5,30555.0,17107.6,75472.3,6258.200000000001,129162.8,8388.0,1320.0,153.0,111.0,268.0,308.0,50.0,1645.0,263.0,266.0,85.0,306.0,2059.0,210.0,40.0,276.0,41.0,975.0,18.22038031390948,20.14780835881754,20.41666666666666,16.77304964539007,20.25089605734767,19.91967871485944,19.76190476190477,18.70533099004101,20.80701754385965,19.27813163481954,21.44927536231884,17.1976401179941,18.65094957432875,20.88888888888888,19.65277777777778,18.73370577281192,22.40506329113924,19.58222222222222,100194.0,11568.0,6781.0,2031.0,783.13,4191.0,386.93,18098.0,952.0,3457.0,529.0,3558.0,27250.0,891.0,438.1,5183.0,211.39,8427.0,46420.0,8419.0,1245.0,898.0,908.0,1855.0,536.0,7372.0,1960.0,2169.0,928.0,1782.0,8555.0,1361.0,455.0,2221.0,331.0,5352.0,721206.0,114502.5,21688.4,14792.2,20236.7,33150.6,9512.7,125483.4,28911.8,35182.8,14452.0,43231.5,114026.9,21775.5,9774.5,34137.3,4843.7,73981.2
2021-08-01,84.232,83.636,84.168,84.266,83.736,84.533,84.68,84.847,83.019,83.663,83.856,83.969,85.134,84.202,84.042,83.988,84.2,83.881,1573046.5,176718.9,31684.0,25553.7,28424.6,40314.3,12474.4,333389.7,27318.9,44565.2,16808.9,68177.5,509729.3000000001,30404.0,17128.0,74279.4,6253.9,128009.8,6310.0,963.0,105.0,65.0,223.0,242.0,45.0,1343.0,183.0,124.0,80.0,248.0,1419.0,141.0,65.0,161.0,40.0,846.0,,,,,,,,,,,,,,,,,,,81481.0,10431.0,5536.0,1981.0,782.59,3817.0,386.67,13274.0,815.0,3019.0,452.0,3277.0,19506.0,703.0,437.8,4377.0,211.25,7020.0,43257.0,8774.0,1146.0,832.0,1037.0,1347.0,489.0,6700.0,1963.0,1805.0,779.0,1682.0,7135.0,1441.0,560.0,2139.0,321.0,5053.0,713774.1,114233.8,21615.0,14771.5,20445.8,33422.6,9495.8,121995.1,28685.4,35132.0,14445.0,42929.6,112861.4,21428.4,9818.2,32887.5,4870.9,73363.6
2021-09-01,84.934,84.456,84.832,84.779,84.365,85.214,85.219,85.415,83.869,84.47,84.708,84.595,85.886,84.724,84.551,84.719,84.738,84.621,1587435.4,177809.3,31869.6,25263.3,28231.8,40732.8,12519.3,336999.9,27438.9,44498.5,16946.0,67921.1,517619.4,30586.3,17097.7,75063.7,6298.4,128772.2,6622.0,1111.0,120.0,80.0,244.0,256.0,53.0,1100.0,205.0,213.0,88.0,270.0,1560.0,185.0,54.0,206.0,21.0,846.0,18.53327057965741,20.41158536585366,19.62585034013605,22.1863799283154,19.48717948717949,18.50210970464135,20.84210526315788,18.86045094454601,19.1044776119403,19.76793248945148,15.75757575757576,18.60992907801418,18.10092961487384,20.35256410256411,18.26241134751773,16.72101449275363,20.60606060606061,20.0,115300.0,14301.0,8125.0,2168.0,863.08,4646.0,426.43,19725.0,1195.0,4138.0,731.0,4108.0,31673.0,1276.0,482.83,5835.0,232.97,9358.0,55768.0,10959.0,1570.0,1081.0,1118.0,1721.0,522.0,8808.0,2117.0,2257.0,965.0,1746.0,10486.0,1979.0,635.0,2804.0,336.0,6561.0,717986.8,114406.3,21800.7,14789.4,20157.0,34083.1,9332.1,123440.9,28736.1,34943.9,14748.1,42930.3,113518.2,21491.5,9819.1,33454.6,4953.1,73873.8
2021-10-01,86.496,86.12,86.656,86.345,85.725,86.584,86.522,86.848,85.915,86.228,86.715,86.133,87.229,86.567,86.108,86.196,86.573,86.252,1605475.5,179470.7,32256.1,25683.4,28295.9,41285.6,12555.9,341308.3,27649.6,44852.6,17164.2,68550.29999999999,523887.3,31016.0,17227.9,75848.4,6332.0,130305.0,7350.0,1202.0,132.0,79.0,271.0,283.0,51.0,1347.0,219.0,185.0,79.0,278.0,1801.0,206.0,65.0,214.0,29.0,893.0,18.373226490924,18.91792495807355,16.20861443439847,16.67739181471368,17.61014515097881,17.31456637767512,18.51254241236206,18.62824437551704,17.64089441547467,18.85158246343738,18.13704963863621,16.09909521225451,17.65380282715567,17.51687059777539,18.60047612062046,17.47258577064183,17.56145983734796,17.85595481833695,125854.0,16084.0,8966.0,2332.0,845.64,5034.0,417.82,21930.0,1351.0,4507.0,793.0,4241.0,35310.0,1509.0,473.07,6097.0,228.27,9841.0,48792.0,9704.0,1086.0,870.0,1236.0,1435.0,634.0,7636.0,2419.0,2201.0,823.0,1866.0,7732.0,1755.0,571.0,1991.0,344.0,6409.0,728502.0,115214.8,22139.3,14908.0,19861.1,34706.5,9235.2,126218.6,29258.5,35413.6,14913.4,43351.4,115068.7,21748.7,9993.8,34783.2,5050.3,75035.2
2021-11-01,86.761,86.274,86.938,86.692,86.131,86.895,86.998,87.144,86.099,86.497,86.76,86.526,87.535,87.021,86.634,86.305,86.855,86.466,1619418.6,180794.4,32459.5,26110.9,28122.0,41995.7,12609.0,344680.1,27694.0,45140.9,17285.8,69033.4,528787.8999999999,31293.1,17303.6,76496.6,6360.3,131394.3,8181.0,1554.0,166.0,89.0,299.0,282.0,74.0,1561.0,232.0,168.0,93.0,294.0,1852.0,199.0,64.0,244.0,48.0,949.0,18.45189745149279,18.91188959660297,18.24742268041237,17.23905723905724,16.66666666666666,16.281179138322,20.93189964157706,17.43952802359882,19.78653530377668,21.67701863354037,19.34865900383143,16.89265536723163,17.99479166666665,16.94704049844237,17.38351254480287,15.42592592592593,18.63636363636364,19.17572463768116,127400.0,16184.0,8711.0,2359.0,840.48,5070.0,415.27,22278.0,1403.0,4719.0,834.0,4325.0,35951.0,1531.0,470.18,6289.0,226.87,9935.0,49369.0,9881.0,1183.0,1063.0,1407.0,1383.0,659.0,7832.0,1822.0,2486.0,687.0,1848.0,8074.0,1369.0,552.0,2652.0,479.0,5821.0,730901.5,115559.4,22264.5,14843.8,18526.9,35173.2,9227.2,126969.5,29540.0,35557.8,14949.0,43405.6,115817.3,21933.7,10069.5,35172.3,4935.3,75355.8
2021-12-01,87.797,87.361,87.937,87.607,87.023,87.922,88.191,88.18,87.143,87.604,87.731,87.419,88.536,87.88,87.652,87.377,88.133,87.602,1625294.6,181292.7,32586.2,26399.2,28199.7,42117.0,12599.8,345731.6,27787.7,45190.2,17418.2,69284.4,531407.9,31363.9,17267.5,76489.4,6378.9,131927.6,8396.0,1529.0,166.0,130.0,310.0,297.0,61.0,1595.0,219.0,197.0,92.0,277.0,1915.0,187.0,94.0,278.0,28.0,1001.0,16.91330121799765,16.671834625323,12.39583333333333,16.95652173913044,18.21052631578948,16.95296523517382,15.85185185185185,17.14731585518102,14.46127946127946,18.54166666666667,15.37634408602151,16.46376811594202,15.60753736192332,18.31804281345565,19.74358974358974,15.61904761904762,20.2880658436214,17.41154562383612,113493.0,14550.0,8046.0,2181.0,757.95,4520.0,374.49,19337.0,1223.0,4224.0,645.0,3717.0,31868.0,1177.0,424.02,5901.0,204.6,9060.0,43778.0,9173.0,1538.0,712.0,1184.0,1411.0,624.0,7188.0,1497.0,1788.0,820.0,1623.0,7467.0,1126.0,419.0,2277.0,290.0,4568.0,731985.5,115983.2,22312.0,14836.9,17950.1,35252.5,9287.9,126957.9,29646.6,35602.0,14962.7,43521.0,116059.2,22030.1,10059.5,35465.4,4927.7,75555.4
2022-01-01,87.46,86.904,87.584,87.194,86.813,87.419,87.661,88.017,86.857,87.203,87.281,87.152,88.256,87.707,87.213,86.994,87.523,87.163,1622349.4,180694.1,32461.3,26311.8,28147.8,42060.2,12568.2,344908.9,27730.4,45001.4,17363.2,69051.0,531551.1,31225.5,17171.3,76309.3,6364.2,131556.1,8197.0,1482.0,162.0,84.0,256.0,281.0,76.0,1553.0,222.0,228.0,116.0,369.0,1693.0,186.0,76.0,249.0,28.0,1121.0,18.83716408126132,18.99501423482227,17.20758896484854,18.08649237658114,18.86554715970771,17.75944332083252,17.28931893634541,20.19821108191121,18.44432001941308,21.38070347800973,18.00572692671187,18.49104295192804,18.84126226753717,17.68152344815362,18.13376177770845,18.28731597500565,19.88268629355088,19.10104485229112,105336.0,12820.0,7148.0,2100.0,708.69,4224.0,349.53,17754.0,1143.0,3978.0,596.0,3585.0,30736.0,1236.0,396.73,5447.0,190.82,7955.0,47211.0,9564.0,1412.0,1228.0,1023.0,1490.0,616.0,7421.0,1842.0,1964.0,827.0,1877.0,8019.0,1477.0,472.0,2150.0,342.0,5379.0,722553.9,114622.6,21962.1,14689.9,17623.0,34681.5,9137.7,125459.5,29083.9,35240.9,14489.9,42962.3,115005.6,21722.8,9886.4,35196.9,4836.0,74317.3
2022-02-01,88.167,87.648,88.45,87.884,87.523,88.072,88.235,88.75,87.724,87.991,87.994,87.776,88.793,88.412,88.022,87.658,88.237,87.97,1636539.9,182607.5,32556.2,26536.8,28302.7,42690.0,12589.5,347969.6,27886.6,45138.9,17387.2,69647.4,536349.3,31474.9,17283.0,76838.70000000001,6398.5,133016.0,9239.0,1586.0,185.0,118.0,323.0,294.0,49.0,1628.0,299.0,240.0,120.0,380.0,2262.0,214.0,69.0,320.0,42.0,1095.0,19.01738979119921,19.13767019667171,17.17948717948719,18.81944444444445,16.90196078431372,19.97991967871486,18.15972222222221,18.39243498817967,16.32850241545894,19.40695296523517,22.15277777777777,18.18318318318319,18.30759330759331,23.05810397553517,18.58585858585858,16.79211469534051,22.54166666666666,18.83982683982685,115726.0,13832.0,7466.0,2229.0,781.55,4495.0,385.46,19986.0,1294.0,4305.0,739.0,3893.0,34291.0,1371.0,437.52,5844.0,210.44,8687.0,49183.0,8876.0,1182.0,830.0,1222.0,1490.0,736.0,7539.0,2146.0,2087.0,867.0,1747.0,9756.0,1542.0,561.0,2447.0,429.0,5604.0,724373.2,115164.1,21939.9,14735.7,17785.3,34888.6,9136.3,125633.9,29163.4,35305.2,14656.6,43089.4,115143.4,21809.4,9861.1,35320.7,4813.0,74277.0
2022-03-01,90.837,90.356,91.309,90.51,89.937,90.082,91.123,91.289,91.031,90.928,90.744,90.657,91.308,91.098,90.517,90.281,90.963,90.828,1654535.9,184733.4,32810.7,26755.5,28763.2,43399.1,12675.0,351984.8,28109.9,45303.4,17547.4,70406.2,542730.1,31592.6,17358.9,77548.0,6472.8,134417.7,11086.0,1927.0,199.0,150.0,474.0,378.0,83.0,2193.0,337.0,307.0,139.0,388.0,2484.0,268.0,72.0,345.0,45.0,1273.0,18.39872672008673,18.54423868312757,17.81045751633987,12.8956228956229,14.69387755102041,16.03174603174603,19.85964912280703,18.33620195065978,17.67827529021558,17.96296296296296,17.91666666666667,16.36612021857923,16.8414481897628,22.27011494252874,18.58585858585859,19.10394265232975,17.93103448275862,16.58833768494343,137067.0,16793.0,9250.0,2534.0,928.88,5126.0,458.12,23434.0,1498.0,5078.0,844.0,4435.0,40610.0,1551.0,519.99,6763.0,250.11,10482.0,57139.0,11651.0,1577.0,936.0,1479.0,2241.0,803.0,9606.0,2403.0,2623.0,867.0,1909.0,9169.0,1703.0,755.0,2926.0,486.0,5879.0,730601.6,116321.2,22158.7,14759.1,18314.6,35651.8,9203.3,126530.6,29471.4,35395.3,14874.3,43174.3,115957.7,21918.7,9975.7,35448.6,4837.2,74918.9
2022-04-01,90.676,90.318,91.168,90.699,89.418,89.986,90.686,90.978,91.039,90.908,90.851,90.678,91.12,90.965,90.795,90.008,91.065,90.443,1667055.6,186655.8,32971.5,27004.3,29295.0,43367.6,12751.1,355268.5,28308.1,45386.2,17662.1,71232.6,546393.5,31730.5,17453.2,77623.1,6554.900000000001,135536.4,8478.0,1473.0,144.0,93.0,394.0,321.0,72.0,1702.0,216.0,200.0,111.0,372.0,1966.0,207.0,61.0,206.0,27.0,903.0,21.46069627685129,20.728244617411,21.63713996843065,20.21732755538289,20.76617491886613,19.41279280788114,18.44919488615308,22.24065241659341,20.97316115853098,20.14935973088575,19.88877054987717,17.60940492988027,19.56486871236073,20.69539642401422,17.68976152233621,18.75774982376252,20.92646171868428,17.85077811142365,122648.0,16470.0,8445.0,2270.0,864.7,4764.0,426.47,21123.0,1295.0,4412.0,722.0,4000.0,34725.0,1263.0,484.06,5618.0,232.82,9471.0,43817.0,8338.0,1234.0,847.0,1191.0,1343.0,546.0,7570.0,1827.0,1904.0,837.0,1782.0,7136.0,1874.0,525.0,2042.0,272.0,4498.0,737406.2,117970.5,22285.0,14836.9,19690.3,36043.6,9294.5,127331.4,29871.1,35589.7,15046.6,43292.5,116482.3,22048.0,10017.1,35589.6,4858.0,75470.8
2022-05-01,91.426,91.12,91.719,91.431,90.346,90.549,91.35,91.635,91.783,91.719,91.743,91.669,91.869,92.16,91.188,90.724,91.877,91.129,1678099.3,188040.9,33030.9,27171.1,29757.2,43762.1,12872.9,357667.4,28456.9,45513.1,17774.5,71745.1,550229.0,31942.8,17471.1,77827.1,6609.3,136361.6,9132.0,1544.0,171.0,105.0,437.0,324.0,72.0,1977.0,245.0,233.0,95.0,339.0,1944.0,198.0,84.0,255.0,35.0,1062.0,23.11075704415936,21.41811223767147,23.64589500399587,21.17050313477679,23.3727364265606,18.71416555399176,21.95141468478707,22.66531637359588,21.73029969215806,22.33246062177276,25.67195241998335,19.03863142435067,21.01782368361661,23.47325012865332,22.33392045461547,21.15505791642748,25.18865530961365,22.92815764825745,137387.0,17551.0,9163.0,2404.0,998.21,5162.0,492.32,24438.0,1445.0,4792.0,812.0,4265.0,38787.0,1423.0,558.8,6558.0,268.77,11271.0,57074.0,9594.0,1585.0,976.0,1663.0,2257.0,627.0,10420.0,2195.0,2497.0,1034.0,2167.0,8950.0,1618.0,636.0,3100.0,374.0,7315.0,745303.9,119428.0,22341.7,14956.8,21191.8,36320.3,9348.4,128443.1,30173.3,35955.9,15189.9,43578.7,117429.9,22273.7,10120.0,35592.7,4867.0,76404.9
2022-06-01,93.118,92.832,93.63,93.167,92.111,91.874,93.073,93.34,93.975,93.649,93.393,93.478,93.3,93.859,93.14,92.401,93.562,92.817,1690272.3,189783.8,33230.6,27325.1,30210.0,43982.4,12957.1,360260.6,28565.2,45807.10000000001,17914.5,72065.9,554128.8999999999,32132.9,17546.0,78362.2,6510.1,137669.6,8917.0,1538.0,164.0,100.0,329.0,347.0,80.0,1589.0,260.0,268.0,86.0,333.0,2192.0,228.0,60.0,280.0,34.0,1012.0,22.48275210725781,20.65024894281069,22.88478866134042,18.8065781296634,18.53676881151143,22.63439706477043,22.23942051753038,20.4277665390257,21.4971602345554,22.8426295587789,20.33327480404737,19.08699720610798,19.55172865225231,21.83436783535333,19.17621890059346,20.74946051029292,21.06233165409477,22.45956045739056,130876.0,15878.0,8837.0,2400.0,978.81,5020.0,482.75,22451.0,1339.0,4721.0,720.0,4201.0,37454.0,1292.0,547.95,6299.0,263.55,11129.0,56099.0,10156.0,1779.0,1046.0,1284.0,1664.0,697.0,8600.0,2180.0,2690.0,893.0,1920.0,10240.0,1648.0,587.0,3063.0,1016.0,6527.0,749363.6,120072.9,22172.1,15041.5,22359.1,36899.9,9448.5,128792.4,30169.7,36009.9,15155.3,43908.0,118506.9,22468.2,10146.1,34752.0,4886.7,76827.8
2022-07-01,92.881,92.461,93.288,92.923,92.045,92.012,92.986,93.249,93.627,93.399,92.981,93.068,92.98,93.28,93.36,92.309,93.45,92.616,1697133.1,191406.1,33347.9,27650.5,30597.9,44156.9,13129.3,362100.5,28794.9,46002.3,18096.1,72490.2,554395.5,32352.3,17589.2,78287.4,6520.7,138409.9,7183.0,1201.0,126.0,79.0,257.0,282.0,49.0,1391.0,221.0,194.0,72.0,224.0,1665.0,189.0,32.0,239.0,22.0,935.0,19.35721432475382,19.88477854398528,20.0191143833029,18.30289041716528,20.76633862048453,18.87499061132077,15.9043566327842,18.83307341433124,19.72121253383776,19.646239280981,17.02721683333587,16.89145177860612,17.33599762949708,19.01997997456613,17.63993559681757,20.07645660111639,17.29231425348803,18.14807773374276,114873.0,13646.0,7130.0,2352.0,1014.92,4675.0,500.56,21899.0,1082.0,3900.0,579.0,3971.0,29001.0,1013.0,568.16,5732.0,273.27,10421.0,47304.0,8740.0,1261.0,927.0,1125.0,1623.0,576.0,8860.0,2110.0,2126.0,791.0,1931.0,7045.0,1364.0,476.0,2254.0,295.0,5667.0,749880.8,120793.8,22085.7,14958.5,22889.6,37002.2,9664.5,129175.6,30355.2,36162.7,14960.5,43946.9,117780.8,22272.3,10085.8,34742.9,4913.2,76346.7
2022-08-01,93.117,92.784,93.484,93.185,92.685,92.6,93.196,93.486,93.518,93.494,93.517,93.177,93.019,93.462,93.287,92.648,93.804,93.004,1683204.8,190532.9,33215.3,27740.2,30573.6,43978.9,13130.2,358187.3,28660.1,45858.8,18129.4,72246.5,548991.1,32096.8,17619.2,77065.3,6493.400000000001,136870.9,5910.0,923.0,97.0,87.0,270.0,277.0,54.0,1185.0,172.0,131.0,66.0,239.0,1309.0,140.0,43.0,160.0,24.0,723.0,,,,,,,,,,,,,,,,,,,98486.0,12924.0,5934.0,2383.0,897.49,4382.0,442.64,17314.0,984.0,3494.0,525.0,3845.0,23434.0,714.0,502.42,5354.0,241.65,8823.0,47974.0,9293.0,1322.0,1061.0,1313.0,1809.0,607.0,7627.0,2026.0,2064.0,699.0,1903.0,7919.0,1282.0,543.0,2359.0,281.0,5738.0,738192.6,119629.4,21951.1,14906.7,22779.8,37036.8,9616.6,124882.4,29912.2,35896.5,14903.7,43580.8,115971.0,21884.6,10100.6,33204.1,4922.2,75473.1
2022-09-01,92.47,92.234,92.79,92.424,91.846,92.215,92.322,92.706,92.756,92.896,92.666,92.419,92.601,92.763,92.872,91.943,92.962,92.238,1699599.3,192180.5,33455.8,27805.2,30405.9,44564.2,13125.1,362401.2,28740.0,46033.60000000001,18251.1,71750.0,556753.4,32224.9,17667.5,77824.7,6549.200000000001,138020.9,6841.0,1214.0,127.0,70.0,240.0,260.0,52.0,1276.0,158.0,155.0,56.0,276.0,1708.0,183.0,53.0,200.0,37.0,764.0,20.45406123782947,19.75578808882505,19.84940595558187,17.932710536461,20.01395877239583,20.45583114889597,18.07324382568661,20.17538593689568,19.48374299559501,22.54261593856955,19.73310392644617,17.98496653399543,18.38660170536573,23.44512347401118,18.39584039678293,20.3676164589866,14.93433508094023,19.28444475114386,136985.0,16894.0,8775.0,2558.0,1019.53,5200.0,502.83,23329.0,1548.0,4934.0,864.0,4814.0,39243.0,1583.0,570.74,6472.0,274.51,11256.0,56939.0,10007.0,1592.0,925.0,1381.0,1955.0,631.0,9572.0,2027.0,2093.0,882.0,2133.0,10773.0,2108.0,609.0,2638.0,323.0,7204.0,740649.5,119226.5,22137.8,14859.1,22197.5,37289.7,9472.7,126834.7,29843.1,35536.3,15139.2,43371.3,116533.5,21945.3,10090.4,33764.0,5015.3,75743.7
2022-10-01,92.78,92.756,93.346,92.75,91.982,92.675,92.642,92.782,93.335,93.215,93.352,92.894,92.714,93.434,93.362,92.149,93.181,92.494,1716978.3,193990.8,33751.2,28082.2,30220.4,45011.7,13204.3,367162.6,28935.1,46313.6,18418.0,72175.4,563016.6,32330.8,17799.3,78658.0,6554.3,139517.9,7149.0,1244.0,125.0,73.0,239.0,263.0,50.0,1415.0,182.0,170.0,60.0,242.0,1655.0,169.0,52.0,264.0,27.0,908.0,20.14682575726001,19.13812727154656,18.01350737564329,19.70137749363565,20.54039239700282,19.06673874552985,18.89090662542887,20.28969844089611,17.80689919110164,19.56609555626136,20.06219697703759,15.20854039300654,18.33853477726657,18.0879485642195,20.48507241629056,19.90377328480169,17.39510940427457,18.4428500515552,148633.0,18707.0,10266.0,2731.0,1033.35,5956.0,509.65,25632.0,1670.0,5180.0,994.0,4836.0,42037.0,1956.0,578.48,6919.0,278.23,12105.0,53707.0,10238.0,1392.0,924.0,1391.0,2004.0,656.0,8371.0,1660.0,2250.0,902.0,1762.0,10617.0,1529.0,562.0,2662.0,344.0,6291.0,748596.3,119645.2,22362.0,14785.3,21721.0,37684.5,9414.3,128410.7,30119.6,35984.2,15339.4,43698.8,117983.4,22148.5,10342.2,35162.6,4969.1,77134.1
2022-11-01,92.669,92.581,93.006,92.499,91.579,92.915,92.84,92.73,93.085,93.253,93.181,92.996,92.626,93.499,93.188,91.928,93.073,92.222,1727115.7,195394.7,33916.3,28137.8,29771.7,44907.0,13276.0,369750.0,29004.3,46509.5,18439.8,72375.5,567104.0,32496.8,17843.1,79210.70000000001,6580.4,140585.2,8717.0,1601.0,162.0,92.0,296.0,337.0,65.0,1620.0,246.0,200.0,98.0,329.0,2059.0,194.0,67.0,248.0,26.0,1059.0,20.20402980894389,19.33005662877759,22.16597362874964,20.14666617093137,20.61628494575696,18.9883203995296,21.50049795626984,19.76085403512675,20.85592896429717,21.17193901992889,18.00839401017498,15.39229361893151,18.24594824274162,20.03136794214188,18.02120206333732,16.97443218459078,17.04232710780978,19.72506598792027,146737.0,18335.0,9370.0,2719.0,981.92,6136.0,484.28,25022.0,1686.0,5391.0,1009.0,4828.0,41786.0,1991.0,549.68,7065.0,264.39,12235.0,52716.0,10863.0,1168.0,1147.0,1349.0,2118.0,646.0,8806.0,1580.0,2060.0,867.0,1788.0,8860.0,1472.0,525.0,2471.0,472.0,6405.0,748005.7,119463.7,22378.9,14761.9,19806.7,37925.9,9370.3,128602.7,30251.6,35982.6,15395.4,43662.8,118333.0,22259.6,10449.7,35457.1,4870.7,77342.7
2022-12-01,92.808,92.754,93.091,92.704,91.8,93.042,92.838,92.777,93.066,93.34,93.42,93.048,92.911,93.46,93.272,92.064,93.247,92.419,1728656.5,195747.7,34050.6,28107.1,29580.9,44894.7,13294.5,370186.1,28997.4,46558.2,18459.1,72319.9,567647.4,32475.1,17802.2,79234.1,6572.799999999999,140962.6,8267.0,1466.0,161.0,91.0,297.0,286.0,56.0,1454.0,238.0,235.0,95.0,314.0,1899.0,219.0,69.0,289.0,48.0,1033.0,25.13517802950007,22.8964571390506,25.17872422792228,19.5604817463357,24.15957101028276,21.93273295449035,20.54977366953754,21.12785489407612,22.53832740178673,24.23346595674935,22.00458349118228,21.29987505305082,21.4687896464416,24.58492435553526,19.76612612670507,21.19677525916689,25.94107574007573,22.3089749479278,133120.0,16793.0,9175.0,2537.0,898.77,5564.0,443.27,21339.0,1498.0,4952.0,770.0,4390.0,37686.0,1698.0,503.14,6867.0,242.0,11463.0,39493.0,8327.0,1176.0,870.0,1150.0,1274.0,466.0,6797.0,1324.0,1438.0,644.0,1480.0,5733.0,1119.0,450.0,1738.0,225.0,5171.0,747993.1,119456.8,22358.0,14730.0,19058.4,37947.9,9360.1,128927.8,30205.2,35770.7,15335.8,43649.6,118682.7,22340.5,10455.0,35654.1,4846.3,77453.8
2023-01-01,92.613,92.422,92.69,92.496,91.785,92.901,92.675,92.721,92.811,92.894,93.024,92.736,92.923,93.271,92.797,91.881,92.946,92.16,1724187.1,195156.1,33947.60000000001,28007.8,29705.5,44577.0,13254.9,368969.6,28905.6,46598.7,18344.1,72256.9,566470.2,32370.9,17744.3,78914.3,6574.9,140618.9,9475.0,1680.0,166.0,116.0,365.0,335.0,74.0,1868.0,267.0,259.0,118.0,384.0,2042.0,219.0,93.0,255.0,45.0,1176.0,25.45256576890094,22.51316953115262,23.84773305453195,21.31154842523091,21.17421959366063,22.04348063458092,23.35036196788156,22.21825469915506,23.28305324509006,24.46857690592707,21.32943399044266,21.83328094557377,21.85843186109904,22.72822132937402,20.72408181718314,19.1331247777721,22.25624738622184,23.06610134203686,138348.0,16530.0,9003.0,2675.0,991.08,6338.0,481.97,22418.0,1498.0,5112.0,776.0,4426.0,39996.0,1778.0,550.59,7025.0,263.99,11582.0,47799.0,9579.0,1015.0,1203.0,1168.0,1810.0,659.0,8509.0,2008.0,1953.0,874.0,1718.0,6826.0,1401.0,614.0,2209.0,259.0,5871.0,738838.4,117793.6,22078.3,14588.2,18632.9,37409.7,9229.4,127392.2,29659.5,35422.1,14909.2,43167.5,117658.9,22154.7,10325.2,35267.3,4773.4,76601.0
2023-02-01,93.487,93.468,93.664,93.232,92.778,94.037,93.616,93.675,93.782,93.75,93.046,93.437,93.413,94.267,93.568,92.76,93.986,93.267,1737127.7,196817.7,34136.2,28185.1,30071.0,44738.4,13311.1,371858.0,29043.6,46777.8,18362.8,72852.8,570797.5,32435.9,17886.5,79589.29999999999,6643.5,141849.0,10157.0,1657.0,187.0,150.0,388.0,340.0,68.0,1857.0,321.0,243.0,124.0,378.0,2389.0,260.0,116.0,299.0,51.0,1318.0,23.37794077074645,21.15379382394073,20.76142610338192,19.60188185369883,21.052902700242,21.57844590174227,19.25711953172281,22.33843827249752,22.01612981479017,20.83158746884463,20.69588512454292,19.43591964422766,21.55705360996157,23.93720242137067,19.43017245537996,18.31679705089249,21.14377058608978,21.79976376548987,141127.0,16726.0,9500.0,2647.0,1005.1,6283.0,488.79,22953.0,1586.0,5328.0,884.0,4539.0,40715.0,1968.0,558.38,6878.0,267.73,11799.0,46950.0,8849.0,1203.0,893.0,1210.0,1437.0,605.0,8198.0,1989.0,1954.0,697.0,1420.0,8042.0,1781.0,539.0,2327.0,283.0,5424.0,741377.2,118240.9,22324.1,14634.9,18778.3,37457.8,9243.2,127659.9,29671.1,35549.6,15094.5,43339.5,117965.4,22291.7,10352.8,35409.0,4761.6,76788.9
2023-03-01,93.831,93.853,93.798,93.725,92.999,94.2,94.036,94.1,94.157,94.005,93.371,93.774,93.724,94.52,93.684,93.288,94.271,93.586,1752541.2,198886.5,34395.7,28360.4,30352.1,45271.2,13419.4,374660.5,29295.4,47214.1,18501.4,73848.9,575264.7,32709.1,17961.8,80511.3,6717.5,143363.2,12079.0,2211.0,238.0,150.0,434.0,460.0,79.0,2107.0,307.0,332.0,144.0,454.0,2806.0,306.0,86.0,348.0,50.0,1551.0,24.56743345191752,22.1780027259606,23.34023952349319,21.32254919915226,19.53140876615311,22.40097687323748,19.92336304299272,20.60499621034642,22.7124405008595,25.0368356695968,24.77981357129136,21.87071532468815,21.67247589954851,20.68478021977046,26.12634620406943,20.11653548076789,24.14009823574252,21.73461632570278,166489.0,20639.0,10643.0,3005.0,1212.46,7600.0,589.63,27596.0,1897.0,6245.0,1078.0,5314.0,46724.0,2320.0,673.58,7939.0,322.96,14245.0,47449.0,9215.0,1508.0,931.0,1019.0,1946.0,613.0,7952.0,1776.0,2476.0,805.0,1588.0,7237.0,1489.0,582.0,2387.0,354.0,5496.0,747932.5,119670.6,22597.5,14651.2,19430.4,37513.4,9309.1,128635.5,29913.6,35791.3,15447.0,43568.7,118665.1,22547.2,10434.2,35634.3,4785.6,77523.6
2023-04-01,94.39,94.513,94.205,94.291,93.562,94.949,94.616,94.539,94.677,94.55,94.328,94.411,94.225,95.138,94.634,93.814,94.82,94.099,1763851.1,200158.7,34558.8,28549.6,30794.0,45414.10000000001,13506.4,376559.5,29508.9,47583.7,18676.4,74637.1,579295.8,32891.3,17972.0,80780.0,6743.7,144459.6,8624.0,1505.0,127.0,110.0,389.0,306.0,56.0,1825.0,239.0,244.0,78.0,283.0,1868.0,213.0,51.0,220.0,27.0,1071.0,22.99262597961076,21.10019339225656,21.48771713657105,24.87010692402,19.96853936120824,18.68705208761606,24.2906624835834,21.29081921176321,20.85593236935693,22.0533123385812,21.15596770464218,20.06253912334808,19.16688878564,22.60222218157842,17.66641158856824,17.63622241456182,21.89525181782261,19.88621748863768,146446.0,19949.0,9336.0,2772.0,1099.89,6696.0,534.88,23647.0,1598.0,5383.0,862.0,4659.0,40621.0,1925.0,611.04,6538.0,292.98,12260.0,35426.0,7180.0,1374.0,798.0,853.0,1220.0,405.0,5510.0,1381.0,1554.0,589.0,1315.0,5350.0,880.0,393.0,1537.0,195.0,4795.0,755511.9,121332.8,22700.0,14726.0,21067.8,37651.1,9448.8,129706.1,30241.3,35968.7,15628.3,43811.6,119264.5,22760.5,10510.1,35788.8,4832.2,78253.4
2023-05-01,94.345,94.483,94.14,94.085,93.758,94.96,94.59,94.568,94.578,94.643,94.414,94.351,94.061,95.023,94.514,93.814,94.67,93.988,1772453.6,201596.3,34748.4,28732.1,31305.2,45753.4,13570.6,378073.4,29624.4,47848.4,18775.7,75158.0,581283.4,33110.0,18019.7,80986.20000000001,6760.8,145348.0,10408.0,2029.0,195.0,107.0,447.0,328.0,77.0,2046.0,268.0,267.0,112.0,330.0,2216.0,234.0,75.0,342.0,36.0,1284.0,22.45755320864271,19.55165873411973,19.15402069274557,20.82795326413943,23.19602144008153,22.00819619995692,22.06714606567111,20.26944426040233,21.75786750030225,17.68924805672557,21.6221888786123,15.4852787225977,19.8403714630001,21.83441004177586,21.34584917831284,19.47699352027965,16.79433834746851,21.07769671459737,165673.0,20686.0,10860.0,3085.0,1296.14,7358.0,630.32,27485.0,1854.0,6129.0,1042.0,5172.0,45527.0,2086.0,720.06,7954.0,345.25,14415.0,44642.0,9449.0,1151.0,1100.0,1184.0,1554.0,719.0,7234.0,1677.0,2009.0,747.0,1457.0,6223.0,1282.0,471.0,2168.0,252.0,5860.0,762282.8,122233.6,22765.7,14835.0,22636.6,37686.9,9545.9,130809.5,30567.3,36199.7,15828.0,44113.7,120103.2,22929.5,10568.7,35850.3,4865.2,78914.3
2023-06-01,94.881,94.897,94.641,94.631,94.469,95.494,95.212,95.093,95.122,95.165,94.824,94.918,94.604,95.56,95.031,94.511,95.123,94.613,1780639.5,202054.7,34866.5,28882.2,31752.6,46023.2,13721.8,379986.1,29692.0,48049.6,18862.9,75783.8,583498.3,33229.6,18139.2,81268.7,6618.2,146425.3,10207.0,1883.0,199.0,108.0,392.0,373.0,79.0,1956.0,276.0,208.0,128.0,377.0,2389.0,206.0,79.0,244.0,37.0,1255.0,,,,,,,,,,,,,,,,,,,160942.0,18041.0,10296.0,3094.0,1282.02,7324.0,623.45,26279.0,1733.0,5850.0,937.0,5136.0,46205.0,1952.0,712.22,7698.0,341.49,14508.0,43244.0,8396.0,1139.0,771.0,1427.0,1795.0,468.0,6737.0,1760.0,1762.0,731.0,1485.0,7138.0,1443.0,496.0,2354.0,276.0,4984.0,763459.2,122536.8,22499.3,14804.5,23400.8,37732.1,9689.8,131121.4,30438.8,36131.4,15718.3,44312.4,120456.5,22961.4,10505.3,35215.3,4875.7,79187.8
2023-07-01,95.042,94.87,94.962,94.831,94.765,95.363,95.435,95.396,95.266,95.204,94.789,95.002,94.813,95.686,95.619,94.727,95.453,94.794,1789385.4,203777.7,35004.8,29178.3,32112.4,46073.4,13932.1,382019.1,30075.1,48401.6,18934.7,76755.3,583812.1,33591.3,18297.8,81306.0,6619.099999999999,147648.2,8297.0,1359.0,153.0,98.0,284.0,287.0,49.0,1653.0,241.0,207.0,97.0,274.0,1938.0,258.0,42.0,245.0,26.0,1077.0,22.6678889234542,18.58786689136544,16.8851780217401,19.39459095121856,18.16127207426927,18.14903305046695,19.98827486290656,18.52508081140748,21.09513928038388,20.74863425902866,19.15670335868151,17.46005297965297,18.00746272977597,21.61264137568572,14.87920034212054,17.9525581475513,16.40460570902522,19.34029614107551,147412.0,16839.0,8410.0,3053.0,1319.43,7052.0,641.65,25784.0,1383.0,4717.0,729.0,4752.0,40653.0,1581.0,733.0,6940.0,351.46,13283.0,37910.0,7430.0,1145.0,808.0,1096.0,1458.0,347.0,6632.0,1561.0,1662.0,722.0,1220.0,5760.0,1244.0,369.0,1764.0,208.0,4386.0,762820.4,123624.6,22407.8,14718.9,23812.5,37607.9,9901.8,131082.8,30414.3,36238.2,15568.1,44428.2,119341.9,22676.2,10452.1,34913.9,4952.6,78880.6
2023-08-01,95.552,95.448,95.446,95.61,95.583,95.855,96.155,95.853,95.742,95.739,95.186,95.737,95.148,96.222,95.935,95.159,95.912,95.389,1770677.3,202247.0,34808.6,29090.4,31871.6,45798.60000000001,13907.0,376974.3,29878.2,48220.1,18819.4,76367.7,577282.3,33158.5,18189.8,80000.3,6585.4,145618.4,6614.0,1106.0,109.0,83.0,240.0,310.0,31.0,1340.0,184.0,151.0,85.0,283.0,1435.0,161.0,51.0,199.0,28.0,802.0,,,,,,,,,,,,,,,,,,,124778.0,15367.0,7059.0,3035.0,1169.55,6662.0,568.76,19906.0,1232.0,4295.0,665.0,4600.0,31849.0,1158.0,649.73,6893.0,311.53,11211.0,36164.0,7272.0,959.0,701.0,962.0,1989.0,404.0,5653.0,1689.0,1646.0,606.0,1436.0,5135.0,1163.0,485.0,2078.0,198.0,3736.0,750759.1,122423.9,22146.7,14608.5,23771.2,37577.9,9890.1,126965.4,29946.1,35843.6,15457.9,44055.0,117498.2,22231.1,10437.5,33420.4,4948.8,77895.5
2023-09-01,95.721,95.72,95.499,95.361,95.538,96.141,96.132,95.83,96.041,95.865,95.533,95.876,95.592,96.404,96.037,95.241,95.894,95.488,1784866.1,203376.5,34977.0,29042.6,31874.4,46264.4,13866.4,380163.0,29935.1,48318.9,18812.2,75746.0,585529.0,33238.6,18174.3,80943.0,6624.8,146074.6,6735.0,1166.0,126.0,88.0,256.0,279.0,68.0,1176.0,214.0,207.0,67.0,300.0,1519.0,144.0,46.0,201.0,17.0,857.0,,,,,,,,,,,,,,,,,,,166049.0,19698.0,10336.0,3091.0,1303.15,7724.0,633.73,26350.0,1541.0,5930.0,1053.0,5374.0,48621.0,2306.0,723.96,7876.0,347.12,14064.0,39888.0,7243.0,972.0,624.0,1102.0,1306.0,418.0,6758.0,1753.0,1640.0,642.0,1323.0,6964.0,1267.0,437.0,2025.0,260.0,5089.0,752817.4,121983.8,22294.8,14582.2,23129.2,37718.9,9721.4,128564.5,29906.5,35592.9,15535.4,43812.9,118127.3,22463.3,10409.8,33849.5,5056.7,78344.5
2023-10-01,95.998,96.3,95.669,95.608,95.485,96.683,96.226,95.951,96.518,96.176,96.199,96.21,95.72,96.69,96.339,95.411,96.193,95.715,1799541.3,204671.9,35340.5,29118.1,31878.3,46250.9,13886.8,384016.8,30102.7,48663.7,18706.4,76189.7,591407.2,33467.0,18249.2,81797.4,6649.8,147324.0,8294.0,1444.0,142.0,105.0,309.0,304.0,63.0,1663.0,241.0,211.0,80.0,271.0,1986.0,190.0,45.0,268.0,18.0,936.0,26.36387777609677,23.11340414838926,20.19391271348992,21.12658398739029,21.10511330809726,19.95095441876267,21.14170908483251,19.79467582409032,20.91260388036167,21.07586609189751,19.77486517279783,20.62903356339208,19.57297531847475,25.32894661817758,21.89803943308143,18.27640134437773,24.20292491415368,21.90553594226911,180867.0,21859.0,12429.0,3379.0,1343.37,8287.0,653.29,30246.0,1975.0,6464.0,1240.0,5623.0,50939.0,2609.0,746.3,8203.0,357.83,15156.0,41253.0,8163.0,876.0,626.0,877.0,1937.0,409.0,7259.0,1660.0,1889.0,631.0,1512.0,6602.0,1220.0,544.0,1784.0,250.0,4927.0,760525.1,122121.8,22617.5,14696.2,22290.7,38108.2,9640.0,130559.8,30522.1,36041.7,15702.7,44055.3,119507.2,22594.7,10629.7,35081.1,5036.8,79533.8
2023-11-01,95.663,95.857,95.517,95.226,94.848,96.485,96.009,95.604,96.204,95.904,95.697,96.019,95.385,96.305,96.055,95.063,96.023,95.438,1810216.6,205935.1,35399.3,29224.1,31440.0,46372.8,13992.5,386556.7,30325.3,48786.4,18708.7,76546.4,595659.1000000001,33684.0,18295.7,82398.9,6665.7,148451.2,9274.0,1690.0,158.0,89.0,283.0,358.0,55.0,1716.0,281.0,194.0,95.0,324.0,2227.0,258.0,60.0,288.0,48.0,1147.0,24.72631470772465,22.82038691446796,21.57616504508464,21.25800105505508,18.51063191520724,18.88417557681582,21.80227158420821,18.57464266952562,21.4975489790521,26.03807818964671,25.39321543091946,18.86317881057731,20.38663510200531,19.28933510561893,15.56209667495516,17.54211106638866,23.22024138626591,21.01629336888812,174886.0,21510.0,11178.0,3306.0,1266.49,8241.0,615.9,29084.0,1944.0,6570.0,1227.0,5429.0,48768.0,2607.0,703.59,8010.0,337.35,15267.0,43322.0,8986.0,907.0,872.0,831.0,1337.0,690.0,6604.0,2155.0,1863.0,668.0,1343.0,8143.0,1190.0,420.0,2074.0,207.0,4924.0,759010.1,121912.1,22708.9,14705.4,20082.0,38401.5,9634.6,130659.2,30441.8,35995.6,15676.6,43991.5,119532.5,22773.0,10617.0,35398.9,4949.8,79771.7
2023-12-01,95.687,95.801,95.406,95.436,94.828,96.576,95.876,95.726,96.23,95.967,95.698,96.052,95.444,96.242,95.991,94.95,96.098,95.452,1810500.2,206113.2,35428.8,29216.7,31250.4,46298.9,14067.4,386527.8,30368.2,48697.9,18629.7,76624.8,596034.2,33799.60000000001,18204.0,82254.4,6653.8,148598.6,8018.0,1501.0,171.0,94.0,227.0,292.0,70.0,1441.0,209.0,232.0,104.0,324.0,1857.0,222.0,61.0,228.0,33.0,943.0,26.5427609652563,24.1550017758157,24.38440013192713,22.40284295917776,20.3816195533512,22.67574622078124,23.21648692900753,19.931416433848,22.68091387089125,24.08331798516011,25.19686956231312,21.55846871900943,22.54396932283377,21.12436655734887,21.9216563037785,21.72108537524561,24.15855986257232,21.35721473332048,157251.0,19871.0,10594.0,3107.0,1157.36,7547.0,562.83,24421.0,1739.0,6003.0,978.0,4674.0,43565.0,2670.0,642.96,7442.0,308.29,13907.0,32590.0,6327.0,755.0,734.0,795.0,1221.0,385.0,5214.0,1147.0,1400.0,529.0,1319.0,6548.0,731.0,313.0,1502.0,166.0,3458.0,759238.5,122002.2,22783.4,14752.6,19327.0,38569.8,9635.4,130919.6,30531.3,36006.2,15665.6,44001.7,119606.8,22848.4,10592.2,35613.8,4896.5,79695.6
2024-01-01,95.768,95.899,95.58,95.489,94.911,96.609,96.106,95.809,96.289,96.073,95.839,96.223,95.478,96.665,95.482,95.071,96.196,95.468,1804574.6,205484.4,35308.4,29058.7,31160.7,45997.1,14061.2,385519.1,30264.3,48731.2,18546.9,76462.6,593610.2,33710.9,18159.2,81968.1,6707.799999999999,148166.5,10716.0,1909.0,233.0,136.0,407.0,373.0,72.0,2117.0,333.0,284.0,144.0,447.0,2143.0,278.0,122.0,322.0,36.0,1341.0,25.46464421943142,23.80101918323455,24.15555467849444,25.07768710458046,18.25559678124488,21.07834469029094,22.6688297757911,20.52629012427236,23.21979833048974,24.02673554039483,19.14655946808146,21.82158442357819,21.63887334545533,21.49890459310271,23.17092356905292,20.04090509567516,21.70286200526384,22.53666351448248,164204.0,19754.0,10460.0,3254.0,1204.35,8355.0,577.7,26504.0,1831.0,6240.0,1019.0,4968.0,46549.0,2515.0,663.24,7557.0,316.97,14108.0,43660.0,7627.0,938.0,682.0,1074.0,1655.0,549.0,7566.0,1917.0,1959.0,755.0,1908.0,8547.0,1157.0,459.0,1929.0,246.0,4581.0,749912.3,120544.1,22438.5,14615.3,18860.4,38056.1,9523.5,129475.2,30108.6,35574.5,15200.8,43589.8,118433.3,22597.9,10492.4,35325.1,4770.4,78551.5
2024-02-01,96.108,96.144,96.186,95.86,95.177,96.975,96.259,96.166,96.635,96.366,96.155,96.442,95.838,96.926,95.894,95.668,96.381,95.823,1815471.4,207590.4,35652.0,29174.9,31410.5,45985.3,14125.2,386590.3,30325.5,49024.0,18747.5,77207.6,597159.3999999999,33863.9,18224.1,82715.6,6764.3,149234.0,10962.0,1617.0,218.0,183.0,401.0,384.0,68.0,2032.0,309.0,275.0,129.0,386.0,2721.0,221.0,82.0,360.0,40.0,1520.0,24.13709358367161,21.94529090267936,19.56614415370825,22.49895527032141,17.50390535305992,21.72718369448329,22.14867897882334,22.68521698632898,20.14187061958023,22.03478233601452,25.09713465119932,18.18028309176861,22.99851178753321,22.88119152715726,24.01242131546856,17.98140150223551,22.21519697079855,21.93714400842146,169473.0,20114.0,11090.0,3241.0,1232.59,8108.0,591.24,28032.0,1909.0,6317.0,1167.0,4986.0,48116.0,2585.0,678.78,7395.0,324.4,15063.0,49156.0,7612.0,1280.0,1181.0,1652.0,3132.0,555.0,7824.0,2136.0,2364.0,848.0,1807.0,8492.0,1367.0,859.0,2287.0,261.0,5417.0,753098.9,121367.7,22571.3,14624.0,19091.0,38054.6,9519.0,129873.6,30229.4,35628.3,15373.0,43772.4,118667.8,22723.9,10605.9,35581.9,4779.6,78895.1
2024-03-01,96.84,96.806,96.813,96.651,95.983,97.486,96.839,97.034,97.276,96.952,96.749,97.081,96.64,97.643,96.868,96.286,97.119,96.629,1825067.3,208650.7,35842.7,29231.8,31672.7,46180.0,14220.4,388816.1,30561.0,49212.9,18814.1,77911.6,600140.9,33975.7,18289.9,83126.1,6764.700000000001,149980.4,10683.0,1865.0,173.0,136.0,394.0,402.0,77.0,2215.0,300.0,242.0,115.0,425.0,2391.0,243.0,92.0,300.0,52.0,1255.0,26.86695885607507,24.76196758379645,26.8420479213184,23.09044338334036,23.91261419398577,26.00200644419897,24.06801181516401,22.01327151065704,20.95511954773698,26.44006739486869,24.32557136762496,21.76721873683626,22.60945805729321,20.57870230143919,23.94364491724738,19.51511494637629,27.33800425136767,23.04531150847404,166330.0,20820.0,10732.0,3249.0,1267.12,7941.0,607.81,27484.0,1832.0,6229.0,1095.0,5043.0,45277.0,2334.0,697.8,7393.0,333.49,15233.0,38370.0,6959.0,1090.0,641.0,899.0,1277.0,473.0,6637.0,1316.0,1471.0,633.0,1376.0,7033.0,1042.0,691.0,1674.0,273.0,4811.0,759972.5,122742.0,22801.8,14711.4,20006.5,38421.4,9534.8,130852.5,30578.2,35932.8,15519.5,44051.8,119153.9,22986.2,10724.7,35794.1,4812.9,79632.6
2024-04-01,97.514,97.594,97.322,97.38,96.949,98.071,97.607,97.637,98.067,97.661,97.576,97.904,97.245,98.187,97.393,97.057,97.885,97.164,1834980.2,210067.4,35926.5,29346.6,32277.5,46444.3,14261.5,391025.5,30747.0,49513.3,18841.3,78835.3,602852.3,34102.3,18243.7,83282.4,6791.5,150758.3,11756.0,2133.0,187.0,127.0,494.0,441.0,93.0,2435.0,335.0,280.0,149.0,412.0,2568.0,266.0,94.0,295.0,30.0,1401.0,27.20552366546911,23.13254025824585,20.58023225963245,19.72627884681276,20.54065865363821,22.14701114400214,19.35672356528813,21.87268600634694,26.48725846459616,24.16701991709119,22.56865272912458,21.68274091667202,24.23150472363571,21.32910391225021,27.42431007373224,21.17187330802641,24.04225809621712,22.63697745852444,179505.0,23752.0,11088.0,3498.0,1333.48,8800.0,639.64,28454.0,1996.0,6528.0,1301.0,5818.0,51268.0,2649.0,734.34,6858.0,350.95,15216.0,44891.0,9011.0,1144.0,1067.0,979.0,1494.0,556.0,6904.0,2319.0,1783.0,573.0,1666.0,7177.0,1097.0,495.0,2192.0,238.0,6077.0,766084.9,123887.5,22848.7,14802.5,21620.4,38645.4,9555.3,131639.9,30705.5,36122.2,15666.1,44278.2,119921.1,23000.9,10791.3,35920.2,4821.0,80114.9
2024-05-01,97.771,97.823,97.568,97.356,97.302,98.198,97.917,97.976,98.165,97.969,97.837,98.12,97.427,98.611,97.806,97.475,98.055,97.436,1842608.0,210949.7,36013.8,29381.3,32903.9,46560.2,14334.1,392667.8,30839.4,49769.3,18853.5,79204.9,604842.6000000001,34125.6,18322.8,83524.1,6812.5,151797.3,9660.0,1570.0,168.0,136.0,394.0,312.0,70.0,1904.0,264.0,280.0,127.0,383.0,2102.0,203.0,66.0,283.0,31.0,1355.0,25.61631822968586,23.19168654793948,27.17254996055506,25.4124390196172,20.18053089387342,21.53411604826397,22.47175132964121,18.48132221322795,24.92999683161762,22.99485079789449,24.17090654276112,25.09255987100608,23.04584307710051,24.93720987766357,25.42074976038072,21.87243362433241,24.71245882237307,21.59471593361617,182402.0,22935.0,11925.0,3516.0,1422.2,8444.0,682.2,30358.0,2022.0,6877.0,1267.0,5659.0,49274.0,2636.0,783.2,7482.0,374.3,16911.0,35076.0,6935.0,1142.0,707.0,1038.0,1192.0,416.0,6473.0,1448.0,1522.0,641.0,1082.0,4517.0,1123.0,483.0,1984.0,202.0,4045.0,772615.7,124959.5,22891.0,14936.5,23429.8,38694.1,9599.9,132537.1,30891.3,36276.6,15821.5,44562.2,120662.3,23144.3,10851.3,35956.4,4835.0,80771.1
2024-06-01,98.139,98.083,97.957,97.974,97.895,98.497,98.124,98.473,98.428,98.25,98.132,98.444,97.802,98.837,98.258,97.796,98.405,97.823,1850287.4,211427.3,36116.7,29437.2,33148.2,46940.8,14399.8,394551.4,30997.3,49897.5,18897.9,79193.0,607160.8,34233.39999999999,18397.4,83791.9,6763.8,153192.5,9534.0,1661.0,209.0,122.0,367.0,365.0,94.0,1770.0,274.0,260.0,91.0,379.0,2181.0,255.0,72.0,257.0,24.0,1136.0,22.05886172216407,22.56409840173525,17.79391261690252,18.08066050337652,17.39853699692029,20.21100370491625,21.24630648794842,18.31065514105593,22.6902223414484,20.00736394479302,22.67786575520201,21.9360540476338,18.80654699671689,19.81961397652185,21.37130982705291,18.29636003829728,20.58364341014073,18.48334121803915,168414.0,20249.0,10761.0,3333.0,1312.73,7830.0,629.69,27720.0,1846.0,6195.0,1088.0,5274.0,46767.0,2261.0,722.92,7040.0,345.49,15962.0,40659.0,8464.0,966.0,797.0,1155.0,1274.0,462.0,6524.0,1865.0,1657.0,701.0,1450.0,6668.0,1219.0,567.0,1900.0,254.0,4671.0,773934.6,125230.6,22815.5,14884.5,24252.0,38696.3,9685.9,132743.8,30739.3,36186.0,15685.5,44699.3,121484.0,23181.8,10780.9,35115.0,4832.0,81083.0
2024-07-01,97.673,97.496,97.571,97.594,97.542,98.101,97.786,98.12,97.787,97.607,97.265,97.924,97.358,98.186,98.145,97.49,98.024,97.372,1851144.4,211817.2,36208.1,29603.5,33319.9,47332.9,14550.3,394734.2,31172.3,49995.5,18983.7,79041.1,605449.0,34333.9,18433.1,83454.2,6806.8,154192.5,9785.0,1564.0,183.0,90.0,339.0,360.0,84.0,2043.0,278.0,229.0,95.0,305.0,2254.0,206.0,69.0,277.0,45.0,1350.0,,,,,,,,,,,,,,,,,,,159180.0,19264.0,9192.0,3523.0,1467.38,8028.0,703.87,27971.0,1629.0,5629.0,906.0,5278.0,39438.0,1949.0,808.08,7589.0,386.19,15272.0,45801.0,8026.0,1038.0,982.0,1249.0,1871.0,551.0,8163.0,2038.0,1880.0,985.0,1745.0,6944.0,1453.0,560.0,2236.0,310.0,5681.0,771983.8,125792.9,22610.1,14778.1,24698.3,38478.4,9907.7,132704.2,30794.7,36052.1,15538.5,44665.4,120014.8,23013.2,10622.0,35006.9,4857.4,80659.9
2024-08-01,97.713,97.482,97.706,97.893,97.822,98.261,98.061,98.173,97.699,97.638,97.378,97.923,97.288,98.129,98.083,97.662,98.168,97.442,1835891.4,210623.5,36039.9,29613.0,33282.1,47197.1,14580.3,389601.8000000001,31204.2,49766.6,18909.4,78854.4,599959.8,34097.3,18501.3,82306.2,6742.4,152874.6,6886.0,1005.0,137.0,127.0,260.0,282.0,49.0,1472.0,191.0,185.0,89.0,274.0,1434.0,202.0,82.0,162.0,27.0,896.0,,,,,,,,,,,,,,,,,,,131499.0,16909.0,7485.0,3420.0,1270.49,7338.0,609.42,21759.0,1369.0,4813.0,756.0,4822.0,29995.0,1416.0,699.66,7033.0,334.37,12685.0,39006.0,8576.0,867.0,794.0,889.0,1589.0,543.0,6115.0,1581.0,1861.0,676.0,1437.0,6033.0,1150.0,469.0,1759.0,229.0,4380.0,760334.5,124888.5,22340.1,14739.3,24629.2,38414.4,9863.5,128690.7,30338.1,35689.5,15491.1,44349.2,118134.8,22582.6,10601.9,33375.5,4837.1,79751.1
2024-09-01,97.123,97.011,96.914,97.077,97.174,97.634,97.131,97.444,97.166,96.957,96.768,97.161,97.002,97.507,97.112,96.974,97.169,96.897,1850045.5,212217.5,36137.2,29504.6,33514.9,47449.8,14780.3,392708.5,31300.1,50207.5,19096.2,78145.2,606620.1000000001,34220.0,18632.4,83263.8,6745.4,153743.1,8069.0,1535.0,142.0,84.0,332.0,308.0,80.0,1262.0,208.0,190.0,85.0,304.0,1929.0,210.0,82.0,270.0,30.0,1008.0,22.19787235036377,21.67958992718692,21.65892443393703,22.53645646515461,22.24166458365408,19.18322731461508,20.92038484587136,18.37631413670827,22.29109752984849,25.39975276190495,17.7774754596863,19.11821358668361,20.57979088753654,25.38848197869953,17.48847592090624,18.55764821487062,20.6453690996166,18.34633708610909,174284.0,21622.0,10996.0,3470.0,1398.85,8294.0,671.0,28066.0,1985.0,6694.0,1244.0,5733.0,46726.0,2581.0,770.35,8320.0,368.16,15672.0,51704.0,10209.0,1297.0,876.0,1230.0,1641.0,549.0,8132.0,2295.0,2298.0,905.0,2112.0,8327.0,1480.0,600.0,2989.0,346.0,6349.0,762668.1,124415.7,22617.6,14708.1,23988.6,38761.6,9704.8,130154.2,30174.4,35412.7,15681.5,44080.4,119001.5,22700.0,10607.6,33745.6,4896.5,80269.4
2024-10-01,97.729,97.708,97.751,97.517,97.341,98.164,97.671,97.87,97.907,97.639,97.922,97.965,97.643,98.14,98.119,97.582,97.76,97.366,1867372.9,214091.8,36473.60000000001,29724.6,33506.4,48232.5,14869.0,396261.3,31436.8,50651.8,19322.7,78851.5,612372.0,34604.5,18716.2,84303.1,6785.900000000001,155349.3,10706.0,1857.0,226.0,143.0,340.0,355.0,77.0,2003.0,314.0,240.0,122.0,373.0,2621.0,248.0,110.0,316.0,42.0,1303.0,22.57931494104767,20.87620297448991,20.94965492747147,18.90725764634089,16.83979392277338,21.2308954377214,18.65459971742818,20.1196008823826,22.09477539877455,25.07768554985027,24.59015889704791,21.09264591127058,19.44432615596589,23.67118571533267,23.53847990479936,17.28076947060792,18.16526769016657,22.06681111172493,194156.0,23873.0,13117.0,3780.0,1498.54,9301.0,718.82,31867.0,2270.0,7405.0,1476.0,6330.0,53488.0,3079.0,825.25,9320.0,394.4,15051.0,67238.0,12869.0,1880.0,1432.0,1441.0,2166.0,854.0,11389.0,2740.0,3055.0,1111.0,2833.0,11444.0,2117.0,681.0,2954.0,431.0,7650.0,771129.3,125022.5,23050.1,14819.2,23065.7,39271.7,9642.7,132257.9,30632.6,35820.3,15936.7,44400.8,120258.0,22889.8,10747.4,35020.7,4933.7,81568.9
2024-11-01,97.968,97.975,97.892,97.792,97.529,98.589,98.154,98.132,98.131,97.997,97.887,98.238,97.701,98.436,98.062,97.809,98.394,97.727,1877594.3,215052.5,36636.6,29910.0,33177.5,48864.9,14935.5,398641.9,31519.2,50846.5,19383.8,79058.2,616247.4,34786.8,18715.0,84823.5,6815.1,156310.9,9970.0,1798.0,178.0,123.0,331.0,349.0,78.0,1907.0,279.0,247.0,99.0,302.0,2467.0,243.0,73.0,271.0,31.0,1181.0,26.73754639649389,27.03234426587538,29.30256019097768,22.35844750737009,26.63218529812806,24.5073473778093,26.3681567989663,24.40285364984908,27.64234671719808,23.85689316489462,20.19828877545972,20.46774835218713,24.64903569602168,29.38902890787633,20.78894668654465,19.44268600492736,29.94707019672498,26.73228405993651,177480.0,21948.0,11533.0,3503.0,1332.5,8604.0,639.17,27886.0,1981.0,6876.0,1327.0,5766.0,49565.0,2832.0,733.8,8755.0,350.69,14634.0,50098.0,9217.0,1455.0,1096.0,1105.0,1734.0,601.0,8487.0,2143.0,2248.0,851.0,1851.0,8641.0,1378.0,580.0,2441.0,367.0,5797.0,769297.9,124723.1,23053.8,14746.2,20576.2,39538.4,9538.8,132133.1,30733.8,35908.5,16126.6,44377.0,120675.9,23050.4,10804.2,35245.7,4866.2,81473.0
2024-12-01,98.411,98.42,98.373,98.371,98.041,98.727,98.652,98.539,98.618,98.511,98.33,98.65,98.221,98.786,98.595,98.349,98.812,98.078,1876407.7,215149.3,36658.1,29714.9,33204.3,48769.9,14983.5,398219.3,31546.4,50669.10000000001,19411.0,78998.4,616147.2,34870.3,18638.7,84395.6,6793.299999999999,156497.3,9439.0,1577.0,179.0,91.0,281.0,393.0,55.0,1695.0,293.0,245.0,107.0,321.0,2289.0,292.0,60.0,325.0,42.0,1172.0,26.9682929663044,25.90297609760187,20.36252331213216,20.36489615325217,19.7446637518209,27.0015953848162,23.99687228476635,21.93379301825168,25.18880841377653,22.89264166222965,26.92410395881267,23.09612553640165,23.41202473571114,26.07217569644152,22.9503210029144,23.41891993412792,31.17795102872596,28.76314847390968,166162.0,21660.0,11063.0,3376.0,1251.16,8118.0,600.15,24934.0,1897.0,6503.0,1092.0,5465.0,45794.0,2596.0,689.01,8506.0,329.29,13637.0,41604.0,8324.0,1203.0,1150.0,1070.0,1305.0,556.0,6345.0,1753.0,1787.0,772.0,1791.0,6184.0,1290.0,517.0,1815.0,255.0,5369.0,768868.0,124305.7,23065.7,14790.0,19791.5,39639.6,9560.8,132088.7,30686.1,35878.7,16126.9,44480.2,121156.8,23108.5,10823.7,35386.9,4860.8,81350.7
2025-01-01,98.579,98.625,98.599,98.535,98.109,98.658,98.69,98.686,98.939,98.652,98.515,98.826,98.434,98.866,98.354,98.403,98.807,98.385,1868727.1,213612.4,36613.7,29507.1,33072.3,48562.0,14911.4,397052.0,31410.1,50392.4,19326.5,78601.9,613662.2,34635.4,18569.6,84046.8,6753.799999999999,156246.0,10678.0,1864.0,255.0,138.0,309.0,472.0,103.0,2125.0,291.0,294.0,150.0,403.0,2286.0,231.0,109.0,328.0,31.0,1278.0,26.11558556179521,24.39159404211754,23.37977232139712,21.64478350408373,20.0888922776024,22.17128536857692,24.85737902741731,22.32425800907839,24.65254482880826,28.04638330820251,27.12510505033628,20.97535786935736,23.41415182956484,25.19172038380575,24.08924564543707,20.61064185307524,19.449835624403,27.89861285528105,171411.0,20716.0,10967.0,3559.0,1290.68,8482.0,613.02,26983.0,1900.0,6640.0,1021.0,5450.0,47276.0,2659.0,706.2,8524.0,337.48,15404.0,48374.0,9168.0,1522.0,877.0,1218.0,2176.0,634.0,8417.0,2127.0,2350.0,836.0,1855.0,6439.0,1627.0,484.0,2353.0,367.0,5826.0,759914.7,123013.4,22774.9,14714.2,19405.5,38926.4,9457.7,130560.7,30228.9,35491.0,15610.2,43920.9,120079.5,22799.9,10631.9,35093.1,4753.5,80656.1
2025-02-01,98.966,98.989,98.974,98.924,98.628,99.107,98.92,99.153,99.251,99.068,98.762,99.057,98.763,99.171,98.778,98.827,99.007,98.842,1882800.7,215214.2,36801.2,29710.3,33412.8,48929.2,14975.5,400164.7,31527.8,50800.8,19355.4,79279.29999999999,617893.0,34807.8,18659.4,84749.7,6826.5,157856.6,8747.0,1292.0,195.0,130.0,326.0,285.0,59.0,1636.0,243.0,249.0,118.0,379.0,1996.0,236.0,107.0,311.0,43.0,1130.0,24.63750941011777,22.07159410054053,24.4260533450344,26.60060896569805,23.96649482480228,19.59014714863805,21.72742327506798,22.28612559549753,24.36018147381548,23.72429414153416,26.93459214058552,18.69618066180497,23.51517146465005,20.0014526151256,24.12693469949505,17.32393818949181,23.5124173146637,22.95816362623405,172813.0,20690.0,10960.0,3461.0,1273.77,8254.0,604.99,27567.0,1990.0,6638.0,1160.0,5635.0,47991.0,2726.0,696.94,8371.0,333.06,15695.0,50802.0,9345.0,1619.0,1095.0,1238.0,1674.0,701.0,8960.0,2002.0,2671.0,1085.0,1972.0,6688.0,1746.0,600.0,2881.0,467.0,5949.0,762852.4,123549.1,22868.8,14731.9,19647.9,39042.3,9478.2,130972.3,30357.0,35625.1,15657.6,43980.0,120317.2,22899.4,10628.7,35327.7,4760.0,81216.1
2025-03-01,99.024,99.121,99.101,98.905,98.72,99.08,98.843,99.122,99.178,99.01,98.896,98.877,98.926,99.207,98.686,99.006,99.151,98.994,1895964.1,216898.7,37001.0,29962.7,33553.1,49236.7,15067.1,403276.6,31692.0,51166.4,19455.8,80148.7,621215.5,34956.0,18793.1,85557.6,6877.7,159239.5,10595.0,1804.0,273.0,136.0,491.0,402.0,96.0,1848.0,269.0,313.0,113.0,361.0,2319.0,283.0,105.0,383.0,42.0,1333.0,24.94589381994321,24.12895187465037,21.58357647403251,18.54804299333001,19.70551234376593,21.06932849568668,26.11214110966595,20.76031390954902,28.3017322508302,25.48565889541469,22.56704180837664,19.58781916261777,21.07105437573482,23.62295291648012,17.39029079327654,22.93940600523563,28.71593600040788,22.47335511096757,183991.0,23423.0,11572.0,3709.0,1408.62,8475.0,669.03,29542.0,2054.0,7135.0,1278.0,5781.0,50592.0,2675.0,770.73,9035.0,368.32,15809.0,54249.0,10295.0,1553.0,1143.0,1222.0,1927.0,740.0,9246.0,2061.0,2815.0,923.0,2850.0,7938.0,1713.0,613.0,2749.0,371.0,5965.0,767523.7,124505.8,23059.4,14773.6,20330.5,39162.2,9525.3,131648.7,30441.4,35862.8,15839.5,44206.9,120657.0,23011.6,10706.0,35559.8,4790.6,81658.2
2025-04-01,99.647,99.728,99.697,99.702,99.616,99.844,99.561,99.713,99.76,99.663,99.962,99.715,99.372,99.696,99.815,99.628,99.854,99.553,1904725.1,218247.1,37070.8,30151.9,33986.0,49416.3,15144.3,404926.9,31877.8,51380.7,19524.3,81100.5,623245.2,35085.0,18879.2,85750.9,6915.5,160135.9,11798.0,1975.0,202.0,101.0,476.0,427.0,110.0,2432.0,347.0,274.0,133.0,464.0,2784.0,270.0,90.0,345.0,31.0,1323.0,23.48731682246792,23.4936397925018,23.50258412691512,23.57485433712675,18.28545058703731,20.65957402861755,18.9094790132916,19.50324705465804,20.87571574065181,19.17352383927576,26.49488627446791,21.01091317819915,21.80355246201232,23.98269816791272,16.69136645393009,16.83106771484552,25.284516525453,20.06344577319532,174506.0,23061.0,10886.0,3610.0,1375.01,8206.0,653.07,28137.0,1931.0,6523.0,1128.0,5597.0,46679.0,2615.0,752.34,8129.0,359.53,15401.0,50415.0,9670.0,1220.0,1018.0,1299.0,1573.0,731.0,7645.0,2087.0,2459.0,1001.0,1950.0,8366.0,1491.0,768.0,2185.0,343.0,6520.0,773648.8,125496.2,23090.2,14812.1,22057.5,39338.9,9576.4,132527.1,30591.3,36153.3,15971.7,44494.6,121058.4,23133.7,10757.5,35773.9,4811.3,82195.6
2025-05-01,99.714,99.894,99.682,99.519,99.653,99.705,99.44,99.769,99.758,99.832,100.076,99.766,99.413,99.902,99.726,99.835,99.832,99.621,1912588.2,219174.9,37185.0,30259.5,34467.0,49558.7,15368.7,406852.6,32039.1,51435.0,19590.3,81663.4,624950.6,35243.9,18982.0,85904.70000000001,6924.200000000001,161083.8,13231.0,2365.0,243.0,175.0,513.0,430.0,84.0,2800.0,429.0,333.0,121.0,446.0,2759.0,305.0,82.0,366.0,39.0,1726.0,26.97199169701592,24.12444907347171,25.88012557711014,21.26540850935421,26.293079867793,20.29006999408418,23.77610703067654,22.10370596426385,22.32140218642978,19.887377505626,30.36913544041345,18.93143040155737,24.91388515286533,24.4134147729789,20.21921117232086,17.58822973892596,24.85468064889013,27.29592860424601,190446.0,25111.0,11892.0,3795.0,1506.7,8642.0,715.62,30921.0,2096.0,7172.0,1269.0,6008.0,50454.0,2752.0,824.39,9311.0,393.96,17213.0,54528.0,9571.0,1461.0,970.0,1479.0,1697.0,821.0,9191.0,2553.0,2705.0,1128.0,2284.0,7599.0,1759.0,667.0,2853.0,412.0,7231.0,778917.5,126221.6,23108.9,14933.9,23817.3,39213.9,9655.4,133415.1,30839.8,36276.9,16020.6,44784.1,121233.2,23209.4,10848.4,35875.7,4824.9,82816.3
2025-06-01,100.382,100.434,100.376,100.444,100.625,100.179,100.339,100.466,100.459,100.548,100.787,100.392,100.041,100.485,100.599,100.515,100.305,100.374,1921333.9,220376.2,37382.3,30304.2,34770.2,49763.2,15467.6,408197.8,32173.5,51483.6,19719.1,82011.6,627361.7,35449.1,19089.0,86188.6,6900.6,162819.0,10969.0,1836.0,239.0,132.0,374.0,419.0,87.0,1951.0,337.0,264.0,109.0,428.0,2578.0,242.0,78.0,329.0,30.0,1519.0,26.39844616604894,25.59604662467435,20.87080276737322,23.10508395505554,27.07556367354007,21.16013361797092,25.55362903049621,22.37799200692802,25.3413349571106,21.37414766310216,22.61870087097479,24.14860846761323,22.13595839650017,22.87837769808447,21.05295200000525,17.53913638266477,21.66633251271556,23.68175147822793,184734.0,21649.0,11092.0,3669.0,1459.35,8438.0,693.13,28307.0,1908.0,6794.0,1150.0,5773.0,54171.0,2334.0,798.48,8993.0,381.58,17080.0,53438.0,10199.0,1710.0,1058.0,1079.0,1723.0,763.0,8720.0,2368.0,2320.0,1154.0,2040.0,8486.0,1879.0,519.0,2370.0,337.0,6603.0,780212.9,126569.5,22963.4,14940.6,24694.7,39233.3,9715.9,133372.8,30893.9,36242.6,15860.2,44873.9,121737.5,23333.5,10791.6,35305.6,4818.5,83064.2
2025-07-01,100.305,100.166,100.378,100.602,100.928,100.254,100.3,100.367,100.154,100.263,100.416,100.169,100.134,100.193,100.768,100.385,100.274,100.501,1923493.9,221076.7,37537.0,30455.6,35007.9,49552.0,15277.0,408507.2,32485.7,51065.1,19636.8,82552.6,626818.5,35705.4,19289.3,86060.2,6961.5,163778.0,10902.0,1769.0,163.0,124.0,401.0,436.0,78.0,2300.0,329.0,255.0,112.0,355.0,2499.0,291.0,67.0,306.0,55.0,1348.0,30.50580061600983,26.44310718753382,25.01803437847955,25.14972527345686,23.15407350199342,25.68624871653619,19.76990009892344,23.1235348289736,28.77383628948091,26.91849530985536,24.25999302536552,24.7356538218642,24.20333974804802,22.97817900490814,22.41842652871602,18.58677182906049,23.38093590264516,24.71518968503317,171925.0,20492.0,9635.0,3806.0,1504.19,8349.0,714.43,28319.0,1687.0,5980.0,989.0,5642.0,46183.0,2069.0,823.02,8503.0,393.31,16484.0,57299.0,11279.0,1920.0,1007.0,1414.0,2394.0,748.0,10270.0,2525.0,2538.0,1049.0,2000.0,7255.0,1936.0,607.0,3071.0,385.0,6798.0,778123.6,126899.9,22633.7,14833.1,25018.6,39123.6,9886.7,133269.1,30824.1,36221.6,15688.6,44925.6,120694.7,23169.5,10716.4,34914.4,4893.4,82634.6
2025-08-01,100.345,100.156,100.283,100.965,100.978,100.432,100.646,100.525,99.998,100.207,100.088,100.387,100.1,100.199,100.504,100.435,100.272,100.534,1903426.9,219813.0,37312.7,30443.8,34913.1,48921.7,15322.5,403352.1,32393.4,50815.9,19555.1,81402.6,618815.7,35529.2,19375.7,84673.0,6929.799999999999,162161.2,7118.0,1188.0,159.0,77.0,279.0,306.0,50.0,1486.0,189.0,180.0,79.0,274.0,1467.0,139.0,53.0,201.0,33.0,950.0,,,,,,,,,,,,,,,,,,,137387.0,17376.0,7550.0,3620.0,1339.45,7373.0,636.18,21647.0,1389.0,4902.0,836.0,4958.0,33547.0,1471.0,732.88,7521.0,350.23,12920.0,43089.0,8375.0,1238.0,702.0,1235.0,1623.0,982.0,6957.0,1856.0,2069.0,618.0,1683.0,6093.0,1462.0,506.0,2177.0,268.0,5184.0,767043.7,125921.7,22439.7,14792.0,25014.8,39215.8,9913.5,129397.9,30466.8,35951.9,15508.8,44630.2,118964.5,22742.8,10629.4,33386.6,4894.6,81536.1
2025-09-01,100.059,99.986,99.984,100.093,100.368,99.774,99.898,100.021,99.756,99.868,99.712,99.973,100.405,99.855,99.802,100.137,99.884,100.145,1917705.8,220835.0,37432.1,30680.7,35043.2,49416.5,15246.4,406958.3,32321.7,51611.5,19860.7,80738.4,625072.3,35543.7,19383.2,85473.8,6970.099999999999,163312.9,9252.0,1520.0,163.0,125.0,299.0,361.0,70.0,1618.0,256.0,251.0,95.0,336.0,2159.0,261.0,66.0,292.0,47.0,1325.0,25.99340312293537,25.16294842323153,19.74942835596117,19.01435800521988,23.65026393459313,21.28930804643703,25.45505101708265,21.31769791339025,23.09709270503864,20.79942126410393,20.64610220848218,16.70023450737697,21.49157833822658,25.59873948573492,19.36665890748728,20.14395769916835,27.10735208917536,23.52696268202396,187525.0,22924.0,11471.0,3664.0,1502.99,8794.0,713.86,29124.0,2114.0,7202.0,1441.0,6188.0,52649.0,2744.0,822.36,9138.0,392.99,16296.0,59261.0,10768.0,1609.0,947.0,1421.0,1722.0,665.0,9759.0,2497.0,2339.0,1106.0,2798.0,9646.0,1892.0,675.0,3414.0,419.0,7456.0,769949.2,125940.6,22623.5,14827.7,24502.6,39344.0,9765.3,130877.3,30359.4,35599.4,15461.6,44521.7,119742.8,22887.6,10655.0,33822.0,4971.9,82285.3
2025-10-01,100.748,100.873,100.755,100.557,100.803,100.642,100.764,100.453,100.634,100.586,100.571,100.621,101.197,100.339,100.798,100.729,100.517,100.794,1935050.6,222602.8,37645.2,31102.5,34768.5,50002.10000000001,15264.6,410586.6,32538.3,51840.3,20138.5,81400.6,631672.8,35885.0,19481.9,86297.0,7000.8,164986.4,11665.0,1941.0,212.0,149.0,439.0,440.0,76.0,2356.0,316.0,286.0,111.0,420.0,2657.0,289.0,64.0,377.0,50.0,1466.0,23.59146190121618,23.3342709798406,19.17687074829932,21.8989898989899,17.29012345679012,19.70464135021097,20.22222222222222,17.59124928036845,21.83495145631068,23.43373493975903,19.40594059405941,18.21834061135371,20.48722519310755,20.97560975609756,20.01433691756272,18.90151515151515,22.18055555555556,20.58037225042301,207801.0,25044.0,13355.0,3999.0,1610.67,9856.0,765.0,32850.0,2409.0,7831.0,1551.0,6688.0,58900.0,3164.0,881.28,10030.0,421.15,17361.0,66960.0,13159.0,1634.0,1419.0,1434.0,2240.0,845.0,10809.0,3368.0,3297.0,1285.0,2694.0,10136.0,2075.0,674.0,2855.0,429.0,8480.0,777237.3,126501.1,22945.4,15023.7,23558.5,39673.8,9690.4,132620.5,30685.5,36040.4,15607.8,44803.7,120897.8,23105.6,10859.2,35009.4,4958.1,83451.1
2025-11-01,100.943,100.852,100.956,100.701,100.659,100.825,101.102,100.706,100.828,101.025,101.01,101.031,101.321,100.895,100.992,100.933,100.739,101.024,1946670.5,224661.7,37826.1,31350.3,34391.2,50330.60000000001,15349.1,414272.0,32329.3,52089.4,20143.6,81850.8,634096.9,36119.3,19534.2,86904.2,7024.1,166516.7,10871.0,1904.0,223.0,111.0,401.0,340.0,81.0,2122.0,312.0,291.0,138.0,367.0,2399.0,236.0,99.0,323.0,37.0,1470.0,26.06364778049862,25.22305544402237,27.65037118092159,22.79031566662918,19.74792368973141,21.75196637680584,19.05614745285672,19.35442962654945,24.68817756728178,23.3218851996095,25.09796275378666,21.99725866883832,23.61764306045021,25.50955980211547,20.6329218205168,18.77324011239225,25.090144838724,23.52420665305812,187579.0,23359.0,11714.0,3730.0,1418.98,8813.0,673.96,29538.0,2134.0,7314.0,1389.0,6000.0,52304.0,2947.0,776.4,8786.0,371.03,16545.0,55762.0,11302.0,1391.0,1263.0,1033.0,1910.0,1026.0,8945.0,2447.0,2783.0,899.0,2089.0,8082.0,1560.0,572.0,3036.0,377.0,6937.0,775905.9,126506.4,23026.4,14921.9,21023.5,39973.1,9654.9,132801.9,30784.4,36208.0,15622.7,44746.2,121152.0,23146.6,10902.7,35091.8,4887.1,83681.6
2025-12-01,101.289,101.176,101.214,101.052,100.913,101.501,101.497,101.019,101.285,101.278,101.206,101.185,101.894,101.192,101.177,101.168,101.358,101.235,1944083.9,224531.2,37873.9,31422.4,34254.1,50025.0,15347.2,413751.8,32194.4,51668.9,20144.6,81798.6,633071.2,36172.8,19578.4,86656.3,7001.299999999999,166739.2,11719.0,2048.0,227.0,129.0,406.0,493.0,76.0,2237.0,390.0,298.0,137.0,441.0,2445.0,290.0,113.0,392.0,43.0,1542.0,27.9795144706218,23.67444778984229,30.05001014786644,20.89810022516092,22.64370744706112,23.77033403311527,24.8033317712395,23.11477825125776,25.67213417650511,27.79954488285749,23.51022531947183,22.9449584918952,22.70230307399931,27.12764649820825,21.1181290345318,19.90373632814104,23.26095574400001,22.17916777023757,172192.0,22338.0,11541.0,3671.0,1322.86,8445.0,628.3,22431.0,1967.0,7135.0,1316.0,5604.0,48429.0,2628.0,723.81,9355.0,345.9,15207.0,49271.0,9743.0,1252.0,974.0,1244.0,1976.0,737.0,7916.0,2278.0,2593.0,873.0,2073.0,6348.0,1453.0,654.0,2535.0,345.0,6195.0,775422.3,126227.8,23034.1,14917.6,20128.8,40162.8,9691.2,132742.8,30836.8,36176.4,15514.1,44756.4,121499.9,23235.1,10948.3,35253.1,4885.0,83598.3
2026-01-01,100.836,100.733,100.828,100.389,100.474,100.878,101.162,100.619,100.834,100.725,100.737,100.741,101.419,100.745,100.541,100.701,100.692,100.874,1952070.6,226149.0,37919.7,31643.7,34393.1,50236.95,15421.25,414964.4,32334.0,51952.5,20233.25,82212.1,635634.6000000001,36418.4,19656.15,87016.65000000001,7042.6,167006.45,11623.0,1918.0,206.0,180.0,434.0,387.0,77.0,2395.0,316.0,304.0,141.0,439.0,2483.0,338.0,94.0,322.0,46.0,1535.0,25.07421001680199,22.01730788046492,24.68817840713485,20.9387588365987,21.51050058214064,21.391513931134,21.85943205039068,19.38277314229781,23.92556143905732,25.9443881375724,23.30026182084121,21.92713032212835,21.96458891138181,26.43365821038929,22.58271346582792,17.59087788687751,21.45968023885106,22.09342666008667,169275.0,20520.0,10967.0,3647.0,1717.54,8478.0,813.69,26245.0,1920.0,6879.0,1116.0,5238.0,45901.0,2485.0,940.37,9091.0,449.1,15005.0,49384.0,9831.0,1054.0,1001.0,1250.0,1912.0,640.0,8579.0,2198.0,2275.0,1062.0,2185.0,6556.0,1441.0,630.0,2259.0,314.0,6073.0,784558.35,127553.9,23328.25,14994.45,20529.2,40898.6,9796.85,134296.35,31303.2,36571.65,16027.65,45326.4,122590.0,23549.65,11145.9,35548.15,4995.25,84318.25
2026-02-01,101.261,101.254,101.326,100.853,100.838,101.16,101.339,101.108,101.268,101.153,101.203,101.273,101.599,101.212,100.929,101.227,101.024,101.39,1966261.75,228086.15,38045.25,31901.9,34702.9,50368.60000000001,15482.65,417805.55,32431.05,52314.95,20261.2,82745.9,639991.3,36635.75,19818.7,87590.75,7132.5,169040.9,12684.0,2138.0,275.0,185.0,465.0,394.0,107.0,2469.0,353.0,338.0,150.0,473.0,2615.0,352.0,127.0,403.0,58.0,1772.0,24.56130641417503,22.26539120548978,14.99975720846012,19.66291376219964,18.52922837309533,22.7002178492203,25.85703076553831,17.46756662906795,24.34870871559181,23.85891238494428,23.64412100977155,18.30873390467935,22.52708760514369,22.9962257825919,20.49663275199437,16.62825047716691,27.33720781200019,22.75534963055273,174287.0,20999.0,11203.0,3597.0,1755.29,8281.0,831.58,27808.0,2016.0,7137.0,1263.0,5413.0,47319.0,2628.0,961.04,9029.0,458.97,15552.0,59349.0,11365.0,1720.0,1006.0,1224.0,1801.0,774.0,10491.0,2702.0,2451.0,1142.0,2309.0,9894.0,1852.0,672.0,2506.0,382.0,6886.0,787085.85,128145.85,23322.8,14991.75,20707.3,41022.45,9798.3,134648.35,31365.9,36669.15,16114.55,45468.0,122736.3,23595.75,11251.5,35673.45,4997.35,84789.75
2026-03-01,102.44,102.402,102.581,101.898,102.234,102.069,102.387,102.184,102.807,102.484,102.311,102.639,102.935,102.542,102.122,102.343,102.14,102.337,1975459.64,229627.54,38055.41,31968.0,35081.36,50464.68,15536.5,419490.5,32608.95,52133.82,20371.82,83627.96,642234.73,36781.54,19930.36,88024.82,7172.72,170442.18,14307.0,2380.0,303.0,167.0,506.0,506.0,109.0,2754.0,459.0,388.0,174.0,529.0,3173.0,389.0,110.0,439.0,56.0,1853.0,22.20663653247115,19.75479615326734,17.45978973236657,21.33062776349037,17.11525139773801,20.24446462114821,22.17358675094366,16.98957845793965,21.98304949214022,21.79772388014305,15.49366993796445,21.34664415470434,20.90859877174653,18.4174676915386,18.71482487741399,16.26375035814693,14.54752847878864,18.48563695327177,193062.0,25271.0,11917.0,4053.0,1989.97,8821.0,942.76,30569.0,2250.0,8009.0,1464.0,6164.0,51859.0,2921.0,1089.53,9520.0,520.33,16592.0,59531.0,10687.0,2045.0,1227.0,1106.0,1962.0,905.0,10386.0,2512.0,2433.0,1054.0,2227.0,10127.0,1981.0,913.0,2485.0,400.0,6942.0,791611.05,129142.95,23417.68,14992.91,21371.36,41047.14,9832.59,135277.36,31557.27,36841.14,16178.68,45660.91,123295.05,23701.95,11315.32,35806.09,5011.41,85384.77
2026-04-01,102.883,102.879,102.94,102.424,102.694,102.833,102.843,102.662,103.15,103.108,102.705,103.086,103.184,103.095,102.818,102.785,102.71,102.719,1979474.4,229870.9,38019.45,32097.75,35438.05,50449.95,15548.8,420243.05,32521.45,51864.2,20405.4,84351.25,643758.7,36803.0,19946.05,87977.05,7174.3,171109.8,11558.0,1825.0,215.0,141.0,452.0,387.0,110.0,2319.0,330.0,278.0,132.0,439.0,2537.0,333.0,110.0,316.0,44.0,1583.0,19.02241126946405,17.64538175157672,21.88907196403437,20.67040653542757,20.18678653867869,16.43867054646324,20.27592927573421,17.51876910440951,17.70344175964673,21.58125899435357,18.96716011545186,16.19084562776719,17.31644236212044,21.91627034454784,17.70613573962497,13.83617776268589,21.90267349876086,17.46968021616251,187397.0,24795.0,11191.0,3901.0,1958.49,8931.0,927.84,30693.0,2173.0,7202.0,1355.0,6017.0,50109.0,2858.0,1072.29,8774.0,512.1,15962.0,51136.0,9511.0,1245.0,1168.0,1055.0,1806.0,743.0,9038.0,2572.0,2227.0,877.0,1885.0,7881.0,1526.0,624.0,2219.0,408.0,6248.0,794737.15,129773.45,23433.6,14977.85,22806.2,41020.35,9873.1,135768.65,31563.7,36915.95,16176.5,45765.5,123379.75,23700.85,11366.25,35918.25,5025.6,85489.85
2026-05-01,102.951,102.866,102.79,102.401,103.026,102.943,103.109,102.858,103.093,103.058,102.567,103.208,103.223,102.819,102.897,102.989,102.698,102.845,1987412.25,230873.75,38071.25,32184.3,35842.05,50851.35000000001,15616.7,422118.75,32384.7,51981.7,20442.55,84793.95,645909.7,37056.4,20041.7,88065.20000000001,7198.5,172084.0,11194.0,1899.0,230.0,141.0,432.0,400.0,78.0,2180.0,323.0,319.0,115.0,389.0,2327.0,290.0,86.0,363.0,45.0,1561.0,,,,,,,,,,,,,,,,,,,191964.0,24321.0,11855.0,3952.0,2050.47,9090.0,971.41,30907.0,2176.0,7324.0,1262.0,6102.0,51151.0,2847.0,1122.65,9800.0,536.15,17110.0,55235.0,10445.0,1332.0,999.0,1178.0,2001.0,712.0,9606.0,2490.0,2570.0,1500.0,2035.0,8545.0,1554.0,833.0,2905.0,367.0,6030.0,800785.65,130606.6,23525.35,15098.4,24053.25,41108.0,9913.95,136868.75,31712.8,37041.35,16322.4,45997.9,124090.8,23870.7,11427.25,36041.3,5077.65,86225.4
2026-06-01,103.598,103.274,103.318,103.146,104.036,103.604,103.832,103.641,103.591,103.615,103.201,103.734,103.89,103.486,103.327,103.767,103.279,103.632,1994336.77,231433.36,38249.73,32085.32,36110.55,51005.77,15708.27,423374.19,32572.5,52940.31999999999,20544.5,84912.0,647106.45,37056.41,20591.0,88404.36,7198.09,173152.32,11153.0,1804.0,273.0,161.0,392.0,363.0,92.0,2142.0,312.0,300.0,145.0,379.0,2510.0,301.0,139.0,369.0,56.0,1403.0,,,,,,,,,,,,,,,,,,,187714.0,22536.0,11332.0,3984.0,2018.98,8799.0,956.5,30440.0,1986.0,7311.0,1265.0,5962.0,50695.0,2613.0,1105.41,9532.0,527.92,17408.0,,,,,,,,,,,,,,,,,,,806528.82,131490.73,23554.32,15183.86,24919.55,41293.82,9973.82,138002.73,31964.09,37118.91,16477.86,46250.59,125154.05,24107.91,11382.05,35871.73,5106.09,86849.36
2026-07-01,103.899,103.499,103.592,103.771,104.829,103.622,104.57,103.861,103.798,104.045,103.447,104.284,104.062,103.853,104.241,104.114,103.476,103.997,1988285.08,230646.26,38070.27,31728.91,36232.56,51109.35,15835.74,423385.3000000001,32505.48,52142.13,20226.26,84962.13,643159.96,36904.52,20396.61,87952.48,7201.96,173961.7,,,,,,,,,,,,,,,,,,,,,,,,,,,,,,,,,,,,,,,,,,,,,,,,,,,,,,,,,,,,,,,,,,,,,,,,,810832.78,132285.39,23611.52,15179.48,25529.09,41688.48,10169.17,139009.0,32362.17,37403.0,16598.04,46221.7,124939.35,24250.74,11363.26,36056.13,5199.26,87129.96
